"outcome","ft_type","seed_val","fpr","sens"
"PE_vs_NP","Baseline",303,0,0
"PE_vs_NP","Baseline",303,0.001,0
"PE_vs_NP","Baseline",303,0.002,0
"PE_vs_NP","Baseline",303,0.003,0
"PE_vs_NP","Baseline",303,0.004,0
"PE_vs_NP","Baseline",303,0.005,0
"PE_vs_NP","Baseline",303,0.006,0
"PE_vs_NP","Baseline",303,0.007,0
"PE_vs_NP","Baseline",303,0.008,0
"PE_vs_NP","Baseline",303,0.009,0
"PE_vs_NP","Baseline",303,0.01,0
"PE_vs_NP","Baseline",303,0.011,0
"PE_vs_NP","Baseline",303,0.012,0
"PE_vs_NP","Baseline",303,0.013,0
"PE_vs_NP","Baseline",303,0.014,0
"PE_vs_NP","Baseline",303,0.015,0
"PE_vs_NP","Baseline",303,0.016,0
"PE_vs_NP","Baseline",303,0.017,0
"PE_vs_NP","Baseline",303,0.018,0
"PE_vs_NP","Baseline",303,0.019,0
"PE_vs_NP","Baseline",303,0.02,0.02
"PE_vs_NP","Baseline",303,0.021,0.02
"PE_vs_NP","Baseline",303,0.022,0.06
"PE_vs_NP","Baseline",303,0.023,0.08
"PE_vs_NP","Baseline",303,0.024,0.08
"PE_vs_NP","Baseline",303,0.025,0.0933333333333333
"PE_vs_NP","Baseline",303,0.026,0.1
"PE_vs_NP","Baseline",303,0.027,0.1
"PE_vs_NP","Baseline",303,0.028,0.1
"PE_vs_NP","Baseline",303,0.029,0.106666666666667
"PE_vs_NP","Baseline",303,0.03,0.106666666666667
"PE_vs_NP","Baseline",303,0.031,0.12
"PE_vs_NP","Baseline",303,0.032,0.12
"PE_vs_NP","Baseline",303,0.033,0.12
"PE_vs_NP","Baseline",303,0.034,0.133333333333333
"PE_vs_NP","Baseline",303,0.035,0.133333333333333
"PE_vs_NP","Baseline",303,0.036,0.133333333333333
"PE_vs_NP","Baseline",303,0.037,0.133333333333333
"PE_vs_NP","Baseline",303,0.038,0.133333333333333
"PE_vs_NP","Baseline",303,0.039,0.133333333333333
"PE_vs_NP","Baseline",303,0.04,0.133333333333333
"PE_vs_NP","Baseline",303,0.041,0.133333333333333
"PE_vs_NP","Baseline",303,0.042,0.133333333333333
"PE_vs_NP","Baseline",303,0.043,0.133333333333333
"PE_vs_NP","Baseline",303,0.044,0.133333333333333
"PE_vs_NP","Baseline",303,0.045,0.133333333333333
"PE_vs_NP","Baseline",303,0.046,0.133333333333333
"PE_vs_NP","Baseline",303,0.047,0.133333333333333
"PE_vs_NP","Baseline",303,0.048,0.133333333333333
"PE_vs_NP","Baseline",303,0.049,0.133333333333333
"PE_vs_NP","Baseline",303,0.05,0.133333333333333
"PE_vs_NP","Baseline",303,0.051,0.133333333333333
"PE_vs_NP","Baseline",303,0.052,0.133333333333333
"PE_vs_NP","Baseline",303,0.053,0.133333333333333
"PE_vs_NP","Baseline",303,0.054,0.133333333333333
"PE_vs_NP","Baseline",303,0.055,0.133333333333333
"PE_vs_NP","Baseline",303,0.056,0.133333333333333
"PE_vs_NP","Baseline",303,0.057,0.133333333333333
"PE_vs_NP","Baseline",303,0.058,0.133333333333333
"PE_vs_NP","Baseline",303,0.059,0.133333333333333
"PE_vs_NP","Baseline",303,0.06,0.133333333333333
"PE_vs_NP","Baseline",303,0.061,0.133333333333333
"PE_vs_NP","Baseline",303,0.062,0.133333333333333
"PE_vs_NP","Baseline",303,0.063,0.133333333333333
"PE_vs_NP","Baseline",303,0.064,0.133333333333333
"PE_vs_NP","Baseline",303,0.065,0.133333333333333
"PE_vs_NP","Baseline",303,0.066,0.133333333333333
"PE_vs_NP","Baseline",303,0.067,0.133333333333333
"PE_vs_NP","Baseline",303,0.068,0.133333333333333
"PE_vs_NP","Baseline",303,0.069,0.14
"PE_vs_NP","Baseline",303,0.07,0.14
"PE_vs_NP","Baseline",303,0.071,0.14
"PE_vs_NP","Baseline",303,0.072,0.14
"PE_vs_NP","Baseline",303,0.073,0.14
"PE_vs_NP","Baseline",303,0.074,0.14
"PE_vs_NP","Baseline",303,0.075,0.153333333333333
"PE_vs_NP","Baseline",303,0.076,0.16
"PE_vs_NP","Baseline",303,0.077,0.16
"PE_vs_NP","Baseline",303,0.078,0.16
"PE_vs_NP","Baseline",303,0.079,0.16
"PE_vs_NP","Baseline",303,0.08,0.16
"PE_vs_NP","Baseline",303,0.081,0.166666666666667
"PE_vs_NP","Baseline",303,0.082,0.166666666666667
"PE_vs_NP","Baseline",303,0.083,0.173333333333333
"PE_vs_NP","Baseline",303,0.084,0.18
"PE_vs_NP","Baseline",303,0.085,0.18
"PE_vs_NP","Baseline",303,0.086,0.186666666666667
"PE_vs_NP","Baseline",303,0.087,0.186666666666667
"PE_vs_NP","Baseline",303,0.088,0.186666666666667
"PE_vs_NP","Baseline",303,0.089,0.193333333333333
"PE_vs_NP","Baseline",303,0.09,0.193333333333333
"PE_vs_NP","Baseline",303,0.091,0.193333333333333
"PE_vs_NP","Baseline",303,0.092,0.193333333333333
"PE_vs_NP","Baseline",303,0.093,0.193333333333333
"PE_vs_NP","Baseline",303,0.094,0.193333333333333
"PE_vs_NP","Baseline",303,0.095,0.195033333333333
"PE_vs_NP","Baseline",303,0.096,0.197226666666667
"PE_vs_NP","Baseline",303,0.097,0.19942
"PE_vs_NP","Baseline",303,0.098,0.2
"PE_vs_NP","Baseline",303,0.099,0.2
"PE_vs_NP","Baseline",303,0.1,0.2
"PE_vs_NP","Baseline",303,0.101,0.2
"PE_vs_NP","Baseline",303,0.102,0.2
"PE_vs_NP","Baseline",303,0.103,0.2
"PE_vs_NP","Baseline",303,0.104,0.2
"PE_vs_NP","Baseline",303,0.105,0.2
"PE_vs_NP","Baseline",303,0.106,0.2
"PE_vs_NP","Baseline",303,0.107,0.2
"PE_vs_NP","Baseline",303,0.108,0.2
"PE_vs_NP","Baseline",303,0.109,0.2
"PE_vs_NP","Baseline",303,0.11,0.2
"PE_vs_NP","Baseline",303,0.111,0.2
"PE_vs_NP","Baseline",303,0.112,0.2
"PE_vs_NP","Baseline",303,0.113,0.2
"PE_vs_NP","Baseline",303,0.114,0.2
"PE_vs_NP","Baseline",303,0.115,0.2
"PE_vs_NP","Baseline",303,0.116,0.2
"PE_vs_NP","Baseline",303,0.117,0.2
"PE_vs_NP","Baseline",303,0.118,0.2
"PE_vs_NP","Baseline",303,0.119,0.2
"PE_vs_NP","Baseline",303,0.12,0.2
"PE_vs_NP","Baseline",303,0.121,0.2
"PE_vs_NP","Baseline",303,0.122,0.2
"PE_vs_NP","Baseline",303,0.123,0.2
"PE_vs_NP","Baseline",303,0.124,0.2
"PE_vs_NP","Baseline",303,0.125,0.2
"PE_vs_NP","Baseline",303,0.126,0.2
"PE_vs_NP","Baseline",303,0.127,0.2
"PE_vs_NP","Baseline",303,0.128,0.2
"PE_vs_NP","Baseline",303,0.129,0.2
"PE_vs_NP","Baseline",303,0.13,0.2
"PE_vs_NP","Baseline",303,0.131,0.2
"PE_vs_NP","Baseline",303,0.132,0.2
"PE_vs_NP","Baseline",303,0.133,0.2
"PE_vs_NP","Baseline",303,0.134,0.2
"PE_vs_NP","Baseline",303,0.135,0.2
"PE_vs_NP","Baseline",303,0.136,0.2
"PE_vs_NP","Baseline",303,0.137,0.2
"PE_vs_NP","Baseline",303,0.138,0.2
"PE_vs_NP","Baseline",303,0.139,0.2
"PE_vs_NP","Baseline",303,0.14,0.2
"PE_vs_NP","Baseline",303,0.141,0.2
"PE_vs_NP","Baseline",303,0.142,0.2
"PE_vs_NP","Baseline",303,0.143,0.2
"PE_vs_NP","Baseline",303,0.144,0.2
"PE_vs_NP","Baseline",303,0.145,0.2
"PE_vs_NP","Baseline",303,0.146,0.2
"PE_vs_NP","Baseline",303,0.147,0.2
"PE_vs_NP","Baseline",303,0.148,0.20256
"PE_vs_NP","Baseline",303,0.149,0.206666666666667
"PE_vs_NP","Baseline",303,0.15,0.206666666666667
"PE_vs_NP","Baseline",303,0.151,0.206666666666667
"PE_vs_NP","Baseline",303,0.152,0.213333333333333
"PE_vs_NP","Baseline",303,0.153,0.213333333333333
"PE_vs_NP","Baseline",303,0.154,0.213333333333333
"PE_vs_NP","Baseline",303,0.155,0.213333333333333
"PE_vs_NP","Baseline",303,0.156,0.226666666666667
"PE_vs_NP","Baseline",303,0.157,0.233333333333333
"PE_vs_NP","Baseline",303,0.158,0.233333333333333
"PE_vs_NP","Baseline",303,0.159,0.233333333333333
"PE_vs_NP","Baseline",303,0.16,0.233333333333333
"PE_vs_NP","Baseline",303,0.161,0.233333333333333
"PE_vs_NP","Baseline",303,0.162,0.233333333333333
"PE_vs_NP","Baseline",303,0.163,0.233333333333333
"PE_vs_NP","Baseline",303,0.164,0.233333333333333
"PE_vs_NP","Baseline",303,0.165,0.233333333333333
"PE_vs_NP","Baseline",303,0.166,0.233333333333333
"PE_vs_NP","Baseline",303,0.167,0.233333333333333
"PE_vs_NP","Baseline",303,0.168,0.233333333333333
"PE_vs_NP","Baseline",303,0.169,0.24
"PE_vs_NP","Baseline",303,0.17,0.24
"PE_vs_NP","Baseline",303,0.171,0.24
"PE_vs_NP","Baseline",303,0.172,0.24
"PE_vs_NP","Baseline",303,0.173,0.24
"PE_vs_NP","Baseline",303,0.174,0.246666666666667
"PE_vs_NP","Baseline",303,0.175,0.246666666666667
"PE_vs_NP","Baseline",303,0.176,0.246666666666667
"PE_vs_NP","Baseline",303,0.177,0.246666666666667
"PE_vs_NP","Baseline",303,0.178,0.253333333333333
"PE_vs_NP","Baseline",303,0.179,0.253333333333333
"PE_vs_NP","Baseline",303,0.18,0.26
"PE_vs_NP","Baseline",303,0.181,0.260653333333334
"PE_vs_NP","Baseline",303,0.182,0.26504
"PE_vs_NP","Baseline",303,0.183,0.266666666666667
"PE_vs_NP","Baseline",303,0.184,0.273333333333333
"PE_vs_NP","Baseline",303,0.185,0.273333333333333
"PE_vs_NP","Baseline",303,0.186,0.273333333333333
"PE_vs_NP","Baseline",303,0.187,0.280306666666667
"PE_vs_NP","Baseline",303,0.188,0.284693333333333
"PE_vs_NP","Baseline",303,0.189,0.286666666666667
"PE_vs_NP","Baseline",303,0.19,0.286666666666667
"PE_vs_NP","Baseline",303,0.191,0.286666666666667
"PE_vs_NP","Baseline",303,0.192,0.286666666666667
"PE_vs_NP","Baseline",303,0.193,0.286666666666667
"PE_vs_NP","Baseline",303,0.194,0.286666666666667
"PE_vs_NP","Baseline",303,0.195,0.293333333333333
"PE_vs_NP","Baseline",303,0.196,0.293333333333333
"PE_vs_NP","Baseline",303,0.197,0.293333333333333
"PE_vs_NP","Baseline",303,0.198,0.3
"PE_vs_NP","Baseline",303,0.199,0.3
"PE_vs_NP","Baseline",303,0.2,0.306666666666667
"PE_vs_NP","Baseline",303,0.201,0.32172
"PE_vs_NP","Baseline",303,0.202,0.326106666666666
"PE_vs_NP","Baseline",303,0.203,0.326666666666667
"PE_vs_NP","Baseline",303,0.204,0.33488
"PE_vs_NP","Baseline",303,0.205,0.339266666666667
"PE_vs_NP","Baseline",303,0.206,0.34
"PE_vs_NP","Baseline",303,0.207,0.346666666666667
"PE_vs_NP","Baseline",303,0.208,0.346666666666667
"PE_vs_NP","Baseline",303,0.209,0.346666666666667
"PE_vs_NP","Baseline",303,0.21,0.346666666666667
"PE_vs_NP","Baseline",303,0.211,0.346666666666667
"PE_vs_NP","Baseline",303,0.212,0.346666666666667
"PE_vs_NP","Baseline",303,0.213,0.347693333333333
"PE_vs_NP","Baseline",303,0.214,0.35208
"PE_vs_NP","Baseline",303,0.215,0.36
"PE_vs_NP","Baseline",303,0.216,0.366666666666667
"PE_vs_NP","Baseline",303,0.217,0.366666666666667
"PE_vs_NP","Baseline",303,0.218,0.366666666666667
"PE_vs_NP","Baseline",303,0.219,0.366666666666667
"PE_vs_NP","Baseline",303,0.22,0.366666666666667
"PE_vs_NP","Baseline",303,0.221,0.366666666666667
"PE_vs_NP","Baseline",303,0.222,0.366666666666667
"PE_vs_NP","Baseline",303,0.223,0.366666666666667
"PE_vs_NP","Baseline",303,0.224,0.367973333333333
"PE_vs_NP","Baseline",303,0.225,0.376833333333333
"PE_vs_NP","Baseline",303,0.226,0.379026666666667
"PE_vs_NP","Baseline",303,0.227,0.38
"PE_vs_NP","Baseline",303,0.228,0.38016
"PE_vs_NP","Baseline",303,0.229,0.384546666666667
"PE_vs_NP","Baseline",303,0.23,0.386666666666667
"PE_vs_NP","Baseline",303,0.231,0.386666666666667
"PE_vs_NP","Baseline",303,0.232,0.386666666666667
"PE_vs_NP","Baseline",303,0.233,0.386666666666667
"PE_vs_NP","Baseline",303,0.234,0.386666666666667
"PE_vs_NP","Baseline",303,0.235,0.393333333333333
"PE_vs_NP","Baseline",303,0.236,0.393333333333333
"PE_vs_NP","Baseline",303,0.237,0.393333333333333
"PE_vs_NP","Baseline",303,0.238,0.393333333333333
"PE_vs_NP","Baseline",303,0.239,0.39508
"PE_vs_NP","Baseline",303,0.24,0.399466666666667
"PE_vs_NP","Baseline",303,0.241,0.406666666666667
"PE_vs_NP","Baseline",303,0.242,0.406666666666667
"PE_vs_NP","Baseline",303,0.243,0.406666666666667
"PE_vs_NP","Baseline",303,0.244,0.406666666666667
"PE_vs_NP","Baseline",303,0.245,0.413333333333333
"PE_vs_NP","Baseline",303,0.246,0.413333333333333
"PE_vs_NP","Baseline",303,0.247,0.413333333333333
"PE_vs_NP","Baseline",303,0.248,0.413333333333333
"PE_vs_NP","Baseline",303,0.249,0.413333333333333
"PE_vs_NP","Baseline",303,0.25,0.413333333333333
"PE_vs_NP","Baseline",303,0.251,0.413333333333333
"PE_vs_NP","Baseline",303,0.252,0.413333333333333
"PE_vs_NP","Baseline",303,0.253,0.413333333333333
"PE_vs_NP","Baseline",303,0.254,0.413333333333333
"PE_vs_NP","Baseline",303,0.255,0.413333333333333
"PE_vs_NP","Baseline",303,0.256,0.42
"PE_vs_NP","Baseline",303,0.257,0.42
"PE_vs_NP","Baseline",303,0.258,0.42
"PE_vs_NP","Baseline",303,0.259,0.422813333333333
"PE_vs_NP","Baseline",303,0.26,0.426666666666667
"PE_vs_NP","Baseline",303,0.261,0.426666666666667
"PE_vs_NP","Baseline",303,0.262,0.427986666666667
"PE_vs_NP","Baseline",303,0.263,0.43018
"PE_vs_NP","Baseline",303,0.264,0.432373333333333
"PE_vs_NP","Baseline",303,0.265,0.44
"PE_vs_NP","Baseline",303,0.266,0.44
"PE_vs_NP","Baseline",303,0.267,0.44
"PE_vs_NP","Baseline",303,0.268,0.44
"PE_vs_NP","Baseline",303,0.269,0.446666666666667
"PE_vs_NP","Baseline",303,0.27,0.446666666666667
"PE_vs_NP","Baseline",303,0.271,0.446666666666667
"PE_vs_NP","Baseline",303,0.272,0.446666666666667
"PE_vs_NP","Baseline",303,0.273,0.446666666666667
"PE_vs_NP","Baseline",303,0.274,0.446666666666667
"PE_vs_NP","Baseline",303,0.275,0.446666666666667
"PE_vs_NP","Baseline",303,0.276,0.446666666666667
"PE_vs_NP","Baseline",303,0.277,0.446666666666667
"PE_vs_NP","Baseline",303,0.278,0.446666666666667
"PE_vs_NP","Baseline",303,0.279,0.446666666666667
"PE_vs_NP","Baseline",303,0.28,0.446666666666667
"PE_vs_NP","Baseline",303,0.281,0.446666666666667
"PE_vs_NP","Baseline",303,0.282,0.450373333333334
"PE_vs_NP","Baseline",303,0.283,0.453333333333333
"PE_vs_NP","Baseline",303,0.284,0.453333333333333
"PE_vs_NP","Baseline",303,0.285,0.453333333333333
"PE_vs_NP","Baseline",303,0.286,0.453333333333333
"PE_vs_NP","Baseline",303,0.287,0.453333333333333
"PE_vs_NP","Baseline",303,0.288,0.453333333333333
"PE_vs_NP","Baseline",303,0.289,0.453333333333333
"PE_vs_NP","Baseline",303,0.29,0.453333333333333
"PE_vs_NP","Baseline",303,0.291,0.453333333333333
"PE_vs_NP","Baseline",303,0.292,0.453786666666667
"PE_vs_NP","Baseline",303,0.293,0.45598
"PE_vs_NP","Baseline",303,0.294,0.458173333333333
"PE_vs_NP","Baseline",303,0.295,0.46
"PE_vs_NP","Baseline",303,0.296,0.46
"PE_vs_NP","Baseline",303,0.297,0.46
"PE_vs_NP","Baseline",303,0.298,0.46
"PE_vs_NP","Baseline",303,0.299,0.46
"PE_vs_NP","Baseline",303,0.3,0.46
"PE_vs_NP","Baseline",303,0.301,0.46
"PE_vs_NP","Baseline",303,0.302,0.46
"PE_vs_NP","Baseline",303,0.303,0.46
"PE_vs_NP","Baseline",303,0.304,0.46
"PE_vs_NP","Baseline",303,0.305,0.46
"PE_vs_NP","Baseline",303,0.306,0.46232
"PE_vs_NP","Baseline",303,0.307,0.466666666666667
"PE_vs_NP","Baseline",303,0.308,0.466666666666667
"PE_vs_NP","Baseline",303,0.309,0.466666666666667
"PE_vs_NP","Baseline",303,0.31,0.466666666666667
"PE_vs_NP","Baseline",303,0.311,0.466666666666667
"PE_vs_NP","Baseline",303,0.312,0.466666666666667
"PE_vs_NP","Baseline",303,0.313,0.466666666666667
"PE_vs_NP","Baseline",303,0.314,0.466666666666667
"PE_vs_NP","Baseline",303,0.315,0.466666666666667
"PE_vs_NP","Baseline",303,0.316,0.466666666666667
"PE_vs_NP","Baseline",303,0.317,0.466666666666667
"PE_vs_NP","Baseline",303,0.318,0.466666666666667
"PE_vs_NP","Baseline",303,0.319,0.466666666666667
"PE_vs_NP","Baseline",303,0.32,0.468533333333333
"PE_vs_NP","Baseline",303,0.321,0.47218
"PE_vs_NP","Baseline",303,0.322,0.478760000000001
"PE_vs_NP","Baseline",303,0.323,0.48
"PE_vs_NP","Baseline",303,0.324,0.48
"PE_vs_NP","Baseline",303,0.325,0.48
"PE_vs_NP","Baseline",303,0.326,0.48
"PE_vs_NP","Baseline",303,0.327,0.48
"PE_vs_NP","Baseline",303,0.328,0.48
"PE_vs_NP","Baseline",303,0.329,0.48
"PE_vs_NP","Baseline",303,0.33,0.481866666666667
"PE_vs_NP","Baseline",303,0.331,0.49064
"PE_vs_NP","Baseline",303,0.332,0.493333333333333
"PE_vs_NP","Baseline",303,0.333,0.493333333333333
"PE_vs_NP","Baseline",303,0.334,0.493333333333333
"PE_vs_NP","Baseline",303,0.335,0.493333333333333
"PE_vs_NP","Baseline",303,0.336,0.493333333333333
"PE_vs_NP","Baseline",303,0.337,0.493333333333333
"PE_vs_NP","Baseline",303,0.338,0.493333333333333
"PE_vs_NP","Baseline",303,0.339,0.493471111111111
"PE_vs_NP","Baseline",303,0.34,0.494933333333333
"PE_vs_NP","Baseline",303,0.341,0.496395555555555
"PE_vs_NP","Baseline",303,0.342,0.497857777777778
"PE_vs_NP","Baseline",303,0.343,0.49932
"PE_vs_NP","Baseline",303,0.344,0.5
"PE_vs_NP","Baseline",303,0.345,0.5
"PE_vs_NP","Baseline",303,0.346,0.5
"PE_vs_NP","Baseline",303,0.347,0.5
"PE_vs_NP","Baseline",303,0.348,0.5
"PE_vs_NP","Baseline",303,0.349,0.5
"PE_vs_NP","Baseline",303,0.35,0.5
"PE_vs_NP","Baseline",303,0.351,0.5
"PE_vs_NP","Baseline",303,0.352,0.5
"PE_vs_NP","Baseline",303,0.353,0.5
"PE_vs_NP","Baseline",303,0.354,0.5
"PE_vs_NP","Baseline",303,0.355,0.503933333333333
"PE_vs_NP","Baseline",303,0.356,0.506666666666667
"PE_vs_NP","Baseline",303,0.357,0.506666666666667
"PE_vs_NP","Baseline",303,0.358,0.506666666666667
"PE_vs_NP","Baseline",303,0.359,0.506666666666667
"PE_vs_NP","Baseline",303,0.36,0.506666666666667
"PE_vs_NP","Baseline",303,0.361,0.506666666666667
"PE_vs_NP","Baseline",303,0.362,0.506666666666667
"PE_vs_NP","Baseline",303,0.363,0.506666666666667
"PE_vs_NP","Baseline",303,0.364,0.506666666666667
"PE_vs_NP","Baseline",303,0.365,0.506666666666667
"PE_vs_NP","Baseline",303,0.366,0.506666666666667
"PE_vs_NP","Baseline",303,0.367,0.509906666666667
"PE_vs_NP","Baseline",303,0.368,0.513813333333333
"PE_vs_NP","Baseline",303,0.369,0.516006666666667
"PE_vs_NP","Baseline",303,0.37,0.5182
"PE_vs_NP","Baseline",303,0.371,0.52
"PE_vs_NP","Baseline",303,0.372,0.52
"PE_vs_NP","Baseline",303,0.373,0.52
"PE_vs_NP","Baseline",303,0.374,0.52
"PE_vs_NP","Baseline",303,0.375,0.52
"PE_vs_NP","Baseline",303,0.376,0.52
"PE_vs_NP","Baseline",303,0.377,0.52
"PE_vs_NP","Baseline",303,0.378,0.52
"PE_vs_NP","Baseline",303,0.379,0.52
"PE_vs_NP","Baseline",303,0.38,0.52
"PE_vs_NP","Baseline",303,0.381,0.52
"PE_vs_NP","Baseline",303,0.382,0.52
"PE_vs_NP","Baseline",303,0.383,0.52
"PE_vs_NP","Baseline",303,0.384,0.52
"PE_vs_NP","Baseline",303,0.385,0.52
"PE_vs_NP","Baseline",303,0.386,0.52
"PE_vs_NP","Baseline",303,0.387,0.52
"PE_vs_NP","Baseline",303,0.388,0.52
"PE_vs_NP","Baseline",303,0.389,0.52
"PE_vs_NP","Baseline",303,0.39,0.52
"PE_vs_NP","Baseline",303,0.391,0.52
"PE_vs_NP","Baseline",303,0.392,0.52
"PE_vs_NP","Baseline",303,0.393,0.52
"PE_vs_NP","Baseline",303,0.394,0.52
"PE_vs_NP","Baseline",303,0.395,0.52
"PE_vs_NP","Baseline",303,0.396,0.52
"PE_vs_NP","Baseline",303,0.397,0.52
"PE_vs_NP","Baseline",303,0.398,0.52
"PE_vs_NP","Baseline",303,0.399,0.52
"PE_vs_NP","Baseline",303,0.4,0.52
"PE_vs_NP","Baseline",303,0.401,0.52
"PE_vs_NP","Baseline",303,0.402,0.52
"PE_vs_NP","Baseline",303,0.403,0.52
"PE_vs_NP","Baseline",303,0.404,0.52
"PE_vs_NP","Baseline",303,0.405,0.52
"PE_vs_NP","Baseline",303,0.406,0.52
"PE_vs_NP","Baseline",303,0.407,0.52
"PE_vs_NP","Baseline",303,0.408,0.52
"PE_vs_NP","Baseline",303,0.409,0.520813333333333
"PE_vs_NP","Baseline",303,0.41,0.5252
"PE_vs_NP","Baseline",303,0.411,0.526666666666667
"PE_vs_NP","Baseline",303,0.412,0.526666666666667
"PE_vs_NP","Baseline",303,0.413,0.526666666666667
"PE_vs_NP","Baseline",303,0.414,0.526666666666667
"PE_vs_NP","Baseline",303,0.415,0.526666666666667
"PE_vs_NP","Baseline",303,0.416,0.526666666666667
"PE_vs_NP","Baseline",303,0.417,0.526666666666667
"PE_vs_NP","Baseline",303,0.418,0.526666666666667
"PE_vs_NP","Baseline",303,0.419,0.526666666666667
"PE_vs_NP","Baseline",303,0.42,0.526666666666667
"PE_vs_NP","Baseline",303,0.421,0.526696666666667
"PE_vs_NP","Baseline",303,0.422,0.527793333333333
"PE_vs_NP","Baseline",303,0.423,0.52889
"PE_vs_NP","Baseline",303,0.424,0.529986666666667
"PE_vs_NP","Baseline",303,0.425,0.531083333333333
"PE_vs_NP","Baseline",303,0.426,0.53218
"PE_vs_NP","Baseline",303,0.427,0.533276666666667
"PE_vs_NP","Baseline",303,0.428,0.533333333333333
"PE_vs_NP","Baseline",303,0.429,0.533333333333333
"PE_vs_NP","Baseline",303,0.43,0.533333333333333
"PE_vs_NP","Baseline",303,0.431,0.533333333333333
"PE_vs_NP","Baseline",303,0.432,0.533333333333333
"PE_vs_NP","Baseline",303,0.433,0.533333333333333
"PE_vs_NP","Baseline",303,0.434,0.533333333333333
"PE_vs_NP","Baseline",303,0.435,0.533333333333333
"PE_vs_NP","Baseline",303,0.436,0.533333333333333
"PE_vs_NP","Baseline",303,0.437,0.533333333333333
"PE_vs_NP","Baseline",303,0.438,0.533333333333333
"PE_vs_NP","Baseline",303,0.439,0.533333333333333
"PE_vs_NP","Baseline",303,0.44,0.533333333333333
"PE_vs_NP","Baseline",303,0.441,0.533333333333333
"PE_vs_NP","Baseline",303,0.442,0.533333333333333
"PE_vs_NP","Baseline",303,0.443,0.54
"PE_vs_NP","Baseline",303,0.444,0.54
"PE_vs_NP","Baseline",303,0.445,0.54
"PE_vs_NP","Baseline",303,0.446,0.54
"PE_vs_NP","Baseline",303,0.447,0.54
"PE_vs_NP","Baseline",303,0.448,0.54
"PE_vs_NP","Baseline",303,0.449,0.54
"PE_vs_NP","Baseline",303,0.45,0.54
"PE_vs_NP","Baseline",303,0.451,0.54
"PE_vs_NP","Baseline",303,0.452,0.54
"PE_vs_NP","Baseline",303,0.453,0.54
"PE_vs_NP","Baseline",303,0.454,0.54
"PE_vs_NP","Baseline",303,0.455,0.54
"PE_vs_NP","Baseline",303,0.456,0.54
"PE_vs_NP","Baseline",303,0.457,0.54
"PE_vs_NP","Baseline",303,0.458,0.54
"PE_vs_NP","Baseline",303,0.459,0.54
"PE_vs_NP","Baseline",303,0.46,0.54
"PE_vs_NP","Baseline",303,0.461,0.54
"PE_vs_NP","Baseline",303,0.462,0.54
"PE_vs_NP","Baseline",303,0.463,0.54
"PE_vs_NP","Baseline",303,0.464,0.54
"PE_vs_NP","Baseline",303,0.465,0.54
"PE_vs_NP","Baseline",303,0.466,0.54
"PE_vs_NP","Baseline",303,0.467,0.54
"PE_vs_NP","Baseline",303,0.468,0.54
"PE_vs_NP","Baseline",303,0.469,0.54
"PE_vs_NP","Baseline",303,0.47,0.54
"PE_vs_NP","Baseline",303,0.471,0.54
"PE_vs_NP","Baseline",303,0.472,0.54
"PE_vs_NP","Baseline",303,0.473,0.54
"PE_vs_NP","Baseline",303,0.474,0.54
"PE_vs_NP","Baseline",303,0.475,0.54
"PE_vs_NP","Baseline",303,0.476,0.54
"PE_vs_NP","Baseline",303,0.477,0.54
"PE_vs_NP","Baseline",303,0.478,0.546666666666667
"PE_vs_NP","Baseline",303,0.479,0.546666666666667
"PE_vs_NP","Baseline",303,0.48,0.546666666666667
"PE_vs_NP","Baseline",303,0.481,0.549986666666666
"PE_vs_NP","Baseline",303,0.482,0.553333333333333
"PE_vs_NP","Baseline",303,0.483,0.553333333333333
"PE_vs_NP","Baseline",303,0.484,0.553333333333333
"PE_vs_NP","Baseline",303,0.485,0.553333333333333
"PE_vs_NP","Baseline",303,0.486,0.553333333333333
"PE_vs_NP","Baseline",303,0.487,0.553333333333333
"PE_vs_NP","Baseline",303,0.488,0.553333333333333
"PE_vs_NP","Baseline",303,0.489,0.553333333333333
"PE_vs_NP","Baseline",303,0.49,0.554733333333333
"PE_vs_NP","Baseline",303,0.491,0.557446666666667
"PE_vs_NP","Baseline",303,0.492,0.564026666666667
"PE_vs_NP","Baseline",303,0.493,0.566666666666667
"PE_vs_NP","Baseline",303,0.494,0.566666666666667
"PE_vs_NP","Baseline",303,0.495,0.566666666666667
"PE_vs_NP","Baseline",303,0.496,0.566666666666667
"PE_vs_NP","Baseline",303,0.497,0.573333333333333
"PE_vs_NP","Baseline",303,0.498,0.573333333333333
"PE_vs_NP","Baseline",303,0.499,0.575613333333333
"PE_vs_NP","Baseline",303,0.5,0.58
"PE_vs_NP","Baseline",303,0.501,0.58
"PE_vs_NP","Baseline",303,0.502,0.58
"PE_vs_NP","Baseline",303,0.503,0.58
"PE_vs_NP","Baseline",303,0.504,0.58
"PE_vs_NP","Baseline",303,0.505,0.58
"PE_vs_NP","Baseline",303,0.506,0.58
"PE_vs_NP","Baseline",303,0.507,0.58
"PE_vs_NP","Baseline",303,0.508,0.586666666666667
"PE_vs_NP","Baseline",303,0.509,0.586666666666667
"PE_vs_NP","Baseline",303,0.51,0.587955555555556
"PE_vs_NP","Baseline",303,0.511,0.589417777777778
"PE_vs_NP","Baseline",303,0.512,0.59088
"PE_vs_NP","Baseline",303,0.513,0.592342222222222
"PE_vs_NP","Baseline",303,0.514,0.593333333333333
"PE_vs_NP","Baseline",303,0.515,0.593333333333333
"PE_vs_NP","Baseline",303,0.516,0.593333333333333
"PE_vs_NP","Baseline",303,0.517,0.593333333333333
"PE_vs_NP","Baseline",303,0.518,0.593333333333333
"PE_vs_NP","Baseline",303,0.519,0.593333333333333
"PE_vs_NP","Baseline",303,0.52,0.593333333333333
"PE_vs_NP","Baseline",303,0.521,0.593333333333333
"PE_vs_NP","Baseline",303,0.522,0.593333333333333
"PE_vs_NP","Baseline",303,0.523,0.594226666666667
"PE_vs_NP","Baseline",303,0.524,0.598613333333333
"PE_vs_NP","Baseline",303,0.525,0.6
"PE_vs_NP","Baseline",303,0.526,0.607386666666667
"PE_vs_NP","Baseline",303,0.527,0.611773333333334
"PE_vs_NP","Baseline",303,0.528,0.613333333333333
"PE_vs_NP","Baseline",303,0.529,0.61388
"PE_vs_NP","Baseline",303,0.53,0.618266666666667
"PE_vs_NP","Baseline",303,0.531,0.62
"PE_vs_NP","Baseline",303,0.532,0.62
"PE_vs_NP","Baseline",303,0.533,0.62
"PE_vs_NP","Baseline",303,0.534,0.62
"PE_vs_NP","Baseline",303,0.535,0.62
"PE_vs_NP","Baseline",303,0.536,0.62
"PE_vs_NP","Baseline",303,0.537,0.62
"PE_vs_NP","Baseline",303,0.538,0.62
"PE_vs_NP","Baseline",303,0.539,0.62
"PE_vs_NP","Baseline",303,0.54,0.62
"PE_vs_NP","Baseline",303,0.541,0.62
"PE_vs_NP","Baseline",303,0.542,0.630906666666667
"PE_vs_NP","Baseline",303,0.543,0.633333333333333
"PE_vs_NP","Baseline",303,0.544,0.633333333333333
"PE_vs_NP","Baseline",303,0.545,0.633333333333333
"PE_vs_NP","Baseline",303,0.546,0.633333333333333
"PE_vs_NP","Baseline",303,0.547,0.633333333333333
"PE_vs_NP","Baseline",303,0.548,0.633333333333333
"PE_vs_NP","Baseline",303,0.549,0.633333333333333
"PE_vs_NP","Baseline",303,0.55,0.633333333333333
"PE_vs_NP","Baseline",303,0.551,0.633333333333333
"PE_vs_NP","Baseline",303,0.552,0.633333333333333
"PE_vs_NP","Baseline",303,0.553,0.633333333333333
"PE_vs_NP","Baseline",303,0.554,0.633333333333333
"PE_vs_NP","Baseline",303,0.555,0.633333333333333
"PE_vs_NP","Baseline",303,0.556,0.633333333333333
"PE_vs_NP","Baseline",303,0.557,0.64
"PE_vs_NP","Baseline",303,0.558,0.640546666666667
"PE_vs_NP","Baseline",303,0.559,0.64274
"PE_vs_NP","Baseline",303,0.56,0.644933333333333
"PE_vs_NP","Baseline",303,0.561,0.646666666666667
"PE_vs_NP","Baseline",303,0.562,0.646666666666667
"PE_vs_NP","Baseline",303,0.563,0.646666666666667
"PE_vs_NP","Baseline",303,0.564,0.64704
"PE_vs_NP","Baseline",303,0.565,0.649233333333333
"PE_vs_NP","Baseline",303,0.566,0.65428
"PE_vs_NP","Baseline",303,0.567,0.66
"PE_vs_NP","Baseline",303,0.568,0.66
"PE_vs_NP","Baseline",303,0.569,0.66
"PE_vs_NP","Baseline",303,0.57,0.66
"PE_vs_NP","Baseline",303,0.571,0.66
"PE_vs_NP","Baseline",303,0.572,0.66
"PE_vs_NP","Baseline",303,0.573,0.660226666666667
"PE_vs_NP","Baseline",303,0.574,0.664613333333334
"PE_vs_NP","Baseline",303,0.575,0.666666666666667
"PE_vs_NP","Baseline",303,0.576,0.666666666666667
"PE_vs_NP","Baseline",303,0.577,0.666666666666667
"PE_vs_NP","Baseline",303,0.578,0.667206666666667
"PE_vs_NP","Baseline",303,0.579,0.668303333333333
"PE_vs_NP","Baseline",303,0.58,0.6694
"PE_vs_NP","Baseline",303,0.581,0.670496666666667
"PE_vs_NP","Baseline",303,0.582,0.671593333333333
"PE_vs_NP","Baseline",303,0.583,0.67269
"PE_vs_NP","Baseline",303,0.584,0.673333333333333
"PE_vs_NP","Baseline",303,0.585,0.673333333333333
"PE_vs_NP","Baseline",303,0.586,0.673333333333333
"PE_vs_NP","Baseline",303,0.587,0.673333333333333
"PE_vs_NP","Baseline",303,0.588,0.673333333333333
"PE_vs_NP","Baseline",303,0.589,0.68
"PE_vs_NP","Baseline",303,0.59,0.68
"PE_vs_NP","Baseline",303,0.591,0.68
"PE_vs_NP","Baseline",303,0.592,0.68
"PE_vs_NP","Baseline",303,0.593,0.68
"PE_vs_NP","Baseline",303,0.594,0.68
"PE_vs_NP","Baseline",303,0.595,0.68
"PE_vs_NP","Baseline",303,0.596,0.68
"PE_vs_NP","Baseline",303,0.597,0.68
"PE_vs_NP","Baseline",303,0.598,0.68
"PE_vs_NP","Baseline",303,0.599,0.68
"PE_vs_NP","Baseline",303,0.6,0.68
"PE_vs_NP","Baseline",303,0.601,0.68
"PE_vs_NP","Baseline",303,0.602,0.68
"PE_vs_NP","Baseline",303,0.603,0.68
"PE_vs_NP","Baseline",303,0.604,0.68
"PE_vs_NP","Baseline",303,0.605,0.68
"PE_vs_NP","Baseline",303,0.606,0.68
"PE_vs_NP","Baseline",303,0.607,0.68
"PE_vs_NP","Baseline",303,0.608,0.68
"PE_vs_NP","Baseline",303,0.609,0.68
"PE_vs_NP","Baseline",303,0.61,0.68
"PE_vs_NP","Baseline",303,0.611,0.68
"PE_vs_NP","Baseline",303,0.612,0.68
"PE_vs_NP","Baseline",303,0.613,0.68
"PE_vs_NP","Baseline",303,0.614,0.68
"PE_vs_NP","Baseline",303,0.615,0.68
"PE_vs_NP","Baseline",303,0.616,0.68
"PE_vs_NP","Baseline",303,0.617,0.68
"PE_vs_NP","Baseline",303,0.618,0.68
"PE_vs_NP","Baseline",303,0.619,0.68
"PE_vs_NP","Baseline",303,0.62,0.68
"PE_vs_NP","Baseline",303,0.621,0.68
"PE_vs_NP","Baseline",303,0.622,0.68
"PE_vs_NP","Baseline",303,0.623,0.68
"PE_vs_NP","Baseline",303,0.624,0.68
"PE_vs_NP","Baseline",303,0.625,0.68
"PE_vs_NP","Baseline",303,0.626,0.68
"PE_vs_NP","Baseline",303,0.627,0.68
"PE_vs_NP","Baseline",303,0.628,0.680373333333333
"PE_vs_NP","Baseline",303,0.629,0.68147
"PE_vs_NP","Baseline",303,0.63,0.682566666666667
"PE_vs_NP","Baseline",303,0.631,0.69033
"PE_vs_NP","Baseline",303,0.632,0.691426666666667
"PE_vs_NP","Baseline",303,0.633,0.692523333333333
"PE_vs_NP","Baseline",303,0.634,0.693333333333333
"PE_vs_NP","Baseline",303,0.635,0.693333333333333
"PE_vs_NP","Baseline",303,0.636,0.696586666666667
"PE_vs_NP","Baseline",303,0.637,0.7
"PE_vs_NP","Baseline",303,0.638,0.7
"PE_vs_NP","Baseline",303,0.639,0.7
"PE_vs_NP","Baseline",303,0.64,0.7
"PE_vs_NP","Baseline",303,0.641,0.7
"PE_vs_NP","Baseline",303,0.642,0.701453333333333
"PE_vs_NP","Baseline",303,0.643,0.703646666666667
"PE_vs_NP","Baseline",303,0.644,0.70584
"PE_vs_NP","Baseline",303,0.645,0.706666666666667
"PE_vs_NP","Baseline",303,0.646,0.706666666666667
"PE_vs_NP","Baseline",303,0.647,0.706666666666667
"PE_vs_NP","Baseline",303,0.648,0.706666666666667
"PE_vs_NP","Baseline",303,0.649,0.706666666666667
"PE_vs_NP","Baseline",303,0.65,0.706666666666667
"PE_vs_NP","Baseline",303,0.651,0.706666666666667
"PE_vs_NP","Baseline",303,0.652,0.706666666666667
"PE_vs_NP","Baseline",303,0.653,0.706666666666667
"PE_vs_NP","Baseline",303,0.654,0.706666666666667
"PE_vs_NP","Baseline",303,0.655,0.706666666666667
"PE_vs_NP","Baseline",303,0.656,0.706666666666667
"PE_vs_NP","Baseline",303,0.657,0.706666666666667
"PE_vs_NP","Baseline",303,0.658,0.706666666666667
"PE_vs_NP","Baseline",303,0.659,0.706666666666667
"PE_vs_NP","Baseline",303,0.66,0.706666666666667
"PE_vs_NP","Baseline",303,0.661,0.706666666666667
"PE_vs_NP","Baseline",303,0.662,0.708653333333333
"PE_vs_NP","Baseline",303,0.663,0.710846666666667
"PE_vs_NP","Baseline",303,0.664,0.71304
"PE_vs_NP","Baseline",303,0.665,0.714283333333333
"PE_vs_NP","Baseline",303,0.666,0.71538
"PE_vs_NP","Baseline",303,0.667,0.716476666666667
"PE_vs_NP","Baseline",303,0.668,0.717573333333333
"PE_vs_NP","Baseline",303,0.669,0.71867
"PE_vs_NP","Baseline",303,0.67,0.719766666666667
"PE_vs_NP","Baseline",303,0.671,0.72
"PE_vs_NP","Baseline",303,0.672,0.72
"PE_vs_NP","Baseline",303,0.673,0.72
"PE_vs_NP","Baseline",303,0.674,0.72
"PE_vs_NP","Baseline",303,0.675,0.72
"PE_vs_NP","Baseline",303,0.676,0.72
"PE_vs_NP","Baseline",303,0.677,0.726666666666667
"PE_vs_NP","Baseline",303,0.678,0.726666666666667
"PE_vs_NP","Baseline",303,0.679,0.726666666666667
"PE_vs_NP","Baseline",303,0.68,0.726666666666667
"PE_vs_NP","Baseline",303,0.681,0.726666666666667
"PE_vs_NP","Baseline",303,0.682,0.726666666666667
"PE_vs_NP","Baseline",303,0.683,0.726666666666667
"PE_vs_NP","Baseline",303,0.684,0.726666666666667
"PE_vs_NP","Baseline",303,0.685,0.726666666666667
"PE_vs_NP","Baseline",303,0.686,0.726666666666667
"PE_vs_NP","Baseline",303,0.687,0.726666666666667
"PE_vs_NP","Baseline",303,0.688,0.726666666666667
"PE_vs_NP","Baseline",303,0.689,0.72908
"PE_vs_NP","Baseline",303,0.69,0.733333333333333
"PE_vs_NP","Baseline",303,0.691,0.733333333333333
"PE_vs_NP","Baseline",303,0.692,0.733333333333333
"PE_vs_NP","Baseline",303,0.693,0.733333333333333
"PE_vs_NP","Baseline",303,0.694,0.733333333333333
"PE_vs_NP","Baseline",303,0.695,0.733333333333333
"PE_vs_NP","Baseline",303,0.696,0.733333333333333
"PE_vs_NP","Baseline",303,0.697,0.733333333333333
"PE_vs_NP","Baseline",303,0.698,0.733333333333333
"PE_vs_NP","Baseline",303,0.699,0.733333333333333
"PE_vs_NP","Baseline",303,0.7,0.733333333333333
"PE_vs_NP","Baseline",303,0.701,0.733333333333333
"PE_vs_NP","Baseline",303,0.702,0.733333333333333
"PE_vs_NP","Baseline",303,0.703,0.733333333333333
"PE_vs_NP","Baseline",303,0.704,0.733333333333333
"PE_vs_NP","Baseline",303,0.705,0.733333333333333
"PE_vs_NP","Baseline",303,0.706,0.733333333333333
"PE_vs_NP","Baseline",303,0.707,0.733333333333333
"PE_vs_NP","Baseline",303,0.708,0.733333333333333
"PE_vs_NP","Baseline",303,0.709,0.733333333333333
"PE_vs_NP","Baseline",303,0.71,0.733333333333333
"PE_vs_NP","Baseline",303,0.711,0.733333333333333
"PE_vs_NP","Baseline",303,0.712,0.733333333333333
"PE_vs_NP","Baseline",303,0.713,0.733333333333333
"PE_vs_NP","Baseline",303,0.714,0.733333333333333
"PE_vs_NP","Baseline",303,0.715,0.733333333333333
"PE_vs_NP","Baseline",303,0.716,0.733333333333333
"PE_vs_NP","Baseline",303,0.717,0.733333333333333
"PE_vs_NP","Baseline",303,0.718,0.733333333333333
"PE_vs_NP","Baseline",303,0.719,0.733333333333333
"PE_vs_NP","Baseline",303,0.72,0.733333333333333
"PE_vs_NP","Baseline",303,0.721,0.733333333333333
"PE_vs_NP","Baseline",303,0.722,0.733333333333333
"PE_vs_NP","Baseline",303,0.723,0.733333333333333
"PE_vs_NP","Baseline",303,0.724,0.733333333333333
"PE_vs_NP","Baseline",303,0.725,0.733333333333333
"PE_vs_NP","Baseline",303,0.726,0.733333333333333
"PE_vs_NP","Baseline",303,0.727,0.734553333333333
"PE_vs_NP","Baseline",303,0.728,0.736746666666667
"PE_vs_NP","Baseline",303,0.729,0.73894
"PE_vs_NP","Baseline",303,0.73,0.74
"PE_vs_NP","Baseline",303,0.731,0.74
"PE_vs_NP","Baseline",303,0.732,0.74
"PE_vs_NP","Baseline",303,0.733,0.746666666666667
"PE_vs_NP","Baseline",303,0.734,0.746666666666667
"PE_vs_NP","Baseline",303,0.735,0.746666666666667
"PE_vs_NP","Baseline",303,0.736,0.746666666666667
"PE_vs_NP","Baseline",303,0.737,0.746666666666667
"PE_vs_NP","Baseline",303,0.738,0.746666666666667
"PE_vs_NP","Baseline",303,0.739,0.746666666666667
"PE_vs_NP","Baseline",303,0.74,0.746666666666667
"PE_vs_NP","Baseline",303,0.741,0.746666666666667
"PE_vs_NP","Baseline",303,0.742,0.746666666666667
"PE_vs_NP","Baseline",303,0.743,0.746666666666667
"PE_vs_NP","Baseline",303,0.744,0.746666666666667
"PE_vs_NP","Baseline",303,0.745,0.746666666666667
"PE_vs_NP","Baseline",303,0.746,0.746666666666667
"PE_vs_NP","Baseline",303,0.747,0.746666666666667
"PE_vs_NP","Baseline",303,0.748,0.746666666666667
"PE_vs_NP","Baseline",303,0.749,0.746666666666667
"PE_vs_NP","Baseline",303,0.75,0.746666666666667
"PE_vs_NP","Baseline",303,0.751,0.746666666666667
"PE_vs_NP","Baseline",303,0.752,0.746666666666667
"PE_vs_NP","Baseline",303,0.753,0.746666666666667
"PE_vs_NP","Baseline",303,0.754,0.747546666666667
"PE_vs_NP","Baseline",303,0.755,0.751933333333333
"PE_vs_NP","Baseline",303,0.756,0.753333333333333
"PE_vs_NP","Baseline",303,0.757,0.753333333333333
"PE_vs_NP","Baseline",303,0.758,0.753333333333333
"PE_vs_NP","Baseline",303,0.759,0.753333333333333
"PE_vs_NP","Baseline",303,0.76,0.753333333333333
"PE_vs_NP","Baseline",303,0.761,0.753333333333333
"PE_vs_NP","Baseline",303,0.762,0.753333333333333
"PE_vs_NP","Baseline",303,0.763,0.753513333333333
"PE_vs_NP","Baseline",303,0.764,0.755706666666667
"PE_vs_NP","Baseline",303,0.765,0.7579
"PE_vs_NP","Baseline",303,0.766,0.76
"PE_vs_NP","Baseline",303,0.767,0.76
"PE_vs_NP","Baseline",303,0.768,0.76
"PE_vs_NP","Baseline",303,0.769,0.76
"PE_vs_NP","Baseline",303,0.77,0.76
"PE_vs_NP","Baseline",303,0.771,0.76
"PE_vs_NP","Baseline",303,0.772,0.76
"PE_vs_NP","Baseline",303,0.773,0.76
"PE_vs_NP","Baseline",303,0.774,0.76
"PE_vs_NP","Baseline",303,0.775,0.76
"PE_vs_NP","Baseline",303,0.776,0.76768
"PE_vs_NP","Baseline",303,0.777,0.77055
"PE_vs_NP","Baseline",303,0.778,0.776033333333333
"PE_vs_NP","Baseline",303,0.779,0.785273333333333
"PE_vs_NP","Baseline",303,0.78,0.787466666666667
"PE_vs_NP","Baseline",303,0.781,0.78966
"PE_vs_NP","Baseline",303,0.782,0.790926666666667
"PE_vs_NP","Baseline",303,0.783,0.792023333333333
"PE_vs_NP","Baseline",303,0.784,0.79312
"PE_vs_NP","Baseline",303,0.785,0.793333333333333
"PE_vs_NP","Baseline",303,0.786,0.794586666666667
"PE_vs_NP","Baseline",303,0.787,0.798973333333334
"PE_vs_NP","Baseline",303,0.788,0.80448
"PE_vs_NP","Baseline",303,0.789,0.809248888888889
"PE_vs_NP","Baseline",303,0.79,0.810711111111111
"PE_vs_NP","Baseline",303,0.791,0.812173333333333
"PE_vs_NP","Baseline",303,0.792,0.820906666666667
"PE_vs_NP","Baseline",303,0.793,0.825293333333334
"PE_vs_NP","Baseline",303,0.794,0.826666666666667
"PE_vs_NP","Baseline",303,0.795,0.826911111111111
"PE_vs_NP","Baseline",303,0.796,0.828373333333333
"PE_vs_NP","Baseline",303,0.797,0.829835555555556
"PE_vs_NP","Baseline",303,0.798,0.831297777777778
"PE_vs_NP","Baseline",303,0.799,0.83276
"PE_vs_NP","Baseline",303,0.8,0.833333333333333
"PE_vs_NP","Baseline",303,0.801,0.833333333333333
"PE_vs_NP","Baseline",303,0.802,0.833333333333333
"PE_vs_NP","Baseline",303,0.803,0.833333333333333
"PE_vs_NP","Baseline",303,0.804,0.833333333333333
"PE_vs_NP","Baseline",303,0.805,0.833333333333333
"PE_vs_NP","Baseline",303,0.806,0.833333333333333
"PE_vs_NP","Baseline",303,0.807,0.84
"PE_vs_NP","Baseline",303,0.808,0.84
"PE_vs_NP","Baseline",303,0.809,0.84
"PE_vs_NP","Baseline",303,0.81,0.84
"PE_vs_NP","Baseline",303,0.811,0.84
"PE_vs_NP","Baseline",303,0.812,0.84
"PE_vs_NP","Baseline",303,0.813,0.84
"PE_vs_NP","Baseline",303,0.814,0.84
"PE_vs_NP","Baseline",303,0.815,0.84
"PE_vs_NP","Baseline",303,0.816,0.84
"PE_vs_NP","Baseline",303,0.817,0.84
"PE_vs_NP","Baseline",303,0.818,0.840542222222222
"PE_vs_NP","Baseline",303,0.819,0.842004444444445
"PE_vs_NP","Baseline",303,0.82,0.8472
"PE_vs_NP","Baseline",303,0.821,0.854502222222223
"PE_vs_NP","Baseline",303,0.822,0.864737777777778
"PE_vs_NP","Baseline",303,0.823,0.870226666666667
"PE_vs_NP","Baseline",303,0.824,0.873333333333333
"PE_vs_NP","Baseline",303,0.825,0.873333333333333
"PE_vs_NP","Baseline",303,0.826,0.88
"PE_vs_NP","Baseline",303,0.827,0.88166
"PE_vs_NP","Baseline",303,0.828,0.88824
"PE_vs_NP","Baseline",303,0.829,0.891606666666667
"PE_vs_NP","Baseline",303,0.83,0.893333333333333
"PE_vs_NP","Baseline",303,0.831,0.893333333333333
"PE_vs_NP","Baseline",303,0.832,0.893333333333333
"PE_vs_NP","Baseline",303,0.833,0.90038
"PE_vs_NP","Baseline",303,0.834,0.902573333333333
"PE_vs_NP","Baseline",303,0.835,0.904766666666667
"PE_vs_NP","Baseline",303,0.836,0.906666666666667
"PE_vs_NP","Baseline",303,0.837,0.906666666666667
"PE_vs_NP","Baseline",303,0.838,0.907205333333333
"PE_vs_NP","Baseline",303,0.839,0.908496
"PE_vs_NP","Baseline",303,0.84,0.91376
"PE_vs_NP","Baseline",303,0.841,0.916504
"PE_vs_NP","Baseline",303,0.842,0.924048
"PE_vs_NP","Baseline",303,0.843,0.924925333333333
"PE_vs_NP","Baseline",303,0.844,0.925802666666667
"PE_vs_NP","Baseline",303,0.845,0.926666666666667
"PE_vs_NP","Baseline",303,0.846,0.926666666666667
"PE_vs_NP","Baseline",303,0.847,0.926666666666667
"PE_vs_NP","Baseline",303,0.848,0.926666666666667
"PE_vs_NP","Baseline",303,0.849,0.926666666666667
"PE_vs_NP","Baseline",303,0.85,0.926666666666667
"PE_vs_NP","Baseline",303,0.851,0.926666666666667
"PE_vs_NP","Baseline",303,0.852,0.926666666666667
"PE_vs_NP","Baseline",303,0.853,0.926666666666667
"PE_vs_NP","Baseline",303,0.854,0.926666666666667
"PE_vs_NP","Baseline",303,0.855,0.926666666666667
"PE_vs_NP","Baseline",303,0.856,0.926666666666667
"PE_vs_NP","Baseline",303,0.857,0.926666666666667
"PE_vs_NP","Baseline",303,0.858,0.930426666666667
"PE_vs_NP","Baseline",303,0.859,0.933333333333333
"PE_vs_NP","Baseline",303,0.86,0.933333333333333
"PE_vs_NP","Baseline",303,0.861,0.933333333333333
"PE_vs_NP","Baseline",303,0.862,0.933333333333333
"PE_vs_NP","Baseline",303,0.863,0.933333333333333
"PE_vs_NP","Baseline",303,0.864,0.933333333333333
"PE_vs_NP","Baseline",303,0.865,0.933333333333333
"PE_vs_NP","Baseline",303,0.866,0.933333333333333
"PE_vs_NP","Baseline",303,0.867,0.933333333333333
"PE_vs_NP","Baseline",303,0.868,0.933333333333333
"PE_vs_NP","Baseline",303,0.869,0.933333333333333
"PE_vs_NP","Baseline",303,0.87,0.933333333333333
"PE_vs_NP","Baseline",303,0.871,0.933333333333333
"PE_vs_NP","Baseline",303,0.872,0.933333333333333
"PE_vs_NP","Baseline",303,0.873,0.933333333333333
"PE_vs_NP","Baseline",303,0.874,0.933333333333333
"PE_vs_NP","Baseline",303,0.875,0.933333333333333
"PE_vs_NP","Baseline",303,0.876,0.933333333333333
"PE_vs_NP","Baseline",303,0.877,0.933333333333333
"PE_vs_NP","Baseline",303,0.878,0.933333333333333
"PE_vs_NP","Baseline",303,0.879,0.933333333333333
"PE_vs_NP","Baseline",303,0.88,0.933333333333333
"PE_vs_NP","Baseline",303,0.881,0.933333333333333
"PE_vs_NP","Baseline",303,0.882,0.933333333333333
"PE_vs_NP","Baseline",303,0.883,0.933333333333333
"PE_vs_NP","Baseline",303,0.884,0.933333333333333
"PE_vs_NP","Baseline",303,0.885,0.933333333333333
"PE_vs_NP","Baseline",303,0.886,0.933333333333333
"PE_vs_NP","Baseline",303,0.887,0.933333333333333
"PE_vs_NP","Baseline",303,0.888,0.933333333333333
"PE_vs_NP","Baseline",303,0.889,0.933333333333333
"PE_vs_NP","Baseline",303,0.89,0.933333333333333
"PE_vs_NP","Baseline",303,0.891,0.933333333333333
"PE_vs_NP","Baseline",303,0.892,0.933333333333333
"PE_vs_NP","Baseline",303,0.893,0.933333333333333
"PE_vs_NP","Baseline",303,0.894,0.933333333333333
"PE_vs_NP","Baseline",303,0.895,0.933333333333333
"PE_vs_NP","Baseline",303,0.896,0.933333333333333
"PE_vs_NP","Baseline",303,0.897,0.933333333333333
"PE_vs_NP","Baseline",303,0.898,0.933333333333333
"PE_vs_NP","Baseline",303,0.899,0.933333333333333
"PE_vs_NP","Baseline",303,0.9,0.933333333333333
"PE_vs_NP","Baseline",303,0.901,0.933333333333333
"PE_vs_NP","Baseline",303,0.902,0.933333333333333
"PE_vs_NP","Baseline",303,0.903,0.933333333333333
"PE_vs_NP","Baseline",303,0.904,0.933333333333333
"PE_vs_NP","Baseline",303,0.905,0.933333333333333
"PE_vs_NP","Baseline",303,0.906,0.933333333333333
"PE_vs_NP","Baseline",303,0.907,0.933333333333333
"PE_vs_NP","Baseline",303,0.908,0.933333333333333
"PE_vs_NP","Baseline",303,0.909,0.933333333333333
"PE_vs_NP","Baseline",303,0.91,0.933333333333333
"PE_vs_NP","Baseline",303,0.911,0.933333333333333
"PE_vs_NP","Baseline",303,0.912,0.933333333333333
"PE_vs_NP","Baseline",303,0.913,0.933333333333333
"PE_vs_NP","Baseline",303,0.914,0.933333333333333
"PE_vs_NP","Baseline",303,0.915,0.933333333333333
"PE_vs_NP","Baseline",303,0.916,0.933333333333333
"PE_vs_NP","Baseline",303,0.917,0.933333333333333
"PE_vs_NP","Baseline",303,0.918,0.933333333333333
"PE_vs_NP","Baseline",303,0.919,0.933333333333333
"PE_vs_NP","Baseline",303,0.92,0.933333333333333
"PE_vs_NP","Baseline",303,0.921,0.933333333333333
"PE_vs_NP","Baseline",303,0.922,0.933333333333333
"PE_vs_NP","Baseline",303,0.923,0.933333333333333
"PE_vs_NP","Baseline",303,0.924,0.933333333333333
"PE_vs_NP","Baseline",303,0.925,0.933333333333333
"PE_vs_NP","Baseline",303,0.926,0.933333333333333
"PE_vs_NP","Baseline",303,0.927,0.933333333333333
"PE_vs_NP","Baseline",303,0.928,0.933333333333333
"PE_vs_NP","Baseline",303,0.929,0.933333333333333
"PE_vs_NP","Baseline",303,0.93,0.933333333333333
"PE_vs_NP","Baseline",303,0.931,0.933333333333333
"PE_vs_NP","Baseline",303,0.932,0.933333333333333
"PE_vs_NP","Baseline",303,0.933,0.933333333333333
"PE_vs_NP","Baseline",303,0.934,0.933333333333333
"PE_vs_NP","Baseline",303,0.935,0.933333333333333
"PE_vs_NP","Baseline",303,0.936,0.933333333333333
"PE_vs_NP","Baseline",303,0.937,0.933333333333333
"PE_vs_NP","Baseline",303,0.938,0.933333333333333
"PE_vs_NP","Baseline",303,0.939,0.933333333333333
"PE_vs_NP","Baseline",303,0.94,0.933333333333333
"PE_vs_NP","Baseline",303,0.941,0.933333333333333
"PE_vs_NP","Baseline",303,0.942,0.933333333333333
"PE_vs_NP","Baseline",303,0.943,0.933333333333333
"PE_vs_NP","Baseline",303,0.944,0.933333333333333
"PE_vs_NP","Baseline",303,0.945,0.933333333333333
"PE_vs_NP","Baseline",303,0.946,0.933333333333333
"PE_vs_NP","Baseline",303,0.947,0.933333333333333
"PE_vs_NP","Baseline",303,0.948,0.933333333333333
"PE_vs_NP","Baseline",303,0.949,0.933333333333333
"PE_vs_NP","Baseline",303,0.95,0.933333333333333
"PE_vs_NP","Baseline",303,0.951,0.933333333333333
"PE_vs_NP","Baseline",303,0.952,0.933333333333333
"PE_vs_NP","Baseline",303,0.953,0.933333333333333
"PE_vs_NP","Baseline",303,0.954,0.933333333333333
"PE_vs_NP","Baseline",303,0.955,0.933333333333333
"PE_vs_NP","Baseline",303,0.956,0.933333333333333
"PE_vs_NP","Baseline",303,0.957,0.933333333333333
"PE_vs_NP","Baseline",303,0.958,0.933333333333333
"PE_vs_NP","Baseline",303,0.959,0.933351666666667
"PE_vs_NP","Baseline",303,0.96,0.9339
"PE_vs_NP","Baseline",303,0.961,0.934448333333333
"PE_vs_NP","Baseline",303,0.962,0.934996666666667
"PE_vs_NP","Baseline",303,0.963,0.935545
"PE_vs_NP","Baseline",303,0.964,0.936093333333333
"PE_vs_NP","Baseline",303,0.965,0.936641666666667
"PE_vs_NP","Baseline",303,0.966,0.93719
"PE_vs_NP","Baseline",303,0.967,0.937738333333333
"PE_vs_NP","Baseline",303,0.968,0.938286666666667
"PE_vs_NP","Baseline",303,0.969,0.938835
"PE_vs_NP","Baseline",303,0.97,0.93973
"PE_vs_NP","Baseline",303,0.971,0.941155666666667
"PE_vs_NP","Baseline",303,0.972,0.944021333333333
"PE_vs_NP","Baseline",303,0.973,0.947092
"PE_vs_NP","Baseline",303,0.974,0.950162666666667
"PE_vs_NP","Baseline",303,0.975,0.952316666666667
"PE_vs_NP","Baseline",303,0.976,0.954752888888889
"PE_vs_NP","Baseline",303,0.977,0.958189111111111
"PE_vs_NP","Baseline",303,0.978,0.960926666666667
"PE_vs_NP","Baseline",303,0.979,0.963687777777778
"PE_vs_NP","Baseline",303,0.98,0.966977777777778
"PE_vs_NP","Baseline",303,0.981,0.968331111111111
"PE_vs_NP","Baseline",303,0.982,0.969148888888889
"PE_vs_NP","Baseline",303,0.983,0.970245555555556
"PE_vs_NP","Baseline",303,0.984,0.971914343434343
"PE_vs_NP","Baseline",303,0.985,0.973808585858586
"PE_vs_NP","Baseline",303,0.986,0.975702828282828
"PE_vs_NP","Baseline",303,0.987,0.977597070707071
"PE_vs_NP","Baseline",303,0.988,0.979462424242424
"PE_vs_NP","Baseline",303,0.989,0.981173888888889
"PE_vs_NP","Baseline",303,0.99,0.982885353535354
"PE_vs_NP","Baseline",303,0.991,0.984596818181818
"PE_vs_NP","Baseline",303,0.992,0.986308282828283
"PE_vs_NP","Baseline",303,0.993,0.988019747474747
"PE_vs_NP","Baseline",303,0.994,0.989731212121212
"PE_vs_NP","Baseline",303,0.995,0.991442676767677
"PE_vs_NP","Baseline",303,0.996,0.993154141414141
"PE_vs_NP","Baseline",303,0.997,0.994865606060606
"PE_vs_NP","Baseline",303,0.998,0.996577070707071
"PE_vs_NP","Baseline",303,0.999,0.998288535353535
"PE_vs_NP","Baseline",303,1,1
"PE_vs_NP","Met+Fun",303,0,0
"PE_vs_NP","Met+Fun",303,0.001,0
"PE_vs_NP","Met+Fun",303,0.002,0
"PE_vs_NP","Met+Fun",303,0.003,0
"PE_vs_NP","Met+Fun",303,0.004,0
"PE_vs_NP","Met+Fun",303,0.005,0
"PE_vs_NP","Met+Fun",303,0.006,0
"PE_vs_NP","Met+Fun",303,0.007,0
"PE_vs_NP","Met+Fun",303,0.008,0.0208800000000001
"PE_vs_NP","Met+Fun",303,0.009,0.0230733333333334
"PE_vs_NP","Met+Fun",303,0.01,0.0358000000000002
"PE_vs_NP","Met+Fun",303,0.011,0.047988888888889
"PE_vs_NP","Met+Fun",303,0.012,0.0516444444444445
"PE_vs_NP","Met+Fun",303,0.013,0.0704800000000001
"PE_vs_NP","Met+Fun",303,0.014,0.0837022222222223
"PE_vs_NP","Met+Fun",303,0.015,0.0917444444444447
"PE_vs_NP","Met+Fun",303,0.016,0.10044
"PE_vs_NP","Met+Fun",303,0.017,0.102021666666667
"PE_vs_NP","Met+Fun",303,0.018,0.106225555555556
"PE_vs_NP","Met+Fun",303,0.019,0.110429444444444
"PE_vs_NP","Met+Fun",303,0.02,0.1157
"PE_vs_NP","Met+Fun",303,0.021,0.124290555555556
"PE_vs_NP","Met+Fun",303,0.022,0.139812222222223
"PE_vs_NP","Met+Fun",303,0.023,0.147651666666667
"PE_vs_NP","Met+Fun",303,0.024,0.151124444444445
"PE_vs_NP","Met+Fun",303,0.025,0.162013888888889
"PE_vs_NP","Met+Fun",303,0.026,0.166583333333333
"PE_vs_NP","Met+Fun",303,0.027,0.171152777777778
"PE_vs_NP","Met+Fun",303,0.028,0.189274285714286
"PE_vs_NP","Met+Fun",303,0.029,0.194866507936508
"PE_vs_NP","Met+Fun",303,0.03,0.205258730158731
"PE_vs_NP","Met+Fun",303,0.031,0.212953396825397
"PE_vs_NP","Met+Fun",303,0.032,0.218865100529101
"PE_vs_NP","Met+Fun",303,0.033,0.224553841269841
"PE_vs_NP","Met+Fun",303,0.034,0.233342582010582
"PE_vs_NP","Met+Fun",303,0.035,0.244314656084656
"PE_vs_NP","Met+Fun",303,0.036,0.251100063492064
"PE_vs_NP","Met+Fun",303,0.037,0.256732137566138
"PE_vs_NP","Met+Fun",303,0.038,0.267997735449735
"PE_vs_NP","Met+Fun",303,0.039,0.27371780952381
"PE_vs_NP","Met+Fun",303,0.04,0.27890455026455
"PE_vs_NP","Met+Fun",303,0.041,0.283527957671958
"PE_vs_NP","Met+Fun",303,0.042,0.296231365079365
"PE_vs_NP","Met+Fun",303,0.043,0.302806994708995
"PE_vs_NP","Met+Fun",303,0.044,0.309989291005291
"PE_vs_NP","Met+Fun",303,0.045,0.321916031746032
"PE_vs_NP","Met+Fun",303,0.046,0.330206031746032
"PE_vs_NP","Met+Fun",303,0.047,0.332660476190476
"PE_vs_NP","Met+Fun",303,0.048,0.33576380952381
"PE_vs_NP","Met+Fun",303,0.049,0.338718888888889
"PE_vs_NP","Met+Fun",303,0.05,0.341277777777778
"PE_vs_NP","Met+Fun",303,0.051,0.343836666666667
"PE_vs_NP","Met+Fun",303,0.052,0.346395555555556
"PE_vs_NP","Met+Fun",303,0.053,0.348954444444445
"PE_vs_NP","Met+Fun",303,0.054,0.350922222222222
"PE_vs_NP","Met+Fun",303,0.055,0.353066666666667
"PE_vs_NP","Met+Fun",303,0.056,0.355991111111111
"PE_vs_NP","Met+Fun",303,0.057,0.359028
"PE_vs_NP","Met+Fun",303,0.058,0.361907333333333
"PE_vs_NP","Met+Fun",303,0.059,0.364210333333333
"PE_vs_NP","Met+Fun",303,0.06,0.366513333333333
"PE_vs_NP","Met+Fun",303,0.061,0.371678555555555
"PE_vs_NP","Met+Fun",303,0.062,0.387628962962964
"PE_vs_NP","Met+Fun",303,0.063,0.400552703703703
"PE_vs_NP","Met+Fun",303,0.064,0.410847111111111
"PE_vs_NP","Met+Fun",303,0.065,0.414953518518518
"PE_vs_NP","Met+Fun",303,0.066,0.425631481481482
"PE_vs_NP","Met+Fun",303,0.067,0.429305
"PE_vs_NP","Met+Fun",303,0.068,0.431071851851852
"PE_vs_NP","Met+Fun",303,0.069,0.433732037037037
"PE_vs_NP","Met+Fun",303,0.07,0.436911111111111
"PE_vs_NP","Met+Fun",303,0.071,0.439591851851852
"PE_vs_NP","Met+Fun",303,0.072,0.442690370370371
"PE_vs_NP","Met+Fun",303,0.073,0.446026666666667
"PE_vs_NP","Met+Fun",303,0.074,0.447976296296296
"PE_vs_NP","Met+Fun",303,0.075,0.449277777777778
"PE_vs_NP","Met+Fun",303,0.076,0.450008888888889
"PE_vs_NP","Met+Fun",303,0.077,0.45074
"PE_vs_NP","Met+Fun",303,0.078,0.453631111111111
"PE_vs_NP","Met+Fun",303,0.079,0.458748888888889
"PE_vs_NP","Met+Fun",303,0.08,0.463866666666667
"PE_vs_NP","Met+Fun",303,0.081,0.466666666666667
"PE_vs_NP","Met+Fun",303,0.082,0.466666666666667
"PE_vs_NP","Met+Fun",303,0.083,0.467178333333333
"PE_vs_NP","Met+Fun",303,0.084,0.46818
"PE_vs_NP","Met+Fun",303,0.085,0.469825
"PE_vs_NP","Met+Fun",303,0.086,0.47147
"PE_vs_NP","Met+Fun",303,0.087,0.473115
"PE_vs_NP","Met+Fun",303,0.088,0.47476
"PE_vs_NP","Met+Fun",303,0.089,0.476405
"PE_vs_NP","Met+Fun",303,0.09,0.478416666666666
"PE_vs_NP","Met+Fun",303,0.091,0.481158333333333
"PE_vs_NP","Met+Fun",303,0.092,0.4839
"PE_vs_NP","Met+Fun",303,0.093,0.486179761904762
"PE_vs_NP","Met+Fun",303,0.094,0.487354761904762
"PE_vs_NP","Met+Fun",303,0.095,0.488930476190476
"PE_vs_NP","Met+Fun",303,0.096,0.490782476190476
"PE_vs_NP","Met+Fun",303,0.097,0.493101142857143
"PE_vs_NP","Met+Fun",303,0.098,0.495688698412698
"PE_vs_NP","Met+Fun",303,0.099,0.498372920634921
"PE_vs_NP","Met+Fun",303,0.1,0.501057142857143
"PE_vs_NP","Met+Fun",303,0.101,0.503741365079365
"PE_vs_NP","Met+Fun",303,0.102,0.506425587301587
"PE_vs_NP","Met+Fun",303,0.103,0.509109809523809
"PE_vs_NP","Met+Fun",303,0.104,0.511622603174603
"PE_vs_NP","Met+Fun",303,0.105,0.51396
"PE_vs_NP","Met+Fun",303,0.106,0.515756444444444
"PE_vs_NP","Met+Fun",303,0.107,0.517316592592593
"PE_vs_NP","Met+Fun",303,0.108,0.518836740740741
"PE_vs_NP","Met+Fun",303,0.109,0.521346888888889
"PE_vs_NP","Met+Fun",303,0.11,0.523603703703704
"PE_vs_NP","Met+Fun",303,0.111,0.525738518518518
"PE_vs_NP","Met+Fun",303,0.112,0.528906666666667
"PE_vs_NP","Met+Fun",303,0.113,0.532074814814815
"PE_vs_NP","Met+Fun",303,0.114,0.535222962962963
"PE_vs_NP","Met+Fun",303,0.115,0.537294444444444
"PE_vs_NP","Met+Fun",303,0.116,0.539183703703704
"PE_vs_NP","Met+Fun",303,0.117,0.54088962962963
"PE_vs_NP","Met+Fun",303,0.118,0.543454222222222
"PE_vs_NP","Met+Fun",303,0.119,0.546037481481481
"PE_vs_NP","Met+Fun",303,0.12,0.548620740740741
"PE_vs_NP","Met+Fun",303,0.121,0.551204
"PE_vs_NP","Met+Fun",303,0.122,0.553633925925926
"PE_vs_NP","Met+Fun",303,0.123,0.55585162962963
"PE_vs_NP","Met+Fun",303,0.124,0.557082666666667
"PE_vs_NP","Met+Fun",303,0.125,0.55787037037037
"PE_vs_NP","Met+Fun",303,0.126,0.558114074074074
"PE_vs_NP","Met+Fun",303,0.127,0.558357777777778
"PE_vs_NP","Met+Fun",303,0.128,0.558601481481481
"PE_vs_NP","Met+Fun",303,0.129,0.558845185185185
"PE_vs_NP","Met+Fun",303,0.13,0.559088888888889
"PE_vs_NP","Met+Fun",303,0.131,0.559332592592593
"PE_vs_NP","Met+Fun",303,0.132,0.559576296296296
"PE_vs_NP","Met+Fun",303,0.133,0.55982
"PE_vs_NP","Met+Fun",303,0.134,0.560229333333333
"PE_vs_NP","Met+Fun",303,0.135,0.561106666666667
"PE_vs_NP","Met+Fun",303,0.136,0.562309333333333
"PE_vs_NP","Met+Fun",303,0.137,0.563625333333333
"PE_vs_NP","Met+Fun",303,0.138,0.564941333333333
"PE_vs_NP","Met+Fun",303,0.139,0.566257333333333
"PE_vs_NP","Met+Fun",303,0.14,0.567573333333333
"PE_vs_NP","Met+Fun",303,0.141,0.568889333333333
"PE_vs_NP","Met+Fun",303,0.142,0.569624
"PE_vs_NP","Met+Fun",303,0.143,0.570062666666667
"PE_vs_NP","Met+Fun",303,0.144,0.570501333333333
"PE_vs_NP","Met+Fun",303,0.145,0.57094
"PE_vs_NP","Met+Fun",303,0.146,0.571492
"PE_vs_NP","Met+Fun",303,0.147,0.573027333333333
"PE_vs_NP","Met+Fun",303,0.148,0.574562666666667
"PE_vs_NP","Met+Fun",303,0.149,0.576098
"PE_vs_NP","Met+Fun",303,0.15,0.577633333333333
"PE_vs_NP","Met+Fun",303,0.151,0.57893
"PE_vs_NP","Met+Fun",303,0.152,0.580008205128205
"PE_vs_NP","Met+Fun",303,0.153,0.580345641025641
"PE_vs_NP","Met+Fun",303,0.154,0.580683076923077
"PE_vs_NP","Met+Fun",303,0.155,0.581020512820513
"PE_vs_NP","Met+Fun",303,0.156,0.581357948717949
"PE_vs_NP","Met+Fun",303,0.157,0.581822884615385
"PE_vs_NP","Met+Fun",303,0.158,0.582434487179487
"PE_vs_NP","Met+Fun",303,0.159,0.585119423076923
"PE_vs_NP","Met+Fun",303,0.16,0.587924358974359
"PE_vs_NP","Met+Fun",303,0.161,0.590729294871795
"PE_vs_NP","Met+Fun",303,0.162,0.591547564102564
"PE_vs_NP","Met+Fun",303,0.163,0.592159166666667
"PE_vs_NP","Met+Fun",303,0.164,0.592770769230769
"PE_vs_NP","Met+Fun",303,0.165,0.593382371794872
"PE_vs_NP","Met+Fun",303,0.166,0.593993974358974
"PE_vs_NP","Met+Fun",303,0.167,0.594605576923077
"PE_vs_NP","Met+Fun",303,0.168,0.59521717948718
"PE_vs_NP","Met+Fun",303,0.169,0.595828782051282
"PE_vs_NP","Met+Fun",303,0.17,0.596440384615385
"PE_vs_NP","Met+Fun",303,0.171,0.597051987179487
"PE_vs_NP","Met+Fun",303,0.172,0.59766358974359
"PE_vs_NP","Met+Fun",303,0.173,0.598275192307692
"PE_vs_NP","Met+Fun",303,0.174,0.599251239316239
"PE_vs_NP","Met+Fun",303,0.175,0.600350249287749
"PE_vs_NP","Met+Fun",303,0.176,0.601449259259259
"PE_vs_NP","Met+Fun",303,0.177,0.602548269230769
"PE_vs_NP","Met+Fun",303,0.178,0.603647279202279
"PE_vs_NP","Met+Fun",303,0.179,0.604746289173789
"PE_vs_NP","Met+Fun",303,0.18,0.605845299145299
"PE_vs_NP","Met+Fun",303,0.181,0.606903475783476
"PE_vs_NP","Met+Fun",303,0.182,0.607728319088319
"PE_vs_NP","Met+Fun",303,0.183,0.608553162393162
"PE_vs_NP","Met+Fun",303,0.184,0.609378005698006
"PE_vs_NP","Met+Fun",303,0.185,0.610202849002849
"PE_vs_NP","Met+Fun",303,0.186,0.611027692307692
"PE_vs_NP","Met+Fun",303,0.187,0.611818461538462
"PE_vs_NP","Met+Fun",303,0.188,0.612155897435897
"PE_vs_NP","Met+Fun",303,0.189,0.612493333333333
"PE_vs_NP","Met+Fun",303,0.19,0.612830769230769
"PE_vs_NP","Met+Fun",303,0.191,0.613168205128205
"PE_vs_NP","Met+Fun",303,0.192,0.613781333333333
"PE_vs_NP","Met+Fun",303,0.193,0.614658666666667
"PE_vs_NP","Met+Fun",303,0.194,0.615536
"PE_vs_NP","Met+Fun",303,0.195,0.62308
"PE_vs_NP","Met+Fun",303,0.196,0.623957333333333
"PE_vs_NP","Met+Fun",303,0.197,0.624834666666667
"PE_vs_NP","Met+Fun",303,0.198,0.625712
"PE_vs_NP","Met+Fun",303,0.199,0.626589333333333
"PE_vs_NP","Met+Fun",303,0.2,0.626666666666667
"PE_vs_NP","Met+Fun",303,0.201,0.626666666666667
"PE_vs_NP","Met+Fun",303,0.202,0.626666666666667
"PE_vs_NP","Met+Fun",303,0.203,0.626666666666667
"PE_vs_NP","Met+Fun",303,0.204,0.626666666666667
"PE_vs_NP","Met+Fun",303,0.205,0.626666666666667
"PE_vs_NP","Met+Fun",303,0.206,0.626666666666667
"PE_vs_NP","Met+Fun",303,0.207,0.626666666666667
"PE_vs_NP","Met+Fun",303,0.208,0.626666666666667
"PE_vs_NP","Met+Fun",303,0.209,0.626666666666667
"PE_vs_NP","Met+Fun",303,0.21,0.626666666666667
"PE_vs_NP","Met+Fun",303,0.211,0.626666666666667
"PE_vs_NP","Met+Fun",303,0.212,0.626666666666667
"PE_vs_NP","Met+Fun",303,0.213,0.626666666666667
"PE_vs_NP","Met+Fun",303,0.214,0.626666666666667
"PE_vs_NP","Met+Fun",303,0.215,0.626666666666667
"PE_vs_NP","Met+Fun",303,0.216,0.626752
"PE_vs_NP","Met+Fun",303,0.217,0.627190666666667
"PE_vs_NP","Met+Fun",303,0.218,0.627629333333333
"PE_vs_NP","Met+Fun",303,0.219,0.628068
"PE_vs_NP","Met+Fun",303,0.22,0.628506666666667
"PE_vs_NP","Met+Fun",303,0.221,0.628945333333333
"PE_vs_NP","Met+Fun",303,0.222,0.629384
"PE_vs_NP","Met+Fun",303,0.223,0.629822666666667
"PE_vs_NP","Met+Fun",303,0.224,0.630261333333333
"PE_vs_NP","Met+Fun",303,0.225,0.6307
"PE_vs_NP","Met+Fun",303,0.226,0.631138666666667
"PE_vs_NP","Met+Fun",303,0.227,0.631577333333333
"PE_vs_NP","Met+Fun",303,0.228,0.632016
"PE_vs_NP","Met+Fun",303,0.229,0.632454666666667
"PE_vs_NP","Met+Fun",303,0.23,0.632893333333333
"PE_vs_NP","Met+Fun",303,0.231,0.633332
"PE_vs_NP","Met+Fun",303,0.232,0.633333333333333
"PE_vs_NP","Met+Fun",303,0.233,0.633856666666667
"PE_vs_NP","Met+Fun",303,0.234,0.634953333333333
"PE_vs_NP","Met+Fun",303,0.235,0.63605
"PE_vs_NP","Met+Fun",303,0.236,0.637146666666667
"PE_vs_NP","Met+Fun",303,0.237,0.638243333333333
"PE_vs_NP","Met+Fun",303,0.238,0.640346666666667
"PE_vs_NP","Met+Fun",303,0.239,0.642103333333333
"PE_vs_NP","Met+Fun",303,0.24,0.6432
"PE_vs_NP","Met+Fun",303,0.241,0.644296666666667
"PE_vs_NP","Met+Fun",303,0.242,0.645393333333333
"PE_vs_NP","Met+Fun",303,0.243,0.64649
"PE_vs_NP","Met+Fun",303,0.244,0.646666666666667
"PE_vs_NP","Met+Fun",303,0.245,0.646666666666667
"PE_vs_NP","Met+Fun",303,0.246,0.646666666666667
"PE_vs_NP","Met+Fun",303,0.247,0.646666666666667
"PE_vs_NP","Met+Fun",303,0.248,0.646666666666667
"PE_vs_NP","Met+Fun",303,0.249,0.646666666666667
"PE_vs_NP","Met+Fun",303,0.25,0.646666666666667
"PE_vs_NP","Met+Fun",303,0.251,0.646666666666667
"PE_vs_NP","Met+Fun",303,0.252,0.646666666666667
"PE_vs_NP","Met+Fun",303,0.253,0.646666666666667
"PE_vs_NP","Met+Fun",303,0.254,0.646666666666667
"PE_vs_NP","Met+Fun",303,0.255,0.646666666666667
"PE_vs_NP","Met+Fun",303,0.256,0.646666666666667
"PE_vs_NP","Met+Fun",303,0.257,0.646666666666667
"PE_vs_NP","Met+Fun",303,0.258,0.646666666666667
"PE_vs_NP","Met+Fun",303,0.259,0.646666666666667
"PE_vs_NP","Met+Fun",303,0.26,0.646666666666667
"PE_vs_NP","Met+Fun",303,0.261,0.646666666666667
"PE_vs_NP","Met+Fun",303,0.262,0.646666666666667
"PE_vs_NP","Met+Fun",303,0.263,0.646666666666667
"PE_vs_NP","Met+Fun",303,0.264,0.646666666666667
"PE_vs_NP","Met+Fun",303,0.265,0.646666666666667
"PE_vs_NP","Met+Fun",303,0.266,0.646728888888889
"PE_vs_NP","Met+Fun",303,0.267,0.648191111111111
"PE_vs_NP","Met+Fun",303,0.268,0.649653333333333
"PE_vs_NP","Met+Fun",303,0.269,0.651116581196581
"PE_vs_NP","Met+Fun",303,0.27,0.652916239316239
"PE_vs_NP","Met+Fun",303,0.271,0.654009230769231
"PE_vs_NP","Met+Fun",303,0.272,0.654346666666667
"PE_vs_NP","Met+Fun",303,0.273,0.654684102564103
"PE_vs_NP","Met+Fun",303,0.274,0.655021538461538
"PE_vs_NP","Met+Fun",303,0.275,0.655358974358974
"PE_vs_NP","Met+Fun",303,0.276,0.65569641025641
"PE_vs_NP","Met+Fun",303,0.277,0.656033846153846
"PE_vs_NP","Met+Fun",303,0.278,0.656371282051282
"PE_vs_NP","Met+Fun",303,0.279,0.658002051282051
"PE_vs_NP","Met+Fun",303,0.28,0.659801709401709
"PE_vs_NP","Met+Fun",303,0.281,0.661601367521368
"PE_vs_NP","Met+Fun",303,0.282,0.663401025641026
"PE_vs_NP","Met+Fun",303,0.283,0.665723794871795
"PE_vs_NP","Met+Fun",303,0.284,0.669131897435898
"PE_vs_NP","Met+Fun",303,0.285,0.67254
"PE_vs_NP","Met+Fun",303,0.286,0.675948102564103
"PE_vs_NP","Met+Fun",303,0.287,0.679356205128205
"PE_vs_NP","Met+Fun",303,0.288,0.682764307692308
"PE_vs_NP","Met+Fun",303,0.289,0.685549333333333
"PE_vs_NP","Met+Fun",303,0.29,0.686426666666667
"PE_vs_NP","Met+Fun",303,0.291,0.687121904761905
"PE_vs_NP","Met+Fun",303,0.292,0.687748571428571
"PE_vs_NP","Met+Fun",303,0.293,0.688375238095238
"PE_vs_NP","Met+Fun",303,0.294,0.690759682539683
"PE_vs_NP","Met+Fun",303,0.295,0.693945238095238
"PE_vs_NP","Met+Fun",303,0.296,0.697130793650794
"PE_vs_NP","Met+Fun",303,0.297,0.700316349206349
"PE_vs_NP","Met+Fun",303,0.298,0.703427238095238
"PE_vs_NP","Met+Fun",303,0.299,0.706027904761905
"PE_vs_NP","Met+Fun",303,0.3,0.707961904761905
"PE_vs_NP","Met+Fun",303,0.301,0.709410666666667
"PE_vs_NP","Met+Fun",303,0.302,0.710288
"PE_vs_NP","Met+Fun",303,0.303,0.711521523809524
"PE_vs_NP","Met+Fun",303,0.304,0.713025523809524
"PE_vs_NP","Met+Fun",303,0.305,0.714529523809524
"PE_vs_NP","Met+Fun",303,0.306,0.715569523809524
"PE_vs_NP","Met+Fun",303,0.307,0.71620619047619
"PE_vs_NP","Met+Fun",303,0.308,0.717929523809524
"PE_vs_NP","Met+Fun",303,0.309,0.719652857142857
"PE_vs_NP","Met+Fun",303,0.31,0.721376190476191
"PE_vs_NP","Met+Fun",303,0.311,0.723099523809524
"PE_vs_NP","Met+Fun",303,0.312,0.724822857142857
"PE_vs_NP","Met+Fun",303,0.313,0.72654619047619
"PE_vs_NP","Met+Fun",303,0.314,0.726666666666667
"PE_vs_NP","Met+Fun",303,0.315,0.726666666666667
"PE_vs_NP","Met+Fun",303,0.316,0.726666666666667
"PE_vs_NP","Met+Fun",303,0.317,0.726666666666667
"PE_vs_NP","Met+Fun",303,0.318,0.726666666666667
"PE_vs_NP","Met+Fun",303,0.319,0.726666666666667
"PE_vs_NP","Met+Fun",303,0.32,0.726666666666667
"PE_vs_NP","Met+Fun",303,0.321,0.726666666666667
"PE_vs_NP","Met+Fun",303,0.322,0.726666666666667
"PE_vs_NP","Met+Fun",303,0.323,0.726666666666667
"PE_vs_NP","Met+Fun",303,0.324,0.726666666666667
"PE_vs_NP","Met+Fun",303,0.325,0.726666666666667
"PE_vs_NP","Met+Fun",303,0.326,0.726666666666667
"PE_vs_NP","Met+Fun",303,0.327,0.726666666666667
"PE_vs_NP","Met+Fun",303,0.328,0.726666666666667
"PE_vs_NP","Met+Fun",303,0.329,0.726666666666667
"PE_vs_NP","Met+Fun",303,0.33,0.726666666666667
"PE_vs_NP","Met+Fun",303,0.331,0.726666666666667
"PE_vs_NP","Met+Fun",303,0.332,0.726666666666667
"PE_vs_NP","Met+Fun",303,0.333,0.726666666666667
"PE_vs_NP","Met+Fun",303,0.334,0.726666666666667
"PE_vs_NP","Met+Fun",303,0.335,0.726666666666667
"PE_vs_NP","Met+Fun",303,0.336,0.726666666666667
"PE_vs_NP","Met+Fun",303,0.337,0.726666666666667
"PE_vs_NP","Met+Fun",303,0.338,0.726666666666667
"PE_vs_NP","Met+Fun",303,0.339,0.726666666666667
"PE_vs_NP","Met+Fun",303,0.34,0.726666666666667
"PE_vs_NP","Met+Fun",303,0.341,0.726666666666667
"PE_vs_NP","Met+Fun",303,0.342,0.726666666666667
"PE_vs_NP","Met+Fun",303,0.343,0.726666666666667
"PE_vs_NP","Met+Fun",303,0.344,0.726666666666667
"PE_vs_NP","Met+Fun",303,0.345,0.726666666666667
"PE_vs_NP","Met+Fun",303,0.346,0.726666666666667
"PE_vs_NP","Met+Fun",303,0.347,0.726666666666667
"PE_vs_NP","Met+Fun",303,0.348,0.726666666666667
"PE_vs_NP","Met+Fun",303,0.349,0.726666666666667
"PE_vs_NP","Met+Fun",303,0.35,0.726666666666667
"PE_vs_NP","Met+Fun",303,0.351,0.726666666666667
"PE_vs_NP","Met+Fun",303,0.352,0.727693333333333
"PE_vs_NP","Met+Fun",303,0.353,0.72879
"PE_vs_NP","Met+Fun",303,0.354,0.729886666666667
"PE_vs_NP","Met+Fun",303,0.355,0.730983333333333
"PE_vs_NP","Met+Fun",303,0.356,0.73208
"PE_vs_NP","Met+Fun",303,0.357,0.733176666666667
"PE_vs_NP","Met+Fun",303,0.358,0.733333333333333
"PE_vs_NP","Met+Fun",303,0.359,0.733333333333333
"PE_vs_NP","Met+Fun",303,0.36,0.733333333333333
"PE_vs_NP","Met+Fun",303,0.361,0.733333333333333
"PE_vs_NP","Met+Fun",303,0.362,0.733333333333333
"PE_vs_NP","Met+Fun",303,0.363,0.733333333333333
"PE_vs_NP","Met+Fun",303,0.364,0.733333333333333
"PE_vs_NP","Met+Fun",303,0.365,0.733333333333333
"PE_vs_NP","Met+Fun",303,0.366,0.733333333333333
"PE_vs_NP","Met+Fun",303,0.367,0.733333333333333
"PE_vs_NP","Met+Fun",303,0.368,0.733333333333333
"PE_vs_NP","Met+Fun",303,0.369,0.733333333333333
"PE_vs_NP","Met+Fun",303,0.37,0.733333333333333
"PE_vs_NP","Met+Fun",303,0.371,0.733333333333333
"PE_vs_NP","Met+Fun",303,0.372,0.733333333333333
"PE_vs_NP","Met+Fun",303,0.373,0.733333333333333
"PE_vs_NP","Met+Fun",303,0.374,0.733333333333333
"PE_vs_NP","Met+Fun",303,0.375,0.733333333333333
"PE_vs_NP","Met+Fun",303,0.376,0.733333333333333
"PE_vs_NP","Met+Fun",303,0.377,0.733333333333333
"PE_vs_NP","Met+Fun",303,0.378,0.733333333333333
"PE_vs_NP","Met+Fun",303,0.379,0.733333333333333
"PE_vs_NP","Met+Fun",303,0.38,0.733333333333333
"PE_vs_NP","Met+Fun",303,0.381,0.733333333333333
"PE_vs_NP","Met+Fun",303,0.382,0.733333333333333
"PE_vs_NP","Met+Fun",303,0.383,0.733333333333333
"PE_vs_NP","Met+Fun",303,0.384,0.733333333333333
"PE_vs_NP","Met+Fun",303,0.385,0.733333333333333
"PE_vs_NP","Met+Fun",303,0.386,0.733333333333333
"PE_vs_NP","Met+Fun",303,0.387,0.733333333333333
"PE_vs_NP","Met+Fun",303,0.388,0.733333333333333
"PE_vs_NP","Met+Fun",303,0.389,0.733333333333333
"PE_vs_NP","Met+Fun",303,0.39,0.733333333333333
"PE_vs_NP","Met+Fun",303,0.391,0.733333333333333
"PE_vs_NP","Met+Fun",303,0.392,0.733333333333333
"PE_vs_NP","Met+Fun",303,0.393,0.733333333333333
"PE_vs_NP","Met+Fun",303,0.394,0.733333333333333
"PE_vs_NP","Met+Fun",303,0.395,0.733333333333333
"PE_vs_NP","Met+Fun",303,0.396,0.733333333333333
"PE_vs_NP","Met+Fun",303,0.397,0.733333333333333
"PE_vs_NP","Met+Fun",303,0.398,0.733333333333333
"PE_vs_NP","Met+Fun",303,0.399,0.733333333333333
"PE_vs_NP","Met+Fun",303,0.4,0.733333333333333
"PE_vs_NP","Met+Fun",303,0.401,0.733333333333333
"PE_vs_NP","Met+Fun",303,0.402,0.733333333333333
"PE_vs_NP","Met+Fun",303,0.403,0.733333333333333
"PE_vs_NP","Met+Fun",303,0.404,0.733333333333333
"PE_vs_NP","Met+Fun",303,0.405,0.733333333333333
"PE_vs_NP","Met+Fun",303,0.406,0.74
"PE_vs_NP","Met+Fun",303,0.407,0.74
"PE_vs_NP","Met+Fun",303,0.408,0.74
"PE_vs_NP","Met+Fun",303,0.409,0.74
"PE_vs_NP","Met+Fun",303,0.41,0.74
"PE_vs_NP","Met+Fun",303,0.411,0.74
"PE_vs_NP","Met+Fun",303,0.412,0.753973333333333
"PE_vs_NP","Met+Fun",303,0.413,0.75836
"PE_vs_NP","Met+Fun",303,0.414,0.766666666666667
"PE_vs_NP","Met+Fun",303,0.415,0.7676
"PE_vs_NP","Met+Fun",303,0.416,0.776373333333333
"PE_vs_NP","Met+Fun",303,0.417,0.782573333333333
"PE_vs_NP","Met+Fun",303,0.418,0.786666666666667
"PE_vs_NP","Met+Fun",303,0.419,0.786666666666667
"PE_vs_NP","Met+Fun",303,0.42,0.786666666666667
"PE_vs_NP","Met+Fun",303,0.421,0.786786666666667
"PE_vs_NP","Met+Fun",303,0.422,0.791173333333333
"PE_vs_NP","Met+Fun",303,0.423,0.793333333333333
"PE_vs_NP","Met+Fun",303,0.424,0.793333333333333
"PE_vs_NP","Met+Fun",303,0.425,0.793333333333333
"PE_vs_NP","Met+Fun",303,0.426,0.793333333333333
"PE_vs_NP","Met+Fun",303,0.427,0.793333333333333
"PE_vs_NP","Met+Fun",303,0.428,0.793333333333333
"PE_vs_NP","Met+Fun",303,0.429,0.8
"PE_vs_NP","Met+Fun",303,0.43,0.8
"PE_vs_NP","Met+Fun",303,0.431,0.8
"PE_vs_NP","Met+Fun",303,0.432,0.8
"PE_vs_NP","Met+Fun",303,0.433,0.8
"PE_vs_NP","Met+Fun",303,0.434,0.8
"PE_vs_NP","Met+Fun",303,0.435,0.8
"PE_vs_NP","Met+Fun",303,0.436,0.8
"PE_vs_NP","Met+Fun",303,0.437,0.8
"PE_vs_NP","Met+Fun",303,0.438,0.8
"PE_vs_NP","Met+Fun",303,0.439,0.8
"PE_vs_NP","Met+Fun",303,0.44,0.8
"PE_vs_NP","Met+Fun",303,0.441,0.8
"PE_vs_NP","Met+Fun",303,0.442,0.8
"PE_vs_NP","Met+Fun",303,0.443,0.8
"PE_vs_NP","Met+Fun",303,0.444,0.8
"PE_vs_NP","Met+Fun",303,0.445,0.8
"PE_vs_NP","Met+Fun",303,0.446,0.8
"PE_vs_NP","Met+Fun",303,0.447,0.8
"PE_vs_NP","Met+Fun",303,0.448,0.8
"PE_vs_NP","Met+Fun",303,0.449,0.8
"PE_vs_NP","Met+Fun",303,0.45,0.8
"PE_vs_NP","Met+Fun",303,0.451,0.8
"PE_vs_NP","Met+Fun",303,0.452,0.8
"PE_vs_NP","Met+Fun",303,0.453,0.8
"PE_vs_NP","Met+Fun",303,0.454,0.8
"PE_vs_NP","Met+Fun",303,0.455,0.8
"PE_vs_NP","Met+Fun",303,0.456,0.8
"PE_vs_NP","Met+Fun",303,0.457,0.8
"PE_vs_NP","Met+Fun",303,0.458,0.8
"PE_vs_NP","Met+Fun",303,0.459,0.8
"PE_vs_NP","Met+Fun",303,0.46,0.8
"PE_vs_NP","Met+Fun",303,0.461,0.8
"PE_vs_NP","Met+Fun",303,0.462,0.8
"PE_vs_NP","Met+Fun",303,0.463,0.8
"PE_vs_NP","Met+Fun",303,0.464,0.8
"PE_vs_NP","Met+Fun",303,0.465,0.8
"PE_vs_NP","Met+Fun",303,0.466,0.8
"PE_vs_NP","Met+Fun",303,0.467,0.8
"PE_vs_NP","Met+Fun",303,0.468,0.8
"PE_vs_NP","Met+Fun",303,0.469,0.8
"PE_vs_NP","Met+Fun",303,0.47,0.8
"PE_vs_NP","Met+Fun",303,0.471,0.8
"PE_vs_NP","Met+Fun",303,0.472,0.8
"PE_vs_NP","Met+Fun",303,0.473,0.8
"PE_vs_NP","Met+Fun",303,0.474,0.8
"PE_vs_NP","Met+Fun",303,0.475,0.8
"PE_vs_NP","Met+Fun",303,0.476,0.8
"PE_vs_NP","Met+Fun",303,0.477,0.8
"PE_vs_NP","Met+Fun",303,0.478,0.8
"PE_vs_NP","Met+Fun",303,0.479,0.8
"PE_vs_NP","Met+Fun",303,0.48,0.8
"PE_vs_NP","Met+Fun",303,0.481,0.8
"PE_vs_NP","Met+Fun",303,0.482,0.8
"PE_vs_NP","Met+Fun",303,0.483,0.8
"PE_vs_NP","Met+Fun",303,0.484,0.8
"PE_vs_NP","Met+Fun",303,0.485,0.8
"PE_vs_NP","Met+Fun",303,0.486,0.8
"PE_vs_NP","Met+Fun",303,0.487,0.8
"PE_vs_NP","Met+Fun",303,0.488,0.8
"PE_vs_NP","Met+Fun",303,0.489,0.8
"PE_vs_NP","Met+Fun",303,0.49,0.8
"PE_vs_NP","Met+Fun",303,0.491,0.8
"PE_vs_NP","Met+Fun",303,0.492,0.8
"PE_vs_NP","Met+Fun",303,0.493,0.8
"PE_vs_NP","Met+Fun",303,0.494,0.8
"PE_vs_NP","Met+Fun",303,0.495,0.8
"PE_vs_NP","Met+Fun",303,0.496,0.8
"PE_vs_NP","Met+Fun",303,0.497,0.8
"PE_vs_NP","Met+Fun",303,0.498,0.8
"PE_vs_NP","Met+Fun",303,0.499,0.8
"PE_vs_NP","Met+Fun",303,0.5,0.8
"PE_vs_NP","Met+Fun",303,0.501,0.8
"PE_vs_NP","Met+Fun",303,0.502,0.8
"PE_vs_NP","Met+Fun",303,0.503,0.8
"PE_vs_NP","Met+Fun",303,0.504,0.8
"PE_vs_NP","Met+Fun",303,0.505,0.8
"PE_vs_NP","Met+Fun",303,0.506,0.8
"PE_vs_NP","Met+Fun",303,0.507,0.8
"PE_vs_NP","Met+Fun",303,0.508,0.8
"PE_vs_NP","Met+Fun",303,0.509,0.8
"PE_vs_NP","Met+Fun",303,0.51,0.8
"PE_vs_NP","Met+Fun",303,0.511,0.8
"PE_vs_NP","Met+Fun",303,0.512,0.8
"PE_vs_NP","Met+Fun",303,0.513,0.8
"PE_vs_NP","Met+Fun",303,0.514,0.8
"PE_vs_NP","Met+Fun",303,0.515,0.8
"PE_vs_NP","Met+Fun",303,0.516,0.8
"PE_vs_NP","Met+Fun",303,0.517,0.8
"PE_vs_NP","Met+Fun",303,0.518,0.8
"PE_vs_NP","Met+Fun",303,0.519,0.8
"PE_vs_NP","Met+Fun",303,0.52,0.8
"PE_vs_NP","Met+Fun",303,0.521,0.8
"PE_vs_NP","Met+Fun",303,0.522,0.8
"PE_vs_NP","Met+Fun",303,0.523,0.8
"PE_vs_NP","Met+Fun",303,0.524,0.8
"PE_vs_NP","Met+Fun",303,0.525,0.80075
"PE_vs_NP","Met+Fun",303,0.526,0.801846666666667
"PE_vs_NP","Met+Fun",303,0.527,0.802943333333333
"PE_vs_NP","Met+Fun",303,0.528,0.805453333333333
"PE_vs_NP","Met+Fun",303,0.529,0.808743333333333
"PE_vs_NP","Met+Fun",303,0.53,0.812033333333333
"PE_vs_NP","Met+Fun",303,0.531,0.813333333333333
"PE_vs_NP","Met+Fun",303,0.532,0.813333333333333
"PE_vs_NP","Met+Fun",303,0.533,0.813333333333333
"PE_vs_NP","Met+Fun",303,0.534,0.813333333333333
"PE_vs_NP","Met+Fun",303,0.535,0.813333333333333
"PE_vs_NP","Met+Fun",303,0.536,0.813333333333333
"PE_vs_NP","Met+Fun",303,0.537,0.81354303030303
"PE_vs_NP","Met+Fun",303,0.538,0.813941818181818
"PE_vs_NP","Met+Fun",303,0.539,0.814340606060606
"PE_vs_NP","Met+Fun",303,0.54,0.814739393939394
"PE_vs_NP","Met+Fun",303,0.541,0.815138181818182
"PE_vs_NP","Met+Fun",303,0.542,0.81553696969697
"PE_vs_NP","Met+Fun",303,0.543,0.816131757575758
"PE_vs_NP","Met+Fun",303,0.544,0.816969212121212
"PE_vs_NP","Met+Fun",303,0.545,0.817806666666667
"PE_vs_NP","Met+Fun",303,0.546,0.818644121212121
"PE_vs_NP","Met+Fun",303,0.547,0.819481575757576
"PE_vs_NP","Met+Fun",303,0.548,0.82031903030303
"PE_vs_NP","Met+Fun",303,0.549,0.821156484848485
"PE_vs_NP","Met+Fun",303,0.55,0.821993939393939
"PE_vs_NP","Met+Fun",303,0.551,0.822831393939394
"PE_vs_NP","Met+Fun",303,0.552,0.823668848484849
"PE_vs_NP","Met+Fun",303,0.553,0.824506303030303
"PE_vs_NP","Met+Fun",303,0.554,0.825021333333333
"PE_vs_NP","Met+Fun",303,0.555,0.82546
"PE_vs_NP","Met+Fun",303,0.556,0.825898666666667
"PE_vs_NP","Met+Fun",303,0.557,0.827012
"PE_vs_NP","Met+Fun",303,0.558,0.828218666666667
"PE_vs_NP","Met+Fun",303,0.559,0.829096
"PE_vs_NP","Met+Fun",303,0.56,0.829973333333333
"PE_vs_NP","Met+Fun",303,0.561,0.830850666666667
"PE_vs_NP","Met+Fun",303,0.562,0.831728
"PE_vs_NP","Met+Fun",303,0.563,0.832605333333333
"PE_vs_NP","Met+Fun",303,0.564,0.833390769230769
"PE_vs_NP","Met+Fun",303,0.565,0.833728205128205
"PE_vs_NP","Met+Fun",303,0.566,0.834350974358974
"PE_vs_NP","Met+Fun",303,0.567,0.835127076923077
"PE_vs_NP","Met+Fun",303,0.568,0.83590317948718
"PE_vs_NP","Met+Fun",303,0.569,0.836679282051282
"PE_vs_NP","Met+Fun",303,0.57,0.837455384615385
"PE_vs_NP","Met+Fun",303,0.571,0.838231487179487
"PE_vs_NP","Met+Fun",303,0.572,0.83900758974359
"PE_vs_NP","Met+Fun",303,0.573,0.839783692307692
"PE_vs_NP","Met+Fun",303,0.574,0.840559794871795
"PE_vs_NP","Met+Fun",303,0.575,0.841335897435898
"PE_vs_NP","Met+Fun",303,0.576,0.84211453968254
"PE_vs_NP","Met+Fun",303,0.577,0.843099531135531
"PE_vs_NP","Met+Fun",303,0.578,0.844084522588523
"PE_vs_NP","Met+Fun",303,0.579,0.845069514041514
"PE_vs_NP","Met+Fun",303,0.58,0.846054505494505
"PE_vs_NP","Met+Fun",303,0.581,0.84684083028083
"PE_vs_NP","Met+Fun",303,0.582,0.847387155067155
"PE_vs_NP","Met+Fun",303,0.583,0.84793347985348
"PE_vs_NP","Met+Fun",303,0.584,0.848340317460317
"PE_vs_NP","Met+Fun",303,0.585,0.848549206349206
"PE_vs_NP","Met+Fun",303,0.586,0.848758095238095
"PE_vs_NP","Met+Fun",303,0.587,0.848966984126984
"PE_vs_NP","Met+Fun",303,0.588,0.849175873015873
"PE_vs_NP","Met+Fun",303,0.589,0.849384761904762
"PE_vs_NP","Met+Fun",303,0.59,0.849593650793651
"PE_vs_NP","Met+Fun",303,0.591,0.84980253968254
"PE_vs_NP","Met+Fun",303,0.592,0.850011428571429
"PE_vs_NP","Met+Fun",303,0.593,0.850220317460317
"PE_vs_NP","Met+Fun",303,0.594,0.850429206349206
"PE_vs_NP","Met+Fun",303,0.595,0.850638095238095
"PE_vs_NP","Met+Fun",303,0.596,0.850846984126984
"PE_vs_NP","Met+Fun",303,0.597,0.851055873015873
"PE_vs_NP","Met+Fun",303,0.598,0.85162328042328
"PE_vs_NP","Met+Fun",303,0.599,0.852319576719577
"PE_vs_NP","Met+Fun",303,0.6,0.853015873015873
"PE_vs_NP","Met+Fun",303,0.601,0.853712169312169
"PE_vs_NP","Met+Fun",303,0.602,0.854408465608466
"PE_vs_NP","Met+Fun",303,0.603,0.855104761904762
"PE_vs_NP","Met+Fun",303,0.604,0.855801058201058
"PE_vs_NP","Met+Fun",303,0.605,0.856497354497355
"PE_vs_NP","Met+Fun",303,0.606,0.857193650793651
"PE_vs_NP","Met+Fun",303,0.607,0.857889947089947
"PE_vs_NP","Met+Fun",303,0.608,0.858565925925926
"PE_vs_NP","Met+Fun",303,0.609,0.859053333333333
"PE_vs_NP","Met+Fun",303,0.61,0.859540740740741
"PE_vs_NP","Met+Fun",303,0.611,0.86
"PE_vs_NP","Met+Fun",303,0.612,0.86
"PE_vs_NP","Met+Fun",303,0.613,0.86
"PE_vs_NP","Met+Fun",303,0.614,0.860002666666667
"PE_vs_NP","Met+Fun",303,0.615,0.860148888888889
"PE_vs_NP","Met+Fun",303,0.616,0.860431777777778
"PE_vs_NP","Met+Fun",303,0.617,0.860852166666667
"PE_vs_NP","Met+Fun",303,0.618,0.862703666666667
"PE_vs_NP","Met+Fun",303,0.619,0.864586277777778
"PE_vs_NP","Met+Fun",303,0.62,0.866468888888889
"PE_vs_NP","Met+Fun",303,0.621,0.8683515
"PE_vs_NP","Met+Fun",303,0.622,0.869838
"PE_vs_NP","Met+Fun",303,0.623,0.870776259259259
"PE_vs_NP","Met+Fun",303,0.624,0.871714518518519
"PE_vs_NP","Met+Fun",303,0.625,0.872652777777778
"PE_vs_NP","Met+Fun",303,0.626,0.873591037037037
"PE_vs_NP","Met+Fun",303,0.627,0.874529296296296
"PE_vs_NP","Met+Fun",303,0.628,0.875467555555556
"PE_vs_NP","Met+Fun",303,0.629,0.876405814814815
"PE_vs_NP","Met+Fun",303,0.63,0.877344074074074
"PE_vs_NP","Met+Fun",303,0.631,0.878282333333333
"PE_vs_NP","Met+Fun",303,0.632,0.879220592592593
"PE_vs_NP","Met+Fun",303,0.633,0.880158851851852
"PE_vs_NP","Met+Fun",303,0.634,0.881097111111111
"PE_vs_NP","Met+Fun",303,0.635,0.88203537037037
"PE_vs_NP","Met+Fun",303,0.636,0.88297362962963
"PE_vs_NP","Met+Fun",303,0.637,0.883911888888889
"PE_vs_NP","Met+Fun",303,0.638,0.884850148148148
"PE_vs_NP","Met+Fun",303,0.639,0.885788407407407
"PE_vs_NP","Met+Fun",303,0.64,0.886676666666667
"PE_vs_NP","Met+Fun",303,0.641,0.887340759259259
"PE_vs_NP","Met+Fun",303,0.642,0.888004851851852
"PE_vs_NP","Met+Fun",303,0.643,0.888668944444444
"PE_vs_NP","Met+Fun",303,0.644,0.889333037037037
"PE_vs_NP","Met+Fun",303,0.645,0.88999712962963
"PE_vs_NP","Met+Fun",303,0.646,0.890632888888889
"PE_vs_NP","Met+Fun",303,0.647,0.891022814814815
"PE_vs_NP","Met+Fun",303,0.648,0.891412740740741
"PE_vs_NP","Met+Fun",303,0.649,0.891801111111111
"PE_vs_NP","Met+Fun",303,0.65,0.892166666666667
"PE_vs_NP","Met+Fun",303,0.651,0.892532222222222
"PE_vs_NP","Met+Fun",303,0.652,0.892897777777778
"PE_vs_NP","Met+Fun",303,0.653,0.893263333333333
"PE_vs_NP","Met+Fun",303,0.654,0.893628888888889
"PE_vs_NP","Met+Fun",303,0.655,0.893994444444445
"PE_vs_NP","Met+Fun",303,0.656,0.89436
"PE_vs_NP","Met+Fun",303,0.657,0.894725555555556
"PE_vs_NP","Met+Fun",303,0.658,0.895091111111111
"PE_vs_NP","Met+Fun",303,0.659,0.895456666666667
"PE_vs_NP","Met+Fun",303,0.66,0.89576
"PE_vs_NP","Met+Fun",303,0.661,0.895979333333333
"PE_vs_NP","Met+Fun",303,0.662,0.896198666666667
"PE_vs_NP","Met+Fun",303,0.663,0.896418
"PE_vs_NP","Met+Fun",303,0.664,0.896637333333333
"PE_vs_NP","Met+Fun",303,0.665,0.896856666666667
"PE_vs_NP","Met+Fun",303,0.666,0.897076
"PE_vs_NP","Met+Fun",303,0.667,0.897295333333333
"PE_vs_NP","Met+Fun",303,0.668,0.897514666666667
"PE_vs_NP","Met+Fun",303,0.669,0.897734
"PE_vs_NP","Met+Fun",303,0.67,0.897953333333333
"PE_vs_NP","Met+Fun",303,0.671,0.898172666666667
"PE_vs_NP","Met+Fun",303,0.672,0.898392
"PE_vs_NP","Met+Fun",303,0.673,0.898611333333333
"PE_vs_NP","Met+Fun",303,0.674,0.898830666666667
"PE_vs_NP","Met+Fun",303,0.675,0.89905
"PE_vs_NP","Met+Fun",303,0.676,0.899269333333333
"PE_vs_NP","Met+Fun",303,0.677,0.899488666666667
"PE_vs_NP","Met+Fun",303,0.678,0.899708
"PE_vs_NP","Met+Fun",303,0.679,0.899927333333333
"PE_vs_NP","Met+Fun",303,0.68,0.9
"PE_vs_NP","Met+Fun",303,0.681,0.9
"PE_vs_NP","Met+Fun",303,0.682,0.9
"PE_vs_NP","Met+Fun",303,0.683,0.9
"PE_vs_NP","Met+Fun",303,0.684,0.9
"PE_vs_NP","Met+Fun",303,0.685,0.9
"PE_vs_NP","Met+Fun",303,0.686,0.9
"PE_vs_NP","Met+Fun",303,0.687,0.9
"PE_vs_NP","Met+Fun",303,0.688,0.9
"PE_vs_NP","Met+Fun",303,0.689,0.9
"PE_vs_NP","Met+Fun",303,0.69,0.9
"PE_vs_NP","Met+Fun",303,0.691,0.9
"PE_vs_NP","Met+Fun",303,0.692,0.9
"PE_vs_NP","Met+Fun",303,0.693,0.9
"PE_vs_NP","Met+Fun",303,0.694,0.9
"PE_vs_NP","Met+Fun",303,0.695,0.9
"PE_vs_NP","Met+Fun",303,0.696,0.9
"PE_vs_NP","Met+Fun",303,0.697,0.9
"PE_vs_NP","Met+Fun",303,0.698,0.9
"PE_vs_NP","Met+Fun",303,0.699,0.9
"PE_vs_NP","Met+Fun",303,0.7,0.90025
"PE_vs_NP","Met+Fun",303,0.701,0.900524166666667
"PE_vs_NP","Met+Fun",303,0.702,0.900798333333333
"PE_vs_NP","Met+Fun",303,0.703,0.901181833333333
"PE_vs_NP","Met+Fun",303,0.704,0.901581333333333
"PE_vs_NP","Met+Fun",303,0.705,0.901980833333333
"PE_vs_NP","Met+Fun",303,0.706,0.902380333333333
"PE_vs_NP","Met+Fun",303,0.707,0.902779833333333
"PE_vs_NP","Met+Fun",303,0.708,0.903179333333333
"PE_vs_NP","Met+Fun",303,0.709,0.903578833333333
"PE_vs_NP","Met+Fun",303,0.71,0.903978333333333
"PE_vs_NP","Met+Fun",303,0.711,0.904377833333333
"PE_vs_NP","Met+Fun",303,0.712,0.904777333333333
"PE_vs_NP","Met+Fun",303,0.713,0.905176833333333
"PE_vs_NP","Met+Fun",303,0.714,0.905576333333333
"PE_vs_NP","Met+Fun",303,0.715,0.905975833333333
"PE_vs_NP","Met+Fun",303,0.716,0.906375333333333
"PE_vs_NP","Met+Fun",303,0.717,0.906774833333333
"PE_vs_NP","Met+Fun",303,0.718,0.907174333333333
"PE_vs_NP","Met+Fun",303,0.719,0.907573833333333
"PE_vs_NP","Met+Fun",303,0.72,0.907973333333333
"PE_vs_NP","Met+Fun",303,0.721,0.908372833333333
"PE_vs_NP","Met+Fun",303,0.722,0.908772333333333
"PE_vs_NP","Met+Fun",303,0.723,0.909171833333333
"PE_vs_NP","Met+Fun",303,0.724,0.909408
"PE_vs_NP","Met+Fun",303,0.725,0.909533333333333
"PE_vs_NP","Met+Fun",303,0.726,0.909658666666667
"PE_vs_NP","Met+Fun",303,0.727,0.909784
"PE_vs_NP","Met+Fun",303,0.728,0.909909333333333
"PE_vs_NP","Met+Fun",303,0.729,0.910034666666667
"PE_vs_NP","Met+Fun",303,0.73,0.91016
"PE_vs_NP","Met+Fun",303,0.731,0.910285333333333
"PE_vs_NP","Met+Fun",303,0.732,0.910410666666667
"PE_vs_NP","Met+Fun",303,0.733,0.910536
"PE_vs_NP","Met+Fun",303,0.734,0.910661333333333
"PE_vs_NP","Met+Fun",303,0.735,0.911311666666667
"PE_vs_NP","Met+Fun",303,0.736,0.911985333333333
"PE_vs_NP","Met+Fun",303,0.737,0.912659
"PE_vs_NP","Met+Fun",303,0.738,0.913780074074074
"PE_vs_NP","Met+Fun",303,0.739,0.914941148148148
"PE_vs_NP","Met+Fun",303,0.74,0.916102222222222
"PE_vs_NP","Met+Fun",303,0.741,0.917263296296296
"PE_vs_NP","Met+Fun",303,0.742,0.91842437037037
"PE_vs_NP","Met+Fun",303,0.743,0.919585444444444
"PE_vs_NP","Met+Fun",303,0.744,0.920746518518519
"PE_vs_NP","Met+Fun",303,0.745,0.921907592592593
"PE_vs_NP","Met+Fun",303,0.746,0.923068666666667
"PE_vs_NP","Met+Fun",303,0.747,0.923791407407407
"PE_vs_NP","Met+Fun",303,0.748,0.924404148148148
"PE_vs_NP","Met+Fun",303,0.749,0.925016888888889
"PE_vs_NP","Met+Fun",303,0.75,0.92562962962963
"PE_vs_NP","Met+Fun",303,0.751,0.926125333333333
"PE_vs_NP","Met+Fun",303,0.752,0.926250666666667
"PE_vs_NP","Met+Fun",303,0.753,0.926376
"PE_vs_NP","Met+Fun",303,0.754,0.926501333333333
"PE_vs_NP","Met+Fun",303,0.755,0.926626666666667
"PE_vs_NP","Met+Fun",303,0.756,0.926666666666667
"PE_vs_NP","Met+Fun",303,0.757,0.926666666666667
"PE_vs_NP","Met+Fun",303,0.758,0.926666666666667
"PE_vs_NP","Met+Fun",303,0.759,0.926666666666667
"PE_vs_NP","Met+Fun",303,0.76,0.926666666666667
"PE_vs_NP","Met+Fun",303,0.761,0.926666666666667
"PE_vs_NP","Met+Fun",303,0.762,0.926666666666667
"PE_vs_NP","Met+Fun",303,0.763,0.926666666666667
"PE_vs_NP","Met+Fun",303,0.764,0.926666666666667
"PE_vs_NP","Met+Fun",303,0.765,0.926666666666667
"PE_vs_NP","Met+Fun",303,0.766,0.926666666666667
"PE_vs_NP","Met+Fun",303,0.767,0.926666666666667
"PE_vs_NP","Met+Fun",303,0.768,0.926666666666667
"PE_vs_NP","Met+Fun",303,0.769,0.926666666666667
"PE_vs_NP","Met+Fun",303,0.77,0.926666666666667
"PE_vs_NP","Met+Fun",303,0.771,0.926666666666667
"PE_vs_NP","Met+Fun",303,0.772,0.926666666666667
"PE_vs_NP","Met+Fun",303,0.773,0.926666666666667
"PE_vs_NP","Met+Fun",303,0.774,0.926666666666667
"PE_vs_NP","Met+Fun",303,0.775,0.926666666666667
"PE_vs_NP","Met+Fun",303,0.776,0.926666666666667
"PE_vs_NP","Met+Fun",303,0.777,0.926666666666667
"PE_vs_NP","Met+Fun",303,0.778,0.926666666666667
"PE_vs_NP","Met+Fun",303,0.779,0.926666666666667
"PE_vs_NP","Met+Fun",303,0.78,0.926666666666667
"PE_vs_NP","Met+Fun",303,0.781,0.926666666666667
"PE_vs_NP","Met+Fun",303,0.782,0.926666666666667
"PE_vs_NP","Met+Fun",303,0.783,0.926734603174603
"PE_vs_NP","Met+Fun",303,0.784,0.926943492063492
"PE_vs_NP","Met+Fun",303,0.785,0.927152380952381
"PE_vs_NP","Met+Fun",303,0.786,0.92736126984127
"PE_vs_NP","Met+Fun",303,0.787,0.927570158730159
"PE_vs_NP","Met+Fun",303,0.788,0.927779047619048
"PE_vs_NP","Met+Fun",303,0.789,0.927987936507937
"PE_vs_NP","Met+Fun",303,0.79,0.928196825396825
"PE_vs_NP","Met+Fun",303,0.791,0.928405714285714
"PE_vs_NP","Met+Fun",303,0.792,0.928614603174603
"PE_vs_NP","Met+Fun",303,0.793,0.928823492063492
"PE_vs_NP","Met+Fun",303,0.794,0.929032380952381
"PE_vs_NP","Met+Fun",303,0.795,0.92924126984127
"PE_vs_NP","Met+Fun",303,0.796,0.929450158730159
"PE_vs_NP","Met+Fun",303,0.797,0.929659047619048
"PE_vs_NP","Met+Fun",303,0.798,0.929867936507937
"PE_vs_NP","Met+Fun",303,0.799,0.930076825396825
"PE_vs_NP","Met+Fun",303,0.8,0.930285714285714
"PE_vs_NP","Met+Fun",303,0.801,0.930494603174603
"PE_vs_NP","Met+Fun",303,0.802,0.930703492063492
"PE_vs_NP","Met+Fun",303,0.803,0.930912380952381
"PE_vs_NP","Met+Fun",303,0.804,0.93112126984127
"PE_vs_NP","Met+Fun",303,0.805,0.931330158730159
"PE_vs_NP","Met+Fun",303,0.806,0.931539047619048
"PE_vs_NP","Met+Fun",303,0.807,0.931749675638371
"PE_vs_NP","Met+Fun",303,0.808,0.932149289164941
"PE_vs_NP","Met+Fun",303,0.809,0.932548902691511
"PE_vs_NP","Met+Fun",303,0.81,0.932948516218082
"PE_vs_NP","Met+Fun",303,0.811,0.933348129744652
"PE_vs_NP","Met+Fun",303,0.812,0.933747743271222
"PE_vs_NP","Met+Fun",303,0.813,0.934147356797792
"PE_vs_NP","Met+Fun",303,0.814,0.934546970324362
"PE_vs_NP","Met+Fun",303,0.815,0.934860869565217
"PE_vs_NP","Met+Fun",303,0.816,0.935051594202899
"PE_vs_NP","Met+Fun",303,0.817,0.935958541062802
"PE_vs_NP","Met+Fun",303,0.818,0.936953487922705
"PE_vs_NP","Met+Fun",303,0.819,0.937948434782609
"PE_vs_NP","Met+Fun",303,0.82,0.938943381642512
"PE_vs_NP","Met+Fun",303,0.821,0.939938328502416
"PE_vs_NP","Met+Fun",303,0.822,0.940933275362319
"PE_vs_NP","Met+Fun",303,0.823,0.941928222222222
"PE_vs_NP","Met+Fun",303,0.824,0.942923169082126
"PE_vs_NP","Met+Fun",303,0.825,0.943918115942029
"PE_vs_NP","Met+Fun",303,0.826,0.944913062801932
"PE_vs_NP","Met+Fun",303,0.827,0.945908009661836
"PE_vs_NP","Met+Fun",303,0.828,0.946902956521739
"PE_vs_NP","Met+Fun",303,0.829,0.947897903381643
"PE_vs_NP","Met+Fun",303,0.83,0.948892850241546
"PE_vs_NP","Met+Fun",303,0.831,0.949887797101449
"PE_vs_NP","Met+Fun",303,0.832,0.950578743961353
"PE_vs_NP","Met+Fun",303,0.833,0.951135024154589
"PE_vs_NP","Met+Fun",303,0.834,0.951691304347826
"PE_vs_NP","Met+Fun",303,0.835,0.952008695652174
"PE_vs_NP","Met+Fun",303,0.836,0.952199420289855
"PE_vs_NP","Met+Fun",303,0.837,0.952390144927536
"PE_vs_NP","Met+Fun",303,0.838,0.952580869565217
"PE_vs_NP","Met+Fun",303,0.839,0.952874927536232
"PE_vs_NP","Met+Fun",303,0.84,0.95416231884058
"PE_vs_NP","Met+Fun",303,0.841,0.955449710144928
"PE_vs_NP","Met+Fun",303,0.842,0.956756666666667
"PE_vs_NP","Met+Fun",303,0.843,0.958401666666667
"PE_vs_NP","Met+Fun",303,0.844,0.960046666666667
"PE_vs_NP","Met+Fun",303,0.845,0.961675
"PE_vs_NP","Met+Fun",303,0.846,0.962223333333333
"PE_vs_NP","Met+Fun",303,0.847,0.962771666666667
"PE_vs_NP","Met+Fun",303,0.848,0.96332
"PE_vs_NP","Met+Fun",303,0.849,0.963868333333333
"PE_vs_NP","Met+Fun",303,0.85,0.964416666666667
"PE_vs_NP","Met+Fun",303,0.851,0.964965
"PE_vs_NP","Met+Fun",303,0.852,0.965513333333333
"PE_vs_NP","Met+Fun",303,0.853,0.966061666666667
"PE_vs_NP","Met+Fun",303,0.854,0.96661
"PE_vs_NP","Met+Fun",303,0.855,0.966666666666667
"PE_vs_NP","Met+Fun",303,0.856,0.966666666666667
"PE_vs_NP","Met+Fun",303,0.857,0.966666666666667
"PE_vs_NP","Met+Fun",303,0.858,0.966666666666667
"PE_vs_NP","Met+Fun",303,0.859,0.966666666666667
"PE_vs_NP","Met+Fun",303,0.86,0.966666666666667
"PE_vs_NP","Met+Fun",303,0.861,0.966666666666667
"PE_vs_NP","Met+Fun",303,0.862,0.966666666666667
"PE_vs_NP","Met+Fun",303,0.863,0.966666666666667
"PE_vs_NP","Met+Fun",303,0.864,0.966666666666667
"PE_vs_NP","Met+Fun",303,0.865,0.966666666666667
"PE_vs_NP","Met+Fun",303,0.866,0.966666666666667
"PE_vs_NP","Met+Fun",303,0.867,0.966828666666667
"PE_vs_NP","Met+Fun",303,0.868,0.967048
"PE_vs_NP","Met+Fun",303,0.869,0.967267333333333
"PE_vs_NP","Met+Fun",303,0.87,0.967486666666667
"PE_vs_NP","Met+Fun",303,0.871,0.967706
"PE_vs_NP","Met+Fun",303,0.872,0.967925333333333
"PE_vs_NP","Met+Fun",303,0.873,0.968144666666667
"PE_vs_NP","Met+Fun",303,0.874,0.968364
"PE_vs_NP","Met+Fun",303,0.875,0.968583333333333
"PE_vs_NP","Met+Fun",303,0.876,0.968802666666667
"PE_vs_NP","Met+Fun",303,0.877,0.969022
"PE_vs_NP","Met+Fun",303,0.878,0.969241333333333
"PE_vs_NP","Met+Fun",303,0.879,0.969460666666667
"PE_vs_NP","Met+Fun",303,0.88,0.96968
"PE_vs_NP","Met+Fun",303,0.881,0.969899333333333
"PE_vs_NP","Met+Fun",303,0.882,0.970118666666667
"PE_vs_NP","Met+Fun",303,0.883,0.970338
"PE_vs_NP","Met+Fun",303,0.884,0.970557333333333
"PE_vs_NP","Met+Fun",303,0.885,0.970776666666667
"PE_vs_NP","Met+Fun",303,0.886,0.970996
"PE_vs_NP","Met+Fun",303,0.887,0.971215333333333
"PE_vs_NP","Met+Fun",303,0.888,0.971434666666667
"PE_vs_NP","Met+Fun",303,0.889,0.971654
"PE_vs_NP","Met+Fun",303,0.89,0.971873333333333
"PE_vs_NP","Met+Fun",303,0.891,0.972092666666667
"PE_vs_NP","Met+Fun",303,0.892,0.972312
"PE_vs_NP","Met+Fun",303,0.893,0.972531333333333
"PE_vs_NP","Met+Fun",303,0.894,0.972750666666667
"PE_vs_NP","Met+Fun",303,0.895,0.97297
"PE_vs_NP","Met+Fun",303,0.896,0.973189333333333
"PE_vs_NP","Met+Fun",303,0.897,0.973333333333333
"PE_vs_NP","Met+Fun",303,0.898,0.973333333333333
"PE_vs_NP","Met+Fun",303,0.899,0.973333333333333
"PE_vs_NP","Met+Fun",303,0.9,0.973333333333333
"PE_vs_NP","Met+Fun",303,0.901,0.973333333333333
"PE_vs_NP","Met+Fun",303,0.902,0.973333333333333
"PE_vs_NP","Met+Fun",303,0.903,0.973333333333333
"PE_vs_NP","Met+Fun",303,0.904,0.973333333333333
"PE_vs_NP","Met+Fun",303,0.905,0.973333333333333
"PE_vs_NP","Met+Fun",303,0.906,0.973333333333333
"PE_vs_NP","Met+Fun",303,0.907,0.973333333333333
"PE_vs_NP","Met+Fun",303,0.908,0.973333333333333
"PE_vs_NP","Met+Fun",303,0.909,0.973333333333333
"PE_vs_NP","Met+Fun",303,0.91,0.973333333333333
"PE_vs_NP","Met+Fun",303,0.911,0.973333333333333
"PE_vs_NP","Met+Fun",303,0.912,0.973333333333333
"PE_vs_NP","Met+Fun",303,0.913,0.973333333333333
"PE_vs_NP","Met+Fun",303,0.914,0.973333333333333
"PE_vs_NP","Met+Fun",303,0.915,0.973333333333333
"PE_vs_NP","Met+Fun",303,0.916,0.973333333333333
"PE_vs_NP","Met+Fun",303,0.917,0.97462
"PE_vs_NP","Met+Fun",303,0.918,0.976813333333333
"PE_vs_NP","Met+Fun",303,0.919,0.979006666666667
"PE_vs_NP","Met+Fun",303,0.92,0.98
"PE_vs_NP","Met+Fun",303,0.921,0.98
"PE_vs_NP","Met+Fun",303,0.922,0.98
"PE_vs_NP","Met+Fun",303,0.923,0.98
"PE_vs_NP","Met+Fun",303,0.924,0.98
"PE_vs_NP","Met+Fun",303,0.925,0.98
"PE_vs_NP","Met+Fun",303,0.926,0.980186666666667
"PE_vs_NP","Met+Fun",303,0.927,0.980585454545455
"PE_vs_NP","Met+Fun",303,0.928,0.980984242424242
"PE_vs_NP","Met+Fun",303,0.929,0.98138303030303
"PE_vs_NP","Met+Fun",303,0.93,0.981781818181818
"PE_vs_NP","Met+Fun",303,0.931,0.982180606060606
"PE_vs_NP","Met+Fun",303,0.932,0.982579393939394
"PE_vs_NP","Met+Fun",303,0.933,0.982978181818182
"PE_vs_NP","Met+Fun",303,0.934,0.98337696969697
"PE_vs_NP","Met+Fun",303,0.935,0.983775757575758
"PE_vs_NP","Met+Fun",303,0.936,0.984174545454546
"PE_vs_NP","Met+Fun",303,0.937,0.984573333333333
"PE_vs_NP","Met+Fun",303,0.938,0.984972121212121
"PE_vs_NP","Met+Fun",303,0.939,0.985370909090909
"PE_vs_NP","Met+Fun",303,0.94,0.985769696969697
"PE_vs_NP","Met+Fun",303,0.941,0.986168484848485
"PE_vs_NP","Met+Fun",303,0.942,0.986567272727273
"PE_vs_NP","Met+Fun",303,0.943,0.986666666666667
"PE_vs_NP","Met+Fun",303,0.944,0.986666666666667
"PE_vs_NP","Met+Fun",303,0.945,0.986666666666667
"PE_vs_NP","Met+Fun",303,0.946,0.988226666666667
"PE_vs_NP","Met+Fun",303,0.947,0.99042
"PE_vs_NP","Met+Fun",303,0.948,0.992613333333333
"PE_vs_NP","Met+Fun",303,0.949,0.993333333333333
"PE_vs_NP","Met+Fun",303,0.95,0.993333333333333
"PE_vs_NP","Met+Fun",303,0.951,0.993333333333333
"PE_vs_NP","Met+Fun",303,0.952,0.993333333333333
"PE_vs_NP","Met+Fun",303,0.953,0.993333333333333
"PE_vs_NP","Met+Fun",303,0.954,0.993333333333333
"PE_vs_NP","Met+Fun",303,0.955,0.993333333333333
"PE_vs_NP","Met+Fun",303,0.956,0.993333333333333
"PE_vs_NP","Met+Fun",303,0.957,0.993333333333333
"PE_vs_NP","Met+Fun",303,0.958,0.993333333333333
"PE_vs_NP","Met+Fun",303,0.959,0.993333333333333
"PE_vs_NP","Met+Fun",303,0.96,0.993333333333333
"PE_vs_NP","Met+Fun",303,0.961,0.993333333333333
"PE_vs_NP","Met+Fun",303,0.962,0.993333333333333
"PE_vs_NP","Met+Fun",303,0.963,0.993333333333333
"PE_vs_NP","Met+Fun",303,0.964,0.993333333333333
"PE_vs_NP","Met+Fun",303,0.965,0.993333333333333
"PE_vs_NP","Met+Fun",303,0.966,0.993333333333333
"PE_vs_NP","Met+Fun",303,0.967,0.993333333333333
"PE_vs_NP","Met+Fun",303,0.968,0.993333333333333
"PE_vs_NP","Met+Fun",303,0.969,0.993333333333333
"PE_vs_NP","Met+Fun",303,0.97,0.993333333333333
"PE_vs_NP","Met+Fun",303,0.971,0.993333333333333
"PE_vs_NP","Met+Fun",303,0.972,0.993333333333333
"PE_vs_NP","Met+Fun",303,0.973,0.993333333333333
"PE_vs_NP","Met+Fun",303,0.974,0.993333333333333
"PE_vs_NP","Met+Fun",303,0.975,0.993333333333333
"PE_vs_NP","Met+Fun",303,0.976,0.993333333333333
"PE_vs_NP","Met+Fun",303,0.977,0.993333333333333
"PE_vs_NP","Met+Fun",303,0.978,0.993333333333333
"PE_vs_NP","Met+Fun",303,0.979,0.993333333333333
"PE_vs_NP","Met+Fun",303,0.98,0.993333333333333
"PE_vs_NP","Met+Fun",303,0.981,0.993333333333333
"PE_vs_NP","Met+Fun",303,0.982,0.993333333333333
"PE_vs_NP","Met+Fun",303,0.983,0.993333333333333
"PE_vs_NP","Met+Fun",303,0.984,0.993333333333333
"PE_vs_NP","Met+Fun",303,0.985,0.9942
"PE_vs_NP","Met+Fun",303,0.986,0.998586666666667
"PE_vs_NP","Met+Fun",303,0.987,1
"PE_vs_NP","Met+Fun",303,0.988,1
"PE_vs_NP","Met+Fun",303,0.989,1
"PE_vs_NP","Met+Fun",303,0.99,1
"PE_vs_NP","Met+Fun",303,0.991,1
"PE_vs_NP","Met+Fun",303,0.992,1
"PE_vs_NP","Met+Fun",303,0.993,1
"PE_vs_NP","Met+Fun",303,0.994,1
"PE_vs_NP","Met+Fun",303,0.995,1
"PE_vs_NP","Met+Fun",303,0.996,1
"PE_vs_NP","Met+Fun",303,0.997,1
"PE_vs_NP","Met+Fun",303,0.998,1
"PE_vs_NP","Met+Fun",303,0.999,1
"PE_vs_NP","Met+Fun",303,1,1
"PE_vs_NP","Met+Bac",303,0,0
"PE_vs_NP","Met+Bac",303,0.001,0
"PE_vs_NP","Met+Bac",303,0.002,0
"PE_vs_NP","Met+Bac",303,0.003,0
"PE_vs_NP","Met+Bac",303,0.004,0
"PE_vs_NP","Met+Bac",303,0.005,0
"PE_vs_NP","Met+Bac",303,0.006,0
"PE_vs_NP","Met+Bac",303,0.007,0
"PE_vs_NP","Met+Bac",303,0.008,0
"PE_vs_NP","Met+Bac",303,0.009,0
"PE_vs_NP","Met+Bac",303,0.01,0
"PE_vs_NP","Met+Bac",303,0.011,0
"PE_vs_NP","Met+Bac",303,0.012,0
"PE_vs_NP","Met+Bac",303,0.013,0
"PE_vs_NP","Met+Bac",303,0.014,0
"PE_vs_NP","Met+Bac",303,0.015,0
"PE_vs_NP","Met+Bac",303,0.016,0
"PE_vs_NP","Met+Bac",303,0.017,0
"PE_vs_NP","Met+Bac",303,0.018,0
"PE_vs_NP","Met+Bac",303,0.019,0.00666666666666667
"PE_vs_NP","Met+Bac",303,0.02,0.00666666666666667
"PE_vs_NP","Met+Bac",303,0.021,0.00666666666666667
"PE_vs_NP","Met+Bac",303,0.022,0.0098400000000001
"PE_vs_NP","Met+Bac",303,0.023,0.0404466666666668
"PE_vs_NP","Met+Bac",303,0.024,0.0426400000000001
"PE_vs_NP","Met+Bac",303,0.025,0.0611666666666667
"PE_vs_NP","Met+Bac",303,0.026,0.0807199999999999
"PE_vs_NP","Met+Bac",303,0.027,0.0851066666666668
"PE_vs_NP","Met+Bac",303,0.028,0.109493333333333
"PE_vs_NP","Met+Bac",303,0.029,0.113333333333333
"PE_vs_NP","Met+Bac",303,0.03,0.113333333333333
"PE_vs_NP","Met+Bac",303,0.031,0.116871111111111
"PE_vs_NP","Met+Bac",303,0.032,0.122346666666667
"PE_vs_NP","Met+Bac",303,0.033,0.123808888888889
"PE_vs_NP","Met+Bac",303,0.034,0.125271111111111
"PE_vs_NP","Met+Bac",303,0.035,0.126866666666667
"PE_vs_NP","Met+Bac",303,0.036,0.131253333333333
"PE_vs_NP","Met+Bac",303,0.037,0.133333333333333
"PE_vs_NP","Met+Bac",303,0.038,0.133333333333333
"PE_vs_NP","Met+Bac",303,0.039,0.133333333333333
"PE_vs_NP","Met+Bac",303,0.04,0.136533333333334
"PE_vs_NP","Met+Bac",303,0.041,0.143113333333334
"PE_vs_NP","Met+Bac",303,0.042,0.145453333333334
"PE_vs_NP","Met+Bac",303,0.043,0.14732
"PE_vs_NP","Met+Bac",303,0.044,0.148782222222222
"PE_vs_NP","Met+Bac",303,0.045,0.154311111111111
"PE_vs_NP","Met+Bac",303,0.046,0.16016
"PE_vs_NP","Met+Bac",303,0.047,0.166008888888889
"PE_vs_NP","Met+Bac",303,0.048,0.167315555555556
"PE_vs_NP","Met+Bac",303,0.049,0.168046666666667
"PE_vs_NP","Met+Bac",303,0.05,0.168777777777778
"PE_vs_NP","Met+Bac",303,0.051,0.169508888888889
"PE_vs_NP","Met+Bac",303,0.052,0.17024
"PE_vs_NP","Met+Bac",303,0.053,0.170971111111111
"PE_vs_NP","Met+Bac",303,0.054,0.173298222222222
"PE_vs_NP","Met+Bac",303,0.055,0.176003333333333
"PE_vs_NP","Met+Bac",303,0.056,0.178708444444445
"PE_vs_NP","Met+Bac",303,0.057,0.188642444444445
"PE_vs_NP","Met+Bac",303,0.058,0.192078666666667
"PE_vs_NP","Met+Bac",303,0.059,0.195514888888889
"PE_vs_NP","Met+Bac",303,0.06,0.205457777777778
"PE_vs_NP","Met+Bac",303,0.061,0.208315428571429
"PE_vs_NP","Met+Bac",303,0.062,0.209819428571429
"PE_vs_NP","Met+Bac",303,0.063,0.211323428571429
"PE_vs_NP","Met+Bac",303,0.064,0.212827428571429
"PE_vs_NP","Met+Bac",303,0.065,0.214331428571429
"PE_vs_NP","Met+Bac",303,0.066,0.215835428571429
"PE_vs_NP","Met+Bac",303,0.067,0.217368095238095
"PE_vs_NP","Met+Bac",303,0.068,0.219091428571429
"PE_vs_NP","Met+Bac",303,0.069,0.223494761904762
"PE_vs_NP","Met+Bac",303,0.07,0.229604761904762
"PE_vs_NP","Met+Bac",303,0.071,0.235714761904762
"PE_vs_NP","Met+Bac",303,0.072,0.241466666666667
"PE_vs_NP","Met+Bac",303,0.073,0.246666666666667
"PE_vs_NP","Met+Bac",303,0.074,0.246666666666667
"PE_vs_NP","Met+Bac",303,0.075,0.246666666666667
"PE_vs_NP","Met+Bac",303,0.076,0.246666666666667
"PE_vs_NP","Met+Bac",303,0.077,0.246666666666667
"PE_vs_NP","Met+Bac",303,0.078,0.246666666666667
"PE_vs_NP","Met+Bac",303,0.079,0.246666666666667
"PE_vs_NP","Met+Bac",303,0.08,0.246666666666667
"PE_vs_NP","Met+Bac",303,0.081,0.246666666666667
"PE_vs_NP","Met+Bac",303,0.082,0.246666666666667
"PE_vs_NP","Met+Bac",303,0.083,0.246666666666667
"PE_vs_NP","Met+Bac",303,0.084,0.246666666666667
"PE_vs_NP","Met+Bac",303,0.085,0.246666666666667
"PE_vs_NP","Met+Bac",303,0.086,0.246666666666667
"PE_vs_NP","Met+Bac",303,0.087,0.246666666666667
"PE_vs_NP","Met+Bac",303,0.088,0.246666666666667
"PE_vs_NP","Met+Bac",303,0.089,0.246666666666667
"PE_vs_NP","Met+Bac",303,0.09,0.24687619047619
"PE_vs_NP","Met+Bac",303,0.091,0.247502857142857
"PE_vs_NP","Met+Bac",303,0.092,0.248129523809524
"PE_vs_NP","Met+Bac",303,0.093,0.24875619047619
"PE_vs_NP","Met+Bac",303,0.094,0.249382857142857
"PE_vs_NP","Met+Bac",303,0.095,0.250009523809524
"PE_vs_NP","Met+Bac",303,0.096,0.25063619047619
"PE_vs_NP","Met+Bac",303,0.097,0.251262857142857
"PE_vs_NP","Met+Bac",303,0.098,0.253502857142857
"PE_vs_NP","Met+Bac",303,0.099,0.256322857142857
"PE_vs_NP","Met+Bac",303,0.1,0.259142857142857
"PE_vs_NP","Met+Bac",303,0.101,0.263053333333333
"PE_vs_NP","Met+Bac",303,0.102,0.266666666666667
"PE_vs_NP","Met+Bac",303,0.103,0.266666666666667
"PE_vs_NP","Met+Bac",303,0.104,0.266666666666667
"PE_vs_NP","Met+Bac",303,0.105,0.266816666666667
"PE_vs_NP","Met+Bac",303,0.106,0.267913333333333
"PE_vs_NP","Met+Bac",303,0.107,0.26901
"PE_vs_NP","Met+Bac",303,0.108,0.270106666666667
"PE_vs_NP","Met+Bac",303,0.109,0.271203333333333
"PE_vs_NP","Met+Bac",303,0.11,0.2723
"PE_vs_NP","Met+Bac",303,0.111,0.273396666666667
"PE_vs_NP","Met+Bac",303,0.112,0.274493333333333
"PE_vs_NP","Met+Bac",303,0.113,0.27559
"PE_vs_NP","Met+Bac",303,0.114,0.276686666666667
"PE_vs_NP","Met+Bac",303,0.115,0.277783333333333
"PE_vs_NP","Met+Bac",303,0.116,0.27888
"PE_vs_NP","Met+Bac",303,0.117,0.279976666666667
"PE_vs_NP","Met+Bac",303,0.118,0.282146666666667
"PE_vs_NP","Met+Bac",303,0.119,0.285346666666667
"PE_vs_NP","Met+Bac",303,0.12,0.289733333333333
"PE_vs_NP","Met+Bac",303,0.121,0.29412
"PE_vs_NP","Met+Bac",303,0.122,0.298046666666667
"PE_vs_NP","Met+Bac",303,0.123,0.301336666666667
"PE_vs_NP","Met+Bac",303,0.124,0.302653333333333
"PE_vs_NP","Met+Bac",303,0.125,0.30375
"PE_vs_NP","Met+Bac",303,0.126,0.304846666666667
"PE_vs_NP","Met+Bac",303,0.127,0.305943333333333
"PE_vs_NP","Met+Bac",303,0.128,0.306666666666667
"PE_vs_NP","Met+Bac",303,0.129,0.306666666666667
"PE_vs_NP","Met+Bac",303,0.13,0.306666666666667
"PE_vs_NP","Met+Bac",303,0.131,0.313333333333333
"PE_vs_NP","Met+Bac",303,0.132,0.313333333333333
"PE_vs_NP","Met+Bac",303,0.133,0.313333333333333
"PE_vs_NP","Met+Bac",303,0.134,0.31448
"PE_vs_NP","Met+Bac",303,0.135,0.318866666666667
"PE_vs_NP","Met+Bac",303,0.136,0.324337777777778
"PE_vs_NP","Met+Bac",303,0.137,0.329213333333333
"PE_vs_NP","Met+Bac",303,0.138,0.330675555555556
"PE_vs_NP","Met+Bac",303,0.139,0.332753777777778
"PE_vs_NP","Met+Bac",303,0.14,0.334826666666667
"PE_vs_NP","Met+Bac",303,0.141,0.335704
"PE_vs_NP","Met+Bac",303,0.142,0.336581333333333
"PE_vs_NP","Met+Bac",303,0.143,0.337458666666667
"PE_vs_NP","Met+Bac",303,0.144,0.338336
"PE_vs_NP","Met+Bac",303,0.145,0.339213333333333
"PE_vs_NP","Met+Bac",303,0.146,0.34
"PE_vs_NP","Met+Bac",303,0.147,0.34
"PE_vs_NP","Met+Bac",303,0.148,0.340512
"PE_vs_NP","Met+Bac",303,0.149,0.341424333333333
"PE_vs_NP","Met+Bac",303,0.15,0.34285
"PE_vs_NP","Met+Bac",303,0.151,0.347259
"PE_vs_NP","Met+Bac",303,0.152,0.354061333333333
"PE_vs_NP","Met+Bac",303,0.153,0.356583666666667
"PE_vs_NP","Met+Bac",303,0.154,0.359106
"PE_vs_NP","Met+Bac",303,0.155,0.361628333333333
"PE_vs_NP","Met+Bac",303,0.156,0.364006666666667
"PE_vs_NP","Met+Bac",303,0.157,0.366280777777778
"PE_vs_NP","Met+Bac",303,0.158,0.368437555555556
"PE_vs_NP","Met+Bac",303,0.159,0.370594333333333
"PE_vs_NP","Met+Bac",303,0.16,0.372751111111111
"PE_vs_NP","Met+Bac",303,0.161,0.374907888888889
"PE_vs_NP","Met+Bac",303,0.162,0.378554666666667
"PE_vs_NP","Met+Bac",303,0.163,0.382356444444445
"PE_vs_NP","Met+Bac",303,0.164,0.386158222222222
"PE_vs_NP","Met+Bac",303,0.165,0.386983333333333
"PE_vs_NP","Met+Bac",303,0.166,0.388108888888889
"PE_vs_NP","Met+Bac",303,0.167,0.390667777777778
"PE_vs_NP","Met+Bac",303,0.168,0.393226666666667
"PE_vs_NP","Met+Bac",303,0.169,0.396458888888889
"PE_vs_NP","Met+Bac",303,0.17,0.401211111111111
"PE_vs_NP","Met+Bac",303,0.171,0.40251
"PE_vs_NP","Met+Bac",303,0.172,0.403462222222222
"PE_vs_NP","Met+Bac",303,0.173,0.406021111111111
"PE_vs_NP","Met+Bac",303,0.174,0.41186
"PE_vs_NP","Met+Bac",303,0.175,0.417305555555556
"PE_vs_NP","Met+Bac",303,0.176,0.417671111111111
"PE_vs_NP","Met+Bac",303,0.177,0.418658
"PE_vs_NP","Met+Bac",303,0.178,0.419900888888889
"PE_vs_NP","Met+Bac",303,0.179,0.421143777777778
"PE_vs_NP","Met+Bac",303,0.18,0.422386666666667
"PE_vs_NP","Met+Bac",303,0.181,0.423956222222222
"PE_vs_NP","Met+Bac",303,0.182,0.427392444444444
"PE_vs_NP","Met+Bac",303,0.183,0.430598666666667
"PE_vs_NP","Met+Bac",303,0.184,0.433669333333333
"PE_vs_NP","Met+Bac",303,0.185,0.43674
"PE_vs_NP","Met+Bac",303,0.186,0.439810666666666
"PE_vs_NP","Met+Bac",303,0.187,0.442728
"PE_vs_NP","Met+Bac",303,0.188,0.443605333333333
"PE_vs_NP","Met+Bac",303,0.189,0.444482666666667
"PE_vs_NP","Met+Bac",303,0.19,0.44536
"PE_vs_NP","Met+Bac",303,0.191,0.446237333333333
"PE_vs_NP","Met+Bac",303,0.192,0.453333333333333
"PE_vs_NP","Met+Bac",303,0.193,0.453333333333333
"PE_vs_NP","Met+Bac",303,0.194,0.453333333333333
"PE_vs_NP","Met+Bac",303,0.195,0.453333333333333
"PE_vs_NP","Met+Bac",303,0.196,0.453333333333333
"PE_vs_NP","Met+Bac",303,0.197,0.457506666666667
"PE_vs_NP","Met+Bac",303,0.198,0.46
"PE_vs_NP","Met+Bac",303,0.199,0.46
"PE_vs_NP","Met+Bac",303,0.2,0.466666666666667
"PE_vs_NP","Met+Bac",303,0.201,0.467010666666667
"PE_vs_NP","Met+Bac",303,0.202,0.467888
"PE_vs_NP","Met+Bac",303,0.203,0.468765333333333
"PE_vs_NP","Met+Bac",303,0.204,0.469642666666667
"PE_vs_NP","Met+Bac",303,0.205,0.47052
"PE_vs_NP","Met+Bac",303,0.206,0.471397333333333
"PE_vs_NP","Met+Bac",303,0.207,0.472274666666667
"PE_vs_NP","Met+Bac",303,0.208,0.473152
"PE_vs_NP","Met+Bac",303,0.209,0.473333333333333
"PE_vs_NP","Met+Bac",303,0.21,0.473333333333333
"PE_vs_NP","Met+Bac",303,0.211,0.473333333333333
"PE_vs_NP","Met+Bac",303,0.212,0.473333333333333
"PE_vs_NP","Met+Bac",303,0.213,0.473333333333333
"PE_vs_NP","Met+Bac",303,0.214,0.473333333333333
"PE_vs_NP","Met+Bac",303,0.215,0.473333333333333
"PE_vs_NP","Met+Bac",303,0.216,0.473333333333333
"PE_vs_NP","Met+Bac",303,0.217,0.473333333333333
"PE_vs_NP","Met+Bac",303,0.218,0.473333333333333
"PE_vs_NP","Met+Bac",303,0.219,0.473333333333333
"PE_vs_NP","Met+Bac",303,0.22,0.473333333333333
"PE_vs_NP","Met+Bac",303,0.221,0.473333333333333
"PE_vs_NP","Met+Bac",303,0.222,0.473333333333333
"PE_vs_NP","Met+Bac",303,0.223,0.473333333333333
"PE_vs_NP","Met+Bac",303,0.224,0.473333333333333
"PE_vs_NP","Met+Bac",303,0.225,0.48
"PE_vs_NP","Met+Bac",303,0.226,0.48
"PE_vs_NP","Met+Bac",303,0.227,0.486666666666667
"PE_vs_NP","Met+Bac",303,0.228,0.486666666666667
"PE_vs_NP","Met+Bac",303,0.229,0.486666666666667
"PE_vs_NP","Met+Bac",303,0.23,0.493333333333333
"PE_vs_NP","Met+Bac",303,0.231,0.493333333333333
"PE_vs_NP","Met+Bac",303,0.232,0.493333333333333
"PE_vs_NP","Met+Bac",303,0.233,0.493333333333333
"PE_vs_NP","Met+Bac",303,0.234,0.493333333333333
"PE_vs_NP","Met+Bac",303,0.235,0.493333333333333
"PE_vs_NP","Met+Bac",303,0.236,0.493333333333333
"PE_vs_NP","Met+Bac",303,0.237,0.493333333333333
"PE_vs_NP","Met+Bac",303,0.238,0.5
"PE_vs_NP","Met+Bac",303,0.239,0.501746666666667
"PE_vs_NP","Met+Bac",303,0.24,0.506133333333334
"PE_vs_NP","Met+Bac",303,0.241,0.506666666666667
"PE_vs_NP","Met+Bac",303,0.242,0.513333333333333
"PE_vs_NP","Met+Bac",303,0.243,0.513333333333333
"PE_vs_NP","Met+Bac",303,0.244,0.52368
"PE_vs_NP","Met+Bac",303,0.245,0.528066666666667
"PE_vs_NP","Met+Bac",303,0.246,0.532453333333333
"PE_vs_NP","Met+Bac",303,0.247,0.54
"PE_vs_NP","Met+Bac",303,0.248,0.54
"PE_vs_NP","Met+Bac",303,0.249,0.54
"PE_vs_NP","Met+Bac",303,0.25,0.54
"PE_vs_NP","Met+Bac",303,0.251,0.542106666666667
"PE_vs_NP","Met+Bac",303,0.252,0.55088
"PE_vs_NP","Met+Bac",303,0.253,0.553333333333333
"PE_vs_NP","Met+Bac",303,0.254,0.555093333333333
"PE_vs_NP","Met+Bac",303,0.255,0.563866666666666
"PE_vs_NP","Met+Bac",303,0.256,0.569155555555555
"PE_vs_NP","Met+Bac",303,0.257,0.579477777777778
"PE_vs_NP","Met+Bac",303,0.258,0.583133333333333
"PE_vs_NP","Met+Bac",303,0.259,0.588195555555555
"PE_vs_NP","Met+Bac",303,0.26,0.593333333333333
"PE_vs_NP","Met+Bac",303,0.261,0.593333333333333
"PE_vs_NP","Met+Bac",303,0.262,0.60528
"PE_vs_NP","Met+Bac",303,0.263,0.62
"PE_vs_NP","Met+Bac",303,0.264,0.62
"PE_vs_NP","Met+Bac",303,0.265,0.62
"PE_vs_NP","Met+Bac",303,0.266,0.62704
"PE_vs_NP","Met+Bac",303,0.267,0.635813333333333
"PE_vs_NP","Met+Bac",303,0.268,0.64
"PE_vs_NP","Met+Bac",303,0.269,0.64
"PE_vs_NP","Met+Bac",303,0.27,0.64
"PE_vs_NP","Met+Bac",303,0.271,0.64
"PE_vs_NP","Met+Bac",303,0.272,0.64
"PE_vs_NP","Met+Bac",303,0.273,0.644226666666667
"PE_vs_NP","Met+Bac",303,0.274,0.646666666666667
"PE_vs_NP","Met+Bac",303,0.275,0.646666666666667
"PE_vs_NP","Met+Bac",303,0.276,0.66
"PE_vs_NP","Met+Bac",303,0.277,0.66
"PE_vs_NP","Met+Bac",303,0.278,0.66
"PE_vs_NP","Met+Bac",303,0.279,0.666666666666667
"PE_vs_NP","Met+Bac",303,0.28,0.673333333333333
"PE_vs_NP","Met+Bac",303,0.281,0.673333333333333
"PE_vs_NP","Met+Bac",303,0.282,0.68
"PE_vs_NP","Met+Bac",303,0.283,0.68
"PE_vs_NP","Met+Bac",303,0.284,0.68
"PE_vs_NP","Met+Bac",303,0.285,0.683533333333333
"PE_vs_NP","Met+Bac",303,0.286,0.686666666666667
"PE_vs_NP","Met+Bac",303,0.287,0.686666666666667
"PE_vs_NP","Met+Bac",303,0.288,0.696693333333333
"PE_vs_NP","Met+Bac",303,0.289,0.7
"PE_vs_NP","Met+Bac",303,0.29,0.7
"PE_vs_NP","Met+Bac",303,0.291,0.7
"PE_vs_NP","Met+Bac",303,0.292,0.7
"PE_vs_NP","Met+Bac",303,0.293,0.7
"PE_vs_NP","Met+Bac",303,0.294,0.7
"PE_vs_NP","Met+Bac",303,0.295,0.700733333333333
"PE_vs_NP","Met+Bac",303,0.296,0.70512
"PE_vs_NP","Met+Bac",303,0.297,0.709506666666666
"PE_vs_NP","Met+Bac",303,0.298,0.713333333333333
"PE_vs_NP","Met+Bac",303,0.299,0.713333333333333
"PE_vs_NP","Met+Bac",303,0.3,0.713333333333333
"PE_vs_NP","Met+Bac",303,0.301,0.713333333333333
"PE_vs_NP","Met+Bac",303,0.302,0.713333333333333
"PE_vs_NP","Met+Bac",303,0.303,0.713333333333333
"PE_vs_NP","Met+Bac",303,0.304,0.713333333333333
"PE_vs_NP","Met+Bac",303,0.305,0.713333333333333
"PE_vs_NP","Met+Bac",303,0.306,0.713333333333333
"PE_vs_NP","Met+Bac",303,0.307,0.713333333333333
"PE_vs_NP","Met+Bac",303,0.308,0.713333333333333
"PE_vs_NP","Met+Bac",303,0.309,0.713333333333333
"PE_vs_NP","Met+Bac",303,0.31,0.713333333333333
"PE_vs_NP","Met+Bac",303,0.311,0.713333333333333
"PE_vs_NP","Met+Bac",303,0.312,0.713333333333333
"PE_vs_NP","Met+Bac",303,0.313,0.713333333333333
"PE_vs_NP","Met+Bac",303,0.314,0.713333333333333
"PE_vs_NP","Met+Bac",303,0.315,0.713333333333333
"PE_vs_NP","Met+Bac",303,0.316,0.713333333333333
"PE_vs_NP","Met+Bac",303,0.317,0.713333333333333
"PE_vs_NP","Met+Bac",303,0.318,0.713333333333333
"PE_vs_NP","Met+Bac",303,0.319,0.713333333333333
"PE_vs_NP","Met+Bac",303,0.32,0.713333333333333
"PE_vs_NP","Met+Bac",303,0.321,0.713333333333333
"PE_vs_NP","Met+Bac",303,0.322,0.713333333333333
"PE_vs_NP","Met+Bac",303,0.323,0.715113333333333
"PE_vs_NP","Met+Bac",303,0.324,0.718586666666667
"PE_vs_NP","Met+Bac",303,0.325,0.725166666666667
"PE_vs_NP","Met+Bac",303,0.326,0.726666666666667
"PE_vs_NP","Met+Bac",303,0.327,0.726666666666667
"PE_vs_NP","Met+Bac",303,0.328,0.726666666666667
"PE_vs_NP","Met+Bac",303,0.329,0.726666666666667
"PE_vs_NP","Met+Bac",303,0.33,0.726666666666667
"PE_vs_NP","Met+Bac",303,0.331,0.726666666666667
"PE_vs_NP","Met+Bac",303,0.332,0.726666666666667
"PE_vs_NP","Met+Bac",303,0.333,0.726666666666667
"PE_vs_NP","Met+Bac",303,0.334,0.726666666666667
"PE_vs_NP","Met+Bac",303,0.335,0.726666666666667
"PE_vs_NP","Met+Bac",303,0.336,0.726666666666667
"PE_vs_NP","Met+Bac",303,0.337,0.726666666666667
"PE_vs_NP","Met+Bac",303,0.338,0.726666666666667
"PE_vs_NP","Met+Bac",303,0.339,0.726666666666667
"PE_vs_NP","Met+Bac",303,0.34,0.726666666666667
"PE_vs_NP","Met+Bac",303,0.341,0.726666666666667
"PE_vs_NP","Met+Bac",303,0.342,0.726666666666667
"PE_vs_NP","Met+Bac",303,0.343,0.726666666666667
"PE_vs_NP","Met+Bac",303,0.344,0.726666666666667
"PE_vs_NP","Met+Bac",303,0.345,0.726666666666667
"PE_vs_NP","Met+Bac",303,0.346,0.726666666666667
"PE_vs_NP","Met+Bac",303,0.347,0.726666666666667
"PE_vs_NP","Met+Bac",303,0.348,0.726666666666667
"PE_vs_NP","Met+Bac",303,0.349,0.726666666666667
"PE_vs_NP","Met+Bac",303,0.35,0.726666666666667
"PE_vs_NP","Met+Bac",303,0.351,0.726666666666667
"PE_vs_NP","Met+Bac",303,0.352,0.730773333333333
"PE_vs_NP","Met+Bac",303,0.353,0.733333333333333
"PE_vs_NP","Met+Bac",303,0.354,0.733333333333333
"PE_vs_NP","Met+Bac",303,0.355,0.7353
"PE_vs_NP","Met+Bac",303,0.356,0.737493333333333
"PE_vs_NP","Met+Bac",303,0.357,0.739686666666667
"PE_vs_NP","Met+Bac",303,0.358,0.74
"PE_vs_NP","Met+Bac",303,0.359,0.74
"PE_vs_NP","Met+Bac",303,0.36,0.74
"PE_vs_NP","Met+Bac",303,0.361,0.740896666666667
"PE_vs_NP","Met+Bac",303,0.362,0.741993333333333
"PE_vs_NP","Met+Bac",303,0.363,0.74309
"PE_vs_NP","Met+Bac",303,0.364,0.744186666666667
"PE_vs_NP","Met+Bac",303,0.365,0.746416666666666
"PE_vs_NP","Met+Bac",303,0.366,0.7519
"PE_vs_NP","Met+Bac",303,0.367,0.753333333333333
"PE_vs_NP","Met+Bac",303,0.368,0.753333333333333
"PE_vs_NP","Met+Bac",303,0.369,0.753333333333333
"PE_vs_NP","Met+Bac",303,0.37,0.753333333333333
"PE_vs_NP","Met+Bac",303,0.371,0.753333333333333
"PE_vs_NP","Met+Bac",303,0.372,0.753333333333333
"PE_vs_NP","Met+Bac",303,0.373,0.753333333333333
"PE_vs_NP","Met+Bac",303,0.374,0.753333333333333
"PE_vs_NP","Met+Bac",303,0.375,0.753333333333333
"PE_vs_NP","Met+Bac",303,0.376,0.76068
"PE_vs_NP","Met+Bac",303,0.377,0.761776666666667
"PE_vs_NP","Met+Bac",303,0.378,0.762873333333333
"PE_vs_NP","Met+Bac",303,0.379,0.764606666666667
"PE_vs_NP","Met+Bac",303,0.38,0.7668
"PE_vs_NP","Met+Bac",303,0.381,0.768993333333333
"PE_vs_NP","Met+Bac",303,0.382,0.77178
"PE_vs_NP","Met+Bac",303,0.383,0.77507
"PE_vs_NP","Met+Bac",303,0.384,0.77836
"PE_vs_NP","Met+Bac",303,0.385,0.78
"PE_vs_NP","Met+Bac",303,0.386,0.78
"PE_vs_NP","Met+Bac",303,0.387,0.793333333333333
"PE_vs_NP","Met+Bac",303,0.388,0.793333333333333
"PE_vs_NP","Met+Bac",303,0.389,0.793333333333333
"PE_vs_NP","Met+Bac",303,0.39,0.793333333333333
"PE_vs_NP","Met+Bac",303,0.391,0.795392592592593
"PE_vs_NP","Met+Bac",303,0.392,0.800266666666667
"PE_vs_NP","Met+Bac",303,0.393,0.801180740740741
"PE_vs_NP","Met+Bac",303,0.394,0.801668148148148
"PE_vs_NP","Met+Bac",303,0.395,0.802155555555556
"PE_vs_NP","Met+Bac",303,0.396,0.802642962962963
"PE_vs_NP","Met+Bac",303,0.397,0.80313037037037
"PE_vs_NP","Met+Bac",303,0.398,0.803617777777778
"PE_vs_NP","Met+Bac",303,0.399,0.804105185185185
"PE_vs_NP","Met+Bac",303,0.4,0.804592592592593
"PE_vs_NP","Met+Bac",303,0.401,0.80508
"PE_vs_NP","Met+Bac",303,0.402,0.806714074074074
"PE_vs_NP","Met+Bac",303,0.403,0.808663703703704
"PE_vs_NP","Met+Bac",303,0.404,0.810613333333333
"PE_vs_NP","Met+Bac",303,0.405,0.8122
"PE_vs_NP","Met+Bac",303,0.406,0.813333333333333
"PE_vs_NP","Met+Bac",303,0.407,0.813333333333333
"PE_vs_NP","Met+Bac",303,0.408,0.814364444444444
"PE_vs_NP","Met+Bac",303,0.409,0.81603
"PE_vs_NP","Met+Bac",303,0.41,0.818588888888889
"PE_vs_NP","Met+Bac",303,0.411,0.821147777777778
"PE_vs_NP","Met+Bac",303,0.412,0.823493333333333
"PE_vs_NP","Met+Bac",303,0.413,0.82459
"PE_vs_NP","Met+Bac",303,0.414,0.825686666666667
"PE_vs_NP","Met+Bac",303,0.415,0.826666666666667
"PE_vs_NP","Met+Bac",303,0.416,0.826666666666667
"PE_vs_NP","Met+Bac",303,0.417,0.826666666666667
"PE_vs_NP","Met+Bac",303,0.418,0.826666666666667
"PE_vs_NP","Met+Bac",303,0.419,0.826666666666667
"PE_vs_NP","Met+Bac",303,0.42,0.833333333333333
"PE_vs_NP","Met+Bac",303,0.421,0.833333333333333
"PE_vs_NP","Met+Bac",303,0.422,0.833333333333333
"PE_vs_NP","Met+Bac",303,0.423,0.833333333333333
"PE_vs_NP","Met+Bac",303,0.424,0.833333333333333
"PE_vs_NP","Met+Bac",303,0.425,0.833333333333333
"PE_vs_NP","Met+Bac",303,0.426,0.833626666666667
"PE_vs_NP","Met+Bac",303,0.427,0.834253333333333
"PE_vs_NP","Met+Bac",303,0.428,0.83488
"PE_vs_NP","Met+Bac",303,0.429,0.835506666666667
"PE_vs_NP","Met+Bac",303,0.43,0.836133333333333
"PE_vs_NP","Met+Bac",303,0.431,0.83676
"PE_vs_NP","Met+Bac",303,0.432,0.837386666666667
"PE_vs_NP","Met+Bac",303,0.433,0.838013333333333
"PE_vs_NP","Met+Bac",303,0.434,0.83864
"PE_vs_NP","Met+Bac",303,0.435,0.839266666666667
"PE_vs_NP","Met+Bac",303,0.436,0.839893333333333
"PE_vs_NP","Met+Bac",303,0.437,0.84
"PE_vs_NP","Met+Bac",303,0.438,0.84204
"PE_vs_NP","Met+Bac",303,0.439,0.84862
"PE_vs_NP","Met+Bac",303,0.44,0.851733333333333
"PE_vs_NP","Met+Bac",303,0.441,0.853333333333333
"PE_vs_NP","Met+Bac",303,0.442,0.853333333333333
"PE_vs_NP","Met+Bac",303,0.443,0.853333333333333
"PE_vs_NP","Met+Bac",303,0.444,0.853333333333333
"PE_vs_NP","Met+Bac",303,0.445,0.853333333333333
"PE_vs_NP","Met+Bac",303,0.446,0.853333333333333
"PE_vs_NP","Met+Bac",303,0.447,0.853333333333333
"PE_vs_NP","Met+Bac",303,0.448,0.853333333333333
"PE_vs_NP","Met+Bac",303,0.449,0.853333333333333
"PE_vs_NP","Met+Bac",303,0.45,0.853333333333333
"PE_vs_NP","Met+Bac",303,0.451,0.853333333333333
"PE_vs_NP","Met+Bac",303,0.452,0.853333333333333
"PE_vs_NP","Met+Bac",303,0.453,0.853333333333333
"PE_vs_NP","Met+Bac",303,0.454,0.853333333333333
"PE_vs_NP","Met+Bac",303,0.455,0.853333333333333
"PE_vs_NP","Met+Bac",303,0.456,0.853333333333333
"PE_vs_NP","Met+Bac",303,0.457,0.853333333333333
"PE_vs_NP","Met+Bac",303,0.458,0.853333333333333
"PE_vs_NP","Met+Bac",303,0.459,0.853333333333333
"PE_vs_NP","Met+Bac",303,0.46,0.853333333333333
"PE_vs_NP","Met+Bac",303,0.461,0.853333333333333
"PE_vs_NP","Met+Bac",303,0.462,0.853333333333333
"PE_vs_NP","Met+Bac",303,0.463,0.854205333333333
"PE_vs_NP","Met+Bac",303,0.464,0.855082666666667
"PE_vs_NP","Met+Bac",303,0.465,0.85596
"PE_vs_NP","Met+Bac",303,0.466,0.856837333333333
"PE_vs_NP","Met+Bac",303,0.467,0.857714666666667
"PE_vs_NP","Met+Bac",303,0.468,0.858592
"PE_vs_NP","Met+Bac",303,0.469,0.859469333333333
"PE_vs_NP","Met+Bac",303,0.47,0.86
"PE_vs_NP","Met+Bac",303,0.471,0.86
"PE_vs_NP","Met+Bac",303,0.472,0.86
"PE_vs_NP","Met+Bac",303,0.473,0.86
"PE_vs_NP","Met+Bac",303,0.474,0.86
"PE_vs_NP","Met+Bac",303,0.475,0.86
"PE_vs_NP","Met+Bac",303,0.476,0.86
"PE_vs_NP","Met+Bac",303,0.477,0.86
"PE_vs_NP","Met+Bac",303,0.478,0.86
"PE_vs_NP","Met+Bac",303,0.479,0.86
"PE_vs_NP","Met+Bac",303,0.48,0.86
"PE_vs_NP","Met+Bac",303,0.481,0.86
"PE_vs_NP","Met+Bac",303,0.482,0.86
"PE_vs_NP","Met+Bac",303,0.483,0.86
"PE_vs_NP","Met+Bac",303,0.484,0.86
"PE_vs_NP","Met+Bac",303,0.485,0.86
"PE_vs_NP","Met+Bac",303,0.486,0.86
"PE_vs_NP","Met+Bac",303,0.487,0.86
"PE_vs_NP","Met+Bac",303,0.488,0.86
"PE_vs_NP","Met+Bac",303,0.489,0.86
"PE_vs_NP","Met+Bac",303,0.49,0.86
"PE_vs_NP","Met+Bac",303,0.491,0.86
"PE_vs_NP","Met+Bac",303,0.492,0.86
"PE_vs_NP","Met+Bac",303,0.493,0.86
"PE_vs_NP","Met+Bac",303,0.494,0.86
"PE_vs_NP","Met+Bac",303,0.495,0.86
"PE_vs_NP","Met+Bac",303,0.496,0.86
"PE_vs_NP","Met+Bac",303,0.497,0.86
"PE_vs_NP","Met+Bac",303,0.498,0.86
"PE_vs_NP","Met+Bac",303,0.499,0.86114
"PE_vs_NP","Met+Bac",303,0.5,0.863333333333333
"PE_vs_NP","Met+Bac",303,0.501,0.865526666666667
"PE_vs_NP","Met+Bac",303,0.502,0.866666666666667
"PE_vs_NP","Met+Bac",303,0.503,0.866666666666667
"PE_vs_NP","Met+Bac",303,0.504,0.866666666666667
"PE_vs_NP","Met+Bac",303,0.505,0.866666666666667
"PE_vs_NP","Met+Bac",303,0.506,0.866666666666667
"PE_vs_NP","Met+Bac",303,0.507,0.866666666666667
"PE_vs_NP","Met+Bac",303,0.508,0.866666666666667
"PE_vs_NP","Met+Bac",303,0.509,0.866666666666667
"PE_vs_NP","Met+Bac",303,0.51,0.866666666666667
"PE_vs_NP","Met+Bac",303,0.511,0.866666666666667
"PE_vs_NP","Met+Bac",303,0.512,0.866666666666667
"PE_vs_NP","Met+Bac",303,0.513,0.866666666666667
"PE_vs_NP","Met+Bac",303,0.514,0.866666666666667
"PE_vs_NP","Met+Bac",303,0.515,0.866666666666667
"PE_vs_NP","Met+Bac",303,0.516,0.866666666666667
"PE_vs_NP","Met+Bac",303,0.517,0.866666666666667
"PE_vs_NP","Met+Bac",303,0.518,0.866666666666667
"PE_vs_NP","Met+Bac",303,0.519,0.866666666666667
"PE_vs_NP","Met+Bac",303,0.52,0.866666666666667
"PE_vs_NP","Met+Bac",303,0.521,0.866666666666667
"PE_vs_NP","Met+Bac",303,0.522,0.866666666666667
"PE_vs_NP","Met+Bac",303,0.523,0.866666666666667
"PE_vs_NP","Met+Bac",303,0.524,0.866666666666667
"PE_vs_NP","Met+Bac",303,0.525,0.866666666666667
"PE_vs_NP","Met+Bac",303,0.526,0.866666666666667
"PE_vs_NP","Met+Bac",303,0.527,0.866666666666667
"PE_vs_NP","Met+Bac",303,0.528,0.866666666666667
"PE_vs_NP","Met+Bac",303,0.529,0.866666666666667
"PE_vs_NP","Met+Bac",303,0.53,0.866666666666667
"PE_vs_NP","Met+Bac",303,0.531,0.866666666666667
"PE_vs_NP","Met+Bac",303,0.532,0.866666666666667
"PE_vs_NP","Met+Bac",303,0.533,0.866666666666667
"PE_vs_NP","Met+Bac",303,0.534,0.866666666666667
"PE_vs_NP","Met+Bac",303,0.535,0.866666666666667
"PE_vs_NP","Met+Bac",303,0.536,0.866666666666667
"PE_vs_NP","Met+Bac",303,0.537,0.866666666666667
"PE_vs_NP","Met+Bac",303,0.538,0.866666666666667
"PE_vs_NP","Met+Bac",303,0.539,0.866666666666667
"PE_vs_NP","Met+Bac",303,0.54,0.866666666666667
"PE_vs_NP","Met+Bac",303,0.541,0.866666666666667
"PE_vs_NP","Met+Bac",303,0.542,0.866666666666667
"PE_vs_NP","Met+Bac",303,0.543,0.866666666666667
"PE_vs_NP","Met+Bac",303,0.544,0.866666666666667
"PE_vs_NP","Met+Bac",303,0.545,0.866666666666667
"PE_vs_NP","Met+Bac",303,0.546,0.866666666666667
"PE_vs_NP","Met+Bac",303,0.547,0.866666666666667
"PE_vs_NP","Met+Bac",303,0.548,0.866666666666667
"PE_vs_NP","Met+Bac",303,0.549,0.866666666666667
"PE_vs_NP","Met+Bac",303,0.55,0.866666666666667
"PE_vs_NP","Met+Bac",303,0.551,0.866666666666667
"PE_vs_NP","Met+Bac",303,0.552,0.866666666666667
"PE_vs_NP","Met+Bac",303,0.553,0.866666666666667
"PE_vs_NP","Met+Bac",303,0.554,0.866666666666667
"PE_vs_NP","Met+Bac",303,0.555,0.866666666666667
"PE_vs_NP","Met+Bac",303,0.556,0.866666666666667
"PE_vs_NP","Met+Bac",303,0.557,0.866666666666667
"PE_vs_NP","Met+Bac",303,0.558,0.866666666666667
"PE_vs_NP","Met+Bac",303,0.559,0.866666666666667
"PE_vs_NP","Met+Bac",303,0.56,0.866666666666667
"PE_vs_NP","Met+Bac",303,0.561,0.866666666666667
"PE_vs_NP","Met+Bac",303,0.562,0.866666666666667
"PE_vs_NP","Met+Bac",303,0.563,0.866666666666667
"PE_vs_NP","Met+Bac",303,0.564,0.866666666666667
"PE_vs_NP","Met+Bac",303,0.565,0.866666666666667
"PE_vs_NP","Met+Bac",303,0.566,0.866666666666667
"PE_vs_NP","Met+Bac",303,0.567,0.866666666666667
"PE_vs_NP","Met+Bac",303,0.568,0.866666666666667
"PE_vs_NP","Met+Bac",303,0.569,0.866666666666667
"PE_vs_NP","Met+Bac",303,0.57,0.866666666666667
"PE_vs_NP","Met+Bac",303,0.571,0.866666666666667
"PE_vs_NP","Met+Bac",303,0.572,0.866666666666667
"PE_vs_NP","Met+Bac",303,0.573,0.866666666666667
"PE_vs_NP","Met+Bac",303,0.574,0.866666666666667
"PE_vs_NP","Met+Bac",303,0.575,0.866666666666667
"PE_vs_NP","Met+Bac",303,0.576,0.866666666666667
"PE_vs_NP","Met+Bac",303,0.577,0.866666666666667
"PE_vs_NP","Met+Bac",303,0.578,0.866666666666667
"PE_vs_NP","Met+Bac",303,0.579,0.866666666666667
"PE_vs_NP","Met+Bac",303,0.58,0.866666666666667
"PE_vs_NP","Met+Bac",303,0.581,0.866666666666667
"PE_vs_NP","Met+Bac",303,0.582,0.866666666666667
"PE_vs_NP","Met+Bac",303,0.583,0.866666666666667
"PE_vs_NP","Met+Bac",303,0.584,0.866666666666667
"PE_vs_NP","Met+Bac",303,0.585,0.866666666666667
"PE_vs_NP","Met+Bac",303,0.586,0.866666666666667
"PE_vs_NP","Met+Bac",303,0.587,0.866666666666667
"PE_vs_NP","Met+Bac",303,0.588,0.866666666666667
"PE_vs_NP","Met+Bac",303,0.589,0.866666666666667
"PE_vs_NP","Met+Bac",303,0.59,0.866666666666667
"PE_vs_NP","Met+Bac",303,0.591,0.866666666666667
"PE_vs_NP","Met+Bac",303,0.592,0.866666666666667
"PE_vs_NP","Met+Bac",303,0.593,0.866666666666667
"PE_vs_NP","Met+Bac",303,0.594,0.866666666666667
"PE_vs_NP","Met+Bac",303,0.595,0.866666666666667
"PE_vs_NP","Met+Bac",303,0.596,0.866666666666667
"PE_vs_NP","Met+Bac",303,0.597,0.866666666666667
"PE_vs_NP","Met+Bac",303,0.598,0.866666666666667
"PE_vs_NP","Met+Bac",303,0.599,0.866666666666667
"PE_vs_NP","Met+Bac",303,0.6,0.866666666666667
"PE_vs_NP","Met+Bac",303,0.601,0.866666666666667
"PE_vs_NP","Met+Bac",303,0.602,0.866666666666667
"PE_vs_NP","Met+Bac",303,0.603,0.866666666666667
"PE_vs_NP","Met+Bac",303,0.604,0.866666666666667
"PE_vs_NP","Met+Bac",303,0.605,0.866666666666667
"PE_vs_NP","Met+Bac",303,0.606,0.866666666666667
"PE_vs_NP","Met+Bac",303,0.607,0.866666666666667
"PE_vs_NP","Met+Bac",303,0.608,0.866666666666667
"PE_vs_NP","Met+Bac",303,0.609,0.866666666666667
"PE_vs_NP","Met+Bac",303,0.61,0.866666666666667
"PE_vs_NP","Met+Bac",303,0.611,0.866666666666667
"PE_vs_NP","Met+Bac",303,0.612,0.866666666666667
"PE_vs_NP","Met+Bac",303,0.613,0.866666666666667
"PE_vs_NP","Met+Bac",303,0.614,0.866666666666667
"PE_vs_NP","Met+Bac",303,0.615,0.866666666666667
"PE_vs_NP","Met+Bac",303,0.616,0.866666666666667
"PE_vs_NP","Met+Bac",303,0.617,0.866666666666667
"PE_vs_NP","Met+Bac",303,0.618,0.866666666666667
"PE_vs_NP","Met+Bac",303,0.619,0.866666666666667
"PE_vs_NP","Met+Bac",303,0.62,0.866666666666667
"PE_vs_NP","Met+Bac",303,0.621,0.866666666666667
"PE_vs_NP","Met+Bac",303,0.622,0.866666666666667
"PE_vs_NP","Met+Bac",303,0.623,0.866666666666667
"PE_vs_NP","Met+Bac",303,0.624,0.866666666666667
"PE_vs_NP","Met+Bac",303,0.625,0.866666666666667
"PE_vs_NP","Met+Bac",303,0.626,0.866666666666667
"PE_vs_NP","Met+Bac",303,0.627,0.866666666666667
"PE_vs_NP","Met+Bac",303,0.628,0.866666666666667
"PE_vs_NP","Met+Bac",303,0.629,0.866666666666667
"PE_vs_NP","Met+Bac",303,0.63,0.866666666666667
"PE_vs_NP","Met+Bac",303,0.631,0.866666666666667
"PE_vs_NP","Met+Bac",303,0.632,0.866666666666667
"PE_vs_NP","Met+Bac",303,0.633,0.866666666666667
"PE_vs_NP","Met+Bac",303,0.634,0.866666666666667
"PE_vs_NP","Met+Bac",303,0.635,0.866666666666667
"PE_vs_NP","Met+Bac",303,0.636,0.866666666666667
"PE_vs_NP","Met+Bac",303,0.637,0.866666666666667
"PE_vs_NP","Met+Bac",303,0.638,0.866666666666667
"PE_vs_NP","Met+Bac",303,0.639,0.866666666666667
"PE_vs_NP","Met+Bac",303,0.64,0.866666666666667
"PE_vs_NP","Met+Bac",303,0.641,0.866666666666667
"PE_vs_NP","Met+Bac",303,0.642,0.866666666666667
"PE_vs_NP","Met+Bac",303,0.643,0.866666666666667
"PE_vs_NP","Met+Bac",303,0.644,0.866666666666667
"PE_vs_NP","Met+Bac",303,0.645,0.866666666666667
"PE_vs_NP","Met+Bac",303,0.646,0.866666666666667
"PE_vs_NP","Met+Bac",303,0.647,0.866666666666667
"PE_vs_NP","Met+Bac",303,0.648,0.866666666666667
"PE_vs_NP","Met+Bac",303,0.649,0.866666666666667
"PE_vs_NP","Met+Bac",303,0.65,0.866666666666667
"PE_vs_NP","Met+Bac",303,0.651,0.866666666666667
"PE_vs_NP","Met+Bac",303,0.652,0.866666666666667
"PE_vs_NP","Met+Bac",303,0.653,0.866666666666667
"PE_vs_NP","Met+Bac",303,0.654,0.866666666666667
"PE_vs_NP","Met+Bac",303,0.655,0.866666666666667
"PE_vs_NP","Met+Bac",303,0.656,0.866666666666667
"PE_vs_NP","Met+Bac",303,0.657,0.866666666666667
"PE_vs_NP","Met+Bac",303,0.658,0.866666666666667
"PE_vs_NP","Met+Bac",303,0.659,0.866666666666667
"PE_vs_NP","Met+Bac",303,0.66,0.866666666666667
"PE_vs_NP","Met+Bac",303,0.661,0.866666666666667
"PE_vs_NP","Met+Bac",303,0.662,0.866666666666667
"PE_vs_NP","Met+Bac",303,0.663,0.866666666666667
"PE_vs_NP","Met+Bac",303,0.664,0.866666666666667
"PE_vs_NP","Met+Bac",303,0.665,0.866666666666667
"PE_vs_NP","Met+Bac",303,0.666,0.866666666666667
"PE_vs_NP","Met+Bac",303,0.667,0.866666666666667
"PE_vs_NP","Met+Bac",303,0.668,0.866666666666667
"PE_vs_NP","Met+Bac",303,0.669,0.866666666666667
"PE_vs_NP","Met+Bac",303,0.67,0.866666666666667
"PE_vs_NP","Met+Bac",303,0.671,0.866666666666667
"PE_vs_NP","Met+Bac",303,0.672,0.866666666666667
"PE_vs_NP","Met+Bac",303,0.673,0.866666666666667
"PE_vs_NP","Met+Bac",303,0.674,0.866666666666667
"PE_vs_NP","Met+Bac",303,0.675,0.866666666666667
"PE_vs_NP","Met+Bac",303,0.676,0.866666666666667
"PE_vs_NP","Met+Bac",303,0.677,0.866666666666667
"PE_vs_NP","Met+Bac",303,0.678,0.866666666666667
"PE_vs_NP","Met+Bac",303,0.679,0.866666666666667
"PE_vs_NP","Met+Bac",303,0.68,0.866666666666667
"PE_vs_NP","Met+Bac",303,0.681,0.866666666666667
"PE_vs_NP","Met+Bac",303,0.682,0.866666666666667
"PE_vs_NP","Met+Bac",303,0.683,0.866666666666667
"PE_vs_NP","Met+Bac",303,0.684,0.866666666666667
"PE_vs_NP","Met+Bac",303,0.685,0.866666666666667
"PE_vs_NP","Met+Bac",303,0.686,0.866666666666667
"PE_vs_NP","Met+Bac",303,0.687,0.866666666666667
"PE_vs_NP","Met+Bac",303,0.688,0.866666666666667
"PE_vs_NP","Met+Bac",303,0.689,0.866666666666667
"PE_vs_NP","Met+Bac",303,0.69,0.866666666666667
"PE_vs_NP","Met+Bac",303,0.691,0.866666666666667
"PE_vs_NP","Met+Bac",303,0.692,0.866666666666667
"PE_vs_NP","Met+Bac",303,0.693,0.866666666666667
"PE_vs_NP","Met+Bac",303,0.694,0.866666666666667
"PE_vs_NP","Met+Bac",303,0.695,0.866666666666667
"PE_vs_NP","Met+Bac",303,0.696,0.866666666666667
"PE_vs_NP","Met+Bac",303,0.697,0.866666666666667
"PE_vs_NP","Met+Bac",303,0.698,0.866666666666667
"PE_vs_NP","Met+Bac",303,0.699,0.866666666666667
"PE_vs_NP","Met+Bac",303,0.7,0.866666666666667
"PE_vs_NP","Met+Bac",303,0.701,0.866666666666667
"PE_vs_NP","Met+Bac",303,0.702,0.866666666666667
"PE_vs_NP","Met+Bac",303,0.703,0.866666666666667
"PE_vs_NP","Met+Bac",303,0.704,0.866666666666667
"PE_vs_NP","Met+Bac",303,0.705,0.866666666666667
"PE_vs_NP","Met+Bac",303,0.706,0.866666666666667
"PE_vs_NP","Met+Bac",303,0.707,0.866666666666667
"PE_vs_NP","Met+Bac",303,0.708,0.866666666666667
"PE_vs_NP","Met+Bac",303,0.709,0.866666666666667
"PE_vs_NP","Met+Bac",303,0.71,0.866666666666667
"PE_vs_NP","Met+Bac",303,0.711,0.866666666666667
"PE_vs_NP","Met+Bac",303,0.712,0.866666666666667
"PE_vs_NP","Met+Bac",303,0.713,0.866666666666667
"PE_vs_NP","Met+Bac",303,0.714,0.866666666666667
"PE_vs_NP","Met+Bac",303,0.715,0.866666666666667
"PE_vs_NP","Met+Bac",303,0.716,0.866666666666667
"PE_vs_NP","Met+Bac",303,0.717,0.866666666666667
"PE_vs_NP","Met+Bac",303,0.718,0.866666666666667
"PE_vs_NP","Met+Bac",303,0.719,0.866666666666667
"PE_vs_NP","Met+Bac",303,0.72,0.866666666666667
"PE_vs_NP","Met+Bac",303,0.721,0.866666666666667
"PE_vs_NP","Met+Bac",303,0.722,0.866666666666667
"PE_vs_NP","Met+Bac",303,0.723,0.866666666666667
"PE_vs_NP","Met+Bac",303,0.724,0.866666666666667
"PE_vs_NP","Met+Bac",303,0.725,0.866666666666667
"PE_vs_NP","Met+Bac",303,0.726,0.866666666666667
"PE_vs_NP","Met+Bac",303,0.727,0.866666666666667
"PE_vs_NP","Met+Bac",303,0.728,0.866666666666667
"PE_vs_NP","Met+Bac",303,0.729,0.866666666666667
"PE_vs_NP","Met+Bac",303,0.73,0.866666666666667
"PE_vs_NP","Met+Bac",303,0.731,0.866666666666667
"PE_vs_NP","Met+Bac",303,0.732,0.866666666666667
"PE_vs_NP","Met+Bac",303,0.733,0.866666666666667
"PE_vs_NP","Met+Bac",303,0.734,0.866666666666667
"PE_vs_NP","Met+Bac",303,0.735,0.866666666666667
"PE_vs_NP","Met+Bac",303,0.736,0.866666666666667
"PE_vs_NP","Met+Bac",303,0.737,0.866666666666667
"PE_vs_NP","Met+Bac",303,0.738,0.866666666666667
"PE_vs_NP","Met+Bac",303,0.739,0.866666666666667
"PE_vs_NP","Met+Bac",303,0.74,0.866666666666667
"PE_vs_NP","Met+Bac",303,0.741,0.866666666666667
"PE_vs_NP","Met+Bac",303,0.742,0.866666666666667
"PE_vs_NP","Met+Bac",303,0.743,0.866666666666667
"PE_vs_NP","Met+Bac",303,0.744,0.866666666666667
"PE_vs_NP","Met+Bac",303,0.745,0.866666666666667
"PE_vs_NP","Met+Bac",303,0.746,0.866666666666667
"PE_vs_NP","Met+Bac",303,0.747,0.866666666666667
"PE_vs_NP","Met+Bac",303,0.748,0.866666666666667
"PE_vs_NP","Met+Bac",303,0.749,0.866666666666667
"PE_vs_NP","Met+Bac",303,0.75,0.866666666666667
"PE_vs_NP","Met+Bac",303,0.751,0.866666666666667
"PE_vs_NP","Met+Bac",303,0.752,0.866666666666667
"PE_vs_NP","Met+Bac",303,0.753,0.866666666666667
"PE_vs_NP","Met+Bac",303,0.754,0.866666666666667
"PE_vs_NP","Met+Bac",303,0.755,0.866666666666667
"PE_vs_NP","Met+Bac",303,0.756,0.866666666666667
"PE_vs_NP","Met+Bac",303,0.757,0.866666666666667
"PE_vs_NP","Met+Bac",303,0.758,0.866666666666667
"PE_vs_NP","Met+Bac",303,0.759,0.866666666666667
"PE_vs_NP","Met+Bac",303,0.76,0.866666666666667
"PE_vs_NP","Met+Bac",303,0.761,0.866666666666667
"PE_vs_NP","Met+Bac",303,0.762,0.866666666666667
"PE_vs_NP","Met+Bac",303,0.763,0.866666666666667
"PE_vs_NP","Met+Bac",303,0.764,0.866666666666667
"PE_vs_NP","Met+Bac",303,0.765,0.866666666666667
"PE_vs_NP","Met+Bac",303,0.766,0.866666666666667
"PE_vs_NP","Met+Bac",303,0.767,0.866666666666667
"PE_vs_NP","Met+Bac",303,0.768,0.866666666666667
"PE_vs_NP","Met+Bac",303,0.769,0.866666666666667
"PE_vs_NP","Met+Bac",303,0.77,0.866666666666667
"PE_vs_NP","Met+Bac",303,0.771,0.866666666666667
"PE_vs_NP","Met+Bac",303,0.772,0.866666666666667
"PE_vs_NP","Met+Bac",303,0.773,0.866666666666667
"PE_vs_NP","Met+Bac",303,0.774,0.866666666666667
"PE_vs_NP","Met+Bac",303,0.775,0.866666666666667
"PE_vs_NP","Met+Bac",303,0.776,0.866666666666667
"PE_vs_NP","Met+Bac",303,0.777,0.866666666666667
"PE_vs_NP","Met+Bac",303,0.778,0.866666666666667
"PE_vs_NP","Met+Bac",303,0.779,0.866666666666667
"PE_vs_NP","Met+Bac",303,0.78,0.866666666666667
"PE_vs_NP","Met+Bac",303,0.781,0.866666666666667
"PE_vs_NP","Met+Bac",303,0.782,0.866666666666667
"PE_vs_NP","Met+Bac",303,0.783,0.866666666666667
"PE_vs_NP","Met+Bac",303,0.784,0.866666666666667
"PE_vs_NP","Met+Bac",303,0.785,0.866666666666667
"PE_vs_NP","Met+Bac",303,0.786,0.866666666666667
"PE_vs_NP","Met+Bac",303,0.787,0.866666666666667
"PE_vs_NP","Met+Bac",303,0.788,0.866666666666667
"PE_vs_NP","Met+Bac",303,0.789,0.866666666666667
"PE_vs_NP","Met+Bac",303,0.79,0.866666666666667
"PE_vs_NP","Met+Bac",303,0.791,0.866666666666667
"PE_vs_NP","Met+Bac",303,0.792,0.866666666666667
"PE_vs_NP","Met+Bac",303,0.793,0.866666666666667
"PE_vs_NP","Met+Bac",303,0.794,0.866666666666667
"PE_vs_NP","Met+Bac",303,0.795,0.866666666666667
"PE_vs_NP","Met+Bac",303,0.796,0.866666666666667
"PE_vs_NP","Met+Bac",303,0.797,0.866666666666667
"PE_vs_NP","Met+Bac",303,0.798,0.866666666666667
"PE_vs_NP","Met+Bac",303,0.799,0.866666666666667
"PE_vs_NP","Met+Bac",303,0.8,0.866666666666667
"PE_vs_NP","Met+Bac",303,0.801,0.866666666666667
"PE_vs_NP","Met+Bac",303,0.802,0.866666666666667
"PE_vs_NP","Met+Bac",303,0.803,0.866666666666667
"PE_vs_NP","Met+Bac",303,0.804,0.866666666666667
"PE_vs_NP","Met+Bac",303,0.805,0.866666666666667
"PE_vs_NP","Met+Bac",303,0.806,0.866666666666667
"PE_vs_NP","Met+Bac",303,0.807,0.88
"PE_vs_NP","Met+Bac",303,0.808,0.88
"PE_vs_NP","Met+Bac",303,0.809,0.88
"PE_vs_NP","Met+Bac",303,0.81,0.88
"PE_vs_NP","Met+Bac",303,0.811,0.886666666666667
"PE_vs_NP","Met+Bac",303,0.812,0.926666666666667
"PE_vs_NP","Met+Bac",303,0.813,0.926666666666667
"PE_vs_NP","Met+Bac",303,0.814,0.94408
"PE_vs_NP","Met+Bac",303,0.815,0.946666666666667
"PE_vs_NP","Met+Bac",303,0.816,0.946666666666667
"PE_vs_NP","Met+Bac",303,0.817,0.96
"PE_vs_NP","Met+Bac",303,0.818,0.966666666666667
"PE_vs_NP","Met+Bac",303,0.819,0.966666666666667
"PE_vs_NP","Met+Bac",303,0.82,0.966666666666667
"PE_vs_NP","Met+Bac",303,0.821,0.966666666666667
"PE_vs_NP","Met+Bac",303,0.822,0.966666666666667
"PE_vs_NP","Met+Bac",303,0.823,0.966666666666667
"PE_vs_NP","Met+Bac",303,0.824,0.966666666666667
"PE_vs_NP","Met+Bac",303,0.825,0.966666666666667
"PE_vs_NP","Met+Bac",303,0.826,0.966666666666667
"PE_vs_NP","Met+Bac",303,0.827,0.966666666666667
"PE_vs_NP","Met+Bac",303,0.828,0.966666666666667
"PE_vs_NP","Met+Bac",303,0.829,0.966666666666667
"PE_vs_NP","Met+Bac",303,0.83,0.973333333333333
"PE_vs_NP","Met+Bac",303,0.831,0.973333333333333
"PE_vs_NP","Met+Bac",303,0.832,0.98
"PE_vs_NP","Met+Bac",303,0.833,0.98
"PE_vs_NP","Met+Bac",303,0.834,0.98
"PE_vs_NP","Met+Bac",303,0.835,0.98
"PE_vs_NP","Met+Bac",303,0.836,0.98
"PE_vs_NP","Met+Bac",303,0.837,0.98
"PE_vs_NP","Met+Bac",303,0.838,0.98
"PE_vs_NP","Met+Bac",303,0.839,0.98
"PE_vs_NP","Met+Bac",303,0.84,0.98
"PE_vs_NP","Met+Bac",303,0.841,0.986666666666667
"PE_vs_NP","Met+Bac",303,0.842,0.986666666666667
"PE_vs_NP","Met+Bac",303,0.843,0.986666666666667
"PE_vs_NP","Met+Bac",303,0.844,0.986666666666667
"PE_vs_NP","Met+Bac",303,0.845,0.986666666666667
"PE_vs_NP","Met+Bac",303,0.846,0.986666666666667
"PE_vs_NP","Met+Bac",303,0.847,0.986666666666667
"PE_vs_NP","Met+Bac",303,0.848,0.986666666666667
"PE_vs_NP","Met+Bac",303,0.849,0.986666666666667
"PE_vs_NP","Met+Bac",303,0.85,0.986666666666667
"PE_vs_NP","Met+Bac",303,0.851,0.986666666666667
"PE_vs_NP","Met+Bac",303,0.852,0.986666666666667
"PE_vs_NP","Met+Bac",303,0.853,0.986666666666667
"PE_vs_NP","Met+Bac",303,0.854,0.986666666666667
"PE_vs_NP","Met+Bac",303,0.855,0.986666666666667
"PE_vs_NP","Met+Bac",303,0.856,0.986666666666667
"PE_vs_NP","Met+Bac",303,0.857,0.986666666666667
"PE_vs_NP","Met+Bac",303,0.858,0.986666666666667
"PE_vs_NP","Met+Bac",303,0.859,0.993333333333333
"PE_vs_NP","Met+Bac",303,0.86,0.993333333333333
"PE_vs_NP","Met+Bac",303,0.861,1
"PE_vs_NP","Met+Bac",303,0.862,1
"PE_vs_NP","Met+Bac",303,0.863,1
"PE_vs_NP","Met+Bac",303,0.864,1
"PE_vs_NP","Met+Bac",303,0.865,1
"PE_vs_NP","Met+Bac",303,0.866,1
"PE_vs_NP","Met+Bac",303,0.867,1
"PE_vs_NP","Met+Bac",303,0.868,1
"PE_vs_NP","Met+Bac",303,0.869,1
"PE_vs_NP","Met+Bac",303,0.87,1
"PE_vs_NP","Met+Bac",303,0.871,1
"PE_vs_NP","Met+Bac",303,0.872,1
"PE_vs_NP","Met+Bac",303,0.873,1
"PE_vs_NP","Met+Bac",303,0.874,1
"PE_vs_NP","Met+Bac",303,0.875,1
"PE_vs_NP","Met+Bac",303,0.876,1
"PE_vs_NP","Met+Bac",303,0.877,1
"PE_vs_NP","Met+Bac",303,0.878,1
"PE_vs_NP","Met+Bac",303,0.879,1
"PE_vs_NP","Met+Bac",303,0.88,1
"PE_vs_NP","Met+Bac",303,0.881,1
"PE_vs_NP","Met+Bac",303,0.882,1
"PE_vs_NP","Met+Bac",303,0.883,1
"PE_vs_NP","Met+Bac",303,0.884,1
"PE_vs_NP","Met+Bac",303,0.885,1
"PE_vs_NP","Met+Bac",303,0.886,1
"PE_vs_NP","Met+Bac",303,0.887,1
"PE_vs_NP","Met+Bac",303,0.888,1
"PE_vs_NP","Met+Bac",303,0.889,1
"PE_vs_NP","Met+Bac",303,0.89,1
"PE_vs_NP","Met+Bac",303,0.891,1
"PE_vs_NP","Met+Bac",303,0.892,1
"PE_vs_NP","Met+Bac",303,0.893,1
"PE_vs_NP","Met+Bac",303,0.894,1
"PE_vs_NP","Met+Bac",303,0.895,1
"PE_vs_NP","Met+Bac",303,0.896,1
"PE_vs_NP","Met+Bac",303,0.897,1
"PE_vs_NP","Met+Bac",303,0.898,1
"PE_vs_NP","Met+Bac",303,0.899,1
"PE_vs_NP","Met+Bac",303,0.9,1
"PE_vs_NP","Met+Bac",303,0.901,1
"PE_vs_NP","Met+Bac",303,0.902,1
"PE_vs_NP","Met+Bac",303,0.903,1
"PE_vs_NP","Met+Bac",303,0.904,1
"PE_vs_NP","Met+Bac",303,0.905,1
"PE_vs_NP","Met+Bac",303,0.906,1
"PE_vs_NP","Met+Bac",303,0.907,1
"PE_vs_NP","Met+Bac",303,0.908,1
"PE_vs_NP","Met+Bac",303,0.909,1
"PE_vs_NP","Met+Bac",303,0.91,1
"PE_vs_NP","Met+Bac",303,0.911,1
"PE_vs_NP","Met+Bac",303,0.912,1
"PE_vs_NP","Met+Bac",303,0.913,1
"PE_vs_NP","Met+Bac",303,0.914,1
"PE_vs_NP","Met+Bac",303,0.915,1
"PE_vs_NP","Met+Bac",303,0.916,1
"PE_vs_NP","Met+Bac",303,0.917,1
"PE_vs_NP","Met+Bac",303,0.918,1
"PE_vs_NP","Met+Bac",303,0.919,1
"PE_vs_NP","Met+Bac",303,0.92,1
"PE_vs_NP","Met+Bac",303,0.921,1
"PE_vs_NP","Met+Bac",303,0.922,1
"PE_vs_NP","Met+Bac",303,0.923,1
"PE_vs_NP","Met+Bac",303,0.924,1
"PE_vs_NP","Met+Bac",303,0.925,1
"PE_vs_NP","Met+Bac",303,0.926,1
"PE_vs_NP","Met+Bac",303,0.927,1
"PE_vs_NP","Met+Bac",303,0.928,1
"PE_vs_NP","Met+Bac",303,0.929,1
"PE_vs_NP","Met+Bac",303,0.93,1
"PE_vs_NP","Met+Bac",303,0.931,1
"PE_vs_NP","Met+Bac",303,0.932,1
"PE_vs_NP","Met+Bac",303,0.933,1
"PE_vs_NP","Met+Bac",303,0.934,1
"PE_vs_NP","Met+Bac",303,0.935,1
"PE_vs_NP","Met+Bac",303,0.936,1
"PE_vs_NP","Met+Bac",303,0.937,1
"PE_vs_NP","Met+Bac",303,0.938,1
"PE_vs_NP","Met+Bac",303,0.939,1
"PE_vs_NP","Met+Bac",303,0.94,1
"PE_vs_NP","Met+Bac",303,0.941,1
"PE_vs_NP","Met+Bac",303,0.942,1
"PE_vs_NP","Met+Bac",303,0.943,1
"PE_vs_NP","Met+Bac",303,0.944,1
"PE_vs_NP","Met+Bac",303,0.945,1
"PE_vs_NP","Met+Bac",303,0.946,1
"PE_vs_NP","Met+Bac",303,0.947,1
"PE_vs_NP","Met+Bac",303,0.948,1
"PE_vs_NP","Met+Bac",303,0.949,1
"PE_vs_NP","Met+Bac",303,0.95,1
"PE_vs_NP","Met+Bac",303,0.951,1
"PE_vs_NP","Met+Bac",303,0.952,1
"PE_vs_NP","Met+Bac",303,0.953,1
"PE_vs_NP","Met+Bac",303,0.954,1
"PE_vs_NP","Met+Bac",303,0.955,1
"PE_vs_NP","Met+Bac",303,0.956,1
"PE_vs_NP","Met+Bac",303,0.957,1
"PE_vs_NP","Met+Bac",303,0.958,1
"PE_vs_NP","Met+Bac",303,0.959,1
"PE_vs_NP","Met+Bac",303,0.96,1
"PE_vs_NP","Met+Bac",303,0.961,1
"PE_vs_NP","Met+Bac",303,0.962,1
"PE_vs_NP","Met+Bac",303,0.963,1
"PE_vs_NP","Met+Bac",303,0.964,1
"PE_vs_NP","Met+Bac",303,0.965,1
"PE_vs_NP","Met+Bac",303,0.966,1
"PE_vs_NP","Met+Bac",303,0.967,1
"PE_vs_NP","Met+Bac",303,0.968,1
"PE_vs_NP","Met+Bac",303,0.969,1
"PE_vs_NP","Met+Bac",303,0.97,1
"PE_vs_NP","Met+Bac",303,0.971,1
"PE_vs_NP","Met+Bac",303,0.972,1
"PE_vs_NP","Met+Bac",303,0.973,1
"PE_vs_NP","Met+Bac",303,0.974,1
"PE_vs_NP","Met+Bac",303,0.975,1
"PE_vs_NP","Met+Bac",303,0.976,1
"PE_vs_NP","Met+Bac",303,0.977,1
"PE_vs_NP","Met+Bac",303,0.978,1
"PE_vs_NP","Met+Bac",303,0.979,1
"PE_vs_NP","Met+Bac",303,0.98,1
"PE_vs_NP","Met+Bac",303,0.981,1
"PE_vs_NP","Met+Bac",303,0.982,1
"PE_vs_NP","Met+Bac",303,0.983,1
"PE_vs_NP","Met+Bac",303,0.984,1
"PE_vs_NP","Met+Bac",303,0.985,1
"PE_vs_NP","Met+Bac",303,0.986,1
"PE_vs_NP","Met+Bac",303,0.987,1
"PE_vs_NP","Met+Bac",303,0.988,1
"PE_vs_NP","Met+Bac",303,0.989,1
"PE_vs_NP","Met+Bac",303,0.99,1
"PE_vs_NP","Met+Bac",303,0.991,1
"PE_vs_NP","Met+Bac",303,0.992,1
"PE_vs_NP","Met+Bac",303,0.993,1
"PE_vs_NP","Met+Bac",303,0.994,1
"PE_vs_NP","Met+Bac",303,0.995,1
"PE_vs_NP","Met+Bac",303,0.996,1
"PE_vs_NP","Met+Bac",303,0.997,1
"PE_vs_NP","Met+Bac",303,0.998,1
"PE_vs_NP","Met+Bac",303,0.999,1
"PE_vs_NP","Met+Bac",303,1,1
"PE_vs_NP","Multi-Omics",303,0,0
"PE_vs_NP","Multi-Omics",303,0.001,0
"PE_vs_NP","Multi-Omics",303,0.002,0
"PE_vs_NP","Multi-Omics",303,0.003,0
"PE_vs_NP","Multi-Omics",303,0.004,0
"PE_vs_NP","Multi-Omics",303,0.005,0
"PE_vs_NP","Multi-Omics",303,0.006,0
"PE_vs_NP","Multi-Omics",303,0.007,0
"PE_vs_NP","Multi-Omics",303,0.008,0
"PE_vs_NP","Multi-Omics",303,0.009,0
"PE_vs_NP","Multi-Omics",303,0.01,0
"PE_vs_NP","Multi-Omics",303,0.011,0
"PE_vs_NP","Multi-Omics",303,0.012,0
"PE_vs_NP","Multi-Omics",303,0.013,0
"PE_vs_NP","Multi-Omics",303,0.014,0
"PE_vs_NP","Multi-Omics",303,0.015,0
"PE_vs_NP","Multi-Omics",303,0.016,0
"PE_vs_NP","Multi-Omics",303,0.017,0
"PE_vs_NP","Multi-Omics",303,0.018,0
"PE_vs_NP","Multi-Omics",303,0.019,0
"PE_vs_NP","Multi-Omics",303,0.02,0
"PE_vs_NP","Multi-Omics",303,0.021,0
"PE_vs_NP","Multi-Omics",303,0.022,0.0133333333333333
"PE_vs_NP","Multi-Omics",303,0.023,0.0266666666666667
"PE_vs_NP","Multi-Omics",303,0.024,0.0266666666666667
"PE_vs_NP","Multi-Omics",303,0.025,0.0333333333333333
"PE_vs_NP","Multi-Omics",303,0.026,0.0673866666666666
"PE_vs_NP","Multi-Omics",303,0.027,0.0717733333333335
"PE_vs_NP","Multi-Omics",303,0.028,0.08
"PE_vs_NP","Multi-Omics",303,0.029,0.0872133333333334
"PE_vs_NP","Multi-Omics",303,0.03,0.0916000000000003
"PE_vs_NP","Multi-Omics",303,0.031,0.102653333333334
"PE_vs_NP","Multi-Omics",303,0.032,0.120466666666667
"PE_vs_NP","Multi-Omics",303,0.033,0.12595
"PE_vs_NP","Multi-Omics",303,0.034,0.1381
"PE_vs_NP","Multi-Omics",303,0.035,0.14345
"PE_vs_NP","Multi-Omics",303,0.036,0.146008888888889
"PE_vs_NP","Multi-Omics",303,0.037,0.157541111111111
"PE_vs_NP","Multi-Omics",303,0.038,0.164453333333333
"PE_vs_NP","Multi-Omics",303,0.039,0.165915555555556
"PE_vs_NP","Multi-Omics",303,0.04,0.1688
"PE_vs_NP","Multi-Omics",303,0.041,0.173186666666667
"PE_vs_NP","Multi-Omics",303,0.042,0.173333333333333
"PE_vs_NP","Multi-Omics",303,0.043,0.173333333333333
"PE_vs_NP","Multi-Omics",303,0.044,0.173333333333333
"PE_vs_NP","Multi-Omics",303,0.045,0.17435
"PE_vs_NP","Multi-Omics",303,0.046,0.18878
"PE_vs_NP","Multi-Omics",303,0.047,0.189876666666667
"PE_vs_NP","Multi-Omics",303,0.048,0.190973333333333
"PE_vs_NP","Multi-Omics",303,0.049,0.199946666666667
"PE_vs_NP","Multi-Omics",303,0.05,0.204333333333334
"PE_vs_NP","Multi-Omics",303,0.051,0.20779
"PE_vs_NP","Multi-Omics",303,0.052,0.21036
"PE_vs_NP","Multi-Omics",303,0.053,0.211456666666667
"PE_vs_NP","Multi-Omics",303,0.054,0.212553333333333
"PE_vs_NP","Multi-Omics",303,0.055,0.213333333333333
"PE_vs_NP","Multi-Omics",303,0.056,0.213333333333333
"PE_vs_NP","Multi-Omics",303,0.057,0.213333333333333
"PE_vs_NP","Multi-Omics",303,0.058,0.214426666666667
"PE_vs_NP","Multi-Omics",303,0.059,0.218813333333334
"PE_vs_NP","Multi-Omics",303,0.06,0.22
"PE_vs_NP","Multi-Omics",303,0.061,0.22
"PE_vs_NP","Multi-Omics",303,0.062,0.22
"PE_vs_NP","Multi-Omics",303,0.063,0.223026666666666
"PE_vs_NP","Multi-Omics",303,0.064,0.226666666666667
"PE_vs_NP","Multi-Omics",303,0.065,0.226666666666667
"PE_vs_NP","Multi-Omics",303,0.066,0.226666666666667
"PE_vs_NP","Multi-Omics",303,0.067,0.22724
"PE_vs_NP","Multi-Omics",303,0.068,0.231626666666667
"PE_vs_NP","Multi-Omics",303,0.069,0.233869333333333
"PE_vs_NP","Multi-Omics",303,0.07,0.235146666666667
"PE_vs_NP","Multi-Omics",303,0.071,0.240410666666666
"PE_vs_NP","Multi-Omics",303,0.072,0.243168
"PE_vs_NP","Multi-Omics",303,0.073,0.244045333333333
"PE_vs_NP","Multi-Omics",303,0.074,0.244922666666667
"PE_vs_NP","Multi-Omics",303,0.075,0.246966666666666
"PE_vs_NP","Multi-Omics",303,0.076,0.250026666666667
"PE_vs_NP","Multi-Omics",303,0.077,0.25222
"PE_vs_NP","Multi-Omics",303,0.078,0.253873333333333
"PE_vs_NP","Multi-Omics",303,0.079,0.25497
"PE_vs_NP","Multi-Omics",303,0.08,0.256066666666667
"PE_vs_NP","Multi-Omics",303,0.081,0.257163333333333
"PE_vs_NP","Multi-Omics",303,0.082,0.25826
"PE_vs_NP","Multi-Omics",303,0.083,0.259356666666667
"PE_vs_NP","Multi-Omics",303,0.084,0.26
"PE_vs_NP","Multi-Omics",303,0.085,0.26
"PE_vs_NP","Multi-Omics",303,0.086,0.26
"PE_vs_NP","Multi-Omics",303,0.087,0.26
"PE_vs_NP","Multi-Omics",303,0.088,0.26
"PE_vs_NP","Multi-Omics",303,0.089,0.26
"PE_vs_NP","Multi-Omics",303,0.09,0.26
"PE_vs_NP","Multi-Omics",303,0.091,0.26
"PE_vs_NP","Multi-Omics",303,0.092,0.26
"PE_vs_NP","Multi-Omics",303,0.093,0.26
"PE_vs_NP","Multi-Omics",303,0.094,0.26
"PE_vs_NP","Multi-Omics",303,0.095,0.261133333333333
"PE_vs_NP","Multi-Omics",303,0.096,0.262595555555555
"PE_vs_NP","Multi-Omics",303,0.097,0.264057777777778
"PE_vs_NP","Multi-Omics",303,0.098,0.26552
"PE_vs_NP","Multi-Omics",303,0.099,0.266666666666667
"PE_vs_NP","Multi-Omics",303,0.1,0.266666666666667
"PE_vs_NP","Multi-Omics",303,0.101,0.266666666666667
"PE_vs_NP","Multi-Omics",303,0.102,0.266666666666667
"PE_vs_NP","Multi-Omics",303,0.103,0.266666666666667
"PE_vs_NP","Multi-Omics",303,0.104,0.266666666666667
"PE_vs_NP","Multi-Omics",303,0.105,0.266666666666667
"PE_vs_NP","Multi-Omics",303,0.106,0.266666666666667
"PE_vs_NP","Multi-Omics",303,0.107,0.266666666666667
"PE_vs_NP","Multi-Omics",303,0.108,0.266666666666667
"PE_vs_NP","Multi-Omics",303,0.109,0.266666666666667
"PE_vs_NP","Multi-Omics",303,0.11,0.266666666666667
"PE_vs_NP","Multi-Omics",303,0.111,0.266666666666667
"PE_vs_NP","Multi-Omics",303,0.112,0.266666666666667
"PE_vs_NP","Multi-Omics",303,0.113,0.266666666666667
"PE_vs_NP","Multi-Omics",303,0.114,0.266666666666667
"PE_vs_NP","Multi-Omics",303,0.115,0.266666666666667
"PE_vs_NP","Multi-Omics",303,0.116,0.266666666666667
"PE_vs_NP","Multi-Omics",303,0.117,0.266666666666667
"PE_vs_NP","Multi-Omics",303,0.118,0.27096
"PE_vs_NP","Multi-Omics",303,0.119,0.275346666666667
"PE_vs_NP","Multi-Omics",303,0.12,0.279733333333333
"PE_vs_NP","Multi-Omics",303,0.121,0.28
"PE_vs_NP","Multi-Omics",303,0.122,0.28
"PE_vs_NP","Multi-Omics",303,0.123,0.28
"PE_vs_NP","Multi-Omics",303,0.124,0.28056380952381
"PE_vs_NP","Multi-Omics",303,0.125,0.281428571428571
"PE_vs_NP","Multi-Omics",303,0.126,0.282681904761905
"PE_vs_NP","Multi-Omics",303,0.127,0.287708571428571
"PE_vs_NP","Multi-Omics",303,0.128,0.292601904761905
"PE_vs_NP","Multi-Omics",303,0.129,0.296048571428571
"PE_vs_NP","Multi-Omics",303,0.13,0.299495238095238
"PE_vs_NP","Multi-Omics",303,0.131,0.302281904761905
"PE_vs_NP","Multi-Omics",303,0.132,0.303535238095238
"PE_vs_NP","Multi-Omics",303,0.133,0.304788571428571
"PE_vs_NP","Multi-Omics",303,0.134,0.307129004329004
"PE_vs_NP","Multi-Omics",303,0.135,0.312541125541126
"PE_vs_NP","Multi-Omics",303,0.136,0.314235151515152
"PE_vs_NP","Multi-Omics",303,0.137,0.314633939393939
"PE_vs_NP","Multi-Omics",303,0.138,0.315032727272727
"PE_vs_NP","Multi-Omics",303,0.139,0.315431515151515
"PE_vs_NP","Multi-Omics",303,0.14,0.315830303030303
"PE_vs_NP","Multi-Omics",303,0.141,0.316229090909091
"PE_vs_NP","Multi-Omics",303,0.142,0.317596767676768
"PE_vs_NP","Multi-Omics",303,0.143,0.319457777777778
"PE_vs_NP","Multi-Omics",303,0.144,0.321318787878788
"PE_vs_NP","Multi-Omics",303,0.145,0.324546464646465
"PE_vs_NP","Multi-Omics",303,0.146,0.328600808080808
"PE_vs_NP","Multi-Omics",303,0.147,0.332655151515152
"PE_vs_NP","Multi-Omics",303,0.148,0.335429494949495
"PE_vs_NP","Multi-Omics",303,0.149,0.337290505050505
"PE_vs_NP","Multi-Omics",303,0.15,0.339151515151515
"PE_vs_NP","Multi-Omics",303,0.151,0.34
"PE_vs_NP","Multi-Omics",303,0.152,0.34
"PE_vs_NP","Multi-Omics",303,0.153,0.34
"PE_vs_NP","Multi-Omics",303,0.154,0.34
"PE_vs_NP","Multi-Omics",303,0.155,0.34
"PE_vs_NP","Multi-Omics",303,0.156,0.34
"PE_vs_NP","Multi-Omics",303,0.157,0.346666666666667
"PE_vs_NP","Multi-Omics",303,0.158,0.346666666666667
"PE_vs_NP","Multi-Omics",303,0.159,0.348048888888889
"PE_vs_NP","Multi-Omics",303,0.16,0.350444444444445
"PE_vs_NP","Multi-Omics",303,0.161,0.3541
"PE_vs_NP","Multi-Omics",303,0.162,0.358550222222222
"PE_vs_NP","Multi-Omics",303,0.163,0.361672
"PE_vs_NP","Multi-Omics",303,0.164,0.362549333333333
"PE_vs_NP","Multi-Omics",303,0.165,0.367226666666667
"PE_vs_NP","Multi-Omics",303,0.166,0.370970666666667
"PE_vs_NP","Multi-Omics",303,0.167,0.371848
"PE_vs_NP","Multi-Omics",303,0.168,0.373632
"PE_vs_NP","Multi-Omics",303,0.169,0.375336666666667
"PE_vs_NP","Multi-Omics",303,0.17,0.376433333333333
"PE_vs_NP","Multi-Omics",303,0.171,0.37753
"PE_vs_NP","Multi-Omics",303,0.172,0.379017777777778
"PE_vs_NP","Multi-Omics",303,0.173,0.381576666666667
"PE_vs_NP","Multi-Omics",303,0.174,0.383315555555556
"PE_vs_NP","Multi-Omics",303,0.175,0.384777777777778
"PE_vs_NP","Multi-Omics",303,0.176,0.38624
"PE_vs_NP","Multi-Omics",303,0.177,0.395922222222222
"PE_vs_NP","Multi-Omics",303,0.178,0.399991111111111
"PE_vs_NP","Multi-Omics",303,0.179,0.40584
"PE_vs_NP","Multi-Omics",303,0.18,0.410222222222222
"PE_vs_NP","Multi-Omics",303,0.181,0.413986666666667
"PE_vs_NP","Multi-Omics",303,0.182,0.418373333333333
"PE_vs_NP","Multi-Omics",303,0.183,0.42276
"PE_vs_NP","Multi-Omics",303,0.184,0.426666666666667
"PE_vs_NP","Multi-Omics",303,0.185,0.426666666666667
"PE_vs_NP","Multi-Omics",303,0.186,0.42796
"PE_vs_NP","Multi-Omics",303,0.187,0.430153333333333
"PE_vs_NP","Multi-Omics",303,0.188,0.432346666666667
"PE_vs_NP","Multi-Omics",303,0.189,0.433333333333333
"PE_vs_NP","Multi-Omics",303,0.19,0.433333333333333
"PE_vs_NP","Multi-Omics",303,0.191,0.433333333333333
"PE_vs_NP","Multi-Omics",303,0.192,0.434453333333333
"PE_vs_NP","Multi-Omics",303,0.193,0.436646666666667
"PE_vs_NP","Multi-Omics",303,0.194,0.443186666666666
"PE_vs_NP","Multi-Omics",303,0.195,0.44925
"PE_vs_NP","Multi-Omics",303,0.196,0.454733333333333
"PE_vs_NP","Multi-Omics",303,0.197,0.456043333333333
"PE_vs_NP","Multi-Omics",303,0.198,0.457771111111111
"PE_vs_NP","Multi-Omics",303,0.199,0.46033
"PE_vs_NP","Multi-Omics",303,0.2,0.462888888888889
"PE_vs_NP","Multi-Omics",303,0.201,0.465017777777778
"PE_vs_NP","Multi-Omics",303,0.202,0.46648
"PE_vs_NP","Multi-Omics",303,0.203,0.466666666666667
"PE_vs_NP","Multi-Omics",303,0.204,0.466666666666667
"PE_vs_NP","Multi-Omics",303,0.205,0.466666666666667
"PE_vs_NP","Multi-Omics",303,0.206,0.47032
"PE_vs_NP","Multi-Omics",303,0.207,0.473333333333333
"PE_vs_NP","Multi-Omics",303,0.208,0.473333333333333
"PE_vs_NP","Multi-Omics",303,0.209,0.473333333333333
"PE_vs_NP","Multi-Omics",303,0.21,0.474533333333333
"PE_vs_NP","Multi-Omics",303,0.211,0.47892
"PE_vs_NP","Multi-Omics",303,0.212,0.48
"PE_vs_NP","Multi-Omics",303,0.213,0.48718
"PE_vs_NP","Multi-Omics",303,0.214,0.489373333333333
"PE_vs_NP","Multi-Omics",303,0.215,0.491566666666667
"PE_vs_NP","Multi-Omics",303,0.216,0.493333333333333
"PE_vs_NP","Multi-Omics",303,0.217,0.493333333333333
"PE_vs_NP","Multi-Omics",303,0.218,0.496293333333333
"PE_vs_NP","Multi-Omics",303,0.219,0.5
"PE_vs_NP","Multi-Omics",303,0.22,0.5
"PE_vs_NP","Multi-Omics",303,0.221,0.5
"PE_vs_NP","Multi-Omics",303,0.222,0.5
"PE_vs_NP","Multi-Omics",303,0.223,0.5
"PE_vs_NP","Multi-Omics",303,0.224,0.506666666666667
"PE_vs_NP","Multi-Omics",303,0.225,0.506666666666667
"PE_vs_NP","Multi-Omics",303,0.226,0.506666666666667
"PE_vs_NP","Multi-Omics",303,0.227,0.506666666666667
"PE_vs_NP","Multi-Omics",303,0.228,0.513333333333333
"PE_vs_NP","Multi-Omics",303,0.229,0.513333333333333
"PE_vs_NP","Multi-Omics",303,0.23,0.513333333333333
"PE_vs_NP","Multi-Omics",303,0.231,0.513333333333333
"PE_vs_NP","Multi-Omics",303,0.232,0.513333333333333
"PE_vs_NP","Multi-Omics",303,0.233,0.515426666666667
"PE_vs_NP","Multi-Omics",303,0.234,0.519813333333333
"PE_vs_NP","Multi-Omics",303,0.235,0.52
"PE_vs_NP","Multi-Omics",303,0.236,0.52
"PE_vs_NP","Multi-Omics",303,0.237,0.52
"PE_vs_NP","Multi-Omics",303,0.238,0.530693333333333
"PE_vs_NP","Multi-Omics",303,0.239,0.533333333333333
"PE_vs_NP","Multi-Omics",303,0.24,0.533333333333333
"PE_vs_NP","Multi-Omics",303,0.241,0.533333333333333
"PE_vs_NP","Multi-Omics",303,0.242,0.54
"PE_vs_NP","Multi-Omics",303,0.243,0.54
"PE_vs_NP","Multi-Omics",303,0.244,0.54
"PE_vs_NP","Multi-Omics",303,0.245,0.5614
"PE_vs_NP","Multi-Omics",303,0.246,0.565786666666667
"PE_vs_NP","Multi-Omics",303,0.247,0.573333333333333
"PE_vs_NP","Multi-Omics",303,0.248,0.573333333333333
"PE_vs_NP","Multi-Omics",303,0.249,0.573333333333333
"PE_vs_NP","Multi-Omics",303,0.25,0.573333333333333
"PE_vs_NP","Multi-Omics",303,0.251,0.580526666666667
"PE_vs_NP","Multi-Omics",303,0.252,0.58272
"PE_vs_NP","Multi-Omics",303,0.253,0.588073333333333
"PE_vs_NP","Multi-Omics",303,0.254,0.60088
"PE_vs_NP","Multi-Omics",303,0.255,0.605266666666667
"PE_vs_NP","Multi-Omics",303,0.256,0.606666666666667
"PE_vs_NP","Multi-Omics",303,0.257,0.606666666666667
"PE_vs_NP","Multi-Omics",303,0.258,0.606666666666667
"PE_vs_NP","Multi-Omics",303,0.259,0.608073333333333
"PE_vs_NP","Multi-Omics",303,0.26,0.610266666666667
"PE_vs_NP","Multi-Omics",303,0.261,0.61246
"PE_vs_NP","Multi-Omics",303,0.262,0.613333333333333
"PE_vs_NP","Multi-Omics",303,0.263,0.613693333333333
"PE_vs_NP","Multi-Omics",303,0.264,0.61808
"PE_vs_NP","Multi-Omics",303,0.265,0.62
"PE_vs_NP","Multi-Omics",303,0.266,0.626853333333333
"PE_vs_NP","Multi-Omics",303,0.267,0.63124
"PE_vs_NP","Multi-Omics",303,0.268,0.64
"PE_vs_NP","Multi-Omics",303,0.269,0.64
"PE_vs_NP","Multi-Omics",303,0.27,0.64
"PE_vs_NP","Multi-Omics",303,0.271,0.64212
"PE_vs_NP","Multi-Omics",303,0.272,0.646506666666666
"PE_vs_NP","Multi-Omics",303,0.273,0.659346666666667
"PE_vs_NP","Multi-Omics",303,0.274,0.673333333333333
"PE_vs_NP","Multi-Omics",303,0.275,0.673333333333333
"PE_vs_NP","Multi-Omics",303,0.276,0.68
"PE_vs_NP","Multi-Omics",303,0.277,0.68
"PE_vs_NP","Multi-Omics",303,0.278,0.68
"PE_vs_NP","Multi-Omics",303,0.279,0.68
"PE_vs_NP","Multi-Omics",303,0.28,0.68
"PE_vs_NP","Multi-Omics",303,0.281,0.68
"PE_vs_NP","Multi-Omics",303,0.282,0.68
"PE_vs_NP","Multi-Omics",303,0.283,0.680475555555556
"PE_vs_NP","Multi-Omics",303,0.284,0.681937777777778
"PE_vs_NP","Multi-Omics",303,0.285,0.6834
"PE_vs_NP","Multi-Omics",303,0.286,0.686115555555556
"PE_vs_NP","Multi-Omics",303,0.287,0.691964444444444
"PE_vs_NP","Multi-Omics",303,0.288,0.693333333333333
"PE_vs_NP","Multi-Omics",303,0.289,0.693333333333333
"PE_vs_NP","Multi-Omics",303,0.29,0.693333333333333
"PE_vs_NP","Multi-Omics",303,0.291,0.693333333333333
"PE_vs_NP","Multi-Omics",303,0.292,0.693333333333333
"PE_vs_NP","Multi-Omics",303,0.293,0.693333333333333
"PE_vs_NP","Multi-Omics",303,0.294,0.696346666666667
"PE_vs_NP","Multi-Omics",303,0.295,0.700733333333333
"PE_vs_NP","Multi-Omics",303,0.296,0.70512
"PE_vs_NP","Multi-Omics",303,0.297,0.706666666666667
"PE_vs_NP","Multi-Omics",303,0.298,0.706666666666667
"PE_vs_NP","Multi-Omics",303,0.299,0.706666666666667
"PE_vs_NP","Multi-Omics",303,0.3,0.706666666666667
"PE_vs_NP","Multi-Omics",303,0.301,0.706666666666667
"PE_vs_NP","Multi-Omics",303,0.302,0.706666666666667
"PE_vs_NP","Multi-Omics",303,0.303,0.706666666666667
"PE_vs_NP","Multi-Omics",303,0.304,0.706666666666667
"PE_vs_NP","Multi-Omics",303,0.305,0.706666666666667
"PE_vs_NP","Multi-Omics",303,0.306,0.706666666666667
"PE_vs_NP","Multi-Omics",303,0.307,0.706666666666667
"PE_vs_NP","Multi-Omics",303,0.308,0.706666666666667
"PE_vs_NP","Multi-Omics",303,0.309,0.706666666666667
"PE_vs_NP","Multi-Omics",303,0.31,0.706666666666667
"PE_vs_NP","Multi-Omics",303,0.311,0.706666666666667
"PE_vs_NP","Multi-Omics",303,0.312,0.70864
"PE_vs_NP","Multi-Omics",303,0.313,0.713026666666667
"PE_vs_NP","Multi-Omics",303,0.314,0.713333333333333
"PE_vs_NP","Multi-Omics",303,0.315,0.713333333333333
"PE_vs_NP","Multi-Omics",303,0.316,0.713333333333333
"PE_vs_NP","Multi-Omics",303,0.317,0.713333333333333
"PE_vs_NP","Multi-Omics",303,0.318,0.713333333333333
"PE_vs_NP","Multi-Omics",303,0.319,0.713333333333333
"PE_vs_NP","Multi-Omics",303,0.32,0.713333333333333
"PE_vs_NP","Multi-Omics",303,0.321,0.713333333333333
"PE_vs_NP","Multi-Omics",303,0.322,0.713333333333333
"PE_vs_NP","Multi-Omics",303,0.323,0.713333333333333
"PE_vs_NP","Multi-Omics",303,0.324,0.713973333333333
"PE_vs_NP","Multi-Omics",303,0.325,0.716166666666667
"PE_vs_NP","Multi-Omics",303,0.326,0.719037333333334
"PE_vs_NP","Multi-Omics",303,0.327,0.721554666666667
"PE_vs_NP","Multi-Omics",303,0.328,0.722432
"PE_vs_NP","Multi-Omics",303,0.329,0.724112666666667
"PE_vs_NP","Multi-Omics",303,0.33,0.726086666666667
"PE_vs_NP","Multi-Omics",303,0.331,0.728060666666667
"PE_vs_NP","Multi-Omics",303,0.332,0.730034666666667
"PE_vs_NP","Multi-Omics",303,0.333,0.731856666666667
"PE_vs_NP","Multi-Omics",303,0.334,0.732953333333333
"PE_vs_NP","Multi-Omics",303,0.335,0.733333333333333
"PE_vs_NP","Multi-Omics",303,0.336,0.733333333333333
"PE_vs_NP","Multi-Omics",303,0.337,0.733333333333333
"PE_vs_NP","Multi-Omics",303,0.338,0.733333333333333
"PE_vs_NP","Multi-Omics",303,0.339,0.733333333333333
"PE_vs_NP","Multi-Omics",303,0.34,0.733333333333333
"PE_vs_NP","Multi-Omics",303,0.341,0.733333333333333
"PE_vs_NP","Multi-Omics",303,0.342,0.733333333333333
"PE_vs_NP","Multi-Omics",303,0.343,0.733333333333333
"PE_vs_NP","Multi-Omics",303,0.344,0.733668571428571
"PE_vs_NP","Multi-Omics",303,0.345,0.734308571428571
"PE_vs_NP","Multi-Omics",303,0.346,0.735812571428572
"PE_vs_NP","Multi-Omics",303,0.347,0.737316571428571
"PE_vs_NP","Multi-Omics",303,0.348,0.738820571428572
"PE_vs_NP","Multi-Omics",303,0.349,0.740800126984127
"PE_vs_NP","Multi-Omics",303,0.35,0.742791534391535
"PE_vs_NP","Multi-Omics",303,0.351,0.744782941798942
"PE_vs_NP","Multi-Omics",303,0.352,0.746774349206349
"PE_vs_NP","Multi-Omics",303,0.353,0.748400423280423
"PE_vs_NP","Multi-Omics",303,0.354,0.749514497354497
"PE_vs_NP","Multi-Omics",303,0.355,0.750066666666667
"PE_vs_NP","Multi-Omics",303,0.356,0.750554074074074
"PE_vs_NP","Multi-Omics",303,0.357,0.751041481481481
"PE_vs_NP","Multi-Omics",303,0.358,0.751528888888889
"PE_vs_NP","Multi-Omics",303,0.359,0.752016296296296
"PE_vs_NP","Multi-Omics",303,0.36,0.752503703703704
"PE_vs_NP","Multi-Omics",303,0.361,0.752991111111111
"PE_vs_NP","Multi-Omics",303,0.362,0.75366
"PE_vs_NP","Multi-Omics",303,0.363,0.754756666666667
"PE_vs_NP","Multi-Omics",303,0.364,0.755853333333333
"PE_vs_NP","Multi-Omics",303,0.365,0.75695
"PE_vs_NP","Multi-Omics",303,0.366,0.758046666666667
"PE_vs_NP","Multi-Omics",303,0.367,0.759143333333333
"PE_vs_NP","Multi-Omics",303,0.368,0.76
"PE_vs_NP","Multi-Omics",303,0.369,0.76
"PE_vs_NP","Multi-Omics",303,0.37,0.76
"PE_vs_NP","Multi-Omics",303,0.371,0.76
"PE_vs_NP","Multi-Omics",303,0.372,0.76
"PE_vs_NP","Multi-Omics",303,0.373,0.76
"PE_vs_NP","Multi-Omics",303,0.374,0.760613333333333
"PE_vs_NP","Multi-Omics",303,0.375,0.765
"PE_vs_NP","Multi-Omics",303,0.376,0.766666666666667
"PE_vs_NP","Multi-Omics",303,0.377,0.766666666666667
"PE_vs_NP","Multi-Omics",303,0.378,0.766666666666667
"PE_vs_NP","Multi-Omics",303,0.379,0.766666666666667
"PE_vs_NP","Multi-Omics",303,0.38,0.766666666666667
"PE_vs_NP","Multi-Omics",303,0.381,0.766666666666667
"PE_vs_NP","Multi-Omics",303,0.382,0.767005714285714
"PE_vs_NP","Multi-Omics",303,0.383,0.767632380952381
"PE_vs_NP","Multi-Omics",303,0.384,0.768259047619048
"PE_vs_NP","Multi-Omics",303,0.385,0.768885714285714
"PE_vs_NP","Multi-Omics",303,0.386,0.769512380952381
"PE_vs_NP","Multi-Omics",303,0.387,0.770139047619048
"PE_vs_NP","Multi-Omics",303,0.388,0.77144126984127
"PE_vs_NP","Multi-Omics",303,0.389,0.773530158730159
"PE_vs_NP","Multi-Omics",303,0.39,0.775619047619048
"PE_vs_NP","Multi-Omics",303,0.391,0.777707936507936
"PE_vs_NP","Multi-Omics",303,0.392,0.779796825396825
"PE_vs_NP","Multi-Omics",303,0.393,0.78
"PE_vs_NP","Multi-Omics",303,0.394,0.78
"PE_vs_NP","Multi-Omics",303,0.395,0.78
"PE_vs_NP","Multi-Omics",303,0.396,0.781893333333333
"PE_vs_NP","Multi-Omics",303,0.397,0.784588888888889
"PE_vs_NP","Multi-Omics",303,0.398,0.788244444444445
"PE_vs_NP","Multi-Omics",303,0.399,0.790093333333333
"PE_vs_NP","Multi-Omics",303,0.4,0.791555555555556
"PE_vs_NP","Multi-Omics",303,0.401,0.793017777777778
"PE_vs_NP","Multi-Omics",303,0.402,0.793333333333333
"PE_vs_NP","Multi-Omics",303,0.403,0.793333333333333
"PE_vs_NP","Multi-Omics",303,0.404,0.793333333333333
"PE_vs_NP","Multi-Omics",303,0.405,0.793333333333333
"PE_vs_NP","Multi-Omics",303,0.406,0.793333333333333
"PE_vs_NP","Multi-Omics",303,0.407,0.793333333333333
"PE_vs_NP","Multi-Omics",303,0.408,0.793333333333333
"PE_vs_NP","Multi-Omics",303,0.409,0.793333333333333
"PE_vs_NP","Multi-Omics",303,0.41,0.793333333333333
"PE_vs_NP","Multi-Omics",303,0.411,0.793333333333333
"PE_vs_NP","Multi-Omics",303,0.412,0.793333333333333
"PE_vs_NP","Multi-Omics",303,0.413,0.793333333333333
"PE_vs_NP","Multi-Omics",303,0.414,0.793333333333333
"PE_vs_NP","Multi-Omics",303,0.415,0.793566666666667
"PE_vs_NP","Multi-Omics",303,0.416,0.79576
"PE_vs_NP","Multi-Omics",303,0.417,0.797953333333334
"PE_vs_NP","Multi-Omics",303,0.418,0.8
"PE_vs_NP","Multi-Omics",303,0.419,0.8
"PE_vs_NP","Multi-Omics",303,0.42,0.8
"PE_vs_NP","Multi-Omics",303,0.421,0.8
"PE_vs_NP","Multi-Omics",303,0.422,0.8
"PE_vs_NP","Multi-Omics",303,0.423,0.801113333333333
"PE_vs_NP","Multi-Omics",303,0.424,0.803306666666667
"PE_vs_NP","Multi-Omics",303,0.425,0.8055
"PE_vs_NP","Multi-Omics",303,0.426,0.806666666666667
"PE_vs_NP","Multi-Omics",303,0.427,0.806666666666667
"PE_vs_NP","Multi-Omics",303,0.428,0.806666666666667
"PE_vs_NP","Multi-Omics",303,0.429,0.807136666666667
"PE_vs_NP","Multi-Omics",303,0.43,0.808233333333333
"PE_vs_NP","Multi-Omics",303,0.431,0.810924666666667
"PE_vs_NP","Multi-Omics",303,0.432,0.817189333333333
"PE_vs_NP","Multi-Omics",303,0.433,0.828814
"PE_vs_NP","Multi-Omics",303,0.434,0.834718666666666
"PE_vs_NP","Multi-Omics",303,0.435,0.83938
"PE_vs_NP","Multi-Omics",303,0.436,0.843328
"PE_vs_NP","Multi-Omics",303,0.437,0.845456
"PE_vs_NP","Multi-Omics",303,0.438,0.846666666666667
"PE_vs_NP","Multi-Omics",303,0.439,0.846666666666667
"PE_vs_NP","Multi-Omics",303,0.44,0.847533333333333
"PE_vs_NP","Multi-Omics",303,0.441,0.84863
"PE_vs_NP","Multi-Omics",303,0.442,0.849726666666667
"PE_vs_NP","Multi-Omics",303,0.443,0.850823333333333
"PE_vs_NP","Multi-Omics",303,0.444,0.852032592592592
"PE_vs_NP","Multi-Omics",303,0.445,0.853616666666667
"PE_vs_NP","Multi-Omics",303,0.446,0.854420740740741
"PE_vs_NP","Multi-Omics",303,0.447,0.854908148148148
"PE_vs_NP","Multi-Omics",303,0.448,0.855395555555556
"PE_vs_NP","Multi-Omics",303,0.449,0.855882962962963
"PE_vs_NP","Multi-Omics",303,0.45,0.85637037037037
"PE_vs_NP","Multi-Omics",303,0.451,0.856857777777778
"PE_vs_NP","Multi-Omics",303,0.452,0.857345185185185
"PE_vs_NP","Multi-Omics",303,0.453,0.857832592592593
"PE_vs_NP","Multi-Omics",303,0.454,0.85832
"PE_vs_NP","Multi-Omics",303,0.455,0.858807407407407
"PE_vs_NP","Multi-Omics",303,0.456,0.859294814814815
"PE_vs_NP","Multi-Omics",303,0.457,0.859782222222222
"PE_vs_NP","Multi-Omics",303,0.458,0.866666666666667
"PE_vs_NP","Multi-Omics",303,0.459,0.866666666666667
"PE_vs_NP","Multi-Omics",303,0.46,0.866666666666667
"PE_vs_NP","Multi-Omics",303,0.461,0.866666666666667
"PE_vs_NP","Multi-Omics",303,0.462,0.866666666666667
"PE_vs_NP","Multi-Omics",303,0.463,0.866666666666667
"PE_vs_NP","Multi-Omics",303,0.464,0.866666666666667
"PE_vs_NP","Multi-Omics",303,0.465,0.866666666666667
"PE_vs_NP","Multi-Omics",303,0.466,0.866666666666667
"PE_vs_NP","Multi-Omics",303,0.467,0.866666666666667
"PE_vs_NP","Multi-Omics",303,0.468,0.866666666666667
"PE_vs_NP","Multi-Omics",303,0.469,0.866666666666667
"PE_vs_NP","Multi-Omics",303,0.47,0.866666666666667
"PE_vs_NP","Multi-Omics",303,0.471,0.866666666666667
"PE_vs_NP","Multi-Omics",303,0.472,0.866666666666667
"PE_vs_NP","Multi-Omics",303,0.473,0.866666666666667
"PE_vs_NP","Multi-Omics",303,0.474,0.866666666666667
"PE_vs_NP","Multi-Omics",303,0.475,0.866666666666667
"PE_vs_NP","Multi-Omics",303,0.476,0.866666666666667
"PE_vs_NP","Multi-Omics",303,0.477,0.866666666666667
"PE_vs_NP","Multi-Omics",303,0.478,0.866666666666667
"PE_vs_NP","Multi-Omics",303,0.479,0.866666666666667
"PE_vs_NP","Multi-Omics",303,0.48,0.866666666666667
"PE_vs_NP","Multi-Omics",303,0.481,0.866666666666667
"PE_vs_NP","Multi-Omics",303,0.482,0.866666666666667
"PE_vs_NP","Multi-Omics",303,0.483,0.866666666666667
"PE_vs_NP","Multi-Omics",303,0.484,0.866666666666667
"PE_vs_NP","Multi-Omics",303,0.485,0.866666666666667
"PE_vs_NP","Multi-Omics",303,0.486,0.866666666666667
"PE_vs_NP","Multi-Omics",303,0.487,0.866666666666667
"PE_vs_NP","Multi-Omics",303,0.488,0.866666666666667
"PE_vs_NP","Multi-Omics",303,0.489,0.866666666666667
"PE_vs_NP","Multi-Omics",303,0.49,0.866666666666667
"PE_vs_NP","Multi-Omics",303,0.491,0.866666666666667
"PE_vs_NP","Multi-Omics",303,0.492,0.866666666666667
"PE_vs_NP","Multi-Omics",303,0.493,0.866666666666667
"PE_vs_NP","Multi-Omics",303,0.494,0.866666666666667
"PE_vs_NP","Multi-Omics",303,0.495,0.866666666666667
"PE_vs_NP","Multi-Omics",303,0.496,0.866666666666667
"PE_vs_NP","Multi-Omics",303,0.497,0.866666666666667
"PE_vs_NP","Multi-Omics",303,0.498,0.866666666666667
"PE_vs_NP","Multi-Omics",303,0.499,0.866666666666667
"PE_vs_NP","Multi-Omics",303,0.5,0.866666666666667
"PE_vs_NP","Multi-Omics",303,0.501,0.866666666666667
"PE_vs_NP","Multi-Omics",303,0.502,0.866666666666667
"PE_vs_NP","Multi-Omics",303,0.503,0.866666666666667
"PE_vs_NP","Multi-Omics",303,0.504,0.866666666666667
"PE_vs_NP","Multi-Omics",303,0.505,0.866666666666667
"PE_vs_NP","Multi-Omics",303,0.506,0.866666666666667
"PE_vs_NP","Multi-Omics",303,0.507,0.866666666666667
"PE_vs_NP","Multi-Omics",303,0.508,0.866666666666667
"PE_vs_NP","Multi-Omics",303,0.509,0.866666666666667
"PE_vs_NP","Multi-Omics",303,0.51,0.866666666666667
"PE_vs_NP","Multi-Omics",303,0.511,0.866666666666667
"PE_vs_NP","Multi-Omics",303,0.512,0.866666666666667
"PE_vs_NP","Multi-Omics",303,0.513,0.866666666666667
"PE_vs_NP","Multi-Omics",303,0.514,0.866666666666667
"PE_vs_NP","Multi-Omics",303,0.515,0.866666666666667
"PE_vs_NP","Multi-Omics",303,0.516,0.866666666666667
"PE_vs_NP","Multi-Omics",303,0.517,0.866666666666667
"PE_vs_NP","Multi-Omics",303,0.518,0.866666666666667
"PE_vs_NP","Multi-Omics",303,0.519,0.866666666666667
"PE_vs_NP","Multi-Omics",303,0.52,0.866666666666667
"PE_vs_NP","Multi-Omics",303,0.521,0.866666666666667
"PE_vs_NP","Multi-Omics",303,0.522,0.866666666666667
"PE_vs_NP","Multi-Omics",303,0.523,0.866666666666667
"PE_vs_NP","Multi-Omics",303,0.524,0.866666666666667
"PE_vs_NP","Multi-Omics",303,0.525,0.866666666666667
"PE_vs_NP","Multi-Omics",303,0.526,0.866666666666667
"PE_vs_NP","Multi-Omics",303,0.527,0.866666666666667
"PE_vs_NP","Multi-Omics",303,0.528,0.866666666666667
"PE_vs_NP","Multi-Omics",303,0.529,0.866666666666667
"PE_vs_NP","Multi-Omics",303,0.53,0.866666666666667
"PE_vs_NP","Multi-Omics",303,0.531,0.866666666666667
"PE_vs_NP","Multi-Omics",303,0.532,0.866666666666667
"PE_vs_NP","Multi-Omics",303,0.533,0.866666666666667
"PE_vs_NP","Multi-Omics",303,0.534,0.866666666666667
"PE_vs_NP","Multi-Omics",303,0.535,0.866666666666667
"PE_vs_NP","Multi-Omics",303,0.536,0.866666666666667
"PE_vs_NP","Multi-Omics",303,0.537,0.866666666666667
"PE_vs_NP","Multi-Omics",303,0.538,0.866666666666667
"PE_vs_NP","Multi-Omics",303,0.539,0.866666666666667
"PE_vs_NP","Multi-Omics",303,0.54,0.866666666666667
"PE_vs_NP","Multi-Omics",303,0.541,0.866666666666667
"PE_vs_NP","Multi-Omics",303,0.542,0.866666666666667
"PE_vs_NP","Multi-Omics",303,0.543,0.866666666666667
"PE_vs_NP","Multi-Omics",303,0.544,0.866666666666667
"PE_vs_NP","Multi-Omics",303,0.545,0.866666666666667
"PE_vs_NP","Multi-Omics",303,0.546,0.866666666666667
"PE_vs_NP","Multi-Omics",303,0.547,0.866666666666667
"PE_vs_NP","Multi-Omics",303,0.548,0.866666666666667
"PE_vs_NP","Multi-Omics",303,0.549,0.866666666666667
"PE_vs_NP","Multi-Omics",303,0.55,0.866666666666667
"PE_vs_NP","Multi-Omics",303,0.551,0.866666666666667
"PE_vs_NP","Multi-Omics",303,0.552,0.866666666666667
"PE_vs_NP","Multi-Omics",303,0.553,0.866666666666667
"PE_vs_NP","Multi-Omics",303,0.554,0.866666666666667
"PE_vs_NP","Multi-Omics",303,0.555,0.866666666666667
"PE_vs_NP","Multi-Omics",303,0.556,0.866666666666667
"PE_vs_NP","Multi-Omics",303,0.557,0.866666666666667
"PE_vs_NP","Multi-Omics",303,0.558,0.866666666666667
"PE_vs_NP","Multi-Omics",303,0.559,0.866666666666667
"PE_vs_NP","Multi-Omics",303,0.56,0.866666666666667
"PE_vs_NP","Multi-Omics",303,0.561,0.866666666666667
"PE_vs_NP","Multi-Omics",303,0.562,0.866666666666667
"PE_vs_NP","Multi-Omics",303,0.563,0.866666666666667
"PE_vs_NP","Multi-Omics",303,0.564,0.866666666666667
"PE_vs_NP","Multi-Omics",303,0.565,0.866666666666667
"PE_vs_NP","Multi-Omics",303,0.566,0.866666666666667
"PE_vs_NP","Multi-Omics",303,0.567,0.866666666666667
"PE_vs_NP","Multi-Omics",303,0.568,0.866666666666667
"PE_vs_NP","Multi-Omics",303,0.569,0.866666666666667
"PE_vs_NP","Multi-Omics",303,0.57,0.866666666666667
"PE_vs_NP","Multi-Omics",303,0.571,0.866666666666667
"PE_vs_NP","Multi-Omics",303,0.572,0.866666666666667
"PE_vs_NP","Multi-Omics",303,0.573,0.866666666666667
"PE_vs_NP","Multi-Omics",303,0.574,0.866666666666667
"PE_vs_NP","Multi-Omics",303,0.575,0.866666666666667
"PE_vs_NP","Multi-Omics",303,0.576,0.866666666666667
"PE_vs_NP","Multi-Omics",303,0.577,0.866666666666667
"PE_vs_NP","Multi-Omics",303,0.578,0.866666666666667
"PE_vs_NP","Multi-Omics",303,0.579,0.866666666666667
"PE_vs_NP","Multi-Omics",303,0.58,0.866666666666667
"PE_vs_NP","Multi-Omics",303,0.581,0.866666666666667
"PE_vs_NP","Multi-Omics",303,0.582,0.866666666666667
"PE_vs_NP","Multi-Omics",303,0.583,0.866666666666667
"PE_vs_NP","Multi-Omics",303,0.584,0.866666666666667
"PE_vs_NP","Multi-Omics",303,0.585,0.866666666666667
"PE_vs_NP","Multi-Omics",303,0.586,0.866666666666667
"PE_vs_NP","Multi-Omics",303,0.587,0.866666666666667
"PE_vs_NP","Multi-Omics",303,0.588,0.866666666666667
"PE_vs_NP","Multi-Omics",303,0.589,0.866666666666667
"PE_vs_NP","Multi-Omics",303,0.59,0.866666666666667
"PE_vs_NP","Multi-Omics",303,0.591,0.866666666666667
"PE_vs_NP","Multi-Omics",303,0.592,0.866666666666667
"PE_vs_NP","Multi-Omics",303,0.593,0.866666666666667
"PE_vs_NP","Multi-Omics",303,0.594,0.866666666666667
"PE_vs_NP","Multi-Omics",303,0.595,0.866666666666667
"PE_vs_NP","Multi-Omics",303,0.596,0.866666666666667
"PE_vs_NP","Multi-Omics",303,0.597,0.866666666666667
"PE_vs_NP","Multi-Omics",303,0.598,0.866666666666667
"PE_vs_NP","Multi-Omics",303,0.599,0.866666666666667
"PE_vs_NP","Multi-Omics",303,0.6,0.866666666666667
"PE_vs_NP","Multi-Omics",303,0.601,0.866666666666667
"PE_vs_NP","Multi-Omics",303,0.602,0.866666666666667
"PE_vs_NP","Multi-Omics",303,0.603,0.866666666666667
"PE_vs_NP","Multi-Omics",303,0.604,0.866666666666667
"PE_vs_NP","Multi-Omics",303,0.605,0.866666666666667
"PE_vs_NP","Multi-Omics",303,0.606,0.866666666666667
"PE_vs_NP","Multi-Omics",303,0.607,0.866666666666667
"PE_vs_NP","Multi-Omics",303,0.608,0.866666666666667
"PE_vs_NP","Multi-Omics",303,0.609,0.866666666666667
"PE_vs_NP","Multi-Omics",303,0.61,0.866666666666667
"PE_vs_NP","Multi-Omics",303,0.611,0.866666666666667
"PE_vs_NP","Multi-Omics",303,0.612,0.866666666666667
"PE_vs_NP","Multi-Omics",303,0.613,0.866666666666667
"PE_vs_NP","Multi-Omics",303,0.614,0.866666666666667
"PE_vs_NP","Multi-Omics",303,0.615,0.866666666666667
"PE_vs_NP","Multi-Omics",303,0.616,0.866666666666667
"PE_vs_NP","Multi-Omics",303,0.617,0.866666666666667
"PE_vs_NP","Multi-Omics",303,0.618,0.866666666666667
"PE_vs_NP","Multi-Omics",303,0.619,0.866666666666667
"PE_vs_NP","Multi-Omics",303,0.62,0.866666666666667
"PE_vs_NP","Multi-Omics",303,0.621,0.866666666666667
"PE_vs_NP","Multi-Omics",303,0.622,0.866666666666667
"PE_vs_NP","Multi-Omics",303,0.623,0.866666666666667
"PE_vs_NP","Multi-Omics",303,0.624,0.866666666666667
"PE_vs_NP","Multi-Omics",303,0.625,0.866666666666667
"PE_vs_NP","Multi-Omics",303,0.626,0.866666666666667
"PE_vs_NP","Multi-Omics",303,0.627,0.866666666666667
"PE_vs_NP","Multi-Omics",303,0.628,0.866666666666667
"PE_vs_NP","Multi-Omics",303,0.629,0.866666666666667
"PE_vs_NP","Multi-Omics",303,0.63,0.866666666666667
"PE_vs_NP","Multi-Omics",303,0.631,0.866666666666667
"PE_vs_NP","Multi-Omics",303,0.632,0.866666666666667
"PE_vs_NP","Multi-Omics",303,0.633,0.866666666666667
"PE_vs_NP","Multi-Omics",303,0.634,0.866666666666667
"PE_vs_NP","Multi-Omics",303,0.635,0.866666666666667
"PE_vs_NP","Multi-Omics",303,0.636,0.866666666666667
"PE_vs_NP","Multi-Omics",303,0.637,0.866666666666667
"PE_vs_NP","Multi-Omics",303,0.638,0.866666666666667
"PE_vs_NP","Multi-Omics",303,0.639,0.866666666666667
"PE_vs_NP","Multi-Omics",303,0.64,0.866666666666667
"PE_vs_NP","Multi-Omics",303,0.641,0.866666666666667
"PE_vs_NP","Multi-Omics",303,0.642,0.866666666666667
"PE_vs_NP","Multi-Omics",303,0.643,0.866666666666667
"PE_vs_NP","Multi-Omics",303,0.644,0.866666666666667
"PE_vs_NP","Multi-Omics",303,0.645,0.866666666666667
"PE_vs_NP","Multi-Omics",303,0.646,0.866666666666667
"PE_vs_NP","Multi-Omics",303,0.647,0.866666666666667
"PE_vs_NP","Multi-Omics",303,0.648,0.866666666666667
"PE_vs_NP","Multi-Omics",303,0.649,0.866666666666667
"PE_vs_NP","Multi-Omics",303,0.65,0.866666666666667
"PE_vs_NP","Multi-Omics",303,0.651,0.866666666666667
"PE_vs_NP","Multi-Omics",303,0.652,0.866666666666667
"PE_vs_NP","Multi-Omics",303,0.653,0.866666666666667
"PE_vs_NP","Multi-Omics",303,0.654,0.866666666666667
"PE_vs_NP","Multi-Omics",303,0.655,0.866666666666667
"PE_vs_NP","Multi-Omics",303,0.656,0.866666666666667
"PE_vs_NP","Multi-Omics",303,0.657,0.866666666666667
"PE_vs_NP","Multi-Omics",303,0.658,0.866666666666667
"PE_vs_NP","Multi-Omics",303,0.659,0.866666666666667
"PE_vs_NP","Multi-Omics",303,0.66,0.866666666666667
"PE_vs_NP","Multi-Omics",303,0.661,0.866666666666667
"PE_vs_NP","Multi-Omics",303,0.662,0.866666666666667
"PE_vs_NP","Multi-Omics",303,0.663,0.866666666666667
"PE_vs_NP","Multi-Omics",303,0.664,0.866666666666667
"PE_vs_NP","Multi-Omics",303,0.665,0.866666666666667
"PE_vs_NP","Multi-Omics",303,0.666,0.866666666666667
"PE_vs_NP","Multi-Omics",303,0.667,0.866666666666667
"PE_vs_NP","Multi-Omics",303,0.668,0.866666666666667
"PE_vs_NP","Multi-Omics",303,0.669,0.866666666666667
"PE_vs_NP","Multi-Omics",303,0.67,0.866666666666667
"PE_vs_NP","Multi-Omics",303,0.671,0.866666666666667
"PE_vs_NP","Multi-Omics",303,0.672,0.866666666666667
"PE_vs_NP","Multi-Omics",303,0.673,0.866666666666667
"PE_vs_NP","Multi-Omics",303,0.674,0.866666666666667
"PE_vs_NP","Multi-Omics",303,0.675,0.866666666666667
"PE_vs_NP","Multi-Omics",303,0.676,0.866666666666667
"PE_vs_NP","Multi-Omics",303,0.677,0.866666666666667
"PE_vs_NP","Multi-Omics",303,0.678,0.866666666666667
"PE_vs_NP","Multi-Omics",303,0.679,0.866666666666667
"PE_vs_NP","Multi-Omics",303,0.68,0.866666666666667
"PE_vs_NP","Multi-Omics",303,0.681,0.866666666666667
"PE_vs_NP","Multi-Omics",303,0.682,0.866666666666667
"PE_vs_NP","Multi-Omics",303,0.683,0.866666666666667
"PE_vs_NP","Multi-Omics",303,0.684,0.866666666666667
"PE_vs_NP","Multi-Omics",303,0.685,0.866666666666667
"PE_vs_NP","Multi-Omics",303,0.686,0.866666666666667
"PE_vs_NP","Multi-Omics",303,0.687,0.866666666666667
"PE_vs_NP","Multi-Omics",303,0.688,0.866666666666667
"PE_vs_NP","Multi-Omics",303,0.689,0.866666666666667
"PE_vs_NP","Multi-Omics",303,0.69,0.866666666666667
"PE_vs_NP","Multi-Omics",303,0.691,0.866666666666667
"PE_vs_NP","Multi-Omics",303,0.692,0.866666666666667
"PE_vs_NP","Multi-Omics",303,0.693,0.866666666666667
"PE_vs_NP","Multi-Omics",303,0.694,0.866666666666667
"PE_vs_NP","Multi-Omics",303,0.695,0.866666666666667
"PE_vs_NP","Multi-Omics",303,0.696,0.866666666666667
"PE_vs_NP","Multi-Omics",303,0.697,0.866666666666667
"PE_vs_NP","Multi-Omics",303,0.698,0.866666666666667
"PE_vs_NP","Multi-Omics",303,0.699,0.866666666666667
"PE_vs_NP","Multi-Omics",303,0.7,0.866666666666667
"PE_vs_NP","Multi-Omics",303,0.701,0.866666666666667
"PE_vs_NP","Multi-Omics",303,0.702,0.866666666666667
"PE_vs_NP","Multi-Omics",303,0.703,0.866666666666667
"PE_vs_NP","Multi-Omics",303,0.704,0.866666666666667
"PE_vs_NP","Multi-Omics",303,0.705,0.866666666666667
"PE_vs_NP","Multi-Omics",303,0.706,0.866666666666667
"PE_vs_NP","Multi-Omics",303,0.707,0.866666666666667
"PE_vs_NP","Multi-Omics",303,0.708,0.866666666666667
"PE_vs_NP","Multi-Omics",303,0.709,0.866666666666667
"PE_vs_NP","Multi-Omics",303,0.71,0.866666666666667
"PE_vs_NP","Multi-Omics",303,0.711,0.866666666666667
"PE_vs_NP","Multi-Omics",303,0.712,0.866666666666667
"PE_vs_NP","Multi-Omics",303,0.713,0.866666666666667
"PE_vs_NP","Multi-Omics",303,0.714,0.866666666666667
"PE_vs_NP","Multi-Omics",303,0.715,0.866666666666667
"PE_vs_NP","Multi-Omics",303,0.716,0.866666666666667
"PE_vs_NP","Multi-Omics",303,0.717,0.866666666666667
"PE_vs_NP","Multi-Omics",303,0.718,0.866666666666667
"PE_vs_NP","Multi-Omics",303,0.719,0.866666666666667
"PE_vs_NP","Multi-Omics",303,0.72,0.866666666666667
"PE_vs_NP","Multi-Omics",303,0.721,0.866666666666667
"PE_vs_NP","Multi-Omics",303,0.722,0.866666666666667
"PE_vs_NP","Multi-Omics",303,0.723,0.866666666666667
"PE_vs_NP","Multi-Omics",303,0.724,0.866666666666667
"PE_vs_NP","Multi-Omics",303,0.725,0.866666666666667
"PE_vs_NP","Multi-Omics",303,0.726,0.866666666666667
"PE_vs_NP","Multi-Omics",303,0.727,0.866666666666667
"PE_vs_NP","Multi-Omics",303,0.728,0.866666666666667
"PE_vs_NP","Multi-Omics",303,0.729,0.866666666666667
"PE_vs_NP","Multi-Omics",303,0.73,0.866666666666667
"PE_vs_NP","Multi-Omics",303,0.731,0.866666666666667
"PE_vs_NP","Multi-Omics",303,0.732,0.866666666666667
"PE_vs_NP","Multi-Omics",303,0.733,0.866666666666667
"PE_vs_NP","Multi-Omics",303,0.734,0.866666666666667
"PE_vs_NP","Multi-Omics",303,0.735,0.866666666666667
"PE_vs_NP","Multi-Omics",303,0.736,0.866666666666667
"PE_vs_NP","Multi-Omics",303,0.737,0.866666666666667
"PE_vs_NP","Multi-Omics",303,0.738,0.866666666666667
"PE_vs_NP","Multi-Omics",303,0.739,0.866666666666667
"PE_vs_NP","Multi-Omics",303,0.74,0.866666666666667
"PE_vs_NP","Multi-Omics",303,0.741,0.866666666666667
"PE_vs_NP","Multi-Omics",303,0.742,0.866666666666667
"PE_vs_NP","Multi-Omics",303,0.743,0.866666666666667
"PE_vs_NP","Multi-Omics",303,0.744,0.866666666666667
"PE_vs_NP","Multi-Omics",303,0.745,0.866666666666667
"PE_vs_NP","Multi-Omics",303,0.746,0.866666666666667
"PE_vs_NP","Multi-Omics",303,0.747,0.866666666666667
"PE_vs_NP","Multi-Omics",303,0.748,0.866666666666667
"PE_vs_NP","Multi-Omics",303,0.749,0.866666666666667
"PE_vs_NP","Multi-Omics",303,0.75,0.866666666666667
"PE_vs_NP","Multi-Omics",303,0.751,0.866666666666667
"PE_vs_NP","Multi-Omics",303,0.752,0.866666666666667
"PE_vs_NP","Multi-Omics",303,0.753,0.866666666666667
"PE_vs_NP","Multi-Omics",303,0.754,0.866666666666667
"PE_vs_NP","Multi-Omics",303,0.755,0.866666666666667
"PE_vs_NP","Multi-Omics",303,0.756,0.866666666666667
"PE_vs_NP","Multi-Omics",303,0.757,0.866666666666667
"PE_vs_NP","Multi-Omics",303,0.758,0.866666666666667
"PE_vs_NP","Multi-Omics",303,0.759,0.866666666666667
"PE_vs_NP","Multi-Omics",303,0.76,0.866666666666667
"PE_vs_NP","Multi-Omics",303,0.761,0.866666666666667
"PE_vs_NP","Multi-Omics",303,0.762,0.866666666666667
"PE_vs_NP","Multi-Omics",303,0.763,0.866666666666667
"PE_vs_NP","Multi-Omics",303,0.764,0.866666666666667
"PE_vs_NP","Multi-Omics",303,0.765,0.866666666666667
"PE_vs_NP","Multi-Omics",303,0.766,0.866666666666667
"PE_vs_NP","Multi-Omics",303,0.767,0.866666666666667
"PE_vs_NP","Multi-Omics",303,0.768,0.866666666666667
"PE_vs_NP","Multi-Omics",303,0.769,0.866666666666667
"PE_vs_NP","Multi-Omics",303,0.77,0.866666666666667
"PE_vs_NP","Multi-Omics",303,0.771,0.866666666666667
"PE_vs_NP","Multi-Omics",303,0.772,0.866666666666667
"PE_vs_NP","Multi-Omics",303,0.773,0.866666666666667
"PE_vs_NP","Multi-Omics",303,0.774,0.866666666666667
"PE_vs_NP","Multi-Omics",303,0.775,0.866666666666667
"PE_vs_NP","Multi-Omics",303,0.776,0.866666666666667
"PE_vs_NP","Multi-Omics",303,0.777,0.866666666666667
"PE_vs_NP","Multi-Omics",303,0.778,0.866666666666667
"PE_vs_NP","Multi-Omics",303,0.779,0.866666666666667
"PE_vs_NP","Multi-Omics",303,0.78,0.866666666666667
"PE_vs_NP","Multi-Omics",303,0.781,0.866666666666667
"PE_vs_NP","Multi-Omics",303,0.782,0.866666666666667
"PE_vs_NP","Multi-Omics",303,0.783,0.866666666666667
"PE_vs_NP","Multi-Omics",303,0.784,0.866666666666667
"PE_vs_NP","Multi-Omics",303,0.785,0.866666666666667
"PE_vs_NP","Multi-Omics",303,0.786,0.866666666666667
"PE_vs_NP","Multi-Omics",303,0.787,0.866666666666667
"PE_vs_NP","Multi-Omics",303,0.788,0.866666666666667
"PE_vs_NP","Multi-Omics",303,0.789,0.866666666666667
"PE_vs_NP","Multi-Omics",303,0.79,0.866666666666667
"PE_vs_NP","Multi-Omics",303,0.791,0.866666666666667
"PE_vs_NP","Multi-Omics",303,0.792,0.866666666666667
"PE_vs_NP","Multi-Omics",303,0.793,0.866666666666667
"PE_vs_NP","Multi-Omics",303,0.794,0.866666666666667
"PE_vs_NP","Multi-Omics",303,0.795,0.866666666666667
"PE_vs_NP","Multi-Omics",303,0.796,0.866666666666667
"PE_vs_NP","Multi-Omics",303,0.797,0.866666666666667
"PE_vs_NP","Multi-Omics",303,0.798,0.866666666666667
"PE_vs_NP","Multi-Omics",303,0.799,0.866666666666667
"PE_vs_NP","Multi-Omics",303,0.8,0.866666666666667
"PE_vs_NP","Multi-Omics",303,0.801,0.866666666666667
"PE_vs_NP","Multi-Omics",303,0.802,0.866666666666667
"PE_vs_NP","Multi-Omics",303,0.803,0.866666666666667
"PE_vs_NP","Multi-Omics",303,0.804,0.866666666666667
"PE_vs_NP","Multi-Omics",303,0.805,0.866666666666667
"PE_vs_NP","Multi-Omics",303,0.806,0.866666666666667
"PE_vs_NP","Multi-Omics",303,0.807,0.88004
"PE_vs_NP","Multi-Omics",303,0.808,0.884426666666667
"PE_vs_NP","Multi-Omics",303,0.809,0.906666666666667
"PE_vs_NP","Multi-Omics",303,0.81,0.906666666666667
"PE_vs_NP","Multi-Omics",303,0.811,0.926666666666667
"PE_vs_NP","Multi-Omics",303,0.812,0.935306666666667
"PE_vs_NP","Multi-Omics",303,0.813,0.939693333333334
"PE_vs_NP","Multi-Omics",303,0.814,0.946666666666667
"PE_vs_NP","Multi-Omics",303,0.815,0.946666666666667
"PE_vs_NP","Multi-Omics",303,0.816,0.946666666666667
"PE_vs_NP","Multi-Omics",303,0.817,0.946666666666667
"PE_vs_NP","Multi-Omics",303,0.818,0.946666666666667
"PE_vs_NP","Multi-Omics",303,0.819,0.946666666666667
"PE_vs_NP","Multi-Omics",303,0.82,0.953333333333333
"PE_vs_NP","Multi-Omics",303,0.821,0.96
"PE_vs_NP","Multi-Omics",303,0.822,0.96
"PE_vs_NP","Multi-Omics",303,0.823,0.96
"PE_vs_NP","Multi-Omics",303,0.824,0.96
"PE_vs_NP","Multi-Omics",303,0.825,0.96
"PE_vs_NP","Multi-Omics",303,0.826,0.97672
"PE_vs_NP","Multi-Omics",303,0.827,0.98
"PE_vs_NP","Multi-Omics",303,0.828,0.98
"PE_vs_NP","Multi-Omics",303,0.829,0.98
"PE_vs_NP","Multi-Omics",303,0.83,0.98
"PE_vs_NP","Multi-Omics",303,0.831,0.98
"PE_vs_NP","Multi-Omics",303,0.832,0.98
"PE_vs_NP","Multi-Omics",303,0.833,0.98
"PE_vs_NP","Multi-Omics",303,0.834,0.98
"PE_vs_NP","Multi-Omics",303,0.835,0.98
"PE_vs_NP","Multi-Omics",303,0.836,0.98
"PE_vs_NP","Multi-Omics",303,0.837,0.98
"PE_vs_NP","Multi-Omics",303,0.838,0.980673333333333
"PE_vs_NP","Multi-Omics",303,0.839,0.988436666666667
"PE_vs_NP","Multi-Omics",303,0.84,0.989533333333333
"PE_vs_NP","Multi-Omics",303,0.841,0.99063
"PE_vs_NP","Multi-Omics",303,0.842,0.998393333333333
"PE_vs_NP","Multi-Omics",303,0.843,0.99949
"PE_vs_NP","Multi-Omics",303,0.844,1
"PE_vs_NP","Multi-Omics",303,0.845,1
"PE_vs_NP","Multi-Omics",303,0.846,1
"PE_vs_NP","Multi-Omics",303,0.847,1
"PE_vs_NP","Multi-Omics",303,0.848,1
"PE_vs_NP","Multi-Omics",303,0.849,1
"PE_vs_NP","Multi-Omics",303,0.85,1
"PE_vs_NP","Multi-Omics",303,0.851,1
"PE_vs_NP","Multi-Omics",303,0.852,1
"PE_vs_NP","Multi-Omics",303,0.853,1
"PE_vs_NP","Multi-Omics",303,0.854,1
"PE_vs_NP","Multi-Omics",303,0.855,1
"PE_vs_NP","Multi-Omics",303,0.856,1
"PE_vs_NP","Multi-Omics",303,0.857,1
"PE_vs_NP","Multi-Omics",303,0.858,1
"PE_vs_NP","Multi-Omics",303,0.859,1
"PE_vs_NP","Multi-Omics",303,0.86,1
"PE_vs_NP","Multi-Omics",303,0.861,1
"PE_vs_NP","Multi-Omics",303,0.862,1
"PE_vs_NP","Multi-Omics",303,0.863,1
"PE_vs_NP","Multi-Omics",303,0.864,1
"PE_vs_NP","Multi-Omics",303,0.865,1
"PE_vs_NP","Multi-Omics",303,0.866,1
"PE_vs_NP","Multi-Omics",303,0.867,1
"PE_vs_NP","Multi-Omics",303,0.868,1
"PE_vs_NP","Multi-Omics",303,0.869,1
"PE_vs_NP","Multi-Omics",303,0.87,1
"PE_vs_NP","Multi-Omics",303,0.871,1
"PE_vs_NP","Multi-Omics",303,0.872,1
"PE_vs_NP","Multi-Omics",303,0.873,1
"PE_vs_NP","Multi-Omics",303,0.874,1
"PE_vs_NP","Multi-Omics",303,0.875,1
"PE_vs_NP","Multi-Omics",303,0.876,1
"PE_vs_NP","Multi-Omics",303,0.877,1
"PE_vs_NP","Multi-Omics",303,0.878,1
"PE_vs_NP","Multi-Omics",303,0.879,1
"PE_vs_NP","Multi-Omics",303,0.88,1
"PE_vs_NP","Multi-Omics",303,0.881,1
"PE_vs_NP","Multi-Omics",303,0.882,1
"PE_vs_NP","Multi-Omics",303,0.883,1
"PE_vs_NP","Multi-Omics",303,0.884,1
"PE_vs_NP","Multi-Omics",303,0.885,1
"PE_vs_NP","Multi-Omics",303,0.886,1
"PE_vs_NP","Multi-Omics",303,0.887,1
"PE_vs_NP","Multi-Omics",303,0.888,1
"PE_vs_NP","Multi-Omics",303,0.889,1
"PE_vs_NP","Multi-Omics",303,0.89,1
"PE_vs_NP","Multi-Omics",303,0.891,1
"PE_vs_NP","Multi-Omics",303,0.892,1
"PE_vs_NP","Multi-Omics",303,0.893,1
"PE_vs_NP","Multi-Omics",303,0.894,1
"PE_vs_NP","Multi-Omics",303,0.895,1
"PE_vs_NP","Multi-Omics",303,0.896,1
"PE_vs_NP","Multi-Omics",303,0.897,1
"PE_vs_NP","Multi-Omics",303,0.898,1
"PE_vs_NP","Multi-Omics",303,0.899,1
"PE_vs_NP","Multi-Omics",303,0.9,1
"PE_vs_NP","Multi-Omics",303,0.901,1
"PE_vs_NP","Multi-Omics",303,0.902,1
"PE_vs_NP","Multi-Omics",303,0.903,1
"PE_vs_NP","Multi-Omics",303,0.904,1
"PE_vs_NP","Multi-Omics",303,0.905,1
"PE_vs_NP","Multi-Omics",303,0.906,1
"PE_vs_NP","Multi-Omics",303,0.907,1
"PE_vs_NP","Multi-Omics",303,0.908,1
"PE_vs_NP","Multi-Omics",303,0.909,1
"PE_vs_NP","Multi-Omics",303,0.91,1
"PE_vs_NP","Multi-Omics",303,0.911,1
"PE_vs_NP","Multi-Omics",303,0.912,1
"PE_vs_NP","Multi-Omics",303,0.913,1
"PE_vs_NP","Multi-Omics",303,0.914,1
"PE_vs_NP","Multi-Omics",303,0.915,1
"PE_vs_NP","Multi-Omics",303,0.916,1
"PE_vs_NP","Multi-Omics",303,0.917,1
"PE_vs_NP","Multi-Omics",303,0.918,1
"PE_vs_NP","Multi-Omics",303,0.919,1
"PE_vs_NP","Multi-Omics",303,0.92,1
"PE_vs_NP","Multi-Omics",303,0.921,1
"PE_vs_NP","Multi-Omics",303,0.922,1
"PE_vs_NP","Multi-Omics",303,0.923,1
"PE_vs_NP","Multi-Omics",303,0.924,1
"PE_vs_NP","Multi-Omics",303,0.925,1
"PE_vs_NP","Multi-Omics",303,0.926,1
"PE_vs_NP","Multi-Omics",303,0.927,1
"PE_vs_NP","Multi-Omics",303,0.928,1
"PE_vs_NP","Multi-Omics",303,0.929,1
"PE_vs_NP","Multi-Omics",303,0.93,1
"PE_vs_NP","Multi-Omics",303,0.931,1
"PE_vs_NP","Multi-Omics",303,0.932,1
"PE_vs_NP","Multi-Omics",303,0.933,1
"PE_vs_NP","Multi-Omics",303,0.934,1
"PE_vs_NP","Multi-Omics",303,0.935,1
"PE_vs_NP","Multi-Omics",303,0.936,1
"PE_vs_NP","Multi-Omics",303,0.937,1
"PE_vs_NP","Multi-Omics",303,0.938,1
"PE_vs_NP","Multi-Omics",303,0.939,1
"PE_vs_NP","Multi-Omics",303,0.94,1
"PE_vs_NP","Multi-Omics",303,0.941,1
"PE_vs_NP","Multi-Omics",303,0.942,1
"PE_vs_NP","Multi-Omics",303,0.943,1
"PE_vs_NP","Multi-Omics",303,0.944,1
"PE_vs_NP","Multi-Omics",303,0.945,1
"PE_vs_NP","Multi-Omics",303,0.946,1
"PE_vs_NP","Multi-Omics",303,0.947,1
"PE_vs_NP","Multi-Omics",303,0.948,1
"PE_vs_NP","Multi-Omics",303,0.949,1
"PE_vs_NP","Multi-Omics",303,0.95,1
"PE_vs_NP","Multi-Omics",303,0.951,1
"PE_vs_NP","Multi-Omics",303,0.952,1
"PE_vs_NP","Multi-Omics",303,0.953,1
"PE_vs_NP","Multi-Omics",303,0.954,1
"PE_vs_NP","Multi-Omics",303,0.955,1
"PE_vs_NP","Multi-Omics",303,0.956,1
"PE_vs_NP","Multi-Omics",303,0.957,1
"PE_vs_NP","Multi-Omics",303,0.958,1
"PE_vs_NP","Multi-Omics",303,0.959,1
"PE_vs_NP","Multi-Omics",303,0.96,1
"PE_vs_NP","Multi-Omics",303,0.961,1
"PE_vs_NP","Multi-Omics",303,0.962,1
"PE_vs_NP","Multi-Omics",303,0.963,1
"PE_vs_NP","Multi-Omics",303,0.964,1
"PE_vs_NP","Multi-Omics",303,0.965,1
"PE_vs_NP","Multi-Omics",303,0.966,1
"PE_vs_NP","Multi-Omics",303,0.967,1
"PE_vs_NP","Multi-Omics",303,0.968,1
"PE_vs_NP","Multi-Omics",303,0.969,1
"PE_vs_NP","Multi-Omics",303,0.97,1
"PE_vs_NP","Multi-Omics",303,0.971,1
"PE_vs_NP","Multi-Omics",303,0.972,1
"PE_vs_NP","Multi-Omics",303,0.973,1
"PE_vs_NP","Multi-Omics",303,0.974,1
"PE_vs_NP","Multi-Omics",303,0.975,1
"PE_vs_NP","Multi-Omics",303,0.976,1
"PE_vs_NP","Multi-Omics",303,0.977,1
"PE_vs_NP","Multi-Omics",303,0.978,1
"PE_vs_NP","Multi-Omics",303,0.979,1
"PE_vs_NP","Multi-Omics",303,0.98,1
"PE_vs_NP","Multi-Omics",303,0.981,1
"PE_vs_NP","Multi-Omics",303,0.982,1
"PE_vs_NP","Multi-Omics",303,0.983,1
"PE_vs_NP","Multi-Omics",303,0.984,1
"PE_vs_NP","Multi-Omics",303,0.985,1
"PE_vs_NP","Multi-Omics",303,0.986,1
"PE_vs_NP","Multi-Omics",303,0.987,1
"PE_vs_NP","Multi-Omics",303,0.988,1
"PE_vs_NP","Multi-Omics",303,0.989,1
"PE_vs_NP","Multi-Omics",303,0.99,1
"PE_vs_NP","Multi-Omics",303,0.991,1
"PE_vs_NP","Multi-Omics",303,0.992,1
"PE_vs_NP","Multi-Omics",303,0.993,1
"PE_vs_NP","Multi-Omics",303,0.994,1
"PE_vs_NP","Multi-Omics",303,0.995,1
"PE_vs_NP","Multi-Omics",303,0.996,1
"PE_vs_NP","Multi-Omics",303,0.997,1
"PE_vs_NP","Multi-Omics",303,0.998,1
"PE_vs_NP","Multi-Omics",303,0.999,1
"PE_vs_NP","Multi-Omics",303,1,1
"GH_vs_NP","Baseline",303,0,0
"GH_vs_NP","Baseline",303,0.001,0
"GH_vs_NP","Baseline",303,0.002,0
"GH_vs_NP","Baseline",303,0.003,0
"GH_vs_NP","Baseline",303,0.004,0
"GH_vs_NP","Baseline",303,0.005,0
"GH_vs_NP","Baseline",303,0.006,0
"GH_vs_NP","Baseline",303,0.007,0
"GH_vs_NP","Baseline",303,0.008,0
"GH_vs_NP","Baseline",303,0.009,0
"GH_vs_NP","Baseline",303,0.01,0
"GH_vs_NP","Baseline",303,0.011,0
"GH_vs_NP","Baseline",303,0.012,0
"GH_vs_NP","Baseline",303,0.013,0
"GH_vs_NP","Baseline",303,0.014,0
"GH_vs_NP","Baseline",303,0.015,0
"GH_vs_NP","Baseline",303,0.016,0.0272727272727273
"GH_vs_NP","Baseline",303,0.017,0.0363636363636364
"GH_vs_NP","Baseline",303,0.018,0.0363636363636364
"GH_vs_NP","Baseline",303,0.019,0.0424242424242424
"GH_vs_NP","Baseline",303,0.02,0.0606060606060606
"GH_vs_NP","Baseline",303,0.021,0.0606060606060606
"GH_vs_NP","Baseline",303,0.022,0.0606060606060606
"GH_vs_NP","Baseline",303,0.023,0.0606060606060606
"GH_vs_NP","Baseline",303,0.024,0.0606060606060606
"GH_vs_NP","Baseline",303,0.025,0.0606060606060606
"GH_vs_NP","Baseline",303,0.026,0.0636363636363636
"GH_vs_NP","Baseline",303,0.027,0.0636363636363636
"GH_vs_NP","Baseline",303,0.028,0.0666666666666667
"GH_vs_NP","Baseline",303,0.029,0.0696969696969697
"GH_vs_NP","Baseline",303,0.03,0.0696969696969697
"GH_vs_NP","Baseline",303,0.031,0.0696969696969697
"GH_vs_NP","Baseline",303,0.032,0.0727272727272727
"GH_vs_NP","Baseline",303,0.033,0.0727272727272727
"GH_vs_NP","Baseline",303,0.034,0.0757575757575758
"GH_vs_NP","Baseline",303,0.035,0.081909090909091
"GH_vs_NP","Baseline",303,0.036,0.0839030303030304
"GH_vs_NP","Baseline",303,0.037,0.0848484848484849
"GH_vs_NP","Baseline",303,0.038,0.0848484848484849
"GH_vs_NP","Baseline",303,0.039,0.0848484848484849
"GH_vs_NP","Baseline",303,0.04,0.0848484848484849
"GH_vs_NP","Baseline",303,0.041,0.0848484848484849
"GH_vs_NP","Baseline",303,0.042,0.0878787878787879
"GH_vs_NP","Baseline",303,0.043,0.0878787878787879
"GH_vs_NP","Baseline",303,0.044,0.0878787878787879
"GH_vs_NP","Baseline",303,0.045,0.0909090909090909
"GH_vs_NP","Baseline",303,0.046,0.0909090909090909
"GH_vs_NP","Baseline",303,0.047,0.0909090909090909
"GH_vs_NP","Baseline",303,0.048,0.0909090909090909
"GH_vs_NP","Baseline",303,0.049,0.0909090909090909
"GH_vs_NP","Baseline",303,0.05,0.0909090909090909
"GH_vs_NP","Baseline",303,0.051,0.0909090909090909
"GH_vs_NP","Baseline",303,0.052,0.0909090909090909
"GH_vs_NP","Baseline",303,0.053,0.0909090909090909
"GH_vs_NP","Baseline",303,0.054,0.0909090909090909
"GH_vs_NP","Baseline",303,0.055,0.0909090909090909
"GH_vs_NP","Baseline",303,0.056,0.0909090909090909
"GH_vs_NP","Baseline",303,0.057,0.0909090909090909
"GH_vs_NP","Baseline",303,0.058,0.0909090909090909
"GH_vs_NP","Baseline",303,0.059,0.0909090909090909
"GH_vs_NP","Baseline",303,0.06,0.0909090909090909
"GH_vs_NP","Baseline",303,0.061,0.0909090909090909
"GH_vs_NP","Baseline",303,0.062,0.0909090909090909
"GH_vs_NP","Baseline",303,0.063,0.0909090909090909
"GH_vs_NP","Baseline",303,0.064,0.0909090909090909
"GH_vs_NP","Baseline",303,0.065,0.0909090909090909
"GH_vs_NP","Baseline",303,0.066,0.0909090909090909
"GH_vs_NP","Baseline",303,0.067,0.0909090909090909
"GH_vs_NP","Baseline",303,0.068,0.0909090909090909
"GH_vs_NP","Baseline",303,0.069,0.0909090909090909
"GH_vs_NP","Baseline",303,0.07,0.0909090909090909
"GH_vs_NP","Baseline",303,0.071,0.0909090909090909
"GH_vs_NP","Baseline",303,0.072,0.0909090909090909
"GH_vs_NP","Baseline",303,0.073,0.0909090909090909
"GH_vs_NP","Baseline",303,0.074,0.0909090909090909
"GH_vs_NP","Baseline",303,0.075,0.0909090909090909
"GH_vs_NP","Baseline",303,0.076,0.0909090909090909
"GH_vs_NP","Baseline",303,0.077,0.0909090909090909
"GH_vs_NP","Baseline",303,0.078,0.0909090909090909
"GH_vs_NP","Baseline",303,0.079,0.0909090909090909
"GH_vs_NP","Baseline",303,0.08,0.0909090909090909
"GH_vs_NP","Baseline",303,0.081,0.0909090909090909
"GH_vs_NP","Baseline",303,0.082,0.0909090909090909
"GH_vs_NP","Baseline",303,0.083,0.0909090909090909
"GH_vs_NP","Baseline",303,0.084,0.0939393939393939
"GH_vs_NP","Baseline",303,0.085,0.0939393939393939
"GH_vs_NP","Baseline",303,0.086,0.096969696969697
"GH_vs_NP","Baseline",303,0.087,0.1
"GH_vs_NP","Baseline",303,0.088,0.1
"GH_vs_NP","Baseline",303,0.089,0.103030303030303
"GH_vs_NP","Baseline",303,0.09,0.106060606060606
"GH_vs_NP","Baseline",303,0.091,0.106060606060606
"GH_vs_NP","Baseline",303,0.092,0.115151515151515
"GH_vs_NP","Baseline",303,0.093,0.124242424242424
"GH_vs_NP","Baseline",303,0.094,0.124242424242424
"GH_vs_NP","Baseline",303,0.095,0.127272727272727
"GH_vs_NP","Baseline",303,0.096,0.133333333333333
"GH_vs_NP","Baseline",303,0.097,0.133333333333333
"GH_vs_NP","Baseline",303,0.098,0.136363636363636
"GH_vs_NP","Baseline",303,0.099,0.139393939393939
"GH_vs_NP","Baseline",303,0.1,0.139393939393939
"GH_vs_NP","Baseline",303,0.101,0.142424242424242
"GH_vs_NP","Baseline",303,0.102,0.145454545454545
"GH_vs_NP","Baseline",303,0.103,0.145454545454545
"GH_vs_NP","Baseline",303,0.104,0.151515151515152
"GH_vs_NP","Baseline",303,0.105,0.151515151515152
"GH_vs_NP","Baseline",303,0.106,0.151515151515152
"GH_vs_NP","Baseline",303,0.107,0.151515151515152
"GH_vs_NP","Baseline",303,0.108,0.151515151515152
"GH_vs_NP","Baseline",303,0.109,0.151515151515152
"GH_vs_NP","Baseline",303,0.11,0.151515151515152
"GH_vs_NP","Baseline",303,0.111,0.151515151515152
"GH_vs_NP","Baseline",303,0.112,0.151515151515152
"GH_vs_NP","Baseline",303,0.113,0.151515151515152
"GH_vs_NP","Baseline",303,0.114,0.151515151515152
"GH_vs_NP","Baseline",303,0.115,0.151515151515152
"GH_vs_NP","Baseline",303,0.116,0.151515151515152
"GH_vs_NP","Baseline",303,0.117,0.151515151515152
"GH_vs_NP","Baseline",303,0.118,0.151515151515152
"GH_vs_NP","Baseline",303,0.119,0.151515151515152
"GH_vs_NP","Baseline",303,0.12,0.151515151515152
"GH_vs_NP","Baseline",303,0.121,0.151515151515152
"GH_vs_NP","Baseline",303,0.122,0.151515151515152
"GH_vs_NP","Baseline",303,0.123,0.151515151515152
"GH_vs_NP","Baseline",303,0.124,0.151515151515152
"GH_vs_NP","Baseline",303,0.125,0.151515151515152
"GH_vs_NP","Baseline",303,0.126,0.151515151515152
"GH_vs_NP","Baseline",303,0.127,0.151515151515152
"GH_vs_NP","Baseline",303,0.128,0.151515151515152
"GH_vs_NP","Baseline",303,0.129,0.151515151515152
"GH_vs_NP","Baseline",303,0.13,0.151515151515152
"GH_vs_NP","Baseline",303,0.131,0.151515151515152
"GH_vs_NP","Baseline",303,0.132,0.151515151515152
"GH_vs_NP","Baseline",303,0.133,0.151515151515152
"GH_vs_NP","Baseline",303,0.134,0.154545454545455
"GH_vs_NP","Baseline",303,0.135,0.154545454545455
"GH_vs_NP","Baseline",303,0.136,0.154545454545455
"GH_vs_NP","Baseline",303,0.137,0.157575757575758
"GH_vs_NP","Baseline",303,0.138,0.157575757575758
"GH_vs_NP","Baseline",303,0.139,0.157575757575758
"GH_vs_NP","Baseline",303,0.14,0.157575757575758
"GH_vs_NP","Baseline",303,0.141,0.157575757575758
"GH_vs_NP","Baseline",303,0.142,0.15889696969697
"GH_vs_NP","Baseline",303,0.143,0.166666666666667
"GH_vs_NP","Baseline",303,0.144,0.166666666666667
"GH_vs_NP","Baseline",303,0.145,0.166666666666667
"GH_vs_NP","Baseline",303,0.146,0.172727272727273
"GH_vs_NP","Baseline",303,0.147,0.172727272727273
"GH_vs_NP","Baseline",303,0.148,0.172727272727273
"GH_vs_NP","Baseline",303,0.149,0.175757575757576
"GH_vs_NP","Baseline",303,0.15,0.175757575757576
"GH_vs_NP","Baseline",303,0.151,0.178787878787879
"GH_vs_NP","Baseline",303,0.152,0.178787878787879
"GH_vs_NP","Baseline",303,0.153,0.178787878787879
"GH_vs_NP","Baseline",303,0.154,0.185854545454545
"GH_vs_NP","Baseline",303,0.155,0.187848484848485
"GH_vs_NP","Baseline",303,0.156,0.187878787878788
"GH_vs_NP","Baseline",303,0.157,0.190909090909091
"GH_vs_NP","Baseline",303,0.158,0.190909090909091
"GH_vs_NP","Baseline",303,0.159,0.193939393939394
"GH_vs_NP","Baseline",303,0.16,0.196969696969697
"GH_vs_NP","Baseline",303,0.161,0.196969696969697
"GH_vs_NP","Baseline",303,0.162,0.203030303030303
"GH_vs_NP","Baseline",303,0.163,0.203030303030303
"GH_vs_NP","Baseline",303,0.164,0.203030303030303
"GH_vs_NP","Baseline",303,0.165,0.206060606060606
"GH_vs_NP","Baseline",303,0.166,0.209090909090909
"GH_vs_NP","Baseline",303,0.167,0.209090909090909
"GH_vs_NP","Baseline",303,0.168,0.210739393939394
"GH_vs_NP","Baseline",303,0.169,0.215763636363636
"GH_vs_NP","Baseline",303,0.17,0.217757575757576
"GH_vs_NP","Baseline",303,0.171,0.218966666666667
"GH_vs_NP","Baseline",303,0.172,0.226024242424242
"GH_vs_NP","Baseline",303,0.173,0.227021212121212
"GH_vs_NP","Baseline",303,0.174,0.23030303030303
"GH_vs_NP","Baseline",303,0.175,0.230530303030303
"GH_vs_NP","Baseline",303,0.176,0.231527272727273
"GH_vs_NP","Baseline",303,0.177,0.235554545454545
"GH_vs_NP","Baseline",303,0.178,0.239393939393939
"GH_vs_NP","Baseline",303,0.179,0.239393939393939
"GH_vs_NP","Baseline",303,0.18,0.245454545454545
"GH_vs_NP","Baseline",303,0.181,0.248484848484848
"GH_vs_NP","Baseline",303,0.182,0.248484848484848
"GH_vs_NP","Baseline",303,0.183,0.260084848484849
"GH_vs_NP","Baseline",303,0.184,0.263854545454545
"GH_vs_NP","Baseline",303,0.185,0.265848484848485
"GH_vs_NP","Baseline",303,0.186,0.270872727272727
"GH_vs_NP","Baseline",303,0.187,0.272727272727273
"GH_vs_NP","Baseline",303,0.188,0.272727272727273
"GH_vs_NP","Baseline",303,0.189,0.278787878787879
"GH_vs_NP","Baseline",303,0.19,0.278787878787879
"GH_vs_NP","Baseline",303,0.191,0.278787878787879
"GH_vs_NP","Baseline",303,0.192,0.284848484848485
"GH_vs_NP","Baseline",303,0.193,0.284848484848485
"GH_vs_NP","Baseline",303,0.194,0.290909090909091
"GH_vs_NP","Baseline",303,0.195,0.296969696969697
"GH_vs_NP","Baseline",303,0.196,0.296969696969697
"GH_vs_NP","Baseline",303,0.197,0.3
"GH_vs_NP","Baseline",303,0.198,0.303030303030303
"GH_vs_NP","Baseline",303,0.199,0.303030303030303
"GH_vs_NP","Baseline",303,0.2,0.306060606060606
"GH_vs_NP","Baseline",303,0.201,0.312121212121212
"GH_vs_NP","Baseline",303,0.202,0.312121212121212
"GH_vs_NP","Baseline",303,0.203,0.312121212121212
"GH_vs_NP","Baseline",303,0.204,0.315151515151515
"GH_vs_NP","Baseline",303,0.205,0.315151515151515
"GH_vs_NP","Baseline",303,0.206,0.315151515151515
"GH_vs_NP","Baseline",303,0.207,0.318181818181818
"GH_vs_NP","Baseline",303,0.208,0.318181818181818
"GH_vs_NP","Baseline",303,0.209,0.324242424242424
"GH_vs_NP","Baseline",303,0.21,0.327272727272727
"GH_vs_NP","Baseline",303,0.211,0.327272727272727
"GH_vs_NP","Baseline",303,0.212,0.327272727272727
"GH_vs_NP","Baseline",303,0.213,0.33030303030303
"GH_vs_NP","Baseline",303,0.214,0.33030303030303
"GH_vs_NP","Baseline",303,0.215,0.33030303030303
"GH_vs_NP","Baseline",303,0.216,0.33030303030303
"GH_vs_NP","Baseline",303,0.217,0.33030303030303
"GH_vs_NP","Baseline",303,0.218,0.33030303030303
"GH_vs_NP","Baseline",303,0.219,0.33030303030303
"GH_vs_NP","Baseline",303,0.22,0.33030303030303
"GH_vs_NP","Baseline",303,0.221,0.33030303030303
"GH_vs_NP","Baseline",303,0.222,0.33030303030303
"GH_vs_NP","Baseline",303,0.223,0.33030303030303
"GH_vs_NP","Baseline",303,0.224,0.333333333333333
"GH_vs_NP","Baseline",303,0.225,0.333333333333333
"GH_vs_NP","Baseline",303,0.226,0.333333333333333
"GH_vs_NP","Baseline",303,0.227,0.333333333333333
"GH_vs_NP","Baseline",303,0.228,0.333333333333333
"GH_vs_NP","Baseline",303,0.229,0.333333333333333
"GH_vs_NP","Baseline",303,0.23,0.333333333333333
"GH_vs_NP","Baseline",303,0.231,0.333333333333333
"GH_vs_NP","Baseline",303,0.232,0.333333333333333
"GH_vs_NP","Baseline",303,0.233,0.336363636363636
"GH_vs_NP","Baseline",303,0.234,0.336363636363636
"GH_vs_NP","Baseline",303,0.235,0.336363636363636
"GH_vs_NP","Baseline",303,0.236,0.336363636363636
"GH_vs_NP","Baseline",303,0.237,0.336363636363636
"GH_vs_NP","Baseline",303,0.238,0.336363636363636
"GH_vs_NP","Baseline",303,0.239,0.336363636363636
"GH_vs_NP","Baseline",303,0.24,0.336363636363636
"GH_vs_NP","Baseline",303,0.241,0.336363636363636
"GH_vs_NP","Baseline",303,0.242,0.336363636363636
"GH_vs_NP","Baseline",303,0.243,0.336363636363636
"GH_vs_NP","Baseline",303,0.244,0.336363636363636
"GH_vs_NP","Baseline",303,0.245,0.339393939393939
"GH_vs_NP","Baseline",303,0.246,0.339393939393939
"GH_vs_NP","Baseline",303,0.247,0.345454545454545
"GH_vs_NP","Baseline",303,0.248,0.345454545454545
"GH_vs_NP","Baseline",303,0.249,0.345454545454545
"GH_vs_NP","Baseline",303,0.25,0.345454545454545
"GH_vs_NP","Baseline",303,0.251,0.345454545454545
"GH_vs_NP","Baseline",303,0.252,0.345454545454545
"GH_vs_NP","Baseline",303,0.253,0.345454545454545
"GH_vs_NP","Baseline",303,0.254,0.345654545454545
"GH_vs_NP","Baseline",303,0.255,0.346651515151515
"GH_vs_NP","Baseline",303,0.256,0.347648484848485
"GH_vs_NP","Baseline",303,0.257,0.351675757575758
"GH_vs_NP","Baseline",303,0.258,0.352672727272727
"GH_vs_NP","Baseline",303,0.259,0.3567
"GH_vs_NP","Baseline",303,0.26,0.357575757575758
"GH_vs_NP","Baseline",303,0.261,0.357575757575758
"GH_vs_NP","Baseline",303,0.262,0.357575757575758
"GH_vs_NP","Baseline",303,0.263,0.357575757575758
"GH_vs_NP","Baseline",303,0.264,0.357575757575758
"GH_vs_NP","Baseline",303,0.265,0.357575757575758
"GH_vs_NP","Baseline",303,0.266,0.357575757575758
"GH_vs_NP","Baseline",303,0.267,0.357575757575758
"GH_vs_NP","Baseline",303,0.268,0.357575757575758
"GH_vs_NP","Baseline",303,0.269,0.360606060606061
"GH_vs_NP","Baseline",303,0.27,0.360606060606061
"GH_vs_NP","Baseline",303,0.271,0.360606060606061
"GH_vs_NP","Baseline",303,0.272,0.360606060606061
"GH_vs_NP","Baseline",303,0.273,0.360606060606061
"GH_vs_NP","Baseline",303,0.274,0.360606060606061
"GH_vs_NP","Baseline",303,0.275,0.360606060606061
"GH_vs_NP","Baseline",303,0.276,0.363636363636364
"GH_vs_NP","Baseline",303,0.277,0.363636363636364
"GH_vs_NP","Baseline",303,0.278,0.363636363636364
"GH_vs_NP","Baseline",303,0.279,0.363636363636364
"GH_vs_NP","Baseline",303,0.28,0.366666666666667
"GH_vs_NP","Baseline",303,0.281,0.366666666666667
"GH_vs_NP","Baseline",303,0.282,0.366666666666667
"GH_vs_NP","Baseline",303,0.283,0.366666666666667
"GH_vs_NP","Baseline",303,0.284,0.366666666666667
"GH_vs_NP","Baseline",303,0.285,0.366666666666667
"GH_vs_NP","Baseline",303,0.286,0.366666666666667
"GH_vs_NP","Baseline",303,0.287,0.366666666666667
"GH_vs_NP","Baseline",303,0.288,0.366666666666667
"GH_vs_NP","Baseline",303,0.289,0.36969696969697
"GH_vs_NP","Baseline",303,0.29,0.36969696969697
"GH_vs_NP","Baseline",303,0.291,0.36969696969697
"GH_vs_NP","Baseline",303,0.292,0.36969696969697
"GH_vs_NP","Baseline",303,0.293,0.36969696969697
"GH_vs_NP","Baseline",303,0.294,0.36969696969697
"GH_vs_NP","Baseline",303,0.295,0.36969696969697
"GH_vs_NP","Baseline",303,0.296,0.36969696969697
"GH_vs_NP","Baseline",303,0.297,0.372727272727273
"GH_vs_NP","Baseline",303,0.298,0.375757575757576
"GH_vs_NP","Baseline",303,0.299,0.375757575757576
"GH_vs_NP","Baseline",303,0.3,0.378787878787879
"GH_vs_NP","Baseline",303,0.301,0.378787878787879
"GH_vs_NP","Baseline",303,0.302,0.378787878787879
"GH_vs_NP","Baseline",303,0.303,0.378787878787879
"GH_vs_NP","Baseline",303,0.304,0.378787878787879
"GH_vs_NP","Baseline",303,0.305,0.378787878787879
"GH_vs_NP","Baseline",303,0.306,0.381818181818182
"GH_vs_NP","Baseline",303,0.307,0.384848484848485
"GH_vs_NP","Baseline",303,0.308,0.384848484848485
"GH_vs_NP","Baseline",303,0.309,0.384848484848485
"GH_vs_NP","Baseline",303,0.31,0.384848484848485
"GH_vs_NP","Baseline",303,0.311,0.388715151515151
"GH_vs_NP","Baseline",303,0.312,0.393939393939394
"GH_vs_NP","Baseline",303,0.313,0.393939393939394
"GH_vs_NP","Baseline",303,0.314,0.396969696969697
"GH_vs_NP","Baseline",303,0.315,0.396969696969697
"GH_vs_NP","Baseline",303,0.316,0.396969696969697
"GH_vs_NP","Baseline",303,0.317,0.398745454545454
"GH_vs_NP","Baseline",303,0.318,0.4
"GH_vs_NP","Baseline",303,0.319,0.4
"GH_vs_NP","Baseline",303,0.32,0.4
"GH_vs_NP","Baseline",303,0.321,0.4
"GH_vs_NP","Baseline",303,0.322,0.4
"GH_vs_NP","Baseline",303,0.323,0.4
"GH_vs_NP","Baseline",303,0.324,0.4
"GH_vs_NP","Baseline",303,0.325,0.4
"GH_vs_NP","Baseline",303,0.326,0.4
"GH_vs_NP","Baseline",303,0.327,0.4
"GH_vs_NP","Baseline",303,0.328,0.4
"GH_vs_NP","Baseline",303,0.329,0.4
"GH_vs_NP","Baseline",303,0.33,0.4
"GH_vs_NP","Baseline",303,0.331,0.4
"GH_vs_NP","Baseline",303,0.332,0.4
"GH_vs_NP","Baseline",303,0.333,0.4
"GH_vs_NP","Baseline",303,0.334,0.4
"GH_vs_NP","Baseline",303,0.335,0.4
"GH_vs_NP","Baseline",303,0.336,0.4
"GH_vs_NP","Baseline",303,0.337,0.4
"GH_vs_NP","Baseline",303,0.338,0.4
"GH_vs_NP","Baseline",303,0.339,0.4
"GH_vs_NP","Baseline",303,0.34,0.4
"GH_vs_NP","Baseline",303,0.341,0.400572727272727
"GH_vs_NP","Baseline",303,0.342,0.401569696969697
"GH_vs_NP","Baseline",303,0.343,0.402566666666667
"GH_vs_NP","Baseline",303,0.344,0.403030303030303
"GH_vs_NP","Baseline",303,0.345,0.406060606060606
"GH_vs_NP","Baseline",303,0.346,0.406060606060606
"GH_vs_NP","Baseline",303,0.347,0.410572727272727
"GH_vs_NP","Baseline",303,0.348,0.413563636363637
"GH_vs_NP","Baseline",303,0.349,0.414609090909091
"GH_vs_NP","Baseline",303,0.35,0.415151515151515
"GH_vs_NP","Baseline",303,0.351,0.415151515151515
"GH_vs_NP","Baseline",303,0.352,0.418181818181818
"GH_vs_NP","Baseline",303,0.353,0.421212121212121
"GH_vs_NP","Baseline",303,0.354,0.421212121212121
"GH_vs_NP","Baseline",303,0.355,0.421212121212121
"GH_vs_NP","Baseline",303,0.356,0.421212121212121
"GH_vs_NP","Baseline",303,0.357,0.421212121212121
"GH_vs_NP","Baseline",303,0.358,0.424242424242424
"GH_vs_NP","Baseline",303,0.359,0.430471212121212
"GH_vs_NP","Baseline",303,0.36,0.430969696969697
"GH_vs_NP","Baseline",303,0.361,0.434498484848485
"GH_vs_NP","Baseline",303,0.362,0.43499696969697
"GH_vs_NP","Baseline",303,0.363,0.435495454545455
"GH_vs_NP","Baseline",303,0.364,0.435993939393939
"GH_vs_NP","Baseline",303,0.365,0.436363636363636
"GH_vs_NP","Baseline",303,0.366,0.436363636363636
"GH_vs_NP","Baseline",303,0.367,0.436363636363636
"GH_vs_NP","Baseline",303,0.368,0.4368
"GH_vs_NP","Baseline",303,0.369,0.438793939393939
"GH_vs_NP","Baseline",303,0.37,0.442424242424242
"GH_vs_NP","Baseline",303,0.371,0.442424242424242
"GH_vs_NP","Baseline",303,0.372,0.442424242424242
"GH_vs_NP","Baseline",303,0.373,0.442424242424242
"GH_vs_NP","Baseline",303,0.374,0.445454545454545
"GH_vs_NP","Baseline",303,0.375,0.445454545454545
"GH_vs_NP","Baseline",303,0.376,0.453987878787879
"GH_vs_NP","Baseline",303,0.377,0.463736363636364
"GH_vs_NP","Baseline",303,0.378,0.464733333333333
"GH_vs_NP","Baseline",303,0.379,0.469339393939394
"GH_vs_NP","Baseline",303,0.38,0.471515151515151
"GH_vs_NP","Baseline",303,0.381,0.4765
"GH_vs_NP","Baseline",303,0.382,0.478787878787879
"GH_vs_NP","Baseline",303,0.383,0.478787878787879
"GH_vs_NP","Baseline",303,0.384,0.478787878787879
"GH_vs_NP","Baseline",303,0.385,0.484848484848485
"GH_vs_NP","Baseline",303,0.386,0.484848484848485
"GH_vs_NP","Baseline",303,0.387,0.484848484848485
"GH_vs_NP","Baseline",303,0.388,0.487878787878788
"GH_vs_NP","Baseline",303,0.389,0.487878787878788
"GH_vs_NP","Baseline",303,0.39,0.489757575757576
"GH_vs_NP","Baseline",303,0.391,0.490909090909091
"GH_vs_NP","Baseline",303,0.392,0.490909090909091
"GH_vs_NP","Baseline",303,0.393,0.497539393939394
"GH_vs_NP","Baseline",303,0.394,0.506060606060606
"GH_vs_NP","Baseline",303,0.395,0.506060606060606
"GH_vs_NP","Baseline",303,0.396,0.509090909090909
"GH_vs_NP","Baseline",303,0.397,0.509090909090909
"GH_vs_NP","Baseline",303,0.398,0.509090909090909
"GH_vs_NP","Baseline",303,0.399,0.512121212121212
"GH_vs_NP","Baseline",303,0.4,0.512121212121212
"GH_vs_NP","Baseline",303,0.401,0.512121212121212
"GH_vs_NP","Baseline",303,0.402,0.512121212121212
"GH_vs_NP","Baseline",303,0.403,0.512121212121212
"GH_vs_NP","Baseline",303,0.404,0.512121212121212
"GH_vs_NP","Baseline",303,0.405,0.513606060606061
"GH_vs_NP","Baseline",303,0.406,0.515375757575758
"GH_vs_NP","Baseline",303,0.407,0.516372727272727
"GH_vs_NP","Baseline",303,0.408,0.517369696969697
"GH_vs_NP","Baseline",303,0.409,0.518551515151515
"GH_vs_NP","Baseline",303,0.41,0.520545454545455
"GH_vs_NP","Baseline",303,0.411,0.521212121212121
"GH_vs_NP","Baseline",303,0.412,0.521212121212121
"GH_vs_NP","Baseline",303,0.413,0.521212121212121
"GH_vs_NP","Baseline",303,0.414,0.526115151515152
"GH_vs_NP","Baseline",303,0.415,0.528893939393939
"GH_vs_NP","Baseline",303,0.416,0.529890909090909
"GH_vs_NP","Baseline",303,0.417,0.53030303030303
"GH_vs_NP","Baseline",303,0.418,0.53030303030303
"GH_vs_NP","Baseline",303,0.419,0.53030303030303
"GH_vs_NP","Baseline",303,0.42,0.533333333333333
"GH_vs_NP","Baseline",303,0.421,0.533333333333333
"GH_vs_NP","Baseline",303,0.422,0.533333333333333
"GH_vs_NP","Baseline",303,0.423,0.539393939393939
"GH_vs_NP","Baseline",303,0.424,0.539393939393939
"GH_vs_NP","Baseline",303,0.425,0.539393939393939
"GH_vs_NP","Baseline",303,0.426,0.540327272727273
"GH_vs_NP","Baseline",303,0.427,0.542321212121212
"GH_vs_NP","Baseline",303,0.428,0.545454545454545
"GH_vs_NP","Baseline",303,0.429,0.545454545454545
"GH_vs_NP","Baseline",303,0.43,0.545454545454545
"GH_vs_NP","Baseline",303,0.431,0.545454545454545
"GH_vs_NP","Baseline",303,0.432,0.545454545454545
"GH_vs_NP","Baseline",303,0.433,0.545454545454545
"GH_vs_NP","Baseline",303,0.434,0.545454545454545
"GH_vs_NP","Baseline",303,0.435,0.545454545454545
"GH_vs_NP","Baseline",303,0.436,0.545454545454545
"GH_vs_NP","Baseline",303,0.437,0.545454545454545
"GH_vs_NP","Baseline",303,0.438,0.545454545454545
"GH_vs_NP","Baseline",303,0.439,0.545454545454545
"GH_vs_NP","Baseline",303,0.44,0.545454545454545
"GH_vs_NP","Baseline",303,0.441,0.545454545454545
"GH_vs_NP","Baseline",303,0.442,0.545454545454545
"GH_vs_NP","Baseline",303,0.443,0.545454545454545
"GH_vs_NP","Baseline",303,0.444,0.545454545454545
"GH_vs_NP","Baseline",303,0.445,0.545454545454545
"GH_vs_NP","Baseline",303,0.446,0.548484848484848
"GH_vs_NP","Baseline",303,0.447,0.548866666666667
"GH_vs_NP","Baseline",303,0.448,0.550860606060606
"GH_vs_NP","Baseline",303,0.449,0.556554545454546
"GH_vs_NP","Baseline",303,0.45,0.559242424242424
"GH_vs_NP","Baseline",303,0.451,0.560239393939394
"GH_vs_NP","Baseline",303,0.452,0.560606060606061
"GH_vs_NP","Baseline",303,0.453,0.560606060606061
"GH_vs_NP","Baseline",303,0.454,0.560606060606061
"GH_vs_NP","Baseline",303,0.455,0.563636363636364
"GH_vs_NP","Baseline",303,0.456,0.563636363636364
"GH_vs_NP","Baseline",303,0.457,0.563636363636364
"GH_vs_NP","Baseline",303,0.458,0.567034343434343
"GH_vs_NP","Baseline",303,0.459,0.567765656565657
"GH_vs_NP","Baseline",303,0.46,0.570424242424242
"GH_vs_NP","Baseline",303,0.461,0.572058585858586
"GH_vs_NP","Baseline",303,0.462,0.572723232323232
"GH_vs_NP","Baseline",303,0.463,0.573387878787879
"GH_vs_NP","Baseline",303,0.464,0.57499797979798
"GH_vs_NP","Baseline",303,0.465,0.577656565656566
"GH_vs_NP","Baseline",303,0.466,0.578412121212121
"GH_vs_NP","Baseline",303,0.467,0.578787878787879
"GH_vs_NP","Baseline",303,0.468,0.578787878787879
"GH_vs_NP","Baseline",303,0.469,0.578787878787879
"GH_vs_NP","Baseline",303,0.47,0.578787878787879
"GH_vs_NP","Baseline",303,0.471,0.578787878787879
"GH_vs_NP","Baseline",303,0.472,0.578787878787879
"GH_vs_NP","Baseline",303,0.473,0.578787878787879
"GH_vs_NP","Baseline",303,0.474,0.578787878787879
"GH_vs_NP","Baseline",303,0.475,0.578787878787879
"GH_vs_NP","Baseline",303,0.476,0.578787878787879
"GH_vs_NP","Baseline",303,0.477,0.578787878787879
"GH_vs_NP","Baseline",303,0.478,0.578787878787879
"GH_vs_NP","Baseline",303,0.479,0.582369696969697
"GH_vs_NP","Baseline",303,0.48,0.584363636363636
"GH_vs_NP","Baseline",303,0.481,0.584848484848485
"GH_vs_NP","Baseline",303,0.482,0.584848484848485
"GH_vs_NP","Baseline",303,0.483,0.584848484848485
"GH_vs_NP","Baseline",303,0.484,0.584848484848485
"GH_vs_NP","Baseline",303,0.485,0.584848484848485
"GH_vs_NP","Baseline",303,0.486,0.584848484848485
"GH_vs_NP","Baseline",303,0.487,0.584848484848485
"GH_vs_NP","Baseline",303,0.488,0.584848484848485
"GH_vs_NP","Baseline",303,0.489,0.584848484848485
"GH_vs_NP","Baseline",303,0.49,0.584848484848485
"GH_vs_NP","Baseline",303,0.491,0.587878787878788
"GH_vs_NP","Baseline",303,0.492,0.587878787878788
"GH_vs_NP","Baseline",303,0.493,0.587878787878788
"GH_vs_NP","Baseline",303,0.494,0.587878787878788
"GH_vs_NP","Baseline",303,0.495,0.587878787878788
"GH_vs_NP","Baseline",303,0.496,0.587878787878788
"GH_vs_NP","Baseline",303,0.497,0.587878787878788
"GH_vs_NP","Baseline",303,0.498,0.587878787878788
"GH_vs_NP","Baseline",303,0.499,0.590909090909091
"GH_vs_NP","Baseline",303,0.5,0.6
"GH_vs_NP","Baseline",303,0.501,0.601993939393939
"GH_vs_NP","Baseline",303,0.502,0.606060606060606
"GH_vs_NP","Baseline",303,0.503,0.606060606060606
"GH_vs_NP","Baseline",303,0.504,0.613078787878788
"GH_vs_NP","Baseline",303,0.505,0.614075757575758
"GH_vs_NP","Baseline",303,0.506,0.615072727272727
"GH_vs_NP","Baseline",303,0.507,0.615151515151515
"GH_vs_NP","Baseline",303,0.508,0.615151515151515
"GH_vs_NP","Baseline",303,0.509,0.615151515151515
"GH_vs_NP","Baseline",303,0.51,0.619060606060606
"GH_vs_NP","Baseline",303,0.511,0.620057575757576
"GH_vs_NP","Baseline",303,0.512,0.621054545454546
"GH_vs_NP","Baseline",303,0.513,0.627272727272727
"GH_vs_NP","Baseline",303,0.514,0.63030303030303
"GH_vs_NP","Baseline",303,0.515,0.63030303030303
"GH_vs_NP","Baseline",303,0.516,0.63510303030303
"GH_vs_NP","Baseline",303,0.517,0.642424242424242
"GH_vs_NP","Baseline",303,0.518,0.642424242424242
"GH_vs_NP","Baseline",303,0.519,0.642424242424242
"GH_vs_NP","Baseline",303,0.52,0.645454545454545
"GH_vs_NP","Baseline",303,0.521,0.645454545454545
"GH_vs_NP","Baseline",303,0.522,0.645454545454545
"GH_vs_NP","Baseline",303,0.523,0.645860606060606
"GH_vs_NP","Baseline",303,0.524,0.647854545454545
"GH_vs_NP","Baseline",303,0.525,0.649848484848485
"GH_vs_NP","Baseline",303,0.526,0.654545454545455
"GH_vs_NP","Baseline",303,0.527,0.654545454545455
"GH_vs_NP","Baseline",303,0.528,0.654545454545455
"GH_vs_NP","Baseline",303,0.529,0.658072727272727
"GH_vs_NP","Baseline",303,0.53,0.662060606060606
"GH_vs_NP","Baseline",303,0.531,0.665244444444445
"GH_vs_NP","Baseline",303,0.532,0.667733333333333
"GH_vs_NP","Baseline",303,0.533,0.66839797979798
"GH_vs_NP","Baseline",303,0.534,0.669062626262626
"GH_vs_NP","Baseline",303,0.535,0.66969696969697
"GH_vs_NP","Baseline",303,0.536,0.66969696969697
"GH_vs_NP","Baseline",303,0.537,0.66969696969697
"GH_vs_NP","Baseline",303,0.538,0.66969696969697
"GH_vs_NP","Baseline",303,0.539,0.66969696969697
"GH_vs_NP","Baseline",303,0.54,0.66969696969697
"GH_vs_NP","Baseline",303,0.541,0.66969696969697
"GH_vs_NP","Baseline",303,0.542,0.66969696969697
"GH_vs_NP","Baseline",303,0.543,0.670587878787879
"GH_vs_NP","Baseline",303,0.544,0.672581818181818
"GH_vs_NP","Baseline",303,0.545,0.673651515151515
"GH_vs_NP","Baseline",303,0.546,0.675460606060606
"GH_vs_NP","Baseline",303,0.547,0.678451515151515
"GH_vs_NP","Baseline",303,0.548,0.679672727272727
"GH_vs_NP","Baseline",303,0.549,0.68140303030303
"GH_vs_NP","Baseline",303,0.55,0.68439393939394
"GH_vs_NP","Baseline",303,0.551,0.685693939393939
"GH_vs_NP","Baseline",303,0.552,0.689721212121212
"GH_vs_NP","Baseline",303,0.553,0.690718181818182
"GH_vs_NP","Baseline",303,0.554,0.690909090909091
"GH_vs_NP","Baseline",303,0.555,0.691484848484849
"GH_vs_NP","Baseline",303,0.556,0.693478787878788
"GH_vs_NP","Baseline",303,0.557,0.693939393939394
"GH_vs_NP","Baseline",303,0.558,0.693939393939394
"GH_vs_NP","Baseline",303,0.559,0.693939393939394
"GH_vs_NP","Baseline",303,0.56,0.693939393939394
"GH_vs_NP","Baseline",303,0.561,0.693939393939394
"GH_vs_NP","Baseline",303,0.562,0.693939393939394
"GH_vs_NP","Baseline",303,0.563,0.698345454545455
"GH_vs_NP","Baseline",303,0.564,0.7
"GH_vs_NP","Baseline",303,0.565,0.7
"GH_vs_NP","Baseline",303,0.566,0.7
"GH_vs_NP","Baseline",303,0.567,0.7
"GH_vs_NP","Baseline",303,0.568,0.7
"GH_vs_NP","Baseline",303,0.569,0.700609090909091
"GH_vs_NP","Baseline",303,0.57,0.701606060606061
"GH_vs_NP","Baseline",303,0.571,0.70260303030303
"GH_vs_NP","Baseline",303,0.572,0.703030303030303
"GH_vs_NP","Baseline",303,0.573,0.703064646464647
"GH_vs_NP","Baseline",303,0.574,0.703729292929293
"GH_vs_NP","Baseline",303,0.575,0.704393939393939
"GH_vs_NP","Baseline",303,0.576,0.705058585858586
"GH_vs_NP","Baseline",303,0.577,0.705723232323232
"GH_vs_NP","Baseline",303,0.578,0.706060606060606
"GH_vs_NP","Baseline",303,0.579,0.706060606060606
"GH_vs_NP","Baseline",303,0.58,0.708
"GH_vs_NP","Baseline",303,0.581,0.709090909090909
"GH_vs_NP","Baseline",303,0.582,0.709090909090909
"GH_vs_NP","Baseline",303,0.583,0.709090909090909
"GH_vs_NP","Baseline",303,0.584,0.709090909090909
"GH_vs_NP","Baseline",303,0.585,0.709090909090909
"GH_vs_NP","Baseline",303,0.586,0.709090909090909
"GH_vs_NP","Baseline",303,0.587,0.709090909090909
"GH_vs_NP","Baseline",303,0.588,0.709090909090909
"GH_vs_NP","Baseline",303,0.589,0.709090909090909
"GH_vs_NP","Baseline",303,0.59,0.709090909090909
"GH_vs_NP","Baseline",303,0.591,0.709090909090909
"GH_vs_NP","Baseline",303,0.592,0.709090909090909
"GH_vs_NP","Baseline",303,0.593,0.709678787878788
"GH_vs_NP","Baseline",303,0.594,0.711672727272727
"GH_vs_NP","Baseline",303,0.595,0.712121212121212
"GH_vs_NP","Baseline",303,0.596,0.712121212121212
"GH_vs_NP","Baseline",303,0.597,0.712121212121212
"GH_vs_NP","Baseline",303,0.598,0.712121212121212
"GH_vs_NP","Baseline",303,0.599,0.712121212121212
"GH_vs_NP","Baseline",303,0.6,0.712121212121212
"GH_vs_NP","Baseline",303,0.601,0.712121212121212
"GH_vs_NP","Baseline",303,0.602,0.718181818181818
"GH_vs_NP","Baseline",303,0.603,0.718181818181818
"GH_vs_NP","Baseline",303,0.604,0.718836363636364
"GH_vs_NP","Baseline",303,0.605,0.719833333333333
"GH_vs_NP","Baseline",303,0.606,0.720830303030303
"GH_vs_NP","Baseline",303,0.607,0.724242424242424
"GH_vs_NP","Baseline",303,0.608,0.724242424242424
"GH_vs_NP","Baseline",303,0.609,0.724242424242424
"GH_vs_NP","Baseline",303,0.61,0.724242424242424
"GH_vs_NP","Baseline",303,0.611,0.724242424242424
"GH_vs_NP","Baseline",303,0.612,0.724242424242424
"GH_vs_NP","Baseline",303,0.613,0.724242424242424
"GH_vs_NP","Baseline",303,0.614,0.724242424242424
"GH_vs_NP","Baseline",303,0.615,0.724242424242424
"GH_vs_NP","Baseline",303,0.616,0.724242424242424
"GH_vs_NP","Baseline",303,0.617,0.724242424242424
"GH_vs_NP","Baseline",303,0.618,0.728248484848485
"GH_vs_NP","Baseline",303,0.619,0.736526262626263
"GH_vs_NP","Baseline",303,0.62,0.740181818181818
"GH_vs_NP","Baseline",303,0.621,0.750119191919192
"GH_vs_NP","Baseline",303,0.622,0.751620202020202
"GH_vs_NP","Baseline",303,0.623,0.754278787878788
"GH_vs_NP","Baseline",303,0.624,0.7624
"GH_vs_NP","Baseline",303,0.625,0.763636363636364
"GH_vs_NP","Baseline",303,0.626,0.763636363636364
"GH_vs_NP","Baseline",303,0.627,0.763636363636364
"GH_vs_NP","Baseline",303,0.628,0.763636363636364
"GH_vs_NP","Baseline",303,0.629,0.763636363636364
"GH_vs_NP","Baseline",303,0.63,0.763636363636364
"GH_vs_NP","Baseline",303,0.631,0.766666666666667
"GH_vs_NP","Baseline",303,0.632,0.766666666666667
"GH_vs_NP","Baseline",303,0.633,0.766666666666667
"GH_vs_NP","Baseline",303,0.634,0.766666666666667
"GH_vs_NP","Baseline",303,0.635,0.766666666666667
"GH_vs_NP","Baseline",303,0.636,0.768884848484849
"GH_vs_NP","Baseline",303,0.637,0.771433333333333
"GH_vs_NP","Baseline",303,0.638,0.772430303030303
"GH_vs_NP","Baseline",303,0.639,0.784618181818182
"GH_vs_NP","Baseline",303,0.64,0.790909090909091
"GH_vs_NP","Baseline",303,0.641,0.790909090909091
"GH_vs_NP","Baseline",303,0.642,0.791569696969697
"GH_vs_NP","Baseline",303,0.643,0.79559696969697
"GH_vs_NP","Baseline",303,0.644,0.796593939393939
"GH_vs_NP","Baseline",303,0.645,0.796969696969697
"GH_vs_NP","Baseline",303,0.646,0.8
"GH_vs_NP","Baseline",303,0.647,0.8
"GH_vs_NP","Baseline",303,0.648,0.800581818181818
"GH_vs_NP","Baseline",303,0.649,0.801578787878788
"GH_vs_NP","Baseline",303,0.65,0.802575757575758
"GH_vs_NP","Baseline",303,0.651,0.812121212121212
"GH_vs_NP","Baseline",303,0.652,0.812121212121212
"GH_vs_NP","Baseline",303,0.653,0.812121212121212
"GH_vs_NP","Baseline",303,0.654,0.815151515151515
"GH_vs_NP","Baseline",303,0.655,0.815151515151515
"GH_vs_NP","Baseline",303,0.656,0.815151515151515
"GH_vs_NP","Baseline",303,0.657,0.816078787878788
"GH_vs_NP","Baseline",303,0.658,0.818072727272727
"GH_vs_NP","Baseline",303,0.659,0.821212121212121
"GH_vs_NP","Baseline",303,0.66,0.822909090909091
"GH_vs_NP","Baseline",303,0.661,0.82689696969697
"GH_vs_NP","Baseline",303,0.662,0.83030303030303
"GH_vs_NP","Baseline",303,0.663,0.836363636363636
"GH_vs_NP","Baseline",303,0.664,0.836363636363636
"GH_vs_NP","Baseline",303,0.665,0.836363636363636
"GH_vs_NP","Baseline",303,0.666,0.839393939393939
"GH_vs_NP","Baseline",303,0.667,0.839393939393939
"GH_vs_NP","Baseline",303,0.668,0.842424242424242
"GH_vs_NP","Baseline",303,0.669,0.842424242424242
"GH_vs_NP","Baseline",303,0.67,0.842424242424242
"GH_vs_NP","Baseline",303,0.671,0.842424242424242
"GH_vs_NP","Baseline",303,0.672,0.842957575757576
"GH_vs_NP","Baseline",303,0.673,0.844951515151515
"GH_vs_NP","Baseline",303,0.674,0.849975757575758
"GH_vs_NP","Baseline",303,0.675,0.855
"GH_vs_NP","Baseline",303,0.676,0.856993939393939
"GH_vs_NP","Baseline",303,0.677,0.857575757575758
"GH_vs_NP","Baseline",303,0.678,0.857575757575758
"GH_vs_NP","Baseline",303,0.679,0.857575757575758
"GH_vs_NP","Baseline",303,0.68,0.857575757575758
"GH_vs_NP","Baseline",303,0.681,0.857724242424243
"GH_vs_NP","Baseline",303,0.682,0.858721212121212
"GH_vs_NP","Baseline",303,0.683,0.860136363636364
"GH_vs_NP","Baseline",303,0.684,0.861688888888889
"GH_vs_NP","Baseline",303,0.685,0.862353535353535
"GH_vs_NP","Baseline",303,0.686,0.863018181818182
"GH_vs_NP","Baseline",303,0.687,0.866666666666667
"GH_vs_NP","Baseline",303,0.688,0.866666666666667
"GH_vs_NP","Baseline",303,0.689,0.866666666666667
"GH_vs_NP","Baseline",303,0.69,0.866727272727273
"GH_vs_NP","Baseline",303,0.691,0.868721212121212
"GH_vs_NP","Baseline",303,0.692,0.86969696969697
"GH_vs_NP","Baseline",303,0.693,0.86969696969697
"GH_vs_NP","Baseline",303,0.694,0.86969696969697
"GH_vs_NP","Baseline",303,0.695,0.87319696969697
"GH_vs_NP","Baseline",303,0.696,0.874193939393939
"GH_vs_NP","Baseline",303,0.697,0.875190909090909
"GH_vs_NP","Baseline",303,0.698,0.875757575757576
"GH_vs_NP","Baseline",303,0.699,0.875757575757576
"GH_vs_NP","Baseline",303,0.7,0.875757575757576
"GH_vs_NP","Baseline",303,0.701,0.875757575757576
"GH_vs_NP","Baseline",303,0.702,0.875757575757576
"GH_vs_NP","Baseline",303,0.703,0.875757575757576
"GH_vs_NP","Baseline",303,0.704,0.876109090909091
"GH_vs_NP","Baseline",303,0.705,0.877106060606061
"GH_vs_NP","Baseline",303,0.706,0.87810303030303
"GH_vs_NP","Baseline",303,0.707,0.878787878787879
"GH_vs_NP","Baseline",303,0.708,0.878787878787879
"GH_vs_NP","Baseline",303,0.709,0.878787878787879
"GH_vs_NP","Baseline",303,0.71,0.878787878787879
"GH_vs_NP","Baseline",303,0.711,0.878787878787879
"GH_vs_NP","Baseline",303,0.712,0.878787878787879
"GH_vs_NP","Baseline",303,0.713,0.878787878787879
"GH_vs_NP","Baseline",303,0.714,0.878787878787879
"GH_vs_NP","Baseline",303,0.715,0.878787878787879
"GH_vs_NP","Baseline",303,0.716,0.878787878787879
"GH_vs_NP","Baseline",303,0.717,0.878787878787879
"GH_vs_NP","Baseline",303,0.718,0.879460606060606
"GH_vs_NP","Baseline",303,0.719,0.880457575757576
"GH_vs_NP","Baseline",303,0.72,0.881454545454545
"GH_vs_NP","Baseline",303,0.721,0.881818181818182
"GH_vs_NP","Baseline",303,0.722,0.881818181818182
"GH_vs_NP","Baseline",303,0.723,0.881818181818182
"GH_vs_NP","Baseline",303,0.724,0.881818181818182
"GH_vs_NP","Baseline",303,0.725,0.881868686868687
"GH_vs_NP","Baseline",303,0.726,0.882533333333333
"GH_vs_NP","Baseline",303,0.727,0.88319797979798
"GH_vs_NP","Baseline",303,0.728,0.883862626262626
"GH_vs_NP","Baseline",303,0.729,0.884527272727273
"GH_vs_NP","Baseline",303,0.73,0.884848484848485
"GH_vs_NP","Baseline",303,0.731,0.884848484848485
"GH_vs_NP","Baseline",303,0.732,0.884848484848485
"GH_vs_NP","Baseline",303,0.733,0.884848484848485
"GH_vs_NP","Baseline",303,0.734,0.884848484848485
"GH_vs_NP","Baseline",303,0.735,0.884848484848485
"GH_vs_NP","Baseline",303,0.736,0.884848484848485
"GH_vs_NP","Baseline",303,0.737,0.884848484848485
"GH_vs_NP","Baseline",303,0.738,0.886678787878788
"GH_vs_NP","Baseline",303,0.739,0.887878787878788
"GH_vs_NP","Baseline",303,0.74,0.887878787878788
"GH_vs_NP","Baseline",303,0.741,0.887878787878788
"GH_vs_NP","Baseline",303,0.742,0.887878787878788
"GH_vs_NP","Baseline",303,0.743,0.887878787878788
"GH_vs_NP","Baseline",303,0.744,0.890909090909091
"GH_vs_NP","Baseline",303,0.745,0.890909090909091
"GH_vs_NP","Baseline",303,0.746,0.890909090909091
"GH_vs_NP","Baseline",303,0.747,0.890909090909091
"GH_vs_NP","Baseline",303,0.748,0.890909090909091
"GH_vs_NP","Baseline",303,0.749,0.890909090909091
"GH_vs_NP","Baseline",303,0.75,0.890909090909091
"GH_vs_NP","Baseline",303,0.751,0.890909090909091
"GH_vs_NP","Baseline",303,0.752,0.890909090909091
"GH_vs_NP","Baseline",303,0.753,0.890909090909091
"GH_vs_NP","Baseline",303,0.754,0.890909090909091
"GH_vs_NP","Baseline",303,0.755,0.890909090909091
"GH_vs_NP","Baseline",303,0.756,0.890909090909091
"GH_vs_NP","Baseline",303,0.757,0.890909090909091
"GH_vs_NP","Baseline",303,0.758,0.890909090909091
"GH_vs_NP","Baseline",303,0.759,0.890909090909091
"GH_vs_NP","Baseline",303,0.76,0.890909090909091
"GH_vs_NP","Baseline",303,0.761,0.890909090909091
"GH_vs_NP","Baseline",303,0.762,0.891509090909091
"GH_vs_NP","Baseline",303,0.763,0.892506060606061
"GH_vs_NP","Baseline",303,0.764,0.89350303030303
"GH_vs_NP","Baseline",303,0.765,0.893939393939394
"GH_vs_NP","Baseline",303,0.766,0.893981818181818
"GH_vs_NP","Baseline",303,0.767,0.894978787878788
"GH_vs_NP","Baseline",303,0.768,0.897018181818182
"GH_vs_NP","Baseline",303,0.769,0.9
"GH_vs_NP","Baseline",303,0.77,0.9
"GH_vs_NP","Baseline",303,0.771,0.900963636363636
"GH_vs_NP","Baseline",303,0.772,0.902957575757576
"GH_vs_NP","Baseline",303,0.773,0.903030303030303
"GH_vs_NP","Baseline",303,0.774,0.903030303030303
"GH_vs_NP","Baseline",303,0.775,0.903030303030303
"GH_vs_NP","Baseline",303,0.776,0.903030303030303
"GH_vs_NP","Baseline",303,0.777,0.903030303030303
"GH_vs_NP","Baseline",303,0.778,0.903030303030303
"GH_vs_NP","Baseline",303,0.779,0.903030303030303
"GH_vs_NP","Baseline",303,0.78,0.903030303030303
"GH_vs_NP","Baseline",303,0.781,0.903030303030303
"GH_vs_NP","Baseline",303,0.782,0.903872727272727
"GH_vs_NP","Baseline",303,0.783,0.9079
"GH_vs_NP","Baseline",303,0.784,0.90889696969697
"GH_vs_NP","Baseline",303,0.785,0.909090909090909
"GH_vs_NP","Baseline",303,0.786,0.909090909090909
"GH_vs_NP","Baseline",303,0.787,0.909090909090909
"GH_vs_NP","Baseline",303,0.788,0.909090909090909
"GH_vs_NP","Baseline",303,0.789,0.909090909090909
"GH_vs_NP","Baseline",303,0.79,0.909090909090909
"GH_vs_NP","Baseline",303,0.791,0.909090909090909
"GH_vs_NP","Baseline",303,0.792,0.909090909090909
"GH_vs_NP","Baseline",303,0.793,0.909090909090909
"GH_vs_NP","Baseline",303,0.794,0.909090909090909
"GH_vs_NP","Baseline",303,0.795,0.909090909090909
"GH_vs_NP","Baseline",303,0.796,0.909090909090909
"GH_vs_NP","Baseline",303,0.797,0.909090909090909
"GH_vs_NP","Baseline",303,0.798,0.909090909090909
"GH_vs_NP","Baseline",303,0.799,0.909090909090909
"GH_vs_NP","Baseline",303,0.8,0.909090909090909
"GH_vs_NP","Baseline",303,0.801,0.909090909090909
"GH_vs_NP","Baseline",303,0.802,0.909090909090909
"GH_vs_NP","Baseline",303,0.803,0.909090909090909
"GH_vs_NP","Baseline",303,0.804,0.909090909090909
"GH_vs_NP","Baseline",303,0.805,0.909090909090909
"GH_vs_NP","Baseline",303,0.806,0.909090909090909
"GH_vs_NP","Baseline",303,0.807,0.909090909090909
"GH_vs_NP","Baseline",303,0.808,0.909090909090909
"GH_vs_NP","Baseline",303,0.809,0.909090909090909
"GH_vs_NP","Baseline",303,0.81,0.909090909090909
"GH_vs_NP","Baseline",303,0.811,0.909090909090909
"GH_vs_NP","Baseline",303,0.812,0.909090909090909
"GH_vs_NP","Baseline",303,0.813,0.909090909090909
"GH_vs_NP","Baseline",303,0.814,0.909090909090909
"GH_vs_NP","Baseline",303,0.815,0.909090909090909
"GH_vs_NP","Baseline",303,0.816,0.909090909090909
"GH_vs_NP","Baseline",303,0.817,0.909090909090909
"GH_vs_NP","Baseline",303,0.818,0.909090909090909
"GH_vs_NP","Baseline",303,0.819,0.909090909090909
"GH_vs_NP","Baseline",303,0.82,0.909090909090909
"GH_vs_NP","Baseline",303,0.821,0.909090909090909
"GH_vs_NP","Baseline",303,0.822,0.909090909090909
"GH_vs_NP","Baseline",303,0.823,0.909090909090909
"GH_vs_NP","Baseline",303,0.824,0.909090909090909
"GH_vs_NP","Baseline",303,0.825,0.909090909090909
"GH_vs_NP","Baseline",303,0.826,0.909090909090909
"GH_vs_NP","Baseline",303,0.827,0.909090909090909
"GH_vs_NP","Baseline",303,0.828,0.909090909090909
"GH_vs_NP","Baseline",303,0.829,0.909090909090909
"GH_vs_NP","Baseline",303,0.83,0.909090909090909
"GH_vs_NP","Baseline",303,0.831,0.909090909090909
"GH_vs_NP","Baseline",303,0.832,0.909090909090909
"GH_vs_NP","Baseline",303,0.833,0.909090909090909
"GH_vs_NP","Baseline",303,0.834,0.909090909090909
"GH_vs_NP","Baseline",303,0.835,0.909090909090909
"GH_vs_NP","Baseline",303,0.836,0.909090909090909
"GH_vs_NP","Baseline",303,0.837,0.909090909090909
"GH_vs_NP","Baseline",303,0.838,0.909090909090909
"GH_vs_NP","Baseline",303,0.839,0.909090909090909
"GH_vs_NP","Baseline",303,0.84,0.909090909090909
"GH_vs_NP","Baseline",303,0.841,0.909090909090909
"GH_vs_NP","Baseline",303,0.842,0.909090909090909
"GH_vs_NP","Baseline",303,0.843,0.909090909090909
"GH_vs_NP","Baseline",303,0.844,0.909090909090909
"GH_vs_NP","Baseline",303,0.845,0.909090909090909
"GH_vs_NP","Baseline",303,0.846,0.909090909090909
"GH_vs_NP","Baseline",303,0.847,0.909090909090909
"GH_vs_NP","Baseline",303,0.848,0.909090909090909
"GH_vs_NP","Baseline",303,0.849,0.909090909090909
"GH_vs_NP","Baseline",303,0.85,0.909090909090909
"GH_vs_NP","Baseline",303,0.851,0.909090909090909
"GH_vs_NP","Baseline",303,0.852,0.909090909090909
"GH_vs_NP","Baseline",303,0.853,0.909090909090909
"GH_vs_NP","Baseline",303,0.854,0.909090909090909
"GH_vs_NP","Baseline",303,0.855,0.909090909090909
"GH_vs_NP","Baseline",303,0.856,0.909090909090909
"GH_vs_NP","Baseline",303,0.857,0.909090909090909
"GH_vs_NP","Baseline",303,0.858,0.909090909090909
"GH_vs_NP","Baseline",303,0.859,0.909090909090909
"GH_vs_NP","Baseline",303,0.86,0.909090909090909
"GH_vs_NP","Baseline",303,0.861,0.909090909090909
"GH_vs_NP","Baseline",303,0.862,0.909090909090909
"GH_vs_NP","Baseline",303,0.863,0.909090909090909
"GH_vs_NP","Baseline",303,0.864,0.909090909090909
"GH_vs_NP","Baseline",303,0.865,0.909090909090909
"GH_vs_NP","Baseline",303,0.866,0.909090909090909
"GH_vs_NP","Baseline",303,0.867,0.909090909090909
"GH_vs_NP","Baseline",303,0.868,0.909090909090909
"GH_vs_NP","Baseline",303,0.869,0.909090909090909
"GH_vs_NP","Baseline",303,0.87,0.909090909090909
"GH_vs_NP","Baseline",303,0.871,0.909090909090909
"GH_vs_NP","Baseline",303,0.872,0.909090909090909
"GH_vs_NP","Baseline",303,0.873,0.909090909090909
"GH_vs_NP","Baseline",303,0.874,0.909090909090909
"GH_vs_NP","Baseline",303,0.875,0.909090909090909
"GH_vs_NP","Baseline",303,0.876,0.909090909090909
"GH_vs_NP","Baseline",303,0.877,0.909090909090909
"GH_vs_NP","Baseline",303,0.878,0.909090909090909
"GH_vs_NP","Baseline",303,0.879,0.909090909090909
"GH_vs_NP","Baseline",303,0.88,0.909090909090909
"GH_vs_NP","Baseline",303,0.881,0.909090909090909
"GH_vs_NP","Baseline",303,0.882,0.909090909090909
"GH_vs_NP","Baseline",303,0.883,0.909090909090909
"GH_vs_NP","Baseline",303,0.884,0.909090909090909
"GH_vs_NP","Baseline",303,0.885,0.909090909090909
"GH_vs_NP","Baseline",303,0.886,0.909090909090909
"GH_vs_NP","Baseline",303,0.887,0.909090909090909
"GH_vs_NP","Baseline",303,0.888,0.909090909090909
"GH_vs_NP","Baseline",303,0.889,0.909090909090909
"GH_vs_NP","Baseline",303,0.89,0.912121212121212
"GH_vs_NP","Baseline",303,0.891,0.912121212121212
"GH_vs_NP","Baseline",303,0.892,0.912121212121212
"GH_vs_NP","Baseline",303,0.893,0.912121212121212
"GH_vs_NP","Baseline",303,0.894,0.912884848484849
"GH_vs_NP","Baseline",303,0.895,0.914878787878788
"GH_vs_NP","Baseline",303,0.896,0.915151515151515
"GH_vs_NP","Baseline",303,0.897,0.915836363636364
"GH_vs_NP","Baseline",303,0.898,0.917830303030303
"GH_vs_NP","Baseline",303,0.899,0.91900303030303
"GH_vs_NP","Baseline",303,0.9,0.92
"GH_vs_NP","Baseline",303,0.901,0.92099696969697
"GH_vs_NP","Baseline",303,0.902,0.921733333333333
"GH_vs_NP","Baseline",303,0.903,0.92239797979798
"GH_vs_NP","Baseline",303,0.904,0.923062626262626
"GH_vs_NP","Baseline",303,0.905,0.923727272727273
"GH_vs_NP","Baseline",303,0.906,0.924242424242424
"GH_vs_NP","Baseline",303,0.907,0.924242424242424
"GH_vs_NP","Baseline",303,0.908,0.925648484848485
"GH_vs_NP","Baseline",303,0.909,0.927642424242424
"GH_vs_NP","Baseline",303,0.91,0.929636363636364
"GH_vs_NP","Baseline",303,0.911,0.936363636363636
"GH_vs_NP","Baseline",303,0.912,0.936363636363636
"GH_vs_NP","Baseline",303,0.913,0.936363636363636
"GH_vs_NP","Baseline",303,0.914,0.936363636363636
"GH_vs_NP","Baseline",303,0.915,0.939393939393939
"GH_vs_NP","Baseline",303,0.916,0.939393939393939
"GH_vs_NP","Baseline",303,0.917,0.939393939393939
"GH_vs_NP","Baseline",303,0.918,0.939393939393939
"GH_vs_NP","Baseline",303,0.919,0.939393939393939
"GH_vs_NP","Baseline",303,0.92,0.939393939393939
"GH_vs_NP","Baseline",303,0.921,0.939393939393939
"GH_vs_NP","Baseline",303,0.922,0.939393939393939
"GH_vs_NP","Baseline",303,0.923,0.939393939393939
"GH_vs_NP","Baseline",303,0.924,0.939393939393939
"GH_vs_NP","Baseline",303,0.925,0.939393939393939
"GH_vs_NP","Baseline",303,0.926,0.939393939393939
"GH_vs_NP","Baseline",303,0.927,0.939393939393939
"GH_vs_NP","Baseline",303,0.928,0.939393939393939
"GH_vs_NP","Baseline",303,0.929,0.939393939393939
"GH_vs_NP","Baseline",303,0.93,0.939393939393939
"GH_vs_NP","Baseline",303,0.931,0.939393939393939
"GH_vs_NP","Baseline",303,0.932,0.939393939393939
"GH_vs_NP","Baseline",303,0.933,0.939393939393939
"GH_vs_NP","Baseline",303,0.934,0.939393939393939
"GH_vs_NP","Baseline",303,0.935,0.939393939393939
"GH_vs_NP","Baseline",303,0.936,0.939393939393939
"GH_vs_NP","Baseline",303,0.937,0.939393939393939
"GH_vs_NP","Baseline",303,0.938,0.939393939393939
"GH_vs_NP","Baseline",303,0.939,0.939393939393939
"GH_vs_NP","Baseline",303,0.94,0.939393939393939
"GH_vs_NP","Baseline",303,0.941,0.939393939393939
"GH_vs_NP","Baseline",303,0.942,0.939393939393939
"GH_vs_NP","Baseline",303,0.943,0.939393939393939
"GH_vs_NP","Baseline",303,0.944,0.939393939393939
"GH_vs_NP","Baseline",303,0.945,0.939393939393939
"GH_vs_NP","Baseline",303,0.946,0.939393939393939
"GH_vs_NP","Baseline",303,0.947,0.939393939393939
"GH_vs_NP","Baseline",303,0.948,0.939393939393939
"GH_vs_NP","Baseline",303,0.949,0.939393939393939
"GH_vs_NP","Baseline",303,0.95,0.939393939393939
"GH_vs_NP","Baseline",303,0.951,0.939393939393939
"GH_vs_NP","Baseline",303,0.952,0.939393939393939
"GH_vs_NP","Baseline",303,0.953,0.93945
"GH_vs_NP","Baseline",303,0.954,0.939948484848485
"GH_vs_NP","Baseline",303,0.955,0.940565151515152
"GH_vs_NP","Baseline",303,0.956,0.94126303030303
"GH_vs_NP","Baseline",303,0.957,0.941960909090909
"GH_vs_NP","Baseline",303,0.958,0.942658787878788
"GH_vs_NP","Baseline",303,0.959,0.94334
"GH_vs_NP","Baseline",303,0.96,0.943539393939394
"GH_vs_NP","Baseline",303,0.961,0.943738787878788
"GH_vs_NP","Baseline",303,0.962,0.943938181818182
"GH_vs_NP","Baseline",303,0.963,0.944137575757576
"GH_vs_NP","Baseline",303,0.964,0.94433696969697
"GH_vs_NP","Baseline",303,0.965,0.944536363636364
"GH_vs_NP","Baseline",303,0.966,0.945370101010101
"GH_vs_NP","Baseline",303,0.967,0.946234141414141
"GH_vs_NP","Baseline",303,0.968,0.947098181818182
"GH_vs_NP","Baseline",303,0.969,0.947962222222222
"GH_vs_NP","Baseline",303,0.97,0.948747474747475
"GH_vs_NP","Baseline",303,0.971,0.949412121212121
"GH_vs_NP","Baseline",303,0.972,0.950464646464646
"GH_vs_NP","Baseline",303,0.973,0.951572390572391
"GH_vs_NP","Baseline",303,0.974,0.952680134680135
"GH_vs_NP","Baseline",303,0.975,0.953440656565657
"GH_vs_NP","Baseline",303,0.976,0.954132996632997
"GH_vs_NP","Baseline",303,0.977,0.954825336700337
"GH_vs_NP","Baseline",303,0.978,0.955517676767677
"GH_vs_NP","Baseline",303,0.979,0.956446380471381
"GH_vs_NP","Baseline",303,0.98,0.957993265993266
"GH_vs_NP","Baseline",303,0.981,0.959540151515151
"GH_vs_NP","Baseline",303,0.982,0.961087037037037
"GH_vs_NP","Baseline",303,0.983,0.962633922558923
"GH_vs_NP","Baseline",303,0.984,0.964180808080808
"GH_vs_NP","Baseline",303,0.985,0.965718939393939
"GH_vs_NP","Baseline",303,0.986,0.967221515151515
"GH_vs_NP","Baseline",303,0.987,0.968748225108225
"GH_vs_NP","Baseline",303,0.988,0.970286406926407
"GH_vs_NP","Baseline",303,0.989,0.971824588744589
"GH_vs_NP","Baseline",303,0.99,0.972817316017316
"GH_vs_NP","Baseline",303,0.991,0.973500952380952
"GH_vs_NP","Baseline",303,0.992,0.974184588744589
"GH_vs_NP","Baseline",303,0.993,0.975345800865801
"GH_vs_NP","Baseline",303,0.994,0.976827012987013
"GH_vs_NP","Baseline",303,0.995,0.978308225108225
"GH_vs_NP","Baseline",303,0.996,0.983934891774892
"GH_vs_NP","Baseline",303,0.997,0.987398787878788
"GH_vs_NP","Baseline",303,0.998,0.990589090909091
"GH_vs_NP","Baseline",303,0.999,0.994815757575758
"GH_vs_NP","Baseline",303,1,1
"GH_vs_NP","Met+Fun",303,0,0
"GH_vs_NP","Met+Fun",303,0.001,0
"GH_vs_NP","Met+Fun",303,0.002,0
"GH_vs_NP","Met+Fun",303,0.003,0
"GH_vs_NP","Met+Fun",303,0.004,0
"GH_vs_NP","Met+Fun",303,0.005,0
"GH_vs_NP","Met+Fun",303,0.006,0
"GH_vs_NP","Met+Fun",303,0.007,0.00303030303030303
"GH_vs_NP","Met+Fun",303,0.008,0.00303030303030303
"GH_vs_NP","Met+Fun",303,0.009,0.00303030303030303
"GH_vs_NP","Met+Fun",303,0.01,0.00303030303030303
"GH_vs_NP","Met+Fun",303,0.011,0.00606060606060606
"GH_vs_NP","Met+Fun",303,0.012,0.00606060606060606
"GH_vs_NP","Met+Fun",303,0.013,0.0107696969696969
"GH_vs_NP","Met+Fun",303,0.014,0.0218545454545454
"GH_vs_NP","Met+Fun",303,0.015,0.0238484848484849
"GH_vs_NP","Met+Fun",303,0.016,0.0424242424242424
"GH_vs_NP","Met+Fun",303,0.017,0.0606060606060606
"GH_vs_NP","Met+Fun",303,0.018,0.0606060606060606
"GH_vs_NP","Met+Fun",303,0.019,0.077278787878788
"GH_vs_NP","Met+Fun",303,0.02,0.0853333333333334
"GH_vs_NP","Met+Fun",303,0.021,0.0873272727272727
"GH_vs_NP","Met+Fun",303,0.022,0.0909090909090909
"GH_vs_NP","Met+Fun",303,0.023,0.0939393939393939
"GH_vs_NP","Met+Fun",303,0.024,0.0939393939393939
"GH_vs_NP","Met+Fun",303,0.025,0.106060606060606
"GH_vs_NP","Met+Fun",303,0.026,0.112121212121212
"GH_vs_NP","Met+Fun",303,0.027,0.112121212121212
"GH_vs_NP","Met+Fun",303,0.028,0.118181818181818
"GH_vs_NP","Met+Fun",303,0.029,0.118430303030303
"GH_vs_NP","Met+Fun",303,0.03,0.120424242424243
"GH_vs_NP","Met+Fun",303,0.031,0.125448484848485
"GH_vs_NP","Met+Fun",303,0.032,0.13030303030303
"GH_vs_NP","Met+Fun",303,0.033,0.13030303030303
"GH_vs_NP","Met+Fun",303,0.034,0.135587878787879
"GH_vs_NP","Met+Fun",303,0.035,0.142606060606061
"GH_vs_NP","Met+Fun",303,0.036,0.14659393939394
"GH_vs_NP","Met+Fun",303,0.037,0.148484848484848
"GH_vs_NP","Met+Fun",303,0.038,0.154557575757576
"GH_vs_NP","Met+Fun",303,0.039,0.156551515151515
"GH_vs_NP","Met+Fun",303,0.04,0.162545454545455
"GH_vs_NP","Met+Fun",303,0.041,0.166533333333333
"GH_vs_NP","Met+Fun",303,0.042,0.172727272727273
"GH_vs_NP","Met+Fun",303,0.043,0.175757575757576
"GH_vs_NP","Met+Fun",303,0.044,0.175757575757576
"GH_vs_NP","Met+Fun",303,0.045,0.18880303030303
"GH_vs_NP","Met+Fun",303,0.046,0.19970303030303
"GH_vs_NP","Met+Fun",303,0.047,0.20269393939394
"GH_vs_NP","Met+Fun",303,0.048,0.209090909090909
"GH_vs_NP","Met+Fun",303,0.049,0.224975757575758
"GH_vs_NP","Met+Fun",303,0.05,0.226969696969697
"GH_vs_NP","Met+Fun",303,0.051,0.236363636363636
"GH_vs_NP","Met+Fun",303,0.052,0.242424242424242
"GH_vs_NP","Met+Fun",303,0.053,0.242424242424242
"GH_vs_NP","Met+Fun",303,0.054,0.242424242424242
"GH_vs_NP","Met+Fun",303,0.055,0.242712121212121
"GH_vs_NP","Met+Fun",303,0.056,0.243709090909091
"GH_vs_NP","Met+Fun",303,0.057,0.246239393939394
"GH_vs_NP","Met+Fun",303,0.058,0.248484848484848
"GH_vs_NP","Met+Fun",303,0.059,0.248484848484848
"GH_vs_NP","Met+Fun",303,0.06,0.248484848484848
"GH_vs_NP","Met+Fun",303,0.061,0.248484848484848
"GH_vs_NP","Met+Fun",303,0.062,0.248484848484848
"GH_vs_NP","Met+Fun",303,0.063,0.249860606060606
"GH_vs_NP","Met+Fun",303,0.064,0.251515151515152
"GH_vs_NP","Met+Fun",303,0.065,0.251515151515152
"GH_vs_NP","Met+Fun",303,0.066,0.251515151515152
"GH_vs_NP","Met+Fun",303,0.067,0.251580303030303
"GH_vs_NP","Met+Fun",303,0.068,0.252078787878788
"GH_vs_NP","Met+Fun",303,0.069,0.252577272727273
"GH_vs_NP","Met+Fun",303,0.07,0.253075757575758
"GH_vs_NP","Met+Fun",303,0.071,0.253574242424242
"GH_vs_NP","Met+Fun",303,0.072,0.254072727272727
"GH_vs_NP","Met+Fun",303,0.073,0.25459696969697
"GH_vs_NP","Met+Fun",303,0.074,0.255593939393939
"GH_vs_NP","Met+Fun",303,0.075,0.260151515151515
"GH_vs_NP","Met+Fun",303,0.076,0.262133333333333
"GH_vs_NP","Met+Fun",303,0.077,0.263130303030303
"GH_vs_NP","Met+Fun",303,0.078,0.264618181818182
"GH_vs_NP","Met+Fun",303,0.079,0.266612121212121
"GH_vs_NP","Met+Fun",303,0.08,0.266666666666667
"GH_vs_NP","Met+Fun",303,0.081,0.266967676767677
"GH_vs_NP","Met+Fun",303,0.082,0.267632323232323
"GH_vs_NP","Met+Fun",303,0.083,0.271327272727273
"GH_vs_NP","Met+Fun",303,0.084,0.271991919191919
"GH_vs_NP","Met+Fun",303,0.085,0.272656565656566
"GH_vs_NP","Met+Fun",303,0.086,0.272727272727273
"GH_vs_NP","Met+Fun",303,0.087,0.272727272727273
"GH_vs_NP","Met+Fun",303,0.088,0.272727272727273
"GH_vs_NP","Met+Fun",303,0.089,0.272727272727273
"GH_vs_NP","Met+Fun",303,0.09,0.272727272727273
"GH_vs_NP","Met+Fun",303,0.091,0.272727272727273
"GH_vs_NP","Met+Fun",303,0.092,0.272727272727273
"GH_vs_NP","Met+Fun",303,0.093,0.272727272727273
"GH_vs_NP","Met+Fun",303,0.094,0.272727272727273
"GH_vs_NP","Met+Fun",303,0.095,0.272727272727273
"GH_vs_NP","Met+Fun",303,0.096,0.272727272727273
"GH_vs_NP","Met+Fun",303,0.097,0.272727272727273
"GH_vs_NP","Met+Fun",303,0.098,0.272727272727273
"GH_vs_NP","Met+Fun",303,0.099,0.272727272727273
"GH_vs_NP","Met+Fun",303,0.1,0.272727272727273
"GH_vs_NP","Met+Fun",303,0.101,0.272727272727273
"GH_vs_NP","Met+Fun",303,0.102,0.272727272727273
"GH_vs_NP","Met+Fun",303,0.103,0.272727272727273
"GH_vs_NP","Met+Fun",303,0.104,0.272727272727273
"GH_vs_NP","Met+Fun",303,0.105,0.272727272727273
"GH_vs_NP","Met+Fun",303,0.106,0.272727272727273
"GH_vs_NP","Met+Fun",303,0.107,0.272727272727273
"GH_vs_NP","Met+Fun",303,0.108,0.272727272727273
"GH_vs_NP","Met+Fun",303,0.109,0.272727272727273
"GH_vs_NP","Met+Fun",303,0.11,0.272727272727273
"GH_vs_NP","Met+Fun",303,0.111,0.272727272727273
"GH_vs_NP","Met+Fun",303,0.112,0.272727272727273
"GH_vs_NP","Met+Fun",303,0.113,0.272727272727273
"GH_vs_NP","Met+Fun",303,0.114,0.272727272727273
"GH_vs_NP","Met+Fun",303,0.115,0.272727272727273
"GH_vs_NP","Met+Fun",303,0.116,0.272727272727273
"GH_vs_NP","Met+Fun",303,0.117,0.272727272727273
"GH_vs_NP","Met+Fun",303,0.118,0.272727272727273
"GH_vs_NP","Met+Fun",303,0.119,0.273184848484848
"GH_vs_NP","Met+Fun",303,0.12,0.274181818181818
"GH_vs_NP","Met+Fun",303,0.121,0.275178787878788
"GH_vs_NP","Met+Fun",303,0.122,0.275757575757576
"GH_vs_NP","Met+Fun",303,0.123,0.275757575757576
"GH_vs_NP","Met+Fun",303,0.124,0.275757575757576
"GH_vs_NP","Met+Fun",303,0.125,0.275757575757576
"GH_vs_NP","Met+Fun",303,0.126,0.275757575757576
"GH_vs_NP","Met+Fun",303,0.127,0.277472727272727
"GH_vs_NP","Met+Fun",303,0.128,0.278787878787879
"GH_vs_NP","Met+Fun",303,0.129,0.278787878787879
"GH_vs_NP","Met+Fun",303,0.13,0.278787878787879
"GH_vs_NP","Met+Fun",303,0.131,0.278787878787879
"GH_vs_NP","Met+Fun",303,0.132,0.278787878787879
"GH_vs_NP","Met+Fun",303,0.133,0.279566666666667
"GH_vs_NP","Met+Fun",303,0.134,0.280911111111111
"GH_vs_NP","Met+Fun",303,0.135,0.283237373737374
"GH_vs_NP","Met+Fun",303,0.136,0.284824242424242
"GH_vs_NP","Met+Fun",303,0.137,0.286817171717172
"GH_vs_NP","Met+Fun",303,0.138,0.291137373737374
"GH_vs_NP","Met+Fun",303,0.139,0.293124242424242
"GH_vs_NP","Met+Fun",303,0.14,0.29430303030303
"GH_vs_NP","Met+Fun",303,0.141,0.29629696969697
"GH_vs_NP","Met+Fun",303,0.142,0.298290909090909
"GH_vs_NP","Met+Fun",303,0.143,0.3
"GH_vs_NP","Met+Fun",303,0.144,0.3
"GH_vs_NP","Met+Fun",303,0.145,0.303858585858586
"GH_vs_NP","Met+Fun",303,0.146,0.305187878787879
"GH_vs_NP","Met+Fun",303,0.147,0.306517171717172
"GH_vs_NP","Met+Fun",303,0.148,0.308234343434344
"GH_vs_NP","Met+Fun",303,0.149,0.310143434343434
"GH_vs_NP","Met+Fun",303,0.15,0.310808080808081
"GH_vs_NP","Met+Fun",303,0.151,0.311472727272727
"GH_vs_NP","Met+Fun",303,0.152,0.315151515151515
"GH_vs_NP","Met+Fun",303,0.153,0.315151515151515
"GH_vs_NP","Met+Fun",303,0.154,0.31540303030303
"GH_vs_NP","Met+Fun",303,0.155,0.315901515151515
"GH_vs_NP","Met+Fun",303,0.156,0.3164
"GH_vs_NP","Met+Fun",303,0.157,0.317362121212121
"GH_vs_NP","Met+Fun",303,0.158,0.318857575757576
"GH_vs_NP","Met+Fun",303,0.159,0.32035303030303
"GH_vs_NP","Met+Fun",303,0.16,0.324242424242424
"GH_vs_NP","Met+Fun",303,0.161,0.324242424242424
"GH_vs_NP","Met+Fun",303,0.162,0.324242424242424
"GH_vs_NP","Met+Fun",303,0.163,0.324242424242424
"GH_vs_NP","Met+Fun",303,0.164,0.324242424242424
"GH_vs_NP","Met+Fun",303,0.165,0.324242424242424
"GH_vs_NP","Met+Fun",303,0.166,0.324242424242424
"GH_vs_NP","Met+Fun",303,0.167,0.324242424242424
"GH_vs_NP","Met+Fun",303,0.168,0.324242424242424
"GH_vs_NP","Met+Fun",303,0.169,0.324242424242424
"GH_vs_NP","Met+Fun",303,0.17,0.324242424242424
"GH_vs_NP","Met+Fun",303,0.171,0.324242424242424
"GH_vs_NP","Met+Fun",303,0.172,0.324242424242424
"GH_vs_NP","Met+Fun",303,0.173,0.324242424242424
"GH_vs_NP","Met+Fun",303,0.174,0.324242424242424
"GH_vs_NP","Met+Fun",303,0.175,0.324242424242424
"GH_vs_NP","Met+Fun",303,0.176,0.324242424242424
"GH_vs_NP","Met+Fun",303,0.177,0.324242424242424
"GH_vs_NP","Met+Fun",303,0.178,0.324430303030303
"GH_vs_NP","Met+Fun",303,0.179,0.325427272727273
"GH_vs_NP","Met+Fun",303,0.18,0.326424242424242
"GH_vs_NP","Met+Fun",303,0.181,0.327332121212121
"GH_vs_NP","Met+Fun",303,0.182,0.327730909090909
"GH_vs_NP","Met+Fun",303,0.183,0.328380606060606
"GH_vs_NP","Met+Fun",303,0.184,0.329330909090909
"GH_vs_NP","Met+Fun",303,0.185,0.331524242424243
"GH_vs_NP","Met+Fun",303,0.186,0.333717575757576
"GH_vs_NP","Met+Fun",303,0.187,0.335841212121212
"GH_vs_NP","Met+Fun",303,0.188,0.337037575757576
"GH_vs_NP","Met+Fun",303,0.189,0.338014545454545
"GH_vs_NP","Met+Fun",303,0.19,0.338840404040404
"GH_vs_NP","Met+Fun",303,0.191,0.340568484848485
"GH_vs_NP","Met+Fun",303,0.192,0.342092929292929
"GH_vs_NP","Met+Fun",303,0.193,0.343422222222222
"GH_vs_NP","Met+Fun",303,0.194,0.343763636363636
"GH_vs_NP","Met+Fun",303,0.195,0.34409595959596
"GH_vs_NP","Met+Fun",303,0.196,0.344428282828283
"GH_vs_NP","Met+Fun",303,0.197,0.345234848484849
"GH_vs_NP","Met+Fun",303,0.198,0.34649595959596
"GH_vs_NP","Met+Fun",303,0.199,0.348323737373738
"GH_vs_NP","Met+Fun",303,0.2,0.349848484848485
"GH_vs_NP","Met+Fun",303,0.201,0.35095303030303
"GH_vs_NP","Met+Fun",303,0.202,0.351451515151515
"GH_vs_NP","Met+Fun",303,0.203,0.354545454545455
"GH_vs_NP","Met+Fun",303,0.204,0.354779797979798
"GH_vs_NP","Met+Fun",303,0.205,0.355444444444445
"GH_vs_NP","Met+Fun",303,0.206,0.356109090909091
"GH_vs_NP","Met+Fun",303,0.207,0.356773737373737
"GH_vs_NP","Met+Fun",303,0.208,0.357438383838384
"GH_vs_NP","Met+Fun",303,0.209,0.357575757575758
"GH_vs_NP","Met+Fun",303,0.21,0.357575757575758
"GH_vs_NP","Met+Fun",303,0.211,0.357575757575758
"GH_vs_NP","Met+Fun",303,0.212,0.357575757575758
"GH_vs_NP","Met+Fun",303,0.213,0.357575757575758
"GH_vs_NP","Met+Fun",303,0.214,0.357575757575758
"GH_vs_NP","Met+Fun",303,0.215,0.357575757575758
"GH_vs_NP","Met+Fun",303,0.216,0.357963636363636
"GH_vs_NP","Met+Fun",303,0.217,0.359957575757576
"GH_vs_NP","Met+Fun",303,0.218,0.360606060606061
"GH_vs_NP","Met+Fun",303,0.219,0.360606060606061
"GH_vs_NP","Met+Fun",303,0.22,0.360606060606061
"GH_vs_NP","Met+Fun",303,0.221,0.363636363636364
"GH_vs_NP","Met+Fun",303,0.222,0.363636363636364
"GH_vs_NP","Met+Fun",303,0.223,0.363636363636364
"GH_vs_NP","Met+Fun",303,0.224,0.363636363636364
"GH_vs_NP","Met+Fun",303,0.225,0.363636363636364
"GH_vs_NP","Met+Fun",303,0.226,0.363636363636364
"GH_vs_NP","Met+Fun",303,0.227,0.363913636363636
"GH_vs_NP","Met+Fun",303,0.228,0.370472727272727
"GH_vs_NP","Met+Fun",303,0.229,0.370971212121212
"GH_vs_NP","Met+Fun",303,0.23,0.373015151515151
"GH_vs_NP","Met+Fun",303,0.231,0.376504545454545
"GH_vs_NP","Met+Fun",303,0.232,0.378668686868687
"GH_vs_NP","Met+Fun",303,0.233,0.380115151515151
"GH_vs_NP","Met+Fun",303,0.234,0.380779797979798
"GH_vs_NP","Met+Fun",303,0.235,0.38239898989899
"GH_vs_NP","Met+Fun",303,0.236,0.383769696969697
"GH_vs_NP","Met+Fun",303,0.237,0.384766666666667
"GH_vs_NP","Met+Fun",303,0.238,0.391824242424242
"GH_vs_NP","Met+Fun",303,0.239,0.393218181818182
"GH_vs_NP","Met+Fun",303,0.24,0.395212121212121
"GH_vs_NP","Met+Fun",303,0.241,0.401112121212121
"GH_vs_NP","Met+Fun",303,0.242,0.403387878787879
"GH_vs_NP","Met+Fun",303,0.243,0.404384848484849
"GH_vs_NP","Met+Fun",303,0.244,0.407054545454545
"GH_vs_NP","Met+Fun",303,0.245,0.412121212121212
"GH_vs_NP","Met+Fun",303,0.246,0.412121212121212
"GH_vs_NP","Met+Fun",303,0.247,0.412121212121212
"GH_vs_NP","Met+Fun",303,0.248,0.412678787878788
"GH_vs_NP","Met+Fun",303,0.249,0.414672727272727
"GH_vs_NP","Met+Fun",303,0.25,0.415151515151515
"GH_vs_NP","Met+Fun",303,0.251,0.418181818181818
"GH_vs_NP","Met+Fun",303,0.252,0.418181818181818
"GH_vs_NP","Met+Fun",303,0.253,0.418181818181818
"GH_vs_NP","Met+Fun",303,0.254,0.418181818181818
"GH_vs_NP","Met+Fun",303,0.255,0.418181818181818
"GH_vs_NP","Met+Fun",303,0.256,0.419539393939394
"GH_vs_NP","Met+Fun",303,0.257,0.421212121212121
"GH_vs_NP","Met+Fun",303,0.258,0.421212121212121
"GH_vs_NP","Met+Fun",303,0.259,0.424242424242424
"GH_vs_NP","Met+Fun",303,0.26,0.424484848484848
"GH_vs_NP","Met+Fun",303,0.261,0.426478787878788
"GH_vs_NP","Met+Fun",303,0.262,0.427272727272727
"GH_vs_NP","Met+Fun",303,0.263,0.427272727272727
"GH_vs_NP","Met+Fun",303,0.264,0.427272727272727
"GH_vs_NP","Met+Fun",303,0.265,0.427272727272727
"GH_vs_NP","Met+Fun",303,0.266,0.427315151515152
"GH_vs_NP","Met+Fun",303,0.267,0.428312121212121
"GH_vs_NP","Met+Fun",303,0.268,0.429309090909091
"GH_vs_NP","Met+Fun",303,0.269,0.43030303030303
"GH_vs_NP","Met+Fun",303,0.27,0.43030303030303
"GH_vs_NP","Met+Fun",303,0.271,0.43030303030303
"GH_vs_NP","Met+Fun",303,0.272,0.43030303030303
"GH_vs_NP","Met+Fun",303,0.273,0.43030303030303
"GH_vs_NP","Met+Fun",303,0.274,0.43030303030303
"GH_vs_NP","Met+Fun",303,0.275,0.43030303030303
"GH_vs_NP","Met+Fun",303,0.276,0.43030303030303
"GH_vs_NP","Met+Fun",303,0.277,0.430571717171717
"GH_vs_NP","Met+Fun",303,0.278,0.431236363636364
"GH_vs_NP","Met+Fun",303,0.279,0.43190101010101
"GH_vs_NP","Met+Fun",303,0.28,0.432565656565657
"GH_vs_NP","Met+Fun",303,0.281,0.433230303030303
"GH_vs_NP","Met+Fun",303,0.282,0.436363636363636
"GH_vs_NP","Met+Fun",303,0.283,0.439393939393939
"GH_vs_NP","Met+Fun",303,0.284,0.439393939393939
"GH_vs_NP","Met+Fun",303,0.285,0.441
"GH_vs_NP","Met+Fun",303,0.286,0.442566666666667
"GH_vs_NP","Met+Fun",303,0.287,0.443065151515152
"GH_vs_NP","Met+Fun",303,0.288,0.443563636363636
"GH_vs_NP","Met+Fun",303,0.289,0.444062121212121
"GH_vs_NP","Met+Fun",303,0.29,0.444560606060606
"GH_vs_NP","Met+Fun",303,0.291,0.445783333333333
"GH_vs_NP","Met+Fun",303,0.292,0.447175757575758
"GH_vs_NP","Met+Fun",303,0.293,0.448172727272727
"GH_vs_NP","Met+Fun",303,0.294,0.448484848484848
"GH_vs_NP","Met+Fun",303,0.295,0.448484848484848
"GH_vs_NP","Met+Fun",303,0.296,0.448484848484848
"GH_vs_NP","Met+Fun",303,0.297,0.448484848484848
"GH_vs_NP","Met+Fun",303,0.298,0.448739393939394
"GH_vs_NP","Met+Fun",303,0.299,0.450733333333333
"GH_vs_NP","Met+Fun",303,0.3,0.451515151515152
"GH_vs_NP","Met+Fun",303,0.301,0.451690909090909
"GH_vs_NP","Met+Fun",303,0.302,0.453684848484849
"GH_vs_NP","Met+Fun",303,0.303,0.454545454545455
"GH_vs_NP","Met+Fun",303,0.304,0.454545454545455
"GH_vs_NP","Met+Fun",303,0.305,0.454545454545455
"GH_vs_NP","Met+Fun",303,0.306,0.454809090909091
"GH_vs_NP","Met+Fun",303,0.307,0.455307575757576
"GH_vs_NP","Met+Fun",303,0.308,0.455806060606061
"GH_vs_NP","Met+Fun",303,0.309,0.456304545454545
"GH_vs_NP","Met+Fun",303,0.31,0.45680303030303
"GH_vs_NP","Met+Fun",303,0.311,0.457301515151515
"GH_vs_NP","Met+Fun",303,0.312,0.457703896103896
"GH_vs_NP","Met+Fun",303,0.313,0.457988744588745
"GH_vs_NP","Met+Fun",303,0.314,0.460591774891775
"GH_vs_NP","Met+Fun",303,0.315,0.462550865800866
"GH_vs_NP","Met+Fun",303,0.316,0.463334199134199
"GH_vs_NP","Met+Fun",303,0.317,0.464117532467532
"GH_vs_NP","Met+Fun",303,0.318,0.464900865800866
"GH_vs_NP","Met+Fun",303,0.319,0.465684199134199
"GH_vs_NP","Met+Fun",303,0.32,0.46604329004329
"GH_vs_NP","Met+Fun",303,0.321,0.466741017316017
"GH_vs_NP","Met+Fun",303,0.322,0.468272077922078
"GH_vs_NP","Met+Fun",303,0.323,0.46957196969697
"GH_vs_NP","Met+Fun",303,0.324,0.470527272727273
"GH_vs_NP","Met+Fun",303,0.325,0.470776515151515
"GH_vs_NP","Met+Fun",303,0.326,0.471025757575758
"GH_vs_NP","Met+Fun",303,0.327,0.47177803030303
"GH_vs_NP","Met+Fun",303,0.328,0.474021212121212
"GH_vs_NP","Met+Fun",303,0.329,0.477725
"GH_vs_NP","Met+Fun",303,0.33,0.481113636363636
"GH_vs_NP","Met+Fun",303,0.331,0.481362878787879
"GH_vs_NP","Met+Fun",303,0.332,0.481612121212121
"GH_vs_NP","Met+Fun",303,0.333,0.481904545454545
"GH_vs_NP","Met+Fun",303,0.334,0.48240303030303
"GH_vs_NP","Met+Fun",303,0.335,0.482901515151515
"GH_vs_NP","Met+Fun",303,0.336,0.4834
"GH_vs_NP","Met+Fun",303,0.337,0.483898484848485
"GH_vs_NP","Met+Fun",303,0.338,0.48439696969697
"GH_vs_NP","Met+Fun",303,0.339,0.487899663299663
"GH_vs_NP","Met+Fun",303,0.34,0.488121212121212
"GH_vs_NP","Met+Fun",303,0.341,0.488342760942761
"GH_vs_NP","Met+Fun",303,0.342,0.48856430976431
"GH_vs_NP","Met+Fun",303,0.343,0.488785858585859
"GH_vs_NP","Met+Fun",303,0.344,0.489007407407407
"GH_vs_NP","Met+Fun",303,0.345,0.489228956228956
"GH_vs_NP","Met+Fun",303,0.346,0.489450505050505
"GH_vs_NP","Met+Fun",303,0.347,0.489672053872054
"GH_vs_NP","Met+Fun",303,0.348,0.489893602693603
"GH_vs_NP","Met+Fun",303,0.349,0.490115151515152
"GH_vs_NP","Met+Fun",303,0.35,0.49043771043771
"GH_vs_NP","Met+Fun",303,0.351,0.490880808080808
"GH_vs_NP","Met+Fun",303,0.352,0.491323905723906
"GH_vs_NP","Met+Fun",303,0.353,0.492015384615385
"GH_vs_NP","Met+Fun",303,0.354,0.49305495985496
"GH_vs_NP","Met+Fun",303,0.355,0.494094535094535
"GH_vs_NP","Met+Fun",303,0.356,0.49513411033411
"GH_vs_NP","Met+Fun",303,0.357,0.496173685573686
"GH_vs_NP","Met+Fun",303,0.358,0.496643563843564
"GH_vs_NP","Met+Fun",303,0.359,0.497018492618493
"GH_vs_NP","Met+Fun",303,0.36,0.497393421393421
"GH_vs_NP","Met+Fun",303,0.361,0.498040067340067
"GH_vs_NP","Met+Fun",303,0.362,0.498747319347319
"GH_vs_NP","Met+Fun",303,0.363,0.499454571354571
"GH_vs_NP","Met+Fun",303,0.364,0.500299735819736
"GH_vs_NP","Met+Fun",303,0.365,0.501184226884227
"GH_vs_NP","Met+Fun",303,0.366,0.502068717948718
"GH_vs_NP","Met+Fun",303,0.367,0.502953209013209
"GH_vs_NP","Met+Fun",303,0.368,0.5038377000777
"GH_vs_NP","Met+Fun",303,0.369,0.504722191142191
"GH_vs_NP","Met+Fun",303,0.37,0.509798601398601
"GH_vs_NP","Met+Fun",303,0.371,0.511987132867133
"GH_vs_NP","Met+Fun",303,0.372,0.512539300699301
"GH_vs_NP","Met+Fun",303,0.373,0.512990303030303
"GH_vs_NP","Met+Fun",303,0.374,0.513389090909091
"GH_vs_NP","Met+Fun",303,0.375,0.513787878787879
"GH_vs_NP","Met+Fun",303,0.376,0.514186666666667
"GH_vs_NP","Met+Fun",303,0.377,0.514605454545455
"GH_vs_NP","Met+Fun",303,0.378,0.515203636363636
"GH_vs_NP","Met+Fun",303,0.379,0.515686060606061
"GH_vs_NP","Met+Fun",303,0.38,0.516084848484848
"GH_vs_NP","Met+Fun",303,0.381,0.516483636363636
"GH_vs_NP","Met+Fun",303,0.382,0.517421818181818
"GH_vs_NP","Met+Fun",303,0.383,0.518817575757576
"GH_vs_NP","Met+Fun",303,0.384,0.520213333333333
"GH_vs_NP","Met+Fun",303,0.385,0.521359090909091
"GH_vs_NP","Met+Fun",303,0.386,0.522256363636364
"GH_vs_NP","Met+Fun",303,0.387,0.523153636363636
"GH_vs_NP","Met+Fun",303,0.388,0.524499704739705
"GH_vs_NP","Met+Fun",303,0.389,0.526368383838384
"GH_vs_NP","Met+Fun",303,0.39,0.528237062937063
"GH_vs_NP","Met+Fun",303,0.391,0.530175944055944
"GH_vs_NP","Met+Fun",303,0.392,0.532210784770785
"GH_vs_NP","Met+Fun",303,0.393,0.533690625485626
"GH_vs_NP","Met+Fun",303,0.394,0.535034304584305
"GH_vs_NP","Met+Fun",303,0.395,0.536254953379953
"GH_vs_NP","Met+Fun",303,0.396,0.537475602175602
"GH_vs_NP","Met+Fun",303,0.397,0.544825341880342
"GH_vs_NP","Met+Fun",303,0.398,0.546245384615385
"GH_vs_NP","Met+Fun",303,0.399,0.547665427350427
"GH_vs_NP","Met+Fun",303,0.4,0.549105672105672
"GH_vs_NP","Met+Fun",303,0.401,0.55059217948718
"GH_vs_NP","Met+Fun",303,0.402,0.552078686868687
"GH_vs_NP","Met+Fun",303,0.403,0.553631103341103
"GH_vs_NP","Met+Fun",303,0.404,0.555366853146853
"GH_vs_NP","Met+Fun",303,0.405,0.556916996891997
"GH_vs_NP","Met+Fun",303,0.406,0.558459564879565
"GH_vs_NP","Met+Fun",303,0.407,0.560195314685315
"GH_vs_NP","Met+Fun",303,0.408,0.56221468013468
"GH_vs_NP","Met+Fun",303,0.409,0.56429101010101
"GH_vs_NP","Met+Fun",303,0.41,0.566096632996633
"GH_vs_NP","Met+Fun",303,0.411,0.567902255892256
"GH_vs_NP","Met+Fun",303,0.412,0.569581818181818
"GH_vs_NP","Met+Fun",303,0.413,0.570523400673401
"GH_vs_NP","Met+Fun",303,0.414,0.571464983164983
"GH_vs_NP","Met+Fun",303,0.415,0.572380050505051
"GH_vs_NP","Met+Fun",303,0.416,0.573072390572391
"GH_vs_NP","Met+Fun",303,0.417,0.573764730639731
"GH_vs_NP","Met+Fun",303,0.418,0.574440404040404
"GH_vs_NP","Met+Fun",303,0.419,0.574883501683502
"GH_vs_NP","Met+Fun",303,0.42,0.575326599326599
"GH_vs_NP","Met+Fun",303,0.421,0.575757575757576
"GH_vs_NP","Met+Fun",303,0.422,0.575757575757576
"GH_vs_NP","Met+Fun",303,0.423,0.575757575757576
"GH_vs_NP","Met+Fun",303,0.424,0.575757575757576
"GH_vs_NP","Met+Fun",303,0.425,0.575757575757576
"GH_vs_NP","Met+Fun",303,0.426,0.575757575757576
"GH_vs_NP","Met+Fun",303,0.427,0.575757575757576
"GH_vs_NP","Met+Fun",303,0.428,0.575915151515151
"GH_vs_NP","Met+Fun",303,0.429,0.576252222222222
"GH_vs_NP","Met+Fun",303,0.43,0.576817171717172
"GH_vs_NP","Met+Fun",303,0.431,0.577382121212121
"GH_vs_NP","Met+Fun",303,0.432,0.577947070707071
"GH_vs_NP","Met+Fun",303,0.433,0.57851202020202
"GH_vs_NP","Met+Fun",303,0.434,0.579510303030303
"GH_vs_NP","Met+Fun",303,0.435,0.58166386946387
"GH_vs_NP","Met+Fun",303,0.436,0.585846029526029
"GH_vs_NP","Met+Fun",303,0.437,0.588524057356785
"GH_vs_NP","Met+Fun",303,0.438,0.590893545242636
"GH_vs_NP","Met+Fun",303,0.439,0.593263033128488
"GH_vs_NP","Met+Fun",303,0.44,0.594713329095147
"GH_vs_NP","Met+Fun",303,0.441,0.595919685667868
"GH_vs_NP","Met+Fun",303,0.442,0.597126042240588
"GH_vs_NP","Met+Fun",303,0.443,0.598332398813308
"GH_vs_NP","Met+Fun",303,0.444,0.599446634173907
"GH_vs_NP","Met+Fun",303,0.445,0.600254202867839
"GH_vs_NP","Met+Fun",303,0.446,0.601367074592075
"GH_vs_NP","Met+Fun",303,0.447,0.60264207594594
"GH_vs_NP","Met+Fun",303,0.448,0.604078289421017
"GH_vs_NP","Met+Fun",303,0.449,0.605514502896094
"GH_vs_NP","Met+Fun",303,0.45,0.606950716371171
"GH_vs_NP","Met+Fun",303,0.451,0.608386929846248
"GH_vs_NP","Met+Fun",303,0.452,0.609823143321325
"GH_vs_NP","Met+Fun",303,0.453,0.611238971121471
"GH_vs_NP","Met+Fun",303,0.454,0.612493917378917
"GH_vs_NP","Met+Fun",303,0.455,0.6137125
"GH_vs_NP","Met+Fun",303,0.456,0.614930336700337
"GH_vs_NP","Met+Fun",303,0.457,0.616456254208754
"GH_vs_NP","Met+Fun",303,0.458,0.617982171717172
"GH_vs_NP","Met+Fun",303,0.459,0.619508089225589
"GH_vs_NP","Met+Fun",303,0.46,0.621034006734007
"GH_vs_NP","Met+Fun",303,0.461,0.622559924242424
"GH_vs_NP","Met+Fun",303,0.462,0.624085841750842
"GH_vs_NP","Met+Fun",303,0.463,0.625413577441078
"GH_vs_NP","Met+Fun",303,0.464,0.626740101010101
"GH_vs_NP","Met+Fun",303,0.465,0.628066624579125
"GH_vs_NP","Met+Fun",303,0.466,0.629075976430976
"GH_vs_NP","Met+Fun",303,0.467,0.630124343434344
"GH_vs_NP","Met+Fun",303,0.468,0.631243164983165
"GH_vs_NP","Met+Fun",303,0.469,0.632361986531987
"GH_vs_NP","Met+Fun",303,0.47,0.633385606060606
"GH_vs_NP","Met+Fun",303,0.471,0.634263493265993
"GH_vs_NP","Met+Fun",303,0.472,0.636595925925926
"GH_vs_NP","Met+Fun",303,0.473,0.639056641414142
"GH_vs_NP","Met+Fun",303,0.474,0.641374595959596
"GH_vs_NP","Met+Fun",303,0.475,0.644025883838384
"GH_vs_NP","Met+Fun",303,0.476,0.646322424242424
"GH_vs_NP","Met+Fun",303,0.477,0.647709873737374
"GH_vs_NP","Met+Fun",303,0.478,0.649097323232323
"GH_vs_NP","Met+Fun",303,0.479,0.650392853535354
"GH_vs_NP","Met+Fun",303,0.48,0.65144797979798
"GH_vs_NP","Met+Fun",303,0.481,0.653868474025974
"GH_vs_NP","Met+Fun",303,0.482,0.656160367965368
"GH_vs_NP","Met+Fun",303,0.483,0.656626807359307
"GH_vs_NP","Met+Fun",303,0.484,0.657093246753247
"GH_vs_NP","Met+Fun",303,0.485,0.657564063251563
"GH_vs_NP","Met+Fun",303,0.486,0.658052657527658
"GH_vs_NP","Met+Fun",303,0.487,0.65918483044733
"GH_vs_NP","Met+Fun",303,0.488,0.66062291967292
"GH_vs_NP","Met+Fun",303,0.489,0.662061008898509
"GH_vs_NP","Met+Fun",303,0.49,0.663499098124098
"GH_vs_NP","Met+Fun",303,0.491,0.664843626743627
"GH_vs_NP","Met+Fun",303,0.492,0.665492448292448
"GH_vs_NP","Met+Fun",303,0.493,0.66614126984127
"GH_vs_NP","Met+Fun",303,0.494,0.666790091390091
"GH_vs_NP","Met+Fun",303,0.495,0.667438912938913
"GH_vs_NP","Met+Fun",303,0.496,0.668087734487735
"GH_vs_NP","Met+Fun",303,0.497,0.668725300625301
"GH_vs_NP","Met+Fun",303,0.498,0.669089273689274
"GH_vs_NP","Met+Fun",303,0.499,0.669338095238095
"GH_vs_NP","Met+Fun",303,0.5,0.66948051948052
"GH_vs_NP","Met+Fun",303,0.501,0.669733718133718
"GH_vs_NP","Met+Fun",303,0.502,0.670876094276094
"GH_vs_NP","Met+Fun",303,0.503,0.672980808080808
"GH_vs_NP","Met+Fun",303,0.504,0.673877152477153
"GH_vs_NP","Met+Fun",303,0.505,0.675016714766715
"GH_vs_NP","Met+Fun",303,0.506,0.676527994227994
"GH_vs_NP","Met+Fun",303,0.507,0.678039273689274
"GH_vs_NP","Met+Fun",303,0.508,0.679550553150553
"GH_vs_NP","Met+Fun",303,0.509,0.681061832611833
"GH_vs_NP","Met+Fun",303,0.51,0.682732891687437
"GH_vs_NP","Met+Fun",303,0.511,0.684536394077303
"GH_vs_NP","Met+Fun",303,0.512,0.686535700662974
"GH_vs_NP","Met+Fun",303,0.513,0.688535007248644
"GH_vs_NP","Met+Fun",303,0.514,0.690442538942539
"GH_vs_NP","Met+Fun",303,0.515,0.692156997043361
"GH_vs_NP","Met+Fun",303,0.516,0.694100026572754
"GH_vs_NP","Met+Fun",303,0.517,0.696099333158424
"GH_vs_NP","Met+Fun",303,0.518,0.698098639744094
"GH_vs_NP","Met+Fun",303,0.519,0.700097946329765
"GH_vs_NP","Met+Fun",303,0.52,0.702097252915435
"GH_vs_NP","Met+Fun",303,0.521,0.704096559501105
"GH_vs_NP","Met+Fun",303,0.522,0.705975664066573
"GH_vs_NP","Met+Fun",303,0.523,0.707673455500728
"GH_vs_NP","Met+Fun",303,0.524,0.70884195400559
"GH_vs_NP","Met+Fun",303,0.525,0.709815647315647
"GH_vs_NP","Met+Fun",303,0.526,0.710711623191623
"GH_vs_NP","Met+Fun",303,0.527,0.71167036963037
"GH_vs_NP","Met+Fun",303,0.528,0.712771877011877
"GH_vs_NP","Met+Fun",303,0.529,0.713952172272172
"GH_vs_NP","Met+Fun",303,0.53,0.715132467532468
"GH_vs_NP","Met+Fun",303,0.531,0.716127215007215
"GH_vs_NP","Met+Fun",303,0.532,0.71700075036075
"GH_vs_NP","Met+Fun",303,0.533,0.717874285714286
"GH_vs_NP","Met+Fun",303,0.534,0.718747821067821
"GH_vs_NP","Met+Fun",303,0.535,0.719621356421356
"GH_vs_NP","Met+Fun",303,0.536,0.720494891774892
"GH_vs_NP","Met+Fun",303,0.537,0.72119367965368
"GH_vs_NP","Met+Fun",303,0.538,0.721734891774892
"GH_vs_NP","Met+Fun",303,0.539,0.722276103896104
"GH_vs_NP","Met+Fun",303,0.54,0.722817316017316
"GH_vs_NP","Met+Fun",303,0.541,0.723358528138528
"GH_vs_NP","Met+Fun",303,0.542,0.723755194805195
"GH_vs_NP","Met+Fun",303,0.543,0.724308844942936
"GH_vs_NP","Met+Fun",303,0.544,0.725063046044864
"GH_vs_NP","Met+Fun",303,0.545,0.725817247146793
"GH_vs_NP","Met+Fun",303,0.546,0.727383569460842
"GH_vs_NP","Met+Fun",303,0.547,0.73013170995671
"GH_vs_NP","Met+Fun",303,0.548,0.730983746556474
"GH_vs_NP","Met+Fun",303,0.549,0.732095523415978
"GH_vs_NP","Met+Fun",303,0.55,0.734066804407714
"GH_vs_NP","Met+Fun",303,0.551,0.736038085399449
"GH_vs_NP","Met+Fun",303,0.552,0.737682093663912
"GH_vs_NP","Met+Fun",303,0.553,0.738656404958678
"GH_vs_NP","Met+Fun",303,0.554,0.739630716253444
"GH_vs_NP","Met+Fun",303,0.555,0.740605027548209
"GH_vs_NP","Met+Fun",303,0.556,0.741579338842975
"GH_vs_NP","Met+Fun",303,0.557,0.742553650137741
"GH_vs_NP","Met+Fun",303,0.558,0.743527961432507
"GH_vs_NP","Met+Fun",303,0.559,0.744502272727273
"GH_vs_NP","Met+Fun",303,0.56,0.74569696969697
"GH_vs_NP","Met+Fun",303,0.561,0.74697339302112
"GH_vs_NP","Met+Fun",303,0.562,0.748249816345271
"GH_vs_NP","Met+Fun",303,0.563,0.749526239669422
"GH_vs_NP","Met+Fun",303,0.564,0.750689531680441
"GH_vs_NP","Met+Fun",303,0.565,0.751301308539945
"GH_vs_NP","Met+Fun",303,0.566,0.752793593073593
"GH_vs_NP","Met+Fun",303,0.567,0.754759047619048
"GH_vs_NP","Met+Fun",303,0.568,0.756724502164502
"GH_vs_NP","Met+Fun",303,0.569,0.758080865800866
"GH_vs_NP","Met+Fun",303,0.57,0.759049350649351
"GH_vs_NP","Met+Fun",303,0.571,0.760017835497836
"GH_vs_NP","Met+Fun",303,0.572,0.76098632034632
"GH_vs_NP","Met+Fun",303,0.573,0.761934199134199
"GH_vs_NP","Met+Fun",303,0.574,0.762503896103896
"GH_vs_NP","Met+Fun",303,0.575,0.763073593073593
"GH_vs_NP","Met+Fun",303,0.576,0.763639057239057
"GH_vs_NP","Met+Fun",303,0.577,0.763860606060606
"GH_vs_NP","Met+Fun",303,0.578,0.764082154882155
"GH_vs_NP","Met+Fun",303,0.579,0.764303703703704
"GH_vs_NP","Met+Fun",303,0.58,0.764701561065197
"GH_vs_NP","Met+Fun",303,0.581,0.765104377104377
"GH_vs_NP","Met+Fun",303,0.582,0.765507193143557
"GH_vs_NP","Met+Fun",303,0.583,0.76611674318947
"GH_vs_NP","Met+Fun",303,0.584,0.766782320171411
"GH_vs_NP","Met+Fun",303,0.585,0.767506382001837
"GH_vs_NP","Met+Fun",303,0.586,0.768824383226201
"GH_vs_NP","Met+Fun",303,0.587,0.770958546066728
"GH_vs_NP","Met+Fun",303,0.588,0.774341193755739
"GH_vs_NP","Met+Fun",303,0.589,0.77602081114172
"GH_vs_NP","Met+Fun",303,0.59,0.780476859504132
"GH_vs_NP","Met+Fun",303,0.591,0.781976342209978
"GH_vs_NP","Met+Fun",303,0.592,0.783475824915825
"GH_vs_NP","Met+Fun",303,0.593,0.784975307621671
"GH_vs_NP","Met+Fun",303,0.594,0.786474790327518
"GH_vs_NP","Met+Fun",303,0.595,0.787459121518212
"GH_vs_NP","Met+Fun",303,0.596,0.788293957759412
"GH_vs_NP","Met+Fun",303,0.597,0.789128794000612
"GH_vs_NP","Met+Fun",303,0.598,0.789963630241812
"GH_vs_NP","Met+Fun",303,0.599,0.790726749311295
"GH_vs_NP","Met+Fun",303,0.6,0.791229262320171
"GH_vs_NP","Met+Fun",303,0.601,0.792194401591674
"GH_vs_NP","Met+Fun",303,0.602,0.7934318640955
"GH_vs_NP","Met+Fun",303,0.603,0.794997811447811
"GH_vs_NP","Met+Fun",303,0.604,0.796825576981941
"GH_vs_NP","Met+Fun",303,0.605,0.798790312213039
"GH_vs_NP","Met+Fun",303,0.606,0.800755047444138
"GH_vs_NP","Met+Fun",303,0.607,0.802719782675237
"GH_vs_NP","Met+Fun",303,0.608,0.804684517906336
"GH_vs_NP","Met+Fun",303,0.609,0.806649253137435
"GH_vs_NP","Met+Fun",303,0.61,0.808319712274258
"GH_vs_NP","Met+Fun",303,0.611,0.809803673094582
"GH_vs_NP","Met+Fun",303,0.612,0.811757330884604
"GH_vs_NP","Met+Fun",303,0.613,0.813669927343612
"GH_vs_NP","Met+Fun",303,0.614,0.815545443912812
"GH_vs_NP","Met+Fun",303,0.615,0.817323081694134
"GH_vs_NP","Met+Fun",303,0.616,0.819100719475456
"GH_vs_NP","Met+Fun",303,0.617,0.820878357256778
"GH_vs_NP","Met+Fun",303,0.618,0.822168116250221
"GH_vs_NP","Met+Fun",303,0.619,0.823798077263867
"GH_vs_NP","Met+Fun",303,0.62,0.825841573631047
"GH_vs_NP","Met+Fun",303,0.621,0.827885069998228
"GH_vs_NP","Met+Fun",303,0.622,0.829510384547227
"GH_vs_NP","Met+Fun",303,0.623,0.830556911217438
"GH_vs_NP","Met+Fun",303,0.624,0.832998724082935
"GH_vs_NP","Met+Fun",303,0.625,0.834838516746412
"GH_vs_NP","Met+Fun",303,0.626,0.835441945773525
"GH_vs_NP","Met+Fun",303,0.627,0.836045374800638
"GH_vs_NP","Met+Fun",303,0.628,0.836648803827751
"GH_vs_NP","Met+Fun",303,0.629,0.837252232854864
"GH_vs_NP","Met+Fun",303,0.63,0.841295055821372
"GH_vs_NP","Met+Fun",303,0.631,0.84224696969697
"GH_vs_NP","Met+Fun",303,0.632,0.842850398724083
"GH_vs_NP","Met+Fun",303,0.633,0.843453827751196
"GH_vs_NP","Met+Fun",303,0.634,0.844057256778309
"GH_vs_NP","Met+Fun",303,0.635,0.844660685805423
"GH_vs_NP","Met+Fun",303,0.636,0.845375023923445
"GH_vs_NP","Met+Fun",303,0.637,0.846127998405104
"GH_vs_NP","Met+Fun",303,0.638,0.846880972886762
"GH_vs_NP","Met+Fun",303,0.639,0.847633947368421
"GH_vs_NP","Met+Fun",303,0.64,0.84838692185008
"GH_vs_NP","Met+Fun",303,0.641,0.849139896331738
"GH_vs_NP","Met+Fun",303,0.642,0.849823333333333
"GH_vs_NP","Met+Fun",303,0.643,0.850414393939394
"GH_vs_NP","Met+Fun",303,0.644,0.850663636363636
"GH_vs_NP","Met+Fun",303,0.645,0.851025826446281
"GH_vs_NP","Met+Fun",303,0.646,0.851490679522498
"GH_vs_NP","Met+Fun",303,0.647,0.852253512396694
"GH_vs_NP","Met+Fun",303,0.648,0.853103617998163
"GH_vs_NP","Met+Fun",303,0.649,0.85405842056933
"GH_vs_NP","Met+Fun",303,0.65,0.855635445362718
"GH_vs_NP","Met+Fun",303,0.651,0.857212470156107
"GH_vs_NP","Met+Fun",303,0.652,0.858789494949495
"GH_vs_NP","Met+Fun",303,0.653,0.860366519742883
"GH_vs_NP","Met+Fun",303,0.654,0.861708797061524
"GH_vs_NP","Met+Fun",303,0.655,0.86282056932966
"GH_vs_NP","Met+Fun",303,0.656,0.863212341597796
"GH_vs_NP","Met+Fun",303,0.657,0.863593002754821
"GH_vs_NP","Met+Fun",303,0.658,0.863973663911846
"GH_vs_NP","Met+Fun",303,0.659,0.864354325068871
"GH_vs_NP","Met+Fun",303,0.66,0.864734986225895
"GH_vs_NP","Met+Fun",303,0.661,0.86511564738292
"GH_vs_NP","Met+Fun",303,0.662,0.865532794612795
"GH_vs_NP","Met+Fun",303,0.663,0.865953737373737
"GH_vs_NP","Met+Fun",303,0.664,0.86637468013468
"GH_vs_NP","Met+Fun",303,0.665,0.866795622895623
"GH_vs_NP","Met+Fun",303,0.666,0.867216565656566
"GH_vs_NP","Met+Fun",303,0.667,0.867637508417508
"GH_vs_NP","Met+Fun",303,0.668,0.868058451178451
"GH_vs_NP","Met+Fun",303,0.669,0.868479393939394
"GH_vs_NP","Met+Fun",303,0.67,0.868900336700337
"GH_vs_NP","Met+Fun",303,0.671,0.86949569023569
"GH_vs_NP","Met+Fun",303,0.672,0.870191515151515
"GH_vs_NP","Met+Fun",303,0.673,0.871033400673401
"GH_vs_NP","Met+Fun",303,0.674,0.871946281866282
"GH_vs_NP","Met+Fun",303,0.675,0.872832611832612
"GH_vs_NP","Met+Fun",303,0.676,0.873547898027898
"GH_vs_NP","Met+Fun",303,0.677,0.874439699374699
"GH_vs_NP","Met+Fun",303,0.678,0.875404227994228
"GH_vs_NP","Met+Fun",303,0.679,0.876368756613757
"GH_vs_NP","Met+Fun",303,0.68,0.877333285233285
"GH_vs_NP","Met+Fun",303,0.681,0.878297813852814
"GH_vs_NP","Met+Fun",303,0.682,0.879262342472342
"GH_vs_NP","Met+Fun",303,0.683,0.880226871091871
"GH_vs_NP","Met+Fun",303,0.684,0.881145339105339
"GH_vs_NP","Met+Fun",303,0.685,0.881688924963925
"GH_vs_NP","Met+Fun",303,0.686,0.882611366041366
"GH_vs_NP","Met+Fun",303,0.687,0.883783504088504
"GH_vs_NP","Met+Fun",303,0.688,0.884770187590188
"GH_vs_NP","Met+Fun",303,0.689,0.88561974987975
"GH_vs_NP","Met+Fun",303,0.69,0.886387493987494
"GH_vs_NP","Met+Fun",303,0.691,0.888121904761905
"GH_vs_NP","Met+Fun",303,0.692,0.889856315536316
"GH_vs_NP","Met+Fun",303,0.693,0.891590726310726
"GH_vs_NP","Met+Fun",303,0.694,0.892224357864358
"GH_vs_NP","Met+Fun",303,0.695,0.89284785954786
"GH_vs_NP","Met+Fun",303,0.696,0.893471361231361
"GH_vs_NP","Met+Fun",303,0.697,0.894094862914863
"GH_vs_NP","Met+Fun",303,0.698,0.894718364598365
"GH_vs_NP","Met+Fun",303,0.699,0.895341866281866
"GH_vs_NP","Met+Fun",303,0.7,0.895965367965368
"GH_vs_NP","Met+Fun",303,0.701,0.89658886964887
"GH_vs_NP","Met+Fun",303,0.702,0.897212371332371
"GH_vs_NP","Met+Fun",303,0.703,0.897835873015873
"GH_vs_NP","Met+Fun",303,0.704,0.898562820586821
"GH_vs_NP","Met+Fun",303,0.705,0.899479716209716
"GH_vs_NP","Met+Fun",303,0.706,0.900317535353535
"GH_vs_NP","Met+Fun",303,0.707,0.901139481481481
"GH_vs_NP","Met+Fun",303,0.708,0.901961427609428
"GH_vs_NP","Met+Fun",303,0.709,0.902875646464646
"GH_vs_NP","Met+Fun",303,0.71,0.903677542087542
"GH_vs_NP","Met+Fun",303,0.711,0.904117316498317
"GH_vs_NP","Met+Fun",303,0.712,0.904557090909091
"GH_vs_NP","Met+Fun",303,0.713,0.904970939393939
"GH_vs_NP","Met+Fun",303,0.714,0.905299939393939
"GH_vs_NP","Met+Fun",303,0.715,0.905628939393939
"GH_vs_NP","Met+Fun",303,0.716,0.905957939393939
"GH_vs_NP","Met+Fun",303,0.717,0.906286939393939
"GH_vs_NP","Met+Fun",303,0.718,0.906840181818182
"GH_vs_NP","Met+Fun",303,0.719,0.907501505050505
"GH_vs_NP","Met+Fun",303,0.72,0.908162828282828
"GH_vs_NP","Met+Fun",303,0.721,0.908775963109354
"GH_vs_NP","Met+Fun",303,0.722,0.909361429951691
"GH_vs_NP","Met+Fun",303,0.723,0.909946896794027
"GH_vs_NP","Met+Fun",303,0.724,0.910574787878788
"GH_vs_NP","Met+Fun",303,0.725,0.911231466842336
"GH_vs_NP","Met+Fun",303,0.726,0.911888145805885
"GH_vs_NP","Met+Fun",303,0.727,0.912544824769433
"GH_vs_NP","Met+Fun",303,0.728,0.913201503732982
"GH_vs_NP","Met+Fun",303,0.729,0.913858182696531
"GH_vs_NP","Met+Fun",303,0.73,0.914514861660079
"GH_vs_NP","Met+Fun",303,0.731,0.915171540623628
"GH_vs_NP","Met+Fun",303,0.732,0.915828219587176
"GH_vs_NP","Met+Fun",303,0.733,0.916484898550725
"GH_vs_NP","Met+Fun",303,0.734,0.917141577514273
"GH_vs_NP","Met+Fun",303,0.735,0.917798256477822
"GH_vs_NP","Met+Fun",303,0.736,0.918309480895916
"GH_vs_NP","Met+Fun",303,0.737,0.918633836627141
"GH_vs_NP","Met+Fun",303,0.738,0.919054524096803
"GH_vs_NP","Met+Fun",303,0.739,0.919483824006657
"GH_vs_NP","Met+Fun",303,0.74,0.919913123916511
"GH_vs_NP","Met+Fun",303,0.741,0.920342423826364
"GH_vs_NP","Met+Fun",303,0.742,0.920743117675612
"GH_vs_NP","Met+Fun",303,0.743,0.921092660009708
"GH_vs_NP","Met+Fun",303,0.744,0.921442202343804
"GH_vs_NP","Met+Fun",303,0.745,0.9217917446779
"GH_vs_NP","Met+Fun",303,0.746,0.922141287011996
"GH_vs_NP","Met+Fun",303,0.747,0.922490829346093
"GH_vs_NP","Met+Fun",303,0.748,0.922840371680189
"GH_vs_NP","Met+Fun",303,0.749,0.923189914014285
"GH_vs_NP","Met+Fun",303,0.75,0.923539456348381
"GH_vs_NP","Met+Fun",303,0.751,0.92691930171278
"GH_vs_NP","Met+Fun",303,0.752,0.927268844046876
"GH_vs_NP","Met+Fun",303,0.753,0.92809717425976
"GH_vs_NP","Met+Fun",303,0.754,0.929111363058503
"GH_vs_NP","Met+Fun",303,0.755,0.930125551857245
"GH_vs_NP","Met+Fun",303,0.756,0.931021690590112
"GH_vs_NP","Met+Fun",303,0.757,0.931862493354599
"GH_vs_NP","Met+Fun",303,0.758,0.932703296119086
"GH_vs_NP","Met+Fun",303,0.759,0.933544098883573
"GH_vs_NP","Met+Fun",303,0.76,0.934391453654612
"GH_vs_NP","Met+Fun",303,0.761,0.935286146672989
"GH_vs_NP","Met+Fun",303,0.762,0.935780839691366
"GH_vs_NP","Met+Fun",303,0.763,0.936010886245097
"GH_vs_NP","Met+Fun",303,0.764,0.936240932798828
"GH_vs_NP","Met+Fun",303,0.765,0.936470979352558
"GH_vs_NP","Met+Fun",303,0.766,0.93669352989353
"GH_vs_NP","Met+Fun",303,0.767,0.93674742014742
"GH_vs_NP","Met+Fun",303,0.768,0.936837256064842
"GH_vs_NP","Met+Fun",303,0.769,0.936959902849558
"GH_vs_NP","Met+Fun",303,0.77,0.937082549634274
"GH_vs_NP","Met+Fun",303,0.771,0.937236281462978
"GH_vs_NP","Met+Fun",303,0.772,0.937423248873305
"GH_vs_NP","Met+Fun",303,0.773,0.937610216283631
"GH_vs_NP","Met+Fun",303,0.774,0.937797183693958
"GH_vs_NP","Met+Fun",303,0.775,0.937984151104285
"GH_vs_NP","Met+Fun",303,0.776,0.938171118514611
"GH_vs_NP","Met+Fun",303,0.777,0.938358085924938
"GH_vs_NP","Met+Fun",303,0.778,0.938545053335265
"GH_vs_NP","Met+Fun",303,0.779,0.938732020745591
"GH_vs_NP","Met+Fun",303,0.78,0.938918988155918
"GH_vs_NP","Met+Fun",303,0.781,0.939105955566245
"GH_vs_NP","Met+Fun",303,0.782,0.939292922976572
"GH_vs_NP","Met+Fun",303,0.783,0.939479890386898
"GH_vs_NP","Met+Fun",303,0.784,0.939666857797225
"GH_vs_NP","Met+Fun",303,0.785,0.939853825207552
"GH_vs_NP","Met+Fun",303,0.786,0.940040792617878
"GH_vs_NP","Met+Fun",303,0.787,0.940227760028205
"GH_vs_NP","Met+Fun",303,0.788,0.940414727438532
"GH_vs_NP","Met+Fun",303,0.789,0.940601694848858
"GH_vs_NP","Met+Fun",303,0.79,0.940788662259185
"GH_vs_NP","Met+Fun",303,0.791,0.940975629669512
"GH_vs_NP","Met+Fun",303,0.792,0.941162597079839
"GH_vs_NP","Met+Fun",303,0.793,0.941349564490165
"GH_vs_NP","Met+Fun",303,0.794,0.941536531900492
"GH_vs_NP","Met+Fun",303,0.795,0.941723499310819
"GH_vs_NP","Met+Fun",303,0.796,0.941910466721145
"GH_vs_NP","Met+Fun",303,0.797,0.942097434131472
"GH_vs_NP","Met+Fun",303,0.798,0.942284401541799
"GH_vs_NP","Met+Fun",303,0.799,0.942471368952125
"GH_vs_NP","Met+Fun",303,0.8,0.942658336362452
"GH_vs_NP","Met+Fun",303,0.801,0.942845303772779
"GH_vs_NP","Met+Fun",303,0.802,0.943032271183106
"GH_vs_NP","Met+Fun",303,0.803,0.943332571926766
"GH_vs_NP","Met+Fun",303,0.804,0.943718933276486
"GH_vs_NP","Met+Fun",303,0.805,0.944105294626207
"GH_vs_NP","Met+Fun",303,0.806,0.944491655975927
"GH_vs_NP","Met+Fun",303,0.807,0.944878017325648
"GH_vs_NP","Met+Fun",303,0.808,0.945264378675369
"GH_vs_NP","Met+Fun",303,0.809,0.945650740025089
"GH_vs_NP","Met+Fun",303,0.81,0.94603710137481
"GH_vs_NP","Met+Fun",303,0.811,0.946423462724531
"GH_vs_NP","Met+Fun",303,0.812,0.946853641559448
"GH_vs_NP","Met+Fun",303,0.813,0.947337407994505
"GH_vs_NP","Met+Fun",303,0.814,0.947821174429562
"GH_vs_NP","Met+Fun",303,0.815,0.948304940864618
"GH_vs_NP","Met+Fun",303,0.816,0.948788707299675
"GH_vs_NP","Met+Fun",303,0.817,0.949224480286738
"GH_vs_NP","Met+Fun",303,0.818,0.949556565656566
"GH_vs_NP","Met+Fun",303,0.819,0.949722727272727
"GH_vs_NP","Met+Fun",303,0.82,0.949888888888889
"GH_vs_NP","Met+Fun",303,0.821,0.950121111111111
"GH_vs_NP","Met+Fun",303,0.822,0.950486666666667
"GH_vs_NP","Met+Fun",303,0.823,0.950852222222222
"GH_vs_NP","Met+Fun",303,0.824,0.951217777777778
"GH_vs_NP","Met+Fun",303,0.825,0.951583333333333
"GH_vs_NP","Met+Fun",303,0.826,0.951948888888889
"GH_vs_NP","Met+Fun",303,0.827,0.952364747474748
"GH_vs_NP","Met+Fun",303,0.828,0.952929696969697
"GH_vs_NP","Met+Fun",303,0.829,0.953494646464647
"GH_vs_NP","Met+Fun",303,0.83,0.954059595959596
"GH_vs_NP","Met+Fun",303,0.831,0.954624545454545
"GH_vs_NP","Met+Fun",303,0.832,0.955189494949495
"GH_vs_NP","Met+Fun",303,0.833,0.955754444444444
"GH_vs_NP","Met+Fun",303,0.834,0.956319393939394
"GH_vs_NP","Met+Fun",303,0.835,0.956884343434343
"GH_vs_NP","Met+Fun",303,0.836,0.957422626262626
"GH_vs_NP","Met+Fun",303,0.837,0.957788181818182
"GH_vs_NP","Met+Fun",303,0.838,0.958153737373737
"GH_vs_NP","Met+Fun",303,0.839,0.958519292929293
"GH_vs_NP","Met+Fun",303,0.84,0.958884848484848
"GH_vs_NP","Met+Fun",303,0.841,0.959250404040404
"GH_vs_NP","Met+Fun",303,0.842,0.959605050505051
"GH_vs_NP","Met+Fun",303,0.843,0.959771212121212
"GH_vs_NP","Met+Fun",303,0.844,0.959937373737374
"GH_vs_NP","Met+Fun",303,0.845,0.960103535353535
"GH_vs_NP","Met+Fun",303,0.846,0.960269696969697
"GH_vs_NP","Met+Fun",303,0.847,0.960600505050505
"GH_vs_NP","Met+Fun",303,0.848,0.96109898989899
"GH_vs_NP","Met+Fun",303,0.849,0.961435353535354
"GH_vs_NP","Met+Fun",303,0.85,0.961767676767677
"GH_vs_NP","Met+Fun",303,0.851,0.9621
"GH_vs_NP","Met+Fun",303,0.852,0.962432323232323
"GH_vs_NP","Met+Fun",303,0.853,0.962764646464646
"GH_vs_NP","Met+Fun",303,0.854,0.96309696969697
"GH_vs_NP","Met+Fun",303,0.855,0.963429292929293
"GH_vs_NP","Met+Fun",303,0.856,0.963636363636364
"GH_vs_NP","Met+Fun",303,0.857,0.963636363636364
"GH_vs_NP","Met+Fun",303,0.858,0.963636363636364
"GH_vs_NP","Met+Fun",303,0.859,0.963636363636364
"GH_vs_NP","Met+Fun",303,0.86,0.963636363636364
"GH_vs_NP","Met+Fun",303,0.861,0.963636363636364
"GH_vs_NP","Met+Fun",303,0.862,0.963636363636364
"GH_vs_NP","Met+Fun",303,0.863,0.963636363636364
"GH_vs_NP","Met+Fun",303,0.864,0.963636363636364
"GH_vs_NP","Met+Fun",303,0.865,0.963636363636364
"GH_vs_NP","Met+Fun",303,0.866,0.963636363636364
"GH_vs_NP","Met+Fun",303,0.867,0.963636363636364
"GH_vs_NP","Met+Fun",303,0.868,0.963636363636364
"GH_vs_NP","Met+Fun",303,0.869,0.963636363636364
"GH_vs_NP","Met+Fun",303,0.87,0.963636363636364
"GH_vs_NP","Met+Fun",303,0.871,0.963636363636364
"GH_vs_NP","Met+Fun",303,0.872,0.963636363636364
"GH_vs_NP","Met+Fun",303,0.873,0.964293939393939
"GH_vs_NP","Met+Fun",303,0.874,0.965290909090909
"GH_vs_NP","Met+Fun",303,0.875,0.966287878787879
"GH_vs_NP","Met+Fun",303,0.876,0.966666666666667
"GH_vs_NP","Met+Fun",303,0.877,0.966666666666667
"GH_vs_NP","Met+Fun",303,0.878,0.966666666666667
"GH_vs_NP","Met+Fun",303,0.879,0.966666666666667
"GH_vs_NP","Met+Fun",303,0.88,0.966707070707071
"GH_vs_NP","Met+Fun",303,0.881,0.967371717171717
"GH_vs_NP","Met+Fun",303,0.882,0.96839595959596
"GH_vs_NP","Met+Fun",303,0.883,0.969725252525253
"GH_vs_NP","Met+Fun",303,0.884,0.971054545454546
"GH_vs_NP","Met+Fun",303,0.885,0.972050505050505
"GH_vs_NP","Met+Fun",303,0.886,0.972715151515152
"GH_vs_NP","Met+Fun",303,0.887,0.972727272727273
"GH_vs_NP","Met+Fun",303,0.888,0.972727272727273
"GH_vs_NP","Met+Fun",303,0.889,0.972727272727273
"GH_vs_NP","Met+Fun",303,0.89,0.972727272727273
"GH_vs_NP","Met+Fun",303,0.891,0.972727272727273
"GH_vs_NP","Met+Fun",303,0.892,0.972727272727273
"GH_vs_NP","Met+Fun",303,0.893,0.972727272727273
"GH_vs_NP","Met+Fun",303,0.894,0.972727272727273
"GH_vs_NP","Met+Fun",303,0.895,0.972727272727273
"GH_vs_NP","Met+Fun",303,0.896,0.972727272727273
"GH_vs_NP","Met+Fun",303,0.897,0.972727272727273
"GH_vs_NP","Met+Fun",303,0.898,0.972727272727273
"GH_vs_NP","Met+Fun",303,0.899,0.972727272727273
"GH_vs_NP","Met+Fun",303,0.9,0.972787878787879
"GH_vs_NP","Met+Fun",303,0.901,0.972987272727273
"GH_vs_NP","Met+Fun",303,0.902,0.973306946386946
"GH_vs_NP","Met+Fun",303,0.903,0.97365972027972
"GH_vs_NP","Met+Fun",303,0.904,0.974012494172494
"GH_vs_NP","Met+Fun",303,0.905,0.974365268065268
"GH_vs_NP","Met+Fun",303,0.906,0.974718041958042
"GH_vs_NP","Met+Fun",303,0.907,0.975070815850816
"GH_vs_NP","Met+Fun",303,0.908,0.97542358974359
"GH_vs_NP","Met+Fun",303,0.909,0.975776363636364
"GH_vs_NP","Met+Fun",303,0.91,0.976129137529138
"GH_vs_NP","Met+Fun",303,0.911,0.976481911421911
"GH_vs_NP","Met+Fun",303,0.912,0.976834685314685
"GH_vs_NP","Met+Fun",303,0.913,0.977187459207459
"GH_vs_NP","Met+Fun",303,0.914,0.977575904095904
"GH_vs_NP","Met+Fun",303,0.915,0.977964435564436
"GH_vs_NP","Met+Fun",303,0.916,0.978174785214785
"GH_vs_NP","Met+Fun",303,0.917,0.978385134865135
"GH_vs_NP","Met+Fun",303,0.918,0.978595484515485
"GH_vs_NP","Met+Fun",303,0.919,0.978805834165834
"GH_vs_NP","Met+Fun",303,0.92,0.979016183816184
"GH_vs_NP","Met+Fun",303,0.921,0.979222337662338
"GH_vs_NP","Met+Fun",303,0.922,0.979279307359307
"GH_vs_NP","Met+Fun",303,0.923,0.980348398268398
"GH_vs_NP","Met+Fun",303,0.924,0.982399307359307
"GH_vs_NP","Met+Fun",303,0.925,0.98248051948052
"GH_vs_NP","Met+Fun",303,0.926,0.982537489177489
"GH_vs_NP","Met+Fun",303,0.927,0.982594458874459
"GH_vs_NP","Met+Fun",303,0.928,0.982756479076479
"GH_vs_NP","Met+Fun",303,0.929,0.982924223184223
"GH_vs_NP","Met+Fun",303,0.93,0.983091967291967
"GH_vs_NP","Met+Fun",303,0.931,0.983259711399711
"GH_vs_NP","Met+Fun",303,0.932,0.983427455507455
"GH_vs_NP","Met+Fun",303,0.933,0.9835951996152
"GH_vs_NP","Met+Fun",303,0.934,0.983762943722944
"GH_vs_NP","Met+Fun",303,0.935,0.983930687830688
"GH_vs_NP","Met+Fun",303,0.936,0.984098431938432
"GH_vs_NP","Met+Fun",303,0.937,0.984266176046176
"GH_vs_NP","Met+Fun",303,0.938,0.98443392015392
"GH_vs_NP","Met+Fun",303,0.939,0.984601664261664
"GH_vs_NP","Met+Fun",303,0.94,0.984769408369408
"GH_vs_NP","Met+Fun",303,0.941,0.984937152477153
"GH_vs_NP","Met+Fun",303,0.942,0.985104896584897
"GH_vs_NP","Met+Fun",303,0.943,0.985272640692641
"GH_vs_NP","Met+Fun",303,0.944,0.985440384800385
"GH_vs_NP","Met+Fun",303,0.945,0.985608128908129
"GH_vs_NP","Met+Fun",303,0.946,0.985775873015873
"GH_vs_NP","Met+Fun",303,0.947,0.985943617123617
"GH_vs_NP","Met+Fun",303,0.948,0.986111361231361
"GH_vs_NP","Met+Fun",303,0.949,0.986279105339105
"GH_vs_NP","Met+Fun",303,0.95,0.986446849446849
"GH_vs_NP","Met+Fun",303,0.951,0.986614593554594
"GH_vs_NP","Met+Fun",303,0.952,0.986782337662338
"GH_vs_NP","Met+Fun",303,0.953,0.986950081770082
"GH_vs_NP","Met+Fun",303,0.954,0.987117825877826
"GH_vs_NP","Met+Fun",303,0.955,0.987219913419913
"GH_vs_NP","Met+Fun",303,0.956,0.987276883116883
"GH_vs_NP","Met+Fun",303,0.957,0.987333852813853
"GH_vs_NP","Met+Fun",303,0.958,0.987390822510823
"GH_vs_NP","Met+Fun",303,0.959,0.987447792207792
"GH_vs_NP","Met+Fun",303,0.96,0.987504761904762
"GH_vs_NP","Met+Fun",303,0.961,0.987561731601732
"GH_vs_NP","Met+Fun",303,0.962,0.987618701298701
"GH_vs_NP","Met+Fun",303,0.963,0.987923398268398
"GH_vs_NP","Met+Fun",303,0.964,0.98822961038961
"GH_vs_NP","Met+Fun",303,0.965,0.988535822510823
"GH_vs_NP","Met+Fun",303,0.966,0.988842034632035
"GH_vs_NP","Met+Fun",303,0.967,0.989123484848485
"GH_vs_NP","Met+Fun",303,0.968,0.989372727272727
"GH_vs_NP","Met+Fun",303,0.969,0.98962196969697
"GH_vs_NP","Met+Fun",303,0.97,0.989871212121212
"GH_vs_NP","Met+Fun",303,0.971,0.990120454545454
"GH_vs_NP","Met+Fun",303,0.972,0.990369696969697
"GH_vs_NP","Met+Fun",303,0.973,0.990618939393939
"GH_vs_NP","Met+Fun",303,0.974,0.990868181818182
"GH_vs_NP","Met+Fun",303,0.975,0.991075757575758
"GH_vs_NP","Met+Fun",303,0.976,0.991275151515152
"GH_vs_NP","Met+Fun",303,0.977,0.991474545454545
"GH_vs_NP","Met+Fun",303,0.978,0.991673939393939
"GH_vs_NP","Met+Fun",303,0.979,0.991873333333333
"GH_vs_NP","Met+Fun",303,0.98,0.992072727272727
"GH_vs_NP","Met+Fun",303,0.981,0.992272121212121
"GH_vs_NP","Met+Fun",303,0.982,0.992471515151515
"GH_vs_NP","Met+Fun",303,0.983,0.992670909090909
"GH_vs_NP","Met+Fun",303,0.984,0.992870303030303
"GH_vs_NP","Met+Fun",303,0.985,0.993069696969697
"GH_vs_NP","Met+Fun",303,0.986,0.993269090909091
"GH_vs_NP","Met+Fun",303,0.987,0.993468484848485
"GH_vs_NP","Met+Fun",303,0.988,0.993667878787879
"GH_vs_NP","Met+Fun",303,0.989,0.993867272727273
"GH_vs_NP","Met+Fun",303,0.99,0.995212121212121
"GH_vs_NP","Met+Fun",303,0.991,0.996969696969697
"GH_vs_NP","Met+Fun",303,0.992,0.996969696969697
"GH_vs_NP","Met+Fun",303,0.993,0.996969696969697
"GH_vs_NP","Met+Fun",303,0.994,0.996969696969697
"GH_vs_NP","Met+Fun",303,0.995,0.996969696969697
"GH_vs_NP","Met+Fun",303,0.996,0.996969696969697
"GH_vs_NP","Met+Fun",303,0.997,1
"GH_vs_NP","Met+Fun",303,0.998,1
"GH_vs_NP","Met+Fun",303,0.999,1
"GH_vs_NP","Met+Fun",303,1,1
"GH_vs_NP","Met+Bac",303,0,0
"GH_vs_NP","Met+Bac",303,0.001,0
"GH_vs_NP","Met+Bac",303,0.002,0
"GH_vs_NP","Met+Bac",303,0.003,0
"GH_vs_NP","Met+Bac",303,0.004,0
"GH_vs_NP","Met+Bac",303,0.005,0
"GH_vs_NP","Met+Bac",303,0.006,0
"GH_vs_NP","Met+Bac",303,0.007,0.00606060606060606
"GH_vs_NP","Met+Bac",303,0.008,0.0125212121212121
"GH_vs_NP","Met+Bac",303,0.009,0.0135181818181819
"GH_vs_NP","Met+Bac",303,0.01,0.0223333333333334
"GH_vs_NP","Met+Bac",303,0.011,0.0272727272727273
"GH_vs_NP","Met+Bac",303,0.012,0.0272727272727273
"GH_vs_NP","Met+Bac",303,0.013,0.0289515151515151
"GH_vs_NP","Met+Bac",303,0.014,0.0303030303030303
"GH_vs_NP","Met+Bac",303,0.015,0.0303030303030303
"GH_vs_NP","Met+Bac",303,0.016,0.0470545454545455
"GH_vs_NP","Met+Bac",303,0.017,0.0545454545454545
"GH_vs_NP","Met+Bac",303,0.018,0.0545454545454545
"GH_vs_NP","Met+Bac",303,0.019,0.057587878787879
"GH_vs_NP","Met+Bac",303,0.02,0.0671515151515152
"GH_vs_NP","Met+Bac",303,0.021,0.0691454545454545
"GH_vs_NP","Met+Bac",303,0.022,0.0757575757575758
"GH_vs_NP","Met+Bac",303,0.023,0.0759606060606061
"GH_vs_NP","Met+Bac",303,0.024,0.0769575757575758
"GH_vs_NP","Met+Bac",303,0.025,0.0840151515151515
"GH_vs_NP","Met+Bac",303,0.026,0.0915636363636363
"GH_vs_NP","Met+Bac",303,0.027,0.0955515151515153
"GH_vs_NP","Met+Bac",303,0.028,0.115151515151515
"GH_vs_NP","Met+Bac",303,0.029,0.115151515151515
"GH_vs_NP","Met+Bac",303,0.03,0.115151515151515
"GH_vs_NP","Met+Bac",303,0.031,0.137569696969697
"GH_vs_NP","Met+Bac",303,0.032,0.145454545454545
"GH_vs_NP","Met+Bac",303,0.033,0.145454545454545
"GH_vs_NP","Met+Bac",303,0.034,0.146581818181818
"GH_vs_NP","Met+Bac",303,0.035,0.151515151515152
"GH_vs_NP","Met+Bac",303,0.036,0.151515151515152
"GH_vs_NP","Met+Bac",303,0.037,0.151515151515152
"GH_vs_NP","Met+Bac",303,0.038,0.151515151515152
"GH_vs_NP","Met+Bac",303,0.039,0.151515151515152
"GH_vs_NP","Met+Bac",303,0.04,0.151515151515152
"GH_vs_NP","Met+Bac",303,0.041,0.151515151515152
"GH_vs_NP","Met+Bac",303,0.042,0.151515151515152
"GH_vs_NP","Met+Bac",303,0.043,0.16149696969697
"GH_vs_NP","Met+Bac",303,0.044,0.163490909090909
"GH_vs_NP","Met+Bac",303,0.045,0.16969696969697
"GH_vs_NP","Met+Bac",303,0.046,0.16969696969697
"GH_vs_NP","Met+Bac",303,0.047,0.16969696969697
"GH_vs_NP","Met+Bac",303,0.048,0.173236363636364
"GH_vs_NP","Met+Bac",303,0.049,0.178787878787879
"GH_vs_NP","Met+Bac",303,0.05,0.178787878787879
"GH_vs_NP","Met+Bac",303,0.051,0.178787878787879
"GH_vs_NP","Met+Bac",303,0.052,0.179442424242424
"GH_vs_NP","Met+Bac",303,0.053,0.181436363636364
"GH_vs_NP","Met+Bac",303,0.054,0.181818181818182
"GH_vs_NP","Met+Bac",303,0.055,0.181818181818182
"GH_vs_NP","Met+Bac",303,0.056,0.181818181818182
"GH_vs_NP","Met+Bac",303,0.057,0.181818181818182
"GH_vs_NP","Met+Bac",303,0.058,0.181818181818182
"GH_vs_NP","Met+Bac",303,0.059,0.181818181818182
"GH_vs_NP","Met+Bac",303,0.06,0.181818181818182
"GH_vs_NP","Met+Bac",303,0.061,0.181818181818182
"GH_vs_NP","Met+Bac",303,0.062,0.181818181818182
"GH_vs_NP","Met+Bac",303,0.063,0.181818181818182
"GH_vs_NP","Met+Bac",303,0.064,0.181818181818182
"GH_vs_NP","Met+Bac",303,0.065,0.181818181818182
"GH_vs_NP","Met+Bac",303,0.066,0.181818181818182
"GH_vs_NP","Met+Bac",303,0.067,0.181818181818182
"GH_vs_NP","Met+Bac",303,0.068,0.181818181818182
"GH_vs_NP","Met+Bac",303,0.069,0.181818181818182
"GH_vs_NP","Met+Bac",303,0.07,0.184848484848485
"GH_vs_NP","Met+Bac",303,0.071,0.184848484848485
"GH_vs_NP","Met+Bac",303,0.072,0.184848484848485
"GH_vs_NP","Met+Bac",303,0.073,0.184848484848485
"GH_vs_NP","Met+Bac",303,0.074,0.184848484848485
"GH_vs_NP","Met+Bac",303,0.075,0.191969696969697
"GH_vs_NP","Met+Bac",303,0.076,0.193939393939394
"GH_vs_NP","Met+Bac",303,0.077,0.193939393939394
"GH_vs_NP","Met+Bac",303,0.078,0.203030303030303
"GH_vs_NP","Met+Bac",303,0.079,0.203030303030303
"GH_vs_NP","Met+Bac",303,0.08,0.212121212121212
"GH_vs_NP","Met+Bac",303,0.081,0.212121212121212
"GH_vs_NP","Met+Bac",303,0.082,0.212121212121212
"GH_vs_NP","Met+Bac",303,0.083,0.212121212121212
"GH_vs_NP","Met+Bac",303,0.084,0.212121212121212
"GH_vs_NP","Met+Bac",303,0.085,0.212121212121212
"GH_vs_NP","Met+Bac",303,0.086,0.212121212121212
"GH_vs_NP","Met+Bac",303,0.087,0.212121212121212
"GH_vs_NP","Met+Bac",303,0.088,0.212121212121212
"GH_vs_NP","Met+Bac",303,0.089,0.212121212121212
"GH_vs_NP","Met+Bac",303,0.09,0.212121212121212
"GH_vs_NP","Met+Bac",303,0.091,0.212121212121212
"GH_vs_NP","Met+Bac",303,0.092,0.212121212121212
"GH_vs_NP","Met+Bac",303,0.093,0.212121212121212
"GH_vs_NP","Met+Bac",303,0.094,0.212121212121212
"GH_vs_NP","Met+Bac",303,0.095,0.212121212121212
"GH_vs_NP","Met+Bac",303,0.096,0.212121212121212
"GH_vs_NP","Met+Bac",303,0.097,0.212121212121212
"GH_vs_NP","Met+Bac",303,0.098,0.212121212121212
"GH_vs_NP","Met+Bac",303,0.099,0.212121212121212
"GH_vs_NP","Met+Bac",303,0.1,0.212121212121212
"GH_vs_NP","Met+Bac",303,0.101,0.212121212121212
"GH_vs_NP","Met+Bac",303,0.102,0.212121212121212
"GH_vs_NP","Met+Bac",303,0.103,0.212121212121212
"GH_vs_NP","Met+Bac",303,0.104,0.212121212121212
"GH_vs_NP","Met+Bac",303,0.105,0.212121212121212
"GH_vs_NP","Met+Bac",303,0.106,0.212121212121212
"GH_vs_NP","Met+Bac",303,0.107,0.212121212121212
"GH_vs_NP","Met+Bac",303,0.108,0.212315151515152
"GH_vs_NP","Met+Bac",303,0.109,0.214309090909091
"GH_vs_NP","Met+Bac",303,0.11,0.215151515151515
"GH_vs_NP","Met+Bac",303,0.111,0.215151515151515
"GH_vs_NP","Met+Bac",303,0.112,0.215151515151515
"GH_vs_NP","Met+Bac",303,0.113,0.215151515151515
"GH_vs_NP","Met+Bac",303,0.114,0.215151515151515
"GH_vs_NP","Met+Bac",303,0.115,0.215151515151515
"GH_vs_NP","Met+Bac",303,0.116,0.215151515151515
"GH_vs_NP","Met+Bac",303,0.117,0.215151515151515
"GH_vs_NP","Met+Bac",303,0.118,0.215151515151515
"GH_vs_NP","Met+Bac",303,0.119,0.215151515151515
"GH_vs_NP","Met+Bac",303,0.12,0.215151515151515
"GH_vs_NP","Met+Bac",303,0.121,0.215151515151515
"GH_vs_NP","Met+Bac",303,0.122,0.215151515151515
"GH_vs_NP","Met+Bac",303,0.123,0.215151515151515
"GH_vs_NP","Met+Bac",303,0.124,0.215151515151515
"GH_vs_NP","Met+Bac",303,0.125,0.215530303030303
"GH_vs_NP","Met+Bac",303,0.126,0.216527272727273
"GH_vs_NP","Met+Bac",303,0.127,0.217524242424242
"GH_vs_NP","Met+Bac",303,0.128,0.218181818181818
"GH_vs_NP","Met+Bac",303,0.129,0.218181818181818
"GH_vs_NP","Met+Bac",303,0.13,0.218181818181818
"GH_vs_NP","Met+Bac",303,0.131,0.218181818181818
"GH_vs_NP","Met+Bac",303,0.132,0.218181818181818
"GH_vs_NP","Met+Bac",303,0.133,0.218181818181818
"GH_vs_NP","Met+Bac",303,0.134,0.21870303030303
"GH_vs_NP","Met+Bac",303,0.135,0.22069696969697
"GH_vs_NP","Met+Bac",303,0.136,0.228751515151515
"GH_vs_NP","Met+Bac",303,0.137,0.233333333333333
"GH_vs_NP","Met+Bac",303,0.138,0.233333333333333
"GH_vs_NP","Met+Bac",303,0.139,0.233333333333333
"GH_vs_NP","Met+Bac",303,0.14,0.23369696969697
"GH_vs_NP","Met+Bac",303,0.141,0.235690909090909
"GH_vs_NP","Met+Bac",303,0.142,0.236363636363636
"GH_vs_NP","Met+Bac",303,0.143,0.239393939393939
"GH_vs_NP","Met+Bac",303,0.144,0.239393939393939
"GH_vs_NP","Met+Bac",303,0.145,0.242424242424242
"GH_vs_NP","Met+Bac",303,0.146,0.242424242424242
"GH_vs_NP","Met+Bac",303,0.147,0.242424242424242
"GH_vs_NP","Met+Bac",303,0.148,0.245454545454545
"GH_vs_NP","Met+Bac",303,0.149,0.245454545454545
"GH_vs_NP","Met+Bac",303,0.15,0.245454545454545
"GH_vs_NP","Met+Bac",303,0.151,0.245454545454545
"GH_vs_NP","Met+Bac",303,0.152,0.245454545454545
"GH_vs_NP","Met+Bac",303,0.153,0.245454545454545
"GH_vs_NP","Met+Bac",303,0.154,0.245454545454545
"GH_vs_NP","Met+Bac",303,0.155,0.245454545454545
"GH_vs_NP","Met+Bac",303,0.156,0.245454545454545
"GH_vs_NP","Met+Bac",303,0.157,0.251515151515152
"GH_vs_NP","Met+Bac",303,0.158,0.251515151515152
"GH_vs_NP","Met+Bac",303,0.159,0.254545454545455
"GH_vs_NP","Met+Bac",303,0.16,0.260606060606061
"GH_vs_NP","Met+Bac",303,0.161,0.260606060606061
"GH_vs_NP","Met+Bac",303,0.162,0.260606060606061
"GH_vs_NP","Met+Bac",303,0.163,0.260606060606061
"GH_vs_NP","Met+Bac",303,0.164,0.260606060606061
"GH_vs_NP","Met+Bac",303,0.165,0.268393939393939
"GH_vs_NP","Met+Bac",303,0.166,0.273418181818182
"GH_vs_NP","Met+Bac",303,0.167,0.275412121212121
"GH_vs_NP","Met+Bac",303,0.168,0.278787878787879
"GH_vs_NP","Met+Bac",303,0.169,0.278787878787879
"GH_vs_NP","Met+Bac",303,0.17,0.278787878787879
"GH_vs_NP","Met+Bac",303,0.171,0.278787878787879
"GH_vs_NP","Met+Bac",303,0.172,0.281818181818182
"GH_vs_NP","Met+Bac",303,0.173,0.281818181818182
"GH_vs_NP","Met+Bac",303,0.174,0.289369696969697
"GH_vs_NP","Met+Bac",303,0.175,0.3
"GH_vs_NP","Met+Bac",303,0.176,0.3
"GH_vs_NP","Met+Bac",303,0.177,0.303030303030303
"GH_vs_NP","Met+Bac",303,0.178,0.306060606060606
"GH_vs_NP","Met+Bac",303,0.179,0.306060606060606
"GH_vs_NP","Met+Bac",303,0.18,0.312121212121212
"GH_vs_NP","Met+Bac",303,0.181,0.312418181818182
"GH_vs_NP","Met+Bac",303,0.182,0.314412121212121
"GH_vs_NP","Met+Bac",303,0.183,0.324242424242424
"GH_vs_NP","Met+Bac",303,0.184,0.324242424242424
"GH_vs_NP","Met+Bac",303,0.185,0.324242424242424
"GH_vs_NP","Met+Bac",303,0.186,0.324242424242424
"GH_vs_NP","Met+Bac",303,0.187,0.327272727272727
"GH_vs_NP","Met+Bac",303,0.188,0.327272727272727
"GH_vs_NP","Met+Bac",303,0.189,0.327272727272727
"GH_vs_NP","Met+Bac",303,0.19,0.327272727272727
"GH_vs_NP","Met+Bac",303,0.191,0.327272727272727
"GH_vs_NP","Met+Bac",303,0.192,0.327272727272727
"GH_vs_NP","Met+Bac",303,0.193,0.327272727272727
"GH_vs_NP","Met+Bac",303,0.194,0.33030303030303
"GH_vs_NP","Met+Bac",303,0.195,0.33030303030303
"GH_vs_NP","Met+Bac",303,0.196,0.33030303030303
"GH_vs_NP","Met+Bac",303,0.197,0.33030303030303
"GH_vs_NP","Met+Bac",303,0.198,0.331163636363636
"GH_vs_NP","Met+Bac",303,0.199,0.333157575757576
"GH_vs_NP","Met+Bac",303,0.2,0.333333333333333
"GH_vs_NP","Met+Bac",303,0.201,0.333333333333333
"GH_vs_NP","Met+Bac",303,0.202,0.333333333333333
"GH_vs_NP","Met+Bac",303,0.203,0.333333333333333
"GH_vs_NP","Met+Bac",303,0.204,0.333333333333333
"GH_vs_NP","Met+Bac",303,0.205,0.333333333333333
"GH_vs_NP","Met+Bac",303,0.206,0.333333333333333
"GH_vs_NP","Met+Bac",303,0.207,0.333333333333333
"GH_vs_NP","Met+Bac",303,0.208,0.333333333333333
"GH_vs_NP","Met+Bac",303,0.209,0.333333333333333
"GH_vs_NP","Met+Bac",303,0.21,0.333333333333333
"GH_vs_NP","Met+Bac",303,0.211,0.333333333333333
"GH_vs_NP","Met+Bac",303,0.212,0.333333333333333
"GH_vs_NP","Met+Bac",303,0.213,0.333333333333333
"GH_vs_NP","Met+Bac",303,0.214,0.333333333333333
"GH_vs_NP","Met+Bac",303,0.215,0.333333333333333
"GH_vs_NP","Met+Bac",303,0.216,0.333333333333333
"GH_vs_NP","Met+Bac",303,0.217,0.333333333333333
"GH_vs_NP","Met+Bac",303,0.218,0.333333333333333
"GH_vs_NP","Met+Bac",303,0.219,0.333333333333333
"GH_vs_NP","Met+Bac",303,0.22,0.333333333333333
"GH_vs_NP","Met+Bac",303,0.221,0.333333333333333
"GH_vs_NP","Met+Bac",303,0.222,0.336363636363636
"GH_vs_NP","Met+Bac",303,0.223,0.336363636363636
"GH_vs_NP","Met+Bac",303,0.224,0.337551515151515
"GH_vs_NP","Met+Bac",303,0.225,0.339393939393939
"GH_vs_NP","Met+Bac",303,0.226,0.339393939393939
"GH_vs_NP","Met+Bac",303,0.227,0.339393939393939
"GH_vs_NP","Met+Bac",303,0.228,0.339393939393939
"GH_vs_NP","Met+Bac",303,0.229,0.339393939393939
"GH_vs_NP","Met+Bac",303,0.23,0.339393939393939
"GH_vs_NP","Met+Bac",303,0.231,0.339393939393939
"GH_vs_NP","Met+Bac",303,0.232,0.339393939393939
"GH_vs_NP","Met+Bac",303,0.233,0.339393939393939
"GH_vs_NP","Met+Bac",303,0.234,0.339393939393939
"GH_vs_NP","Met+Bac",303,0.235,0.340348484848485
"GH_vs_NP","Met+Bac",303,0.236,0.341345454545455
"GH_vs_NP","Met+Bac",303,0.237,0.342342424242424
"GH_vs_NP","Met+Bac",303,0.238,0.342424242424242
"GH_vs_NP","Met+Bac",303,0.239,0.345454545454545
"GH_vs_NP","Met+Bac",303,0.24,0.345454545454545
"GH_vs_NP","Met+Bac",303,0.241,0.345454545454545
"GH_vs_NP","Met+Bac",303,0.242,0.345454545454545
"GH_vs_NP","Met+Bac",303,0.243,0.345454545454545
"GH_vs_NP","Met+Bac",303,0.244,0.345454545454545
"GH_vs_NP","Met+Bac",303,0.245,0.34880303030303
"GH_vs_NP","Met+Bac",303,0.246,0.3498
"GH_vs_NP","Met+Bac",303,0.247,0.35079696969697
"GH_vs_NP","Met+Bac",303,0.248,0.351515151515152
"GH_vs_NP","Met+Bac",303,0.249,0.351515151515152
"GH_vs_NP","Met+Bac",303,0.25,0.351515151515152
"GH_vs_NP","Met+Bac",303,0.251,0.351515151515152
"GH_vs_NP","Met+Bac",303,0.252,0.351515151515152
"GH_vs_NP","Met+Bac",303,0.253,0.351515151515152
"GH_vs_NP","Met+Bac",303,0.254,0.351515151515152
"GH_vs_NP","Met+Bac",303,0.255,0.351515151515152
"GH_vs_NP","Met+Bac",303,0.256,0.351515151515152
"GH_vs_NP","Met+Bac",303,0.257,0.351515151515152
"GH_vs_NP","Met+Bac",303,0.258,0.351515151515152
"GH_vs_NP","Met+Bac",303,0.259,0.351515151515152
"GH_vs_NP","Met+Bac",303,0.26,0.351515151515152
"GH_vs_NP","Met+Bac",303,0.261,0.351515151515152
"GH_vs_NP","Met+Bac",303,0.262,0.351515151515152
"GH_vs_NP","Met+Bac",303,0.263,0.351624242424242
"GH_vs_NP","Met+Bac",303,0.264,0.352953535353535
"GH_vs_NP","Met+Bac",303,0.265,0.354282828282828
"GH_vs_NP","Met+Bac",303,0.266,0.355612121212121
"GH_vs_NP","Met+Bac",303,0.267,0.356941414141414
"GH_vs_NP","Met+Bac",303,0.268,0.358618181818182
"GH_vs_NP","Met+Bac",303,0.269,0.360606060606061
"GH_vs_NP","Met+Bac",303,0.27,0.360606060606061
"GH_vs_NP","Met+Bac",303,0.271,0.361087878787879
"GH_vs_NP","Met+Bac",303,0.272,0.362084848484849
"GH_vs_NP","Met+Bac",303,0.273,0.364234545454545
"GH_vs_NP","Met+Bac",303,0.274,0.365985454545455
"GH_vs_NP","Met+Bac",303,0.275,0.367181818181818
"GH_vs_NP","Met+Bac",303,0.276,0.370220606060606
"GH_vs_NP","Met+Bac",303,0.277,0.372604848484848
"GH_vs_NP","Met+Bac",303,0.278,0.373801212121212
"GH_vs_NP","Met+Bac",303,0.279,0.374997575757576
"GH_vs_NP","Met+Bac",303,0.28,0.375757575757576
"GH_vs_NP","Met+Bac",303,0.281,0.375757575757576
"GH_vs_NP","Met+Bac",303,0.282,0.375757575757576
"GH_vs_NP","Met+Bac",303,0.283,0.375757575757576
"GH_vs_NP","Met+Bac",303,0.284,0.375757575757576
"GH_vs_NP","Met+Bac",303,0.285,0.383959595959596
"GH_vs_NP","Met+Bac",303,0.286,0.386618181818182
"GH_vs_NP","Met+Bac",303,0.287,0.389276767676768
"GH_vs_NP","Met+Bac",303,0.288,0.396468686868687
"GH_vs_NP","Met+Bac",303,0.289,0.400561038961039
"GH_vs_NP","Met+Bac",303,0.29,0.402839826839827
"GH_vs_NP","Met+Bac",303,0.291,0.408148917748918
"GH_vs_NP","Met+Bac",303,0.292,0.410015584415584
"GH_vs_NP","Met+Bac",303,0.293,0.410300432900433
"GH_vs_NP","Met+Bac",303,0.294,0.412126190476191
"GH_vs_NP","Met+Bac",303,0.295,0.414320887445887
"GH_vs_NP","Met+Bac",303,0.296,0.414854978354978
"GH_vs_NP","Met+Bac",303,0.297,0.415819372294372
"GH_vs_NP","Met+Bac",303,0.298,0.41701810966811
"GH_vs_NP","Met+Bac",303,0.299,0.418216847041847
"GH_vs_NP","Met+Bac",303,0.3,0.419242424242424
"GH_vs_NP","Met+Bac",303,0.301,0.420273484848485
"GH_vs_NP","Met+Bac",303,0.302,0.422516666666667
"GH_vs_NP","Met+Bac",303,0.303,0.425043181818182
"GH_vs_NP","Met+Bac",303,0.304,0.427726666666667
"GH_vs_NP","Met+Bac",303,0.305,0.42927196969697
"GH_vs_NP","Met+Bac",303,0.306,0.431388484848485
"GH_vs_NP","Met+Bac",303,0.307,0.43403505050505
"GH_vs_NP","Met+Bac",303,0.308,0.438986666666667
"GH_vs_NP","Met+Bac",303,0.309,0.442718585858586
"GH_vs_NP","Met+Bac",303,0.31,0.445177777777778
"GH_vs_NP","Met+Bac",303,0.311,0.447314747474747
"GH_vs_NP","Met+Bac",303,0.312,0.452212794612795
"GH_vs_NP","Met+Bac",303,0.313,0.453763636363636
"GH_vs_NP","Met+Bac",303,0.314,0.454387205387205
"GH_vs_NP","Met+Bac",303,0.315,0.455213804713805
"GH_vs_NP","Met+Bac",303,0.316,0.456432323232323
"GH_vs_NP","Met+Bac",303,0.317,0.45883468013468
"GH_vs_NP","Met+Bac",303,0.318,0.461382491582492
"GH_vs_NP","Met+Bac",303,0.319,0.463930303030303
"GH_vs_NP","Met+Bac",303,0.32,0.466902356902357
"GH_vs_NP","Met+Bac",303,0.321,0.470554208754209
"GH_vs_NP","Met+Bac",303,0.322,0.475428282828283
"GH_vs_NP","Met+Bac",303,0.323,0.479816902356902
"GH_vs_NP","Met+Bac",303,0.324,0.483510976430977
"GH_vs_NP","Met+Bac",303,0.325,0.485792929292929
"GH_vs_NP","Met+Bac",303,0.326,0.488673535353536
"GH_vs_NP","Met+Bac",303,0.327,0.491705757575757
"GH_vs_NP","Met+Bac",303,0.328,0.494663434343435
"GH_vs_NP","Met+Bac",303,0.329,0.502355454545454
"GH_vs_NP","Met+Bac",303,0.33,0.506812121212121
"GH_vs_NP","Met+Bac",303,0.331,0.508207878787879
"GH_vs_NP","Met+Bac",303,0.332,0.510179393939394
"GH_vs_NP","Met+Bac",303,0.333,0.512405959595959
"GH_vs_NP","Met+Bac",303,0.334,0.514632525252525
"GH_vs_NP","Met+Bac",303,0.335,0.51725
"GH_vs_NP","Met+Bac",303,0.336,0.519863636363636
"GH_vs_NP","Met+Bac",303,0.337,0.521109848484848
"GH_vs_NP","Met+Bac",303,0.338,0.522600909090909
"GH_vs_NP","Met+Bac",303,0.339,0.524245909090909
"GH_vs_NP","Met+Bac",303,0.34,0.525890909090909
"GH_vs_NP","Met+Bac",303,0.341,0.526963181818182
"GH_vs_NP","Met+Bac",303,0.342,0.527611212121212
"GH_vs_NP","Met+Bac",303,0.343,0.528259242424242
"GH_vs_NP","Met+Bac",303,0.344,0.531937575757576
"GH_vs_NP","Met+Bac",303,0.345,0.532579545454545
"GH_vs_NP","Met+Bac",303,0.346,0.532828787878788
"GH_vs_NP","Met+Bac",303,0.347,0.533219155844156
"GH_vs_NP","Met+Bac",303,0.348,0.533753246753247
"GH_vs_NP","Met+Bac",303,0.349,0.535341125541125
"GH_vs_NP","Met+Bac",303,0.35,0.537106782106782
"GH_vs_NP","Met+Bac",303,0.351,0.539053246753247
"GH_vs_NP","Met+Bac",303,0.352,0.540066378066378
"GH_vs_NP","Met+Bac",303,0.353,0.541015873015873
"GH_vs_NP","Met+Bac",303,0.354,0.541965367965368
"GH_vs_NP","Met+Bac",303,0.355,0.543212842712843
"GH_vs_NP","Met+Bac",303,0.356,0.544494660894661
"GH_vs_NP","Met+Bac",303,0.357,0.545776479076479
"GH_vs_NP","Met+Bac",303,0.358,0.548238383838384
"GH_vs_NP","Met+Bac",303,0.359,0.550784848484848
"GH_vs_NP","Met+Bac",303,0.36,0.553111111111111
"GH_vs_NP","Met+Bac",303,0.361,0.553807070707071
"GH_vs_NP","Met+Bac",303,0.362,0.554436363636364
"GH_vs_NP","Met+Bac",303,0.363,0.555765656565657
"GH_vs_NP","Met+Bac",303,0.364,0.556836363636364
"GH_vs_NP","Met+Bac",303,0.365,0.563636363636364
"GH_vs_NP","Met+Bac",303,0.366,0.563636363636364
"GH_vs_NP","Met+Bac",303,0.367,0.565272727272727
"GH_vs_NP","Met+Bac",303,0.368,0.567051851851852
"GH_vs_NP","Met+Bac",303,0.369,0.567273400673401
"GH_vs_NP","Met+Bac",303,0.37,0.568888888888889
"GH_vs_NP","Met+Bac",303,0.371,0.570806397306397
"GH_vs_NP","Met+Bac",303,0.372,0.571360269360269
"GH_vs_NP","Met+Bac",303,0.373,0.571914141414141
"GH_vs_NP","Met+Bac",303,0.374,0.572468013468013
"GH_vs_NP","Met+Bac",303,0.375,0.573021885521885
"GH_vs_NP","Met+Bac",303,0.376,0.573575757575758
"GH_vs_NP","Met+Bac",303,0.377,0.57412962962963
"GH_vs_NP","Met+Bac",303,0.378,0.574683501683502
"GH_vs_NP","Met+Bac",303,0.379,0.575402741702742
"GH_vs_NP","Met+Bac",303,0.38,0.5762886002886
"GH_vs_NP","Met+Bac",303,0.381,0.577902741702742
"GH_vs_NP","Met+Bac",303,0.382,0.579670995670996
"GH_vs_NP","Met+Bac",303,0.383,0.581548773448773
"GH_vs_NP","Met+Bac",303,0.384,0.582450793650794
"GH_vs_NP","Met+Bac",303,0.385,0.583686147186147
"GH_vs_NP","Met+Bac",303,0.386,0.585252813852814
"GH_vs_NP","Met+Bac",303,0.387,0.594837662337662
"GH_vs_NP","Met+Bac",303,0.388,0.598398268398268
"GH_vs_NP","Met+Bac",303,0.389,0.601958874458874
"GH_vs_NP","Met+Bac",303,0.39,0.6024329004329
"GH_vs_NP","Met+Bac",303,0.391,0.602823051948052
"GH_vs_NP","Met+Bac",303,0.392,0.603357142857143
"GH_vs_NP","Met+Bac",303,0.393,0.604234090909091
"GH_vs_NP","Met+Bac",303,0.394,0.605275252525252
"GH_vs_NP","Met+Bac",303,0.395,0.606521464646465
"GH_vs_NP","Met+Bac",303,0.396,0.608013564213564
"GH_vs_NP","Met+Bac",303,0.397,0.609316341991342
"GH_vs_NP","Met+Bac",303,0.398,0.610182756132756
"GH_vs_NP","Met+Bac",303,0.399,0.612198867243867
"GH_vs_NP","Met+Bac",303,0.4,0.614764069264069
"GH_vs_NP","Met+Bac",303,0.401,0.618023210678211
"GH_vs_NP","Met+Bac",303,0.402,0.621021746031746
"GH_vs_NP","Met+Bac",303,0.403,0.62353113997114
"GH_vs_NP","Met+Bac",303,0.404,0.624879422799423
"GH_vs_NP","Met+Bac",303,0.405,0.626227705627706
"GH_vs_NP","Met+Bac",303,0.406,0.627721212121212
"GH_vs_NP","Met+Bac",303,0.407,0.629715151515152
"GH_vs_NP","Met+Bac",303,0.408,0.63030303030303
"GH_vs_NP","Met+Bac",303,0.409,0.633333333333333
"GH_vs_NP","Met+Bac",303,0.41,0.633333333333333
"GH_vs_NP","Met+Bac",303,0.411,0.633333333333333
"GH_vs_NP","Met+Bac",303,0.412,0.633333333333333
"GH_vs_NP","Met+Bac",303,0.413,0.633333333333333
"GH_vs_NP","Met+Bac",303,0.414,0.634581818181818
"GH_vs_NP","Met+Bac",303,0.415,0.639424242424242
"GH_vs_NP","Met+Bac",303,0.416,0.639709090909091
"GH_vs_NP","Met+Bac",303,0.417,0.639993939393939
"GH_vs_NP","Met+Bac",303,0.418,0.640278787878788
"GH_vs_NP","Met+Bac",303,0.419,0.640563636363636
"GH_vs_NP","Met+Bac",303,0.42,0.640848484848485
"GH_vs_NP","Met+Bac",303,0.421,0.641141125541126
"GH_vs_NP","Met+Bac",303,0.422,0.641710822510822
"GH_vs_NP","Met+Bac",303,0.423,0.642280519480519
"GH_vs_NP","Met+Bac",303,0.424,0.642850216450216
"GH_vs_NP","Met+Bac",303,0.425,0.644404761904762
"GH_vs_NP","Met+Bac",303,0.426,0.645838095238095
"GH_vs_NP","Met+Bac",303,0.427,0.647119913419913
"GH_vs_NP","Met+Bac",303,0.428,0.647456277056277
"GH_vs_NP","Met+Bac",303,0.429,0.647741125541126
"GH_vs_NP","Met+Bac",303,0.43,0.648025974025974
"GH_vs_NP","Met+Bac",303,0.431,0.648310822510823
"GH_vs_NP","Met+Bac",303,0.432,0.648484848484848
"GH_vs_NP","Met+Bac",303,0.433,0.648484848484848
"GH_vs_NP","Met+Bac",303,0.434,0.648484848484848
"GH_vs_NP","Met+Bac",303,0.435,0.648484848484848
"GH_vs_NP","Met+Bac",303,0.436,0.648484848484848
"GH_vs_NP","Met+Bac",303,0.437,0.648484848484848
"GH_vs_NP","Met+Bac",303,0.438,0.648484848484848
"GH_vs_NP","Met+Bac",303,0.439,0.648484848484848
"GH_vs_NP","Met+Bac",303,0.44,0.648484848484848
"GH_vs_NP","Met+Bac",303,0.441,0.648484848484848
"GH_vs_NP","Met+Bac",303,0.442,0.648484848484848
"GH_vs_NP","Met+Bac",303,0.443,0.648484848484848
"GH_vs_NP","Met+Bac",303,0.444,0.64857696969697
"GH_vs_NP","Met+Bac",303,0.445,0.648975757575758
"GH_vs_NP","Met+Bac",303,0.446,0.649374545454545
"GH_vs_NP","Met+Bac",303,0.447,0.649773333333333
"GH_vs_NP","Met+Bac",303,0.448,0.650172121212121
"GH_vs_NP","Met+Bac",303,0.449,0.651240606060606
"GH_vs_NP","Met+Bac",303,0.45,0.652636363636364
"GH_vs_NP","Met+Bac",303,0.451,0.654032121212121
"GH_vs_NP","Met+Bac",303,0.452,0.657575757575758
"GH_vs_NP","Met+Bac",303,0.453,0.657575757575758
"GH_vs_NP","Met+Bac",303,0.454,0.657575757575758
"GH_vs_NP","Met+Bac",303,0.455,0.657575757575758
"GH_vs_NP","Met+Bac",303,0.456,0.657575757575758
"GH_vs_NP","Met+Bac",303,0.457,0.657575757575758
"GH_vs_NP","Met+Bac",303,0.458,0.657575757575758
"GH_vs_NP","Met+Bac",303,0.459,0.657575757575758
"GH_vs_NP","Met+Bac",303,0.46,0.657575757575758
"GH_vs_NP","Met+Bac",303,0.461,0.658258585858586
"GH_vs_NP","Met+Bac",303,0.462,0.659587878787879
"GH_vs_NP","Met+Bac",303,0.463,0.660917171717172
"GH_vs_NP","Met+Bac",303,0.464,0.662246464646465
"GH_vs_NP","Met+Bac",303,0.465,0.663575757575758
"GH_vs_NP","Met+Bac",303,0.466,0.663636363636364
"GH_vs_NP","Met+Bac",303,0.467,0.663636363636364
"GH_vs_NP","Met+Bac",303,0.468,0.663636363636364
"GH_vs_NP","Met+Bac",303,0.469,0.663636363636364
"GH_vs_NP","Met+Bac",303,0.47,0.663636363636364
"GH_vs_NP","Met+Bac",303,0.471,0.663636363636364
"GH_vs_NP","Met+Bac",303,0.472,0.664218181818182
"GH_vs_NP","Met+Bac",303,0.473,0.664882828282828
"GH_vs_NP","Met+Bac",303,0.474,0.665547474747475
"GH_vs_NP","Met+Bac",303,0.475,0.666212121212121
"GH_vs_NP","Met+Bac",303,0.476,0.666666666666667
"GH_vs_NP","Met+Bac",303,0.477,0.666666666666667
"GH_vs_NP","Met+Bac",303,0.478,0.666666666666667
"GH_vs_NP","Met+Bac",303,0.479,0.666666666666667
"GH_vs_NP","Met+Bac",303,0.48,0.666666666666667
"GH_vs_NP","Met+Bac",303,0.481,0.666666666666667
"GH_vs_NP","Met+Bac",303,0.482,0.666824242424242
"GH_vs_NP","Met+Bac",303,0.483,0.667488888888889
"GH_vs_NP","Met+Bac",303,0.484,0.668153535353535
"GH_vs_NP","Met+Bac",303,0.485,0.668818181818182
"GH_vs_NP","Met+Bac",303,0.486,0.669482828282828
"GH_vs_NP","Met+Bac",303,0.487,0.66969696969697
"GH_vs_NP","Met+Bac",303,0.488,0.66969696969697
"GH_vs_NP","Met+Bac",303,0.489,0.66969696969697
"GH_vs_NP","Met+Bac",303,0.49,0.66969696969697
"GH_vs_NP","Met+Bac",303,0.491,0.66969696969697
"GH_vs_NP","Met+Bac",303,0.492,0.66969696969697
"GH_vs_NP","Met+Bac",303,0.493,0.66969696969697
"GH_vs_NP","Met+Bac",303,0.494,0.66969696969697
"GH_vs_NP","Met+Bac",303,0.495,0.66969696969697
"GH_vs_NP","Met+Bac",303,0.496,0.66969696969697
"GH_vs_NP","Met+Bac",303,0.497,0.66969696969697
"GH_vs_NP","Met+Bac",303,0.498,0.66969696969697
"GH_vs_NP","Met+Bac",303,0.499,0.66969696969697
"GH_vs_NP","Met+Bac",303,0.5,0.66969696969697
"GH_vs_NP","Met+Bac",303,0.501,0.66969696969697
"GH_vs_NP","Met+Bac",303,0.502,0.66969696969697
"GH_vs_NP","Met+Bac",303,0.503,0.66969696969697
"GH_vs_NP","Met+Bac",303,0.504,0.66969696969697
"GH_vs_NP","Met+Bac",303,0.505,0.66969696969697
"GH_vs_NP","Met+Bac",303,0.506,0.66969696969697
"GH_vs_NP","Met+Bac",303,0.507,0.66969696969697
"GH_vs_NP","Met+Bac",303,0.508,0.67019696969697
"GH_vs_NP","Met+Bac",303,0.509,0.671443181818182
"GH_vs_NP","Met+Bac",303,0.51,0.672689393939394
"GH_vs_NP","Met+Bac",303,0.511,0.673575
"GH_vs_NP","Met+Bac",303,0.512,0.673824242424242
"GH_vs_NP","Met+Bac",303,0.513,0.674073484848485
"GH_vs_NP","Met+Bac",303,0.514,0.674322727272727
"GH_vs_NP","Met+Bac",303,0.515,0.67457196969697
"GH_vs_NP","Met+Bac",303,0.516,0.674821212121212
"GH_vs_NP","Met+Bac",303,0.517,0.675070454545455
"GH_vs_NP","Met+Bac",303,0.518,0.675319696969697
"GH_vs_NP","Met+Bac",303,0.519,0.675568939393939
"GH_vs_NP","Met+Bac",303,0.52,0.675757575757576
"GH_vs_NP","Met+Bac",303,0.521,0.675757575757576
"GH_vs_NP","Met+Bac",303,0.522,0.675757575757576
"GH_vs_NP","Met+Bac",303,0.523,0.675757575757576
"GH_vs_NP","Met+Bac",303,0.524,0.675757575757576
"GH_vs_NP","Met+Bac",303,0.525,0.675757575757576
"GH_vs_NP","Met+Bac",303,0.526,0.675757575757576
"GH_vs_NP","Met+Bac",303,0.527,0.675757575757576
"GH_vs_NP","Met+Bac",303,0.528,0.675757575757576
"GH_vs_NP","Met+Bac",303,0.529,0.675757575757576
"GH_vs_NP","Met+Bac",303,0.53,0.675757575757576
"GH_vs_NP","Met+Bac",303,0.531,0.675757575757576
"GH_vs_NP","Met+Bac",303,0.532,0.675757575757576
"GH_vs_NP","Met+Bac",303,0.533,0.675757575757576
"GH_vs_NP","Met+Bac",303,0.534,0.675757575757576
"GH_vs_NP","Met+Bac",303,0.535,0.675757575757576
"GH_vs_NP","Met+Bac",303,0.536,0.675757575757576
"GH_vs_NP","Met+Bac",303,0.537,0.675757575757576
"GH_vs_NP","Met+Bac",303,0.538,0.675757575757576
"GH_vs_NP","Met+Bac",303,0.539,0.675757575757576
"GH_vs_NP","Met+Bac",303,0.54,0.675757575757576
"GH_vs_NP","Met+Bac",303,0.541,0.675757575757576
"GH_vs_NP","Met+Bac",303,0.542,0.675757575757576
"GH_vs_NP","Met+Bac",303,0.543,0.675757575757576
"GH_vs_NP","Met+Bac",303,0.544,0.675757575757576
"GH_vs_NP","Met+Bac",303,0.545,0.675757575757576
"GH_vs_NP","Met+Bac",303,0.546,0.675757575757576
"GH_vs_NP","Met+Bac",303,0.547,0.675757575757576
"GH_vs_NP","Met+Bac",303,0.548,0.677527272727273
"GH_vs_NP","Met+Bac",303,0.549,0.678787878787879
"GH_vs_NP","Met+Bac",303,0.55,0.678787878787879
"GH_vs_NP","Met+Bac",303,0.551,0.678787878787879
"GH_vs_NP","Met+Bac",303,0.552,0.678787878787879
"GH_vs_NP","Met+Bac",303,0.553,0.678787878787879
"GH_vs_NP","Met+Bac",303,0.554,0.678787878787879
"GH_vs_NP","Met+Bac",303,0.555,0.678787878787879
"GH_vs_NP","Met+Bac",303,0.556,0.678787878787879
"GH_vs_NP","Met+Bac",303,0.557,0.678979545454545
"GH_vs_NP","Met+Bac",303,0.558,0.679228787878788
"GH_vs_NP","Met+Bac",303,0.559,0.67947803030303
"GH_vs_NP","Met+Bac",303,0.56,0.680454545454546
"GH_vs_NP","Met+Bac",303,0.561,0.681909848484849
"GH_vs_NP","Met+Bac",303,0.562,0.68415303030303
"GH_vs_NP","Met+Bac",303,0.563,0.686052272727273
"GH_vs_NP","Met+Bac",303,0.564,0.687712121212121
"GH_vs_NP","Met+Bac",303,0.565,0.688958333333333
"GH_vs_NP","Met+Bac",303,0.566,0.690204545454546
"GH_vs_NP","Met+Bac",303,0.567,0.694481060606061
"GH_vs_NP","Met+Bac",303,0.568,0.695727272727273
"GH_vs_NP","Met+Bac",303,0.569,0.69834393939394
"GH_vs_NP","Met+Bac",303,0.57,0.701606060606061
"GH_vs_NP","Met+Bac",303,0.571,0.70260303030303
"GH_vs_NP","Met+Bac",303,0.572,0.703030303030303
"GH_vs_NP","Met+Bac",303,0.573,0.703030303030303
"GH_vs_NP","Met+Bac",303,0.574,0.703030303030303
"GH_vs_NP","Met+Bac",303,0.575,0.703030303030303
"GH_vs_NP","Met+Bac",303,0.576,0.706060606060606
"GH_vs_NP","Met+Bac",303,0.577,0.706060606060606
"GH_vs_NP","Met+Bac",303,0.578,0.706060606060606
"GH_vs_NP","Met+Bac",303,0.579,0.706060606060606
"GH_vs_NP","Met+Bac",303,0.58,0.706060606060606
"GH_vs_NP","Met+Bac",303,0.581,0.706060606060606
"GH_vs_NP","Met+Bac",303,0.582,0.706060606060606
"GH_vs_NP","Met+Bac",303,0.583,0.707921212121212
"GH_vs_NP","Met+Bac",303,0.584,0.709090909090909
"GH_vs_NP","Met+Bac",303,0.585,0.709090909090909
"GH_vs_NP","Met+Bac",303,0.586,0.709090909090909
"GH_vs_NP","Met+Bac",303,0.587,0.709836363636364
"GH_vs_NP","Met+Bac",303,0.588,0.711830303030303
"GH_vs_NP","Met+Bac",303,0.589,0.712121212121212
"GH_vs_NP","Met+Bac",303,0.59,0.712121212121212
"GH_vs_NP","Met+Bac",303,0.591,0.712121212121212
"GH_vs_NP","Met+Bac",303,0.592,0.712121212121212
"GH_vs_NP","Met+Bac",303,0.593,0.712121212121212
"GH_vs_NP","Met+Bac",303,0.594,0.712121212121212
"GH_vs_NP","Met+Bac",303,0.595,0.712121212121212
"GH_vs_NP","Met+Bac",303,0.596,0.712121212121212
"GH_vs_NP","Met+Bac",303,0.597,0.712121212121212
"GH_vs_NP","Met+Bac",303,0.598,0.715151515151515
"GH_vs_NP","Met+Bac",303,0.599,0.715151515151515
"GH_vs_NP","Met+Bac",303,0.6,0.715151515151515
"GH_vs_NP","Met+Bac",303,0.601,0.715151515151515
"GH_vs_NP","Met+Bac",303,0.602,0.715151515151515
"GH_vs_NP","Met+Bac",303,0.603,0.715151515151515
"GH_vs_NP","Met+Bac",303,0.604,0.718181818181818
"GH_vs_NP","Met+Bac",303,0.605,0.718181818181818
"GH_vs_NP","Met+Bac",303,0.606,0.718181818181818
"GH_vs_NP","Met+Bac",303,0.607,0.718181818181818
"GH_vs_NP","Met+Bac",303,0.608,0.718181818181818
"GH_vs_NP","Met+Bac",303,0.609,0.718181818181818
"GH_vs_NP","Met+Bac",303,0.61,0.718181818181818
"GH_vs_NP","Met+Bac",303,0.611,0.718181818181818
"GH_vs_NP","Met+Bac",303,0.612,0.718181818181818
"GH_vs_NP","Met+Bac",303,0.613,0.718181818181818
"GH_vs_NP","Met+Bac",303,0.614,0.718181818181818
"GH_vs_NP","Met+Bac",303,0.615,0.718181818181818
"GH_vs_NP","Met+Bac",303,0.616,0.718181818181818
"GH_vs_NP","Met+Bac",303,0.617,0.718181818181818
"GH_vs_NP","Met+Bac",303,0.618,0.718181818181818
"GH_vs_NP","Met+Bac",303,0.619,0.718312554112554
"GH_vs_NP","Met+Bac",303,0.62,0.718597402597403
"GH_vs_NP","Met+Bac",303,0.621,0.718882251082251
"GH_vs_NP","Met+Bac",303,0.622,0.7191670995671
"GH_vs_NP","Met+Bac",303,0.623,0.719451948051948
"GH_vs_NP","Met+Bac",303,0.624,0.719736796536797
"GH_vs_NP","Met+Bac",303,0.625,0.720021645021645
"GH_vs_NP","Met+Bac",303,0.626,0.720306493506494
"GH_vs_NP","Met+Bac",303,0.627,0.72102012987013
"GH_vs_NP","Met+Bac",303,0.628,0.721803463203463
"GH_vs_NP","Met+Bac",303,0.629,0.722586796536797
"GH_vs_NP","Met+Bac",303,0.63,0.723954545454546
"GH_vs_NP","Met+Bac",303,0.631,0.728480303030303
"GH_vs_NP","Met+Bac",303,0.632,0.729975757575758
"GH_vs_NP","Met+Bac",303,0.633,0.73030303030303
"GH_vs_NP","Met+Bac",303,0.634,0.730563636363636
"GH_vs_NP","Met+Bac",303,0.635,0.731560606060606
"GH_vs_NP","Met+Bac",303,0.636,0.732557575757576
"GH_vs_NP","Met+Bac",303,0.637,0.733333333333333
"GH_vs_NP","Met+Bac",303,0.638,0.733333333333333
"GH_vs_NP","Met+Bac",303,0.639,0.7338
"GH_vs_NP","Met+Bac",303,0.64,0.734464646464646
"GH_vs_NP","Met+Bac",303,0.641,0.735129292929293
"GH_vs_NP","Met+Bac",303,0.642,0.735793939393939
"GH_vs_NP","Met+Bac",303,0.643,0.736363636363636
"GH_vs_NP","Met+Bac",303,0.644,0.736363636363636
"GH_vs_NP","Met+Bac",303,0.645,0.737916666666667
"GH_vs_NP","Met+Bac",303,0.646,0.746263636363636
"GH_vs_NP","Met+Bac",303,0.647,0.746762121212121
"GH_vs_NP","Met+Bac",303,0.648,0.747260606060606
"GH_vs_NP","Met+Bac",303,0.649,0.747759090909091
"GH_vs_NP","Met+Bac",303,0.65,0.748257575757576
"GH_vs_NP","Met+Bac",303,0.651,0.748484848484849
"GH_vs_NP","Met+Bac",303,0.652,0.748509090909091
"GH_vs_NP","Met+Bac",303,0.653,0.749506060606061
"GH_vs_NP","Met+Bac",303,0.654,0.75050303030303
"GH_vs_NP","Met+Bac",303,0.655,0.7515
"GH_vs_NP","Met+Bac",303,0.656,0.754545454545455
"GH_vs_NP","Met+Bac",303,0.657,0.754545454545455
"GH_vs_NP","Met+Bac",303,0.658,0.754545454545455
"GH_vs_NP","Met+Bac",303,0.659,0.754545454545455
"GH_vs_NP","Met+Bac",303,0.66,0.754545454545455
"GH_vs_NP","Met+Bac",303,0.661,0.754545454545455
"GH_vs_NP","Met+Bac",303,0.662,0.754545454545455
"GH_vs_NP","Met+Bac",303,0.663,0.754545454545455
"GH_vs_NP","Met+Bac",303,0.664,0.754545454545455
"GH_vs_NP","Met+Bac",303,0.665,0.757575757575758
"GH_vs_NP","Met+Bac",303,0.666,0.757575757575758
"GH_vs_NP","Met+Bac",303,0.667,0.757575757575758
"GH_vs_NP","Met+Bac",303,0.668,0.757575757575758
"GH_vs_NP","Met+Bac",303,0.669,0.758187878787879
"GH_vs_NP","Met+Bac",303,0.67,0.760181818181818
"GH_vs_NP","Met+Bac",303,0.671,0.763636363636364
"GH_vs_NP","Met+Bac",303,0.672,0.763636363636364
"GH_vs_NP","Met+Bac",303,0.673,0.763636363636364
"GH_vs_NP","Met+Bac",303,0.674,0.765872727272727
"GH_vs_NP","Met+Bac",303,0.675,0.768409090909091
"GH_vs_NP","Met+Bac",303,0.676,0.769406060606061
"GH_vs_NP","Met+Bac",303,0.677,0.76969696969697
"GH_vs_NP","Met+Bac",303,0.678,0.769884848484849
"GH_vs_NP","Met+Bac",303,0.679,0.770881818181818
"GH_vs_NP","Met+Bac",303,0.68,0.774909090909091
"GH_vs_NP","Met+Bac",303,0.681,0.775757575757576
"GH_vs_NP","Met+Bac",303,0.682,0.775757575757576
"GH_vs_NP","Met+Bac",303,0.683,0.780042424242424
"GH_vs_NP","Met+Bac",303,0.684,0.784848484848485
"GH_vs_NP","Met+Bac",303,0.685,0.784848484848485
"GH_vs_NP","Met+Bac",303,0.686,0.7872
"GH_vs_NP","Met+Bac",303,0.687,0.793939393939394
"GH_vs_NP","Met+Bac",303,0.688,0.793939393939394
"GH_vs_NP","Met+Bac",303,0.689,0.793939393939394
"GH_vs_NP","Met+Bac",303,0.69,0.796969696969697
"GH_vs_NP","Met+Bac",303,0.691,0.796969696969697
"GH_vs_NP","Met+Bac",303,0.692,0.8
"GH_vs_NP","Met+Bac",303,0.693,0.8
"GH_vs_NP","Met+Bac",303,0.694,0.8
"GH_vs_NP","Met+Bac",303,0.695,0.803030303030303
"GH_vs_NP","Met+Bac",303,0.696,0.803030303030303
"GH_vs_NP","Met+Bac",303,0.697,0.803030303030303
"GH_vs_NP","Met+Bac",303,0.698,0.803890909090909
"GH_vs_NP","Met+Bac",303,0.699,0.805884848484849
"GH_vs_NP","Met+Bac",303,0.7,0.806060606060606
"GH_vs_NP","Met+Bac",303,0.701,0.806060606060606
"GH_vs_NP","Met+Bac",303,0.702,0.806060606060606
"GH_vs_NP","Met+Bac",303,0.703,0.812121212121212
"GH_vs_NP","Met+Bac",303,0.704,0.812824242424242
"GH_vs_NP","Met+Bac",303,0.705,0.814818181818182
"GH_vs_NP","Met+Bac",303,0.706,0.815151515151515
"GH_vs_NP","Met+Bac",303,0.707,0.815151515151515
"GH_vs_NP","Met+Bac",303,0.708,0.815151515151515
"GH_vs_NP","Met+Bac",303,0.709,0.815151515151515
"GH_vs_NP","Met+Bac",303,0.71,0.815151515151515
"GH_vs_NP","Met+Bac",303,0.711,0.815151515151515
"GH_vs_NP","Met+Bac",303,0.712,0.815151515151515
"GH_vs_NP","Met+Bac",303,0.713,0.815151515151515
"GH_vs_NP","Met+Bac",303,0.714,0.815151515151515
"GH_vs_NP","Met+Bac",303,0.715,0.815151515151515
"GH_vs_NP","Met+Bac",303,0.716,0.815151515151515
"GH_vs_NP","Met+Bac",303,0.717,0.815151515151515
"GH_vs_NP","Met+Bac",303,0.718,0.818181818181818
"GH_vs_NP","Met+Bac",303,0.719,0.818181818181818
"GH_vs_NP","Met+Bac",303,0.72,0.818181818181818
"GH_vs_NP","Met+Bac",303,0.721,0.818181818181818
"GH_vs_NP","Met+Bac",303,0.722,0.818181818181818
"GH_vs_NP","Met+Bac",303,0.723,0.818181818181818
"GH_vs_NP","Met+Bac",303,0.724,0.818181818181818
"GH_vs_NP","Met+Bac",303,0.725,0.818181818181818
"GH_vs_NP","Met+Bac",303,0.726,0.818181818181818
"GH_vs_NP","Met+Bac",303,0.727,0.818181818181818
"GH_vs_NP","Met+Bac",303,0.728,0.818181818181818
"GH_vs_NP","Met+Bac",303,0.729,0.818181818181818
"GH_vs_NP","Met+Bac",303,0.73,0.818181818181818
"GH_vs_NP","Met+Bac",303,0.731,0.818181818181818
"GH_vs_NP","Met+Bac",303,0.732,0.818181818181818
"GH_vs_NP","Met+Bac",303,0.733,0.818181818181818
"GH_vs_NP","Met+Bac",303,0.734,0.818181818181818
"GH_vs_NP","Met+Bac",303,0.735,0.818181818181818
"GH_vs_NP","Met+Bac",303,0.736,0.818181818181818
"GH_vs_NP","Met+Bac",303,0.737,0.818181818181818
"GH_vs_NP","Met+Bac",303,0.738,0.818181818181818
"GH_vs_NP","Met+Bac",303,0.739,0.818181818181818
"GH_vs_NP","Met+Bac",303,0.74,0.818181818181818
"GH_vs_NP","Met+Bac",303,0.741,0.818181818181818
"GH_vs_NP","Met+Bac",303,0.742,0.818181818181818
"GH_vs_NP","Met+Bac",303,0.743,0.818181818181818
"GH_vs_NP","Met+Bac",303,0.744,0.818181818181818
"GH_vs_NP","Met+Bac",303,0.745,0.818181818181818
"GH_vs_NP","Met+Bac",303,0.746,0.818181818181818
"GH_vs_NP","Met+Bac",303,0.747,0.818181818181818
"GH_vs_NP","Met+Bac",303,0.748,0.818181818181818
"GH_vs_NP","Met+Bac",303,0.749,0.818181818181818
"GH_vs_NP","Met+Bac",303,0.75,0.818181818181818
"GH_vs_NP","Met+Bac",303,0.751,0.818181818181818
"GH_vs_NP","Met+Bac",303,0.752,0.818181818181818
"GH_vs_NP","Met+Bac",303,0.753,0.818181818181818
"GH_vs_NP","Met+Bac",303,0.754,0.818181818181818
"GH_vs_NP","Met+Bac",303,0.755,0.818181818181818
"GH_vs_NP","Met+Bac",303,0.756,0.818181818181818
"GH_vs_NP","Met+Bac",303,0.757,0.818181818181818
"GH_vs_NP","Met+Bac",303,0.758,0.818181818181818
"GH_vs_NP","Met+Bac",303,0.759,0.818181818181818
"GH_vs_NP","Met+Bac",303,0.76,0.818181818181818
"GH_vs_NP","Met+Bac",303,0.761,0.818181818181818
"GH_vs_NP","Met+Bac",303,0.762,0.818181818181818
"GH_vs_NP","Met+Bac",303,0.763,0.818181818181818
"GH_vs_NP","Met+Bac",303,0.764,0.818181818181818
"GH_vs_NP","Met+Bac",303,0.765,0.818181818181818
"GH_vs_NP","Met+Bac",303,0.766,0.818181818181818
"GH_vs_NP","Met+Bac",303,0.767,0.818181818181818
"GH_vs_NP","Met+Bac",303,0.768,0.818181818181818
"GH_vs_NP","Met+Bac",303,0.769,0.818181818181818
"GH_vs_NP","Met+Bac",303,0.77,0.818181818181818
"GH_vs_NP","Met+Bac",303,0.771,0.818181818181818
"GH_vs_NP","Met+Bac",303,0.772,0.818181818181818
"GH_vs_NP","Met+Bac",303,0.773,0.818181818181818
"GH_vs_NP","Met+Bac",303,0.774,0.818181818181818
"GH_vs_NP","Met+Bac",303,0.775,0.818181818181818
"GH_vs_NP","Met+Bac",303,0.776,0.818181818181818
"GH_vs_NP","Met+Bac",303,0.777,0.818181818181818
"GH_vs_NP","Met+Bac",303,0.778,0.818181818181818
"GH_vs_NP","Met+Bac",303,0.779,0.818181818181818
"GH_vs_NP","Met+Bac",303,0.78,0.818181818181818
"GH_vs_NP","Met+Bac",303,0.781,0.818181818181818
"GH_vs_NP","Met+Bac",303,0.782,0.818181818181818
"GH_vs_NP","Met+Bac",303,0.783,0.818181818181818
"GH_vs_NP","Met+Bac",303,0.784,0.818181818181818
"GH_vs_NP","Met+Bac",303,0.785,0.818181818181818
"GH_vs_NP","Met+Bac",303,0.786,0.818181818181818
"GH_vs_NP","Met+Bac",303,0.787,0.818181818181818
"GH_vs_NP","Met+Bac",303,0.788,0.818181818181818
"GH_vs_NP","Met+Bac",303,0.789,0.818181818181818
"GH_vs_NP","Met+Bac",303,0.79,0.818181818181818
"GH_vs_NP","Met+Bac",303,0.791,0.818181818181818
"GH_vs_NP","Met+Bac",303,0.792,0.818181818181818
"GH_vs_NP","Met+Bac",303,0.793,0.818181818181818
"GH_vs_NP","Met+Bac",303,0.794,0.818181818181818
"GH_vs_NP","Met+Bac",303,0.795,0.818181818181818
"GH_vs_NP","Met+Bac",303,0.796,0.818181818181818
"GH_vs_NP","Met+Bac",303,0.797,0.818181818181818
"GH_vs_NP","Met+Bac",303,0.798,0.818181818181818
"GH_vs_NP","Met+Bac",303,0.799,0.818181818181818
"GH_vs_NP","Met+Bac",303,0.8,0.818181818181818
"GH_vs_NP","Met+Bac",303,0.801,0.818181818181818
"GH_vs_NP","Met+Bac",303,0.802,0.818181818181818
"GH_vs_NP","Met+Bac",303,0.803,0.818181818181818
"GH_vs_NP","Met+Bac",303,0.804,0.818181818181818
"GH_vs_NP","Met+Bac",303,0.805,0.818181818181818
"GH_vs_NP","Met+Bac",303,0.806,0.818181818181818
"GH_vs_NP","Met+Bac",303,0.807,0.818181818181818
"GH_vs_NP","Met+Bac",303,0.808,0.818181818181818
"GH_vs_NP","Met+Bac",303,0.809,0.818181818181818
"GH_vs_NP","Met+Bac",303,0.81,0.818181818181818
"GH_vs_NP","Met+Bac",303,0.811,0.818181818181818
"GH_vs_NP","Met+Bac",303,0.812,0.818181818181818
"GH_vs_NP","Met+Bac",303,0.813,0.818181818181818
"GH_vs_NP","Met+Bac",303,0.814,0.818181818181818
"GH_vs_NP","Met+Bac",303,0.815,0.818181818181818
"GH_vs_NP","Met+Bac",303,0.816,0.818181818181818
"GH_vs_NP","Met+Bac",303,0.817,0.818181818181818
"GH_vs_NP","Met+Bac",303,0.818,0.821212121212121
"GH_vs_NP","Met+Bac",303,0.819,0.821212121212121
"GH_vs_NP","Met+Bac",303,0.82,0.824242424242424
"GH_vs_NP","Met+Bac",303,0.821,0.82490303030303
"GH_vs_NP","Met+Bac",303,0.822,0.82689696969697
"GH_vs_NP","Met+Bac",303,0.823,0.83030303030303
"GH_vs_NP","Met+Bac",303,0.824,0.836654545454546
"GH_vs_NP","Met+Bac",303,0.825,0.837651515151515
"GH_vs_NP","Met+Bac",303,0.826,0.840187878787879
"GH_vs_NP","Met+Bac",303,0.827,0.848484848484849
"GH_vs_NP","Met+Bac",303,0.828,0.848484848484849
"GH_vs_NP","Met+Bac",303,0.829,0.848484848484849
"GH_vs_NP","Met+Bac",303,0.83,0.848484848484849
"GH_vs_NP","Met+Bac",303,0.831,0.848484848484849
"GH_vs_NP","Met+Bac",303,0.832,0.848484848484849
"GH_vs_NP","Met+Bac",303,0.833,0.848484848484849
"GH_vs_NP","Met+Bac",303,0.834,0.848484848484849
"GH_vs_NP","Met+Bac",303,0.835,0.848484848484849
"GH_vs_NP","Met+Bac",303,0.836,0.848484848484849
"GH_vs_NP","Met+Bac",303,0.837,0.848484848484849
"GH_vs_NP","Met+Bac",303,0.838,0.848484848484849
"GH_vs_NP","Met+Bac",303,0.839,0.86969696969697
"GH_vs_NP","Met+Bac",303,0.84,0.86969696969697
"GH_vs_NP","Met+Bac",303,0.841,0.878787878787879
"GH_vs_NP","Met+Bac",303,0.842,0.878787878787879
"GH_vs_NP","Met+Bac",303,0.843,0.878787878787879
"GH_vs_NP","Met+Bac",303,0.844,0.878787878787879
"GH_vs_NP","Met+Bac",303,0.845,0.878787878787879
"GH_vs_NP","Met+Bac",303,0.846,0.878787878787879
"GH_vs_NP","Met+Bac",303,0.847,0.881818181818182
"GH_vs_NP","Met+Bac",303,0.848,0.881818181818182
"GH_vs_NP","Met+Bac",303,0.849,0.909090909090909
"GH_vs_NP","Met+Bac",303,0.85,0.909090909090909
"GH_vs_NP","Met+Bac",303,0.851,0.909090909090909
"GH_vs_NP","Met+Bac",303,0.852,0.909090909090909
"GH_vs_NP","Met+Bac",303,0.853,0.909090909090909
"GH_vs_NP","Met+Bac",303,0.854,0.909090909090909
"GH_vs_NP","Met+Bac",303,0.855,0.909090909090909
"GH_vs_NP","Met+Bac",303,0.856,0.909090909090909
"GH_vs_NP","Met+Bac",303,0.857,0.909090909090909
"GH_vs_NP","Met+Bac",303,0.858,0.909090909090909
"GH_vs_NP","Met+Bac",303,0.859,0.909090909090909
"GH_vs_NP","Met+Bac",303,0.86,0.909090909090909
"GH_vs_NP","Met+Bac",303,0.861,0.909090909090909
"GH_vs_NP","Met+Bac",303,0.862,0.909090909090909
"GH_vs_NP","Met+Bac",303,0.863,0.909090909090909
"GH_vs_NP","Met+Bac",303,0.864,0.909090909090909
"GH_vs_NP","Met+Bac",303,0.865,0.909090909090909
"GH_vs_NP","Met+Bac",303,0.866,0.909090909090909
"GH_vs_NP","Met+Bac",303,0.867,0.909090909090909
"GH_vs_NP","Met+Bac",303,0.868,0.912121212121212
"GH_vs_NP","Met+Bac",303,0.869,0.912121212121212
"GH_vs_NP","Met+Bac",303,0.87,0.913515151515152
"GH_vs_NP","Met+Bac",303,0.871,0.918360606060606
"GH_vs_NP","Met+Bac",303,0.872,0.919357575757576
"GH_vs_NP","Met+Bac",303,0.873,0.923384848484848
"GH_vs_NP","Met+Bac",303,0.874,0.924660606060606
"GH_vs_NP","Met+Bac",303,0.875,0.927651515151515
"GH_vs_NP","Met+Bac",303,0.876,0.935466666666667
"GH_vs_NP","Met+Bac",303,0.877,0.936563636363636
"GH_vs_NP","Met+Bac",303,0.878,0.938557575757576
"GH_vs_NP","Met+Bac",303,0.879,0.939393939393939
"GH_vs_NP","Met+Bac",303,0.88,0.939393939393939
"GH_vs_NP","Met+Bac",303,0.881,0.939393939393939
"GH_vs_NP","Met+Bac",303,0.882,0.939393939393939
"GH_vs_NP","Met+Bac",303,0.883,0.939393939393939
"GH_vs_NP","Met+Bac",303,0.884,0.939393939393939
"GH_vs_NP","Met+Bac",303,0.885,0.939393939393939
"GH_vs_NP","Met+Bac",303,0.886,0.939393939393939
"GH_vs_NP","Met+Bac",303,0.887,0.939393939393939
"GH_vs_NP","Met+Bac",303,0.888,0.939393939393939
"GH_vs_NP","Met+Bac",303,0.889,0.939393939393939
"GH_vs_NP","Met+Bac",303,0.89,0.939393939393939
"GH_vs_NP","Met+Bac",303,0.891,0.939393939393939
"GH_vs_NP","Met+Bac",303,0.892,0.939393939393939
"GH_vs_NP","Met+Bac",303,0.893,0.942424242424242
"GH_vs_NP","Met+Bac",303,0.894,0.951515151515152
"GH_vs_NP","Met+Bac",303,0.895,0.951515151515152
"GH_vs_NP","Met+Bac",303,0.896,0.951515151515152
"GH_vs_NP","Met+Bac",303,0.897,0.952542424242424
"GH_vs_NP","Met+Bac",303,0.898,0.955533333333333
"GH_vs_NP","Met+Bac",303,0.899,0.95770303030303
"GH_vs_NP","Met+Bac",303,0.9,0.959393939393939
"GH_vs_NP","Met+Bac",303,0.901,0.960390909090909
"GH_vs_NP","Met+Bac",303,0.902,0.960606060606061
"GH_vs_NP","Met+Bac",303,0.903,0.960869696969697
"GH_vs_NP","Met+Bac",303,0.904,0.961866666666667
"GH_vs_NP","Met+Bac",303,0.905,0.964348484848485
"GH_vs_NP","Met+Bac",303,0.906,0.966890909090909
"GH_vs_NP","Met+Bac",303,0.907,0.967887878787879
"GH_vs_NP","Met+Bac",303,0.908,0.971915151515152
"GH_vs_NP","Met+Bac",303,0.909,0.972727272727273
"GH_vs_NP","Met+Bac",303,0.91,0.972727272727273
"GH_vs_NP","Met+Bac",303,0.911,0.972727272727273
"GH_vs_NP","Met+Bac",303,0.912,0.972727272727273
"GH_vs_NP","Met+Bac",303,0.913,0.972727272727273
"GH_vs_NP","Met+Bac",303,0.914,0.972727272727273
"GH_vs_NP","Met+Bac",303,0.915,0.972727272727273
"GH_vs_NP","Met+Bac",303,0.916,0.972727272727273
"GH_vs_NP","Met+Bac",303,0.917,0.972727272727273
"GH_vs_NP","Met+Bac",303,0.918,0.972727272727273
"GH_vs_NP","Met+Bac",303,0.919,0.972727272727273
"GH_vs_NP","Met+Bac",303,0.92,0.972727272727273
"GH_vs_NP","Met+Bac",303,0.921,0.972727272727273
"GH_vs_NP","Met+Bac",303,0.922,0.972727272727273
"GH_vs_NP","Met+Bac",303,0.923,0.972727272727273
"GH_vs_NP","Met+Bac",303,0.924,0.972727272727273
"GH_vs_NP","Met+Bac",303,0.925,0.972727272727273
"GH_vs_NP","Met+Bac",303,0.926,0.972727272727273
"GH_vs_NP","Met+Bac",303,0.927,0.972727272727273
"GH_vs_NP","Met+Bac",303,0.928,0.972727272727273
"GH_vs_NP","Met+Bac",303,0.929,0.972727272727273
"GH_vs_NP","Met+Bac",303,0.93,0.972727272727273
"GH_vs_NP","Met+Bac",303,0.931,0.972727272727273
"GH_vs_NP","Met+Bac",303,0.932,0.972727272727273
"GH_vs_NP","Met+Bac",303,0.933,0.972727272727273
"GH_vs_NP","Met+Bac",303,0.934,0.972727272727273
"GH_vs_NP","Met+Bac",303,0.935,0.972727272727273
"GH_vs_NP","Met+Bac",303,0.936,0.972727272727273
"GH_vs_NP","Met+Bac",303,0.937,0.972727272727273
"GH_vs_NP","Met+Bac",303,0.938,0.972727272727273
"GH_vs_NP","Met+Bac",303,0.939,0.972727272727273
"GH_vs_NP","Met+Bac",303,0.94,0.973121212121212
"GH_vs_NP","Met+Bac",303,0.941,0.973889393939394
"GH_vs_NP","Met+Bac",303,0.942,0.975384848484849
"GH_vs_NP","Met+Bac",303,0.943,0.976880303030303
"GH_vs_NP","Met+Bac",303,0.944,0.978145454545455
"GH_vs_NP","Met+Bac",303,0.945,0.978643939393939
"GH_vs_NP","Met+Bac",303,0.946,0.979142424242424
"GH_vs_NP","Met+Bac",303,0.947,0.979640909090909
"GH_vs_NP","Met+Bac",303,0.948,0.980139393939394
"GH_vs_NP","Met+Bac",303,0.949,0.980637878787879
"GH_vs_NP","Met+Bac",303,0.95,0.981136363636364
"GH_vs_NP","Met+Bac",303,0.951,0.981634848484848
"GH_vs_NP","Met+Bac",303,0.952,0.981818181818182
"GH_vs_NP","Met+Bac",303,0.953,0.981818181818182
"GH_vs_NP","Met+Bac",303,0.954,0.981818181818182
"GH_vs_NP","Met+Bac",303,0.955,0.981818181818182
"GH_vs_NP","Met+Bac",303,0.956,0.981842424242424
"GH_vs_NP","Met+Bac",303,0.957,0.982174747474748
"GH_vs_NP","Met+Bac",303,0.958,0.982507070707071
"GH_vs_NP","Met+Bac",303,0.959,0.982839393939394
"GH_vs_NP","Met+Bac",303,0.96,0.983171717171717
"GH_vs_NP","Met+Bac",303,0.961,0.983674747474747
"GH_vs_NP","Met+Bac",303,0.962,0.984339393939394
"GH_vs_NP","Met+Bac",303,0.963,0.98500404040404
"GH_vs_NP","Met+Bac",303,0.964,0.985786868686869
"GH_vs_NP","Met+Bac",303,0.965,0.986700757575758
"GH_vs_NP","Met+Bac",303,0.966,0.987297474747475
"GH_vs_NP","Met+Bac",303,0.967,0.98787904040404
"GH_vs_NP","Met+Bac",303,0.968,0.988460606060606
"GH_vs_NP","Met+Bac",303,0.969,0.989042171717172
"GH_vs_NP","Met+Bac",303,0.97,0.989492424242424
"GH_vs_NP","Met+Bac",303,0.971,0.989741666666667
"GH_vs_NP","Met+Bac",303,0.972,0.989990909090909
"GH_vs_NP","Met+Bac",303,0.973,0.990240151515152
"GH_vs_NP","Met+Bac",303,0.974,0.990489393939394
"GH_vs_NP","Met+Bac",303,0.975,0.990738636363636
"GH_vs_NP","Met+Bac",303,0.976,0.990909090909091
"GH_vs_NP","Met+Bac",303,0.977,0.990909090909091
"GH_vs_NP","Met+Bac",303,0.978,0.990909090909091
"GH_vs_NP","Met+Bac",303,0.979,0.991460606060606
"GH_vs_NP","Met+Bac",303,0.98,0.993454545454545
"GH_vs_NP","Met+Bac",303,0.981,0.993939393939394
"GH_vs_NP","Met+Bac",303,0.982,0.993939393939394
"GH_vs_NP","Met+Bac",303,0.983,0.993939393939394
"GH_vs_NP","Met+Bac",303,0.984,0.993939393939394
"GH_vs_NP","Met+Bac",303,0.985,0.993939393939394
"GH_vs_NP","Met+Bac",303,0.986,0.993939393939394
"GH_vs_NP","Met+Bac",303,0.987,0.994615151515152
"GH_vs_NP","Met+Bac",303,0.988,0.995612121212121
"GH_vs_NP","Met+Bac",303,0.989,0.996609090909091
"GH_vs_NP","Met+Bac",303,0.99,0.997181818181818
"GH_vs_NP","Met+Bac",303,0.991,0.997514141414141
"GH_vs_NP","Met+Bac",303,0.992,0.997846464646465
"GH_vs_NP","Met+Bac",303,0.993,0.998178787878788
"GH_vs_NP","Met+Bac",303,0.994,0.998511111111111
"GH_vs_NP","Met+Bac",303,0.995,0.998843434343434
"GH_vs_NP","Met+Bac",303,0.996,0.999175757575758
"GH_vs_NP","Met+Bac",303,0.997,0.999508080808081
"GH_vs_NP","Met+Bac",303,0.998,0.999840404040404
"GH_vs_NP","Met+Bac",303,0.999,1
"GH_vs_NP","Met+Bac",303,1,1
"GH_vs_NP","Multi-Omics",303,0,0
"GH_vs_NP","Multi-Omics",303,0.001,0
"GH_vs_NP","Multi-Omics",303,0.002,0
"GH_vs_NP","Multi-Omics",303,0.003,0
"GH_vs_NP","Multi-Omics",303,0.004,0
"GH_vs_NP","Multi-Omics",303,0.005,0
"GH_vs_NP","Multi-Omics",303,0.006,0
"GH_vs_NP","Multi-Omics",303,0.007,0
"GH_vs_NP","Multi-Omics",303,0.008,0.00606060606060606
"GH_vs_NP","Multi-Omics",303,0.009,0.00606060606060606
"GH_vs_NP","Multi-Omics",303,0.01,0.0212121212121212
"GH_vs_NP","Multi-Omics",303,0.011,0.0242424242424242
"GH_vs_NP","Multi-Omics",303,0.012,0.0242424242424242
"GH_vs_NP","Multi-Omics",303,0.013,0.0303030303030303
"GH_vs_NP","Multi-Omics",303,0.014,0.0303030303030303
"GH_vs_NP","Multi-Omics",303,0.015,0.0303030303030303
"GH_vs_NP","Multi-Omics",303,0.016,0.0515151515151515
"GH_vs_NP","Multi-Omics",303,0.017,0.0575757575757576
"GH_vs_NP","Multi-Omics",303,0.018,0.0575757575757576
"GH_vs_NP","Multi-Omics",303,0.019,0.0575757575757576
"GH_vs_NP","Multi-Omics",303,0.02,0.0636363636363636
"GH_vs_NP","Multi-Omics",303,0.021,0.0636363636363636
"GH_vs_NP","Multi-Omics",303,0.022,0.0696969696969697
"GH_vs_NP","Multi-Omics",303,0.023,0.0735393939393942
"GH_vs_NP","Multi-Omics",303,0.024,0.0775272727272728
"GH_vs_NP","Multi-Omics",303,0.025,0.0906060606060606
"GH_vs_NP","Multi-Omics",303,0.026,0.103030303030303
"GH_vs_NP","Multi-Omics",303,0.027,0.103030303030303
"GH_vs_NP","Multi-Omics",303,0.028,0.103030303030303
"GH_vs_NP","Multi-Omics",303,0.029,0.115151515151515
"GH_vs_NP","Multi-Omics",303,0.03,0.115151515151515
"GH_vs_NP","Multi-Omics",303,0.031,0.13030303030303
"GH_vs_NP","Multi-Omics",303,0.032,0.133333333333333
"GH_vs_NP","Multi-Omics",303,0.033,0.133333333333333
"GH_vs_NP","Multi-Omics",303,0.034,0.136363636363636
"GH_vs_NP","Multi-Omics",303,0.035,0.139393939393939
"GH_vs_NP","Multi-Omics",303,0.036,0.139393939393939
"GH_vs_NP","Multi-Omics",303,0.037,0.143472727272727
"GH_vs_NP","Multi-Omics",303,0.038,0.145454545454545
"GH_vs_NP","Multi-Omics",303,0.039,0.145454545454545
"GH_vs_NP","Multi-Omics",303,0.04,0.151515151515152
"GH_vs_NP","Multi-Omics",303,0.041,0.151515151515152
"GH_vs_NP","Multi-Omics",303,0.042,0.161430303030303
"GH_vs_NP","Multi-Omics",303,0.043,0.16969696969697
"GH_vs_NP","Multi-Omics",303,0.044,0.16969696969697
"GH_vs_NP","Multi-Omics",303,0.045,0.175757575757576
"GH_vs_NP","Multi-Omics",303,0.046,0.175757575757576
"GH_vs_NP","Multi-Omics",303,0.047,0.175757575757576
"GH_vs_NP","Multi-Omics",303,0.048,0.178787878787879
"GH_vs_NP","Multi-Omics",303,0.049,0.178787878787879
"GH_vs_NP","Multi-Omics",303,0.05,0.178787878787879
"GH_vs_NP","Multi-Omics",303,0.051,0.181818181818182
"GH_vs_NP","Multi-Omics",303,0.052,0.181818181818182
"GH_vs_NP","Multi-Omics",303,0.053,0.181818181818182
"GH_vs_NP","Multi-Omics",303,0.054,0.181818181818182
"GH_vs_NP","Multi-Omics",303,0.055,0.181818181818182
"GH_vs_NP","Multi-Omics",303,0.056,0.181818181818182
"GH_vs_NP","Multi-Omics",303,0.057,0.181818181818182
"GH_vs_NP","Multi-Omics",303,0.058,0.181818181818182
"GH_vs_NP","Multi-Omics",303,0.059,0.181818181818182
"GH_vs_NP","Multi-Omics",303,0.06,0.181818181818182
"GH_vs_NP","Multi-Omics",303,0.061,0.181818181818182
"GH_vs_NP","Multi-Omics",303,0.062,0.181818181818182
"GH_vs_NP","Multi-Omics",303,0.063,0.181818181818182
"GH_vs_NP","Multi-Omics",303,0.064,0.181818181818182
"GH_vs_NP","Multi-Omics",303,0.065,0.181818181818182
"GH_vs_NP","Multi-Omics",303,0.066,0.181818181818182
"GH_vs_NP","Multi-Omics",303,0.067,0.181818181818182
"GH_vs_NP","Multi-Omics",303,0.068,0.181818181818182
"GH_vs_NP","Multi-Omics",303,0.069,0.181818181818182
"GH_vs_NP","Multi-Omics",303,0.07,0.181818181818182
"GH_vs_NP","Multi-Omics",303,0.071,0.181818181818182
"GH_vs_NP","Multi-Omics",303,0.072,0.181818181818182
"GH_vs_NP","Multi-Omics",303,0.073,0.187878787878788
"GH_vs_NP","Multi-Omics",303,0.074,0.187878787878788
"GH_vs_NP","Multi-Omics",303,0.075,0.188939393939394
"GH_vs_NP","Multi-Omics",303,0.076,0.193939393939394
"GH_vs_NP","Multi-Omics",303,0.077,0.193939393939394
"GH_vs_NP","Multi-Omics",303,0.078,0.2
"GH_vs_NP","Multi-Omics",303,0.079,0.2
"GH_vs_NP","Multi-Omics",303,0.08,0.212121212121212
"GH_vs_NP","Multi-Omics",303,0.081,0.212121212121212
"GH_vs_NP","Multi-Omics",303,0.082,0.212121212121212
"GH_vs_NP","Multi-Omics",303,0.083,0.212121212121212
"GH_vs_NP","Multi-Omics",303,0.084,0.212121212121212
"GH_vs_NP","Multi-Omics",303,0.085,0.212121212121212
"GH_vs_NP","Multi-Omics",303,0.086,0.212121212121212
"GH_vs_NP","Multi-Omics",303,0.087,0.212121212121212
"GH_vs_NP","Multi-Omics",303,0.088,0.212121212121212
"GH_vs_NP","Multi-Omics",303,0.089,0.212121212121212
"GH_vs_NP","Multi-Omics",303,0.09,0.212121212121212
"GH_vs_NP","Multi-Omics",303,0.091,0.212121212121212
"GH_vs_NP","Multi-Omics",303,0.092,0.212121212121212
"GH_vs_NP","Multi-Omics",303,0.093,0.212121212121212
"GH_vs_NP","Multi-Omics",303,0.094,0.212121212121212
"GH_vs_NP","Multi-Omics",303,0.095,0.212121212121212
"GH_vs_NP","Multi-Omics",303,0.096,0.212121212121212
"GH_vs_NP","Multi-Omics",303,0.097,0.212121212121212
"GH_vs_NP","Multi-Omics",303,0.098,0.212121212121212
"GH_vs_NP","Multi-Omics",303,0.099,0.212121212121212
"GH_vs_NP","Multi-Omics",303,0.1,0.212121212121212
"GH_vs_NP","Multi-Omics",303,0.101,0.212121212121212
"GH_vs_NP","Multi-Omics",303,0.102,0.212121212121212
"GH_vs_NP","Multi-Omics",303,0.103,0.212121212121212
"GH_vs_NP","Multi-Omics",303,0.104,0.212121212121212
"GH_vs_NP","Multi-Omics",303,0.105,0.212121212121212
"GH_vs_NP","Multi-Omics",303,0.106,0.212121212121212
"GH_vs_NP","Multi-Omics",303,0.107,0.212121212121212
"GH_vs_NP","Multi-Omics",303,0.108,0.212121212121212
"GH_vs_NP","Multi-Omics",303,0.109,0.212121212121212
"GH_vs_NP","Multi-Omics",303,0.11,0.212121212121212
"GH_vs_NP","Multi-Omics",303,0.111,0.215151515151515
"GH_vs_NP","Multi-Omics",303,0.112,0.215151515151515
"GH_vs_NP","Multi-Omics",303,0.113,0.215151515151515
"GH_vs_NP","Multi-Omics",303,0.114,0.215151515151515
"GH_vs_NP","Multi-Omics",303,0.115,0.215151515151515
"GH_vs_NP","Multi-Omics",303,0.116,0.216145454545455
"GH_vs_NP","Multi-Omics",303,0.117,0.218139393939394
"GH_vs_NP","Multi-Omics",303,0.118,0.220133333333333
"GH_vs_NP","Multi-Omics",303,0.119,0.221517171717172
"GH_vs_NP","Multi-Omics",303,0.12,0.222181818181818
"GH_vs_NP","Multi-Omics",303,0.121,0.222846464646465
"GH_vs_NP","Multi-Omics",303,0.122,0.223511111111111
"GH_vs_NP","Multi-Omics",303,0.123,0.224175757575758
"GH_vs_NP","Multi-Omics",303,0.124,0.224242424242424
"GH_vs_NP","Multi-Omics",303,0.125,0.224242424242424
"GH_vs_NP","Multi-Omics",303,0.126,0.224242424242424
"GH_vs_NP","Multi-Omics",303,0.127,0.227272727272727
"GH_vs_NP","Multi-Omics",303,0.128,0.227272727272727
"GH_vs_NP","Multi-Omics",303,0.129,0.227272727272727
"GH_vs_NP","Multi-Omics",303,0.13,0.227272727272727
"GH_vs_NP","Multi-Omics",303,0.131,0.233333333333333
"GH_vs_NP","Multi-Omics",303,0.132,0.233333333333333
"GH_vs_NP","Multi-Omics",303,0.133,0.234890909090909
"GH_vs_NP","Multi-Omics",303,0.134,0.236363636363636
"GH_vs_NP","Multi-Omics",303,0.135,0.236363636363636
"GH_vs_NP","Multi-Omics",303,0.136,0.236363636363636
"GH_vs_NP","Multi-Omics",303,0.137,0.236363636363636
"GH_vs_NP","Multi-Omics",303,0.138,0.236363636363636
"GH_vs_NP","Multi-Omics",303,0.139,0.237063636363636
"GH_vs_NP","Multi-Omics",303,0.14,0.238060606060606
"GH_vs_NP","Multi-Omics",303,0.141,0.239057575757576
"GH_vs_NP","Multi-Omics",303,0.142,0.242424242424242
"GH_vs_NP","Multi-Omics",303,0.143,0.245454545454545
"GH_vs_NP","Multi-Omics",303,0.144,0.245454545454545
"GH_vs_NP","Multi-Omics",303,0.145,0.245454545454545
"GH_vs_NP","Multi-Omics",303,0.146,0.245454545454545
"GH_vs_NP","Multi-Omics",303,0.147,0.245454545454545
"GH_vs_NP","Multi-Omics",303,0.148,0.248484848484848
"GH_vs_NP","Multi-Omics",303,0.149,0.251515151515152
"GH_vs_NP","Multi-Omics",303,0.15,0.251515151515152
"GH_vs_NP","Multi-Omics",303,0.151,0.251515151515152
"GH_vs_NP","Multi-Omics",303,0.152,0.251515151515152
"GH_vs_NP","Multi-Omics",303,0.153,0.251515151515152
"GH_vs_NP","Multi-Omics",303,0.154,0.251515151515152
"GH_vs_NP","Multi-Omics",303,0.155,0.251515151515152
"GH_vs_NP","Multi-Omics",303,0.156,0.254545454545455
"GH_vs_NP","Multi-Omics",303,0.157,0.258039393939394
"GH_vs_NP","Multi-Omics",303,0.158,0.259036363636364
"GH_vs_NP","Multi-Omics",303,0.159,0.261918181818182
"GH_vs_NP","Multi-Omics",303,0.16,0.269979797979798
"GH_vs_NP","Multi-Omics",303,0.161,0.270644444444444
"GH_vs_NP","Multi-Omics",303,0.162,0.271309090909091
"GH_vs_NP","Multi-Omics",303,0.163,0.271973737373737
"GH_vs_NP","Multi-Omics",303,0.164,0.272638383838384
"GH_vs_NP","Multi-Omics",303,0.165,0.272727272727273
"GH_vs_NP","Multi-Omics",303,0.166,0.275757575757576
"GH_vs_NP","Multi-Omics",303,0.167,0.275757575757576
"GH_vs_NP","Multi-Omics",303,0.168,0.275757575757576
"GH_vs_NP","Multi-Omics",303,0.169,0.276981818181818
"GH_vs_NP","Multi-Omics",303,0.17,0.280969696969697
"GH_vs_NP","Multi-Omics",303,0.171,0.281818181818182
"GH_vs_NP","Multi-Omics",303,0.172,0.290909090909091
"GH_vs_NP","Multi-Omics",303,0.173,0.290909090909091
"GH_vs_NP","Multi-Omics",303,0.174,0.293939393939394
"GH_vs_NP","Multi-Omics",303,0.175,0.296969696969697
"GH_vs_NP","Multi-Omics",303,0.176,0.296969696969697
"GH_vs_NP","Multi-Omics",303,0.177,0.304442424242424
"GH_vs_NP","Multi-Omics",303,0.178,0.309466666666667
"GH_vs_NP","Multi-Omics",303,0.179,0.311460606060606
"GH_vs_NP","Multi-Omics",303,0.18,0.312121212121212
"GH_vs_NP","Multi-Omics",303,0.181,0.312121212121212
"GH_vs_NP","Multi-Omics",303,0.182,0.312121212121212
"GH_vs_NP","Multi-Omics",303,0.183,0.315151515151515
"GH_vs_NP","Multi-Omics",303,0.184,0.321212121212121
"GH_vs_NP","Multi-Omics",303,0.185,0.321212121212121
"GH_vs_NP","Multi-Omics",303,0.186,0.321212121212121
"GH_vs_NP","Multi-Omics",303,0.187,0.33030303030303
"GH_vs_NP","Multi-Omics",303,0.188,0.33030303030303
"GH_vs_NP","Multi-Omics",303,0.189,0.33030303030303
"GH_vs_NP","Multi-Omics",303,0.19,0.333333333333333
"GH_vs_NP","Multi-Omics",303,0.191,0.333333333333333
"GH_vs_NP","Multi-Omics",303,0.192,0.333333333333333
"GH_vs_NP","Multi-Omics",303,0.193,0.333333333333333
"GH_vs_NP","Multi-Omics",303,0.194,0.333333333333333
"GH_vs_NP","Multi-Omics",303,0.195,0.333333333333333
"GH_vs_NP","Multi-Omics",303,0.196,0.333333333333333
"GH_vs_NP","Multi-Omics",303,0.197,0.333333333333333
"GH_vs_NP","Multi-Omics",303,0.198,0.333333333333333
"GH_vs_NP","Multi-Omics",303,0.199,0.333333333333333
"GH_vs_NP","Multi-Omics",303,0.2,0.333333333333333
"GH_vs_NP","Multi-Omics",303,0.201,0.333333333333333
"GH_vs_NP","Multi-Omics",303,0.202,0.333333333333333
"GH_vs_NP","Multi-Omics",303,0.203,0.333333333333333
"GH_vs_NP","Multi-Omics",303,0.204,0.333333333333333
"GH_vs_NP","Multi-Omics",303,0.205,0.333333333333333
"GH_vs_NP","Multi-Omics",303,0.206,0.333333333333333
"GH_vs_NP","Multi-Omics",303,0.207,0.333333333333333
"GH_vs_NP","Multi-Omics",303,0.208,0.333333333333333
"GH_vs_NP","Multi-Omics",303,0.209,0.333333333333333
"GH_vs_NP","Multi-Omics",303,0.21,0.333333333333333
"GH_vs_NP","Multi-Omics",303,0.211,0.333333333333333
"GH_vs_NP","Multi-Omics",303,0.212,0.333333333333333
"GH_vs_NP","Multi-Omics",303,0.213,0.333333333333333
"GH_vs_NP","Multi-Omics",303,0.214,0.333333333333333
"GH_vs_NP","Multi-Omics",303,0.215,0.333333333333333
"GH_vs_NP","Multi-Omics",303,0.216,0.333333333333333
"GH_vs_NP","Multi-Omics",303,0.217,0.333333333333333
"GH_vs_NP","Multi-Omics",303,0.218,0.333333333333333
"GH_vs_NP","Multi-Omics",303,0.219,0.333333333333333
"GH_vs_NP","Multi-Omics",303,0.22,0.333333333333333
"GH_vs_NP","Multi-Omics",303,0.221,0.3346
"GH_vs_NP","Multi-Omics",303,0.222,0.336363636363636
"GH_vs_NP","Multi-Omics",303,0.223,0.336363636363636
"GH_vs_NP","Multi-Omics",303,0.224,0.336363636363636
"GH_vs_NP","Multi-Omics",303,0.225,0.336363636363636
"GH_vs_NP","Multi-Omics",303,0.226,0.336363636363636
"GH_vs_NP","Multi-Omics",303,0.227,0.336363636363636
"GH_vs_NP","Multi-Omics",303,0.228,0.336363636363636
"GH_vs_NP","Multi-Omics",303,0.229,0.336363636363636
"GH_vs_NP","Multi-Omics",303,0.23,0.336363636363636
"GH_vs_NP","Multi-Omics",303,0.231,0.336363636363636
"GH_vs_NP","Multi-Omics",303,0.232,0.336363636363636
"GH_vs_NP","Multi-Omics",303,0.233,0.336363636363636
"GH_vs_NP","Multi-Omics",303,0.234,0.336363636363636
"GH_vs_NP","Multi-Omics",303,0.235,0.338272727272727
"GH_vs_NP","Multi-Omics",303,0.236,0.339393939393939
"GH_vs_NP","Multi-Omics",303,0.237,0.339393939393939
"GH_vs_NP","Multi-Omics",303,0.238,0.339393939393939
"GH_vs_NP","Multi-Omics",303,0.239,0.339393939393939
"GH_vs_NP","Multi-Omics",303,0.24,0.339393939393939
"GH_vs_NP","Multi-Omics",303,0.241,0.339393939393939
"GH_vs_NP","Multi-Omics",303,0.242,0.342424242424242
"GH_vs_NP","Multi-Omics",303,0.243,0.342424242424242
"GH_vs_NP","Multi-Omics",303,0.244,0.342424242424242
"GH_vs_NP","Multi-Omics",303,0.245,0.343060606060606
"GH_vs_NP","Multi-Omics",303,0.246,0.345054545454545
"GH_vs_NP","Multi-Omics",303,0.247,0.345985858585859
"GH_vs_NP","Multi-Omics",303,0.248,0.349680808080808
"GH_vs_NP","Multi-Omics",303,0.249,0.350345454545455
"GH_vs_NP","Multi-Omics",303,0.25,0.351010101010101
"GH_vs_NP","Multi-Omics",303,0.251,0.351515151515152
"GH_vs_NP","Multi-Omics",303,0.252,0.351515151515152
"GH_vs_NP","Multi-Omics",303,0.253,0.352951515151515
"GH_vs_NP","Multi-Omics",303,0.254,0.354545454545455
"GH_vs_NP","Multi-Omics",303,0.255,0.354545454545455
"GH_vs_NP","Multi-Omics",303,0.256,0.355224242424242
"GH_vs_NP","Multi-Omics",303,0.257,0.356221212121212
"GH_vs_NP","Multi-Omics",303,0.258,0.357218181818182
"GH_vs_NP","Multi-Omics",303,0.259,0.358321717171717
"GH_vs_NP","Multi-Omics",303,0.26,0.362515151515152
"GH_vs_NP","Multi-Omics",303,0.261,0.363678282828283
"GH_vs_NP","Multi-Omics",303,0.262,0.368471717171717
"GH_vs_NP","Multi-Omics",303,0.263,0.370577272727273
"GH_vs_NP","Multi-Omics",303,0.264,0.372072727272727
"GH_vs_NP","Multi-Omics",303,0.265,0.37310101010101
"GH_vs_NP","Multi-Omics",303,0.266,0.373779797979798
"GH_vs_NP","Multi-Omics",303,0.267,0.374776767676768
"GH_vs_NP","Multi-Omics",303,0.268,0.37587797979798
"GH_vs_NP","Multi-Omics",303,0.269,0.377072323232323
"GH_vs_NP","Multi-Omics",303,0.27,0.37760404040404
"GH_vs_NP","Multi-Omics",303,0.271,0.381166060606061
"GH_vs_NP","Multi-Omics",303,0.272,0.381697777777778
"GH_vs_NP","Multi-Omics",303,0.273,0.382229494949495
"GH_vs_NP","Multi-Omics",303,0.274,0.382761212121212
"GH_vs_NP","Multi-Omics",303,0.275,0.383292929292929
"GH_vs_NP","Multi-Omics",303,0.276,0.384131717171717
"GH_vs_NP","Multi-Omics",303,0.277,0.388160404040404
"GH_vs_NP","Multi-Omics",303,0.278,0.389356767676768
"GH_vs_NP","Multi-Omics",303,0.279,0.390553131313131
"GH_vs_NP","Multi-Omics",303,0.28,0.391507070707071
"GH_vs_NP","Multi-Omics",303,0.281,0.392038787878788
"GH_vs_NP","Multi-Omics",303,0.282,0.393132121212121
"GH_vs_NP","Multi-Omics",303,0.283,0.394371717171717
"GH_vs_NP","Multi-Omics",303,0.284,0.39570101010101
"GH_vs_NP","Multi-Omics",303,0.285,0.397030303030303
"GH_vs_NP","Multi-Omics",303,0.286,0.40129494949495
"GH_vs_NP","Multi-Omics",303,0.287,0.402291919191919
"GH_vs_NP","Multi-Omics",303,0.288,0.403288888888889
"GH_vs_NP","Multi-Omics",303,0.289,0.407316161616162
"GH_vs_NP","Multi-Omics",303,0.29,0.408313131313131
"GH_vs_NP","Multi-Omics",303,0.291,0.409551515151515
"GH_vs_NP","Multi-Omics",303,0.292,0.410812121212121
"GH_vs_NP","Multi-Omics",303,0.293,0.411809090909091
"GH_vs_NP","Multi-Omics",303,0.294,0.413148484848485
"GH_vs_NP","Multi-Omics",303,0.295,0.414643939393939
"GH_vs_NP","Multi-Omics",303,0.296,0.416139393939394
"GH_vs_NP","Multi-Omics",303,0.297,0.41793606060606
"GH_vs_NP","Multi-Omics",303,0.298,0.419896767676768
"GH_vs_NP","Multi-Omics",303,0.299,0.421857474747475
"GH_vs_NP","Multi-Omics",303,0.3,0.427848484848485
"GH_vs_NP","Multi-Omics",303,0.301,0.431395606060606
"GH_vs_NP","Multi-Omics",303,0.302,0.434336666666667
"GH_vs_NP","Multi-Omics",303,0.303,0.43671106060606
"GH_vs_NP","Multi-Omics",303,0.304,0.438616363636364
"GH_vs_NP","Multi-Omics",303,0.305,0.439762878787879
"GH_vs_NP","Multi-Omics",303,0.306,0.440645757575758
"GH_vs_NP","Multi-Omics",303,0.307,0.444324090909091
"GH_vs_NP","Multi-Omics",303,0.308,0.444972121212121
"GH_vs_NP","Multi-Omics",303,0.309,0.445620151515151
"GH_vs_NP","Multi-Omics",303,0.31,0.446268181818182
"GH_vs_NP","Multi-Omics",303,0.311,0.446916212121212
"GH_vs_NP","Multi-Omics",303,0.312,0.447751111111111
"GH_vs_NP","Multi-Omics",303,0.313,0.448814545454545
"GH_vs_NP","Multi-Omics",303,0.314,0.453835555555556
"GH_vs_NP","Multi-Omics",303,0.315,0.455732323232323
"GH_vs_NP","Multi-Omics",303,0.316,0.457393939393939
"GH_vs_NP","Multi-Omics",303,0.317,0.463861616161616
"GH_vs_NP","Multi-Omics",303,0.318,0.469808080808081
"GH_vs_NP","Multi-Omics",303,0.319,0.471469696969697
"GH_vs_NP","Multi-Omics",303,0.32,0.475676767676768
"GH_vs_NP","Multi-Omics",303,0.321,0.479008080808081
"GH_vs_NP","Multi-Omics",303,0.322,0.479672727272727
"GH_vs_NP","Multi-Omics",303,0.323,0.480337373737374
"GH_vs_NP","Multi-Omics",303,0.324,0.48119595959596
"GH_vs_NP","Multi-Omics",303,0.325,0.482525252525252
"GH_vs_NP","Multi-Omics",303,0.326,0.483854545454546
"GH_vs_NP","Multi-Omics",303,0.327,0.485183838383838
"GH_vs_NP","Multi-Omics",303,0.328,0.486513131313131
"GH_vs_NP","Multi-Omics",303,0.329,0.487355555555556
"GH_vs_NP","Multi-Omics",303,0.33,0.48830303030303
"GH_vs_NP","Multi-Omics",303,0.331,0.49029696969697
"GH_vs_NP","Multi-Omics",303,0.332,0.492290909090909
"GH_vs_NP","Multi-Omics",303,0.333,0.494284848484848
"GH_vs_NP","Multi-Omics",303,0.334,0.496278787878788
"GH_vs_NP","Multi-Omics",303,0.335,0.498924242424242
"GH_vs_NP","Multi-Omics",303,0.336,0.501648484848485
"GH_vs_NP","Multi-Omics",303,0.337,0.502645454545455
"GH_vs_NP","Multi-Omics",303,0.338,0.503336363636364
"GH_vs_NP","Multi-Omics",303,0.339,0.503872424242424
"GH_vs_NP","Multi-Omics",303,0.34,0.504769696969697
"GH_vs_NP","Multi-Omics",303,0.341,0.50566696969697
"GH_vs_NP","Multi-Omics",303,0.342,0.506656804407714
"GH_vs_NP","Multi-Omics",303,0.343,0.509245904499541
"GH_vs_NP","Multi-Omics",303,0.344,0.511923893480257
"GH_vs_NP","Multi-Omics",303,0.345,0.514672661681753
"GH_vs_NP","Multi-Omics",303,0.346,0.517000650662469
"GH_vs_NP","Multi-Omics",303,0.347,0.522358942673488
"GH_vs_NP","Multi-Omics",303,0.348,0.524686931654205
"GH_vs_NP","Multi-Omics",303,0.349,0.53147189033189
"GH_vs_NP","Multi-Omics",303,0.35,0.535262101534829
"GH_vs_NP","Multi-Omics",303,0.351,0.539052312737767
"GH_vs_NP","Multi-Omics",303,0.352,0.542531412829594
"GH_vs_NP","Multi-Omics",303,0.353,0.545435765446674
"GH_vs_NP","Multi-Omics",303,0.354,0.547564360487997
"GH_vs_NP","Multi-Omics",303,0.355,0.553259622195986
"GH_vs_NP","Multi-Omics",303,0.356,0.556097337006428
"GH_vs_NP","Multi-Omics",303,0.357,0.559118457300275
"GH_vs_NP","Multi-Omics",303,0.358,0.561285032139577
"GH_vs_NP","Multi-Omics",303,0.359,0.563186868686869
"GH_vs_NP","Multi-Omics",303,0.36,0.564848484848485
"GH_vs_NP","Multi-Omics",303,0.361,0.565423232323232
"GH_vs_NP","Multi-Omics",303,0.362,0.565755555555556
"GH_vs_NP","Multi-Omics",303,0.363,0.566087878787879
"GH_vs_NP","Multi-Omics",303,0.364,0.566420202020202
"GH_vs_NP","Multi-Omics",303,0.365,0.567181818181818
"GH_vs_NP","Multi-Omics",303,0.366,0.569175757575758
"GH_vs_NP","Multi-Omics",303,0.367,0.56969696969697
"GH_vs_NP","Multi-Omics",303,0.368,0.569915151515151
"GH_vs_NP","Multi-Omics",303,0.369,0.570912121212121
"GH_vs_NP","Multi-Omics",303,0.37,0.571909090909091
"GH_vs_NP","Multi-Omics",303,0.371,0.572727272727273
"GH_vs_NP","Multi-Omics",303,0.372,0.572727272727273
"GH_vs_NP","Multi-Omics",303,0.373,0.575757575757576
"GH_vs_NP","Multi-Omics",303,0.374,0.575757575757576
"GH_vs_NP","Multi-Omics",303,0.375,0.575757575757576
"GH_vs_NP","Multi-Omics",303,0.376,0.576552380952381
"GH_vs_NP","Multi-Omics",303,0.377,0.577834199134199
"GH_vs_NP","Multi-Omics",303,0.378,0.579116017316017
"GH_vs_NP","Multi-Omics",303,0.379,0.580590764790765
"GH_vs_NP","Multi-Omics",303,0.38,0.582235209235209
"GH_vs_NP","Multi-Omics",303,0.381,0.584347835497836
"GH_vs_NP","Multi-Omics",303,0.382,0.586460461760462
"GH_vs_NP","Multi-Omics",303,0.383,0.588544805194805
"GH_vs_NP","Multi-Omics",303,0.384,0.589328138528139
"GH_vs_NP","Multi-Omics",303,0.385,0.590278138528139
"GH_vs_NP","Multi-Omics",303,0.386,0.591393795093795
"GH_vs_NP","Multi-Omics",303,0.387,0.591740404040404
"GH_vs_NP","Multi-Omics",303,0.388,0.592072727272727
"GH_vs_NP","Multi-Omics",303,0.389,0.592405050505051
"GH_vs_NP","Multi-Omics",303,0.39,0.592737373737374
"GH_vs_NP","Multi-Omics",303,0.391,0.593069696969697
"GH_vs_NP","Multi-Omics",303,0.392,0.59340202020202
"GH_vs_NP","Multi-Omics",303,0.393,0.593734343434344
"GH_vs_NP","Multi-Omics",303,0.394,0.593939393939394
"GH_vs_NP","Multi-Omics",303,0.395,0.593939393939394
"GH_vs_NP","Multi-Omics",303,0.396,0.593939393939394
"GH_vs_NP","Multi-Omics",303,0.397,0.593939393939394
"GH_vs_NP","Multi-Omics",303,0.398,0.593939393939394
"GH_vs_NP","Multi-Omics",303,0.399,0.595143838383838
"GH_vs_NP","Multi-Omics",303,0.4,0.596808080808081
"GH_vs_NP","Multi-Omics",303,0.401,0.59893494949495
"GH_vs_NP","Multi-Omics",303,0.402,0.601061818181818
"GH_vs_NP","Multi-Omics",303,0.403,0.603540202020202
"GH_vs_NP","Multi-Omics",303,0.404,0.606996363636364
"GH_vs_NP","Multi-Omics",303,0.405,0.608472727272727
"GH_vs_NP","Multi-Omics",303,0.406,0.609191818181818
"GH_vs_NP","Multi-Omics",303,0.407,0.609640454545455
"GH_vs_NP","Multi-Omics",303,0.408,0.613119393939394
"GH_vs_NP","Multi-Omics",303,0.409,0.61356803030303
"GH_vs_NP","Multi-Omics",303,0.41,0.614016666666667
"GH_vs_NP","Multi-Omics",303,0.411,0.614465303030303
"GH_vs_NP","Multi-Omics",303,0.412,0.614913939393939
"GH_vs_NP","Multi-Omics",303,0.413,0.615362575757576
"GH_vs_NP","Multi-Omics",303,0.414,0.615811212121212
"GH_vs_NP","Multi-Omics",303,0.415,0.616259848484848
"GH_vs_NP","Multi-Omics",303,0.416,0.616708484848485
"GH_vs_NP","Multi-Omics",303,0.417,0.61774196969697
"GH_vs_NP","Multi-Omics",303,0.418,0.619170909090909
"GH_vs_NP","Multi-Omics",303,0.419,0.620367272727273
"GH_vs_NP","Multi-Omics",303,0.42,0.624593939393939
"GH_vs_NP","Multi-Omics",303,0.421,0.625784848484848
"GH_vs_NP","Multi-Omics",303,0.422,0.626781818181818
"GH_vs_NP","Multi-Omics",303,0.423,0.627272727272727
"GH_vs_NP","Multi-Omics",303,0.424,0.627272727272727
"GH_vs_NP","Multi-Omics",303,0.425,0.627272727272727
"GH_vs_NP","Multi-Omics",303,0.426,0.627272727272727
"GH_vs_NP","Multi-Omics",303,0.427,0.627272727272727
"GH_vs_NP","Multi-Omics",303,0.428,0.627272727272727
"GH_vs_NP","Multi-Omics",303,0.429,0.627272727272727
"GH_vs_NP","Multi-Omics",303,0.43,0.627272727272727
"GH_vs_NP","Multi-Omics",303,0.431,0.627272727272727
"GH_vs_NP","Multi-Omics",303,0.432,0.627272727272727
"GH_vs_NP","Multi-Omics",303,0.433,0.627272727272727
"GH_vs_NP","Multi-Omics",303,0.434,0.627272727272727
"GH_vs_NP","Multi-Omics",303,0.435,0.627272727272727
"GH_vs_NP","Multi-Omics",303,0.436,0.627272727272727
"GH_vs_NP","Multi-Omics",303,0.437,0.627272727272727
"GH_vs_NP","Multi-Omics",303,0.438,0.627478787878788
"GH_vs_NP","Multi-Omics",303,0.439,0.628143434343434
"GH_vs_NP","Multi-Omics",303,0.44,0.628808080808081
"GH_vs_NP","Multi-Omics",303,0.441,0.629652525252525
"GH_vs_NP","Multi-Omics",303,0.442,0.630981818181818
"GH_vs_NP","Multi-Omics",303,0.443,0.631812121212121
"GH_vs_NP","Multi-Omics",303,0.444,0.632542568542569
"GH_vs_NP","Multi-Omics",303,0.445,0.633492063492064
"GH_vs_NP","Multi-Omics",303,0.446,0.637832034632035
"GH_vs_NP","Multi-Omics",303,0.447,0.639287926887927
"GH_vs_NP","Multi-Omics",303,0.448,0.640743819143819
"GH_vs_NP","Multi-Omics",303,0.449,0.642199711399711
"GH_vs_NP","Multi-Omics",303,0.45,0.643554593554593
"GH_vs_NP","Multi-Omics",303,0.451,0.644345839345839
"GH_vs_NP","Multi-Omics",303,0.452,0.645137085137085
"GH_vs_NP","Multi-Omics",303,0.453,0.645928330928331
"GH_vs_NP","Multi-Omics",303,0.454,0.646719576719577
"GH_vs_NP","Multi-Omics",303,0.455,0.647341991341991
"GH_vs_NP","Multi-Omics",303,0.456,0.647827609427609
"GH_vs_NP","Multi-Omics",303,0.457,0.648049158249158
"GH_vs_NP","Multi-Omics",303,0.458,0.648270707070707
"GH_vs_NP","Multi-Omics",303,0.459,0.648484848484848
"GH_vs_NP","Multi-Omics",303,0.46,0.648484848484848
"GH_vs_NP","Multi-Omics",303,0.461,0.648484848484848
"GH_vs_NP","Multi-Omics",303,0.462,0.648484848484848
"GH_vs_NP","Multi-Omics",303,0.463,0.648484848484848
"GH_vs_NP","Multi-Omics",303,0.464,0.6488
"GH_vs_NP","Multi-Omics",303,0.465,0.649464646464647
"GH_vs_NP","Multi-Omics",303,0.466,0.650129292929293
"GH_vs_NP","Multi-Omics",303,0.467,0.650793939393939
"GH_vs_NP","Multi-Omics",303,0.468,0.651458585858586
"GH_vs_NP","Multi-Omics",303,0.469,0.651515151515151
"GH_vs_NP","Multi-Omics",303,0.47,0.651515151515151
"GH_vs_NP","Multi-Omics",303,0.471,0.651515151515151
"GH_vs_NP","Multi-Omics",303,0.472,0.651515151515151
"GH_vs_NP","Multi-Omics",303,0.473,0.651515151515151
"GH_vs_NP","Multi-Omics",303,0.474,0.651515151515151
"GH_vs_NP","Multi-Omics",303,0.475,0.651515151515151
"GH_vs_NP","Multi-Omics",303,0.476,0.651515151515151
"GH_vs_NP","Multi-Omics",303,0.477,0.651515151515151
"GH_vs_NP","Multi-Omics",303,0.478,0.651515151515151
"GH_vs_NP","Multi-Omics",303,0.479,0.651515151515151
"GH_vs_NP","Multi-Omics",303,0.48,0.651515151515151
"GH_vs_NP","Multi-Omics",303,0.481,0.651515151515151
"GH_vs_NP","Multi-Omics",303,0.482,0.651515151515151
"GH_vs_NP","Multi-Omics",303,0.483,0.651515151515151
"GH_vs_NP","Multi-Omics",303,0.484,0.651515151515151
"GH_vs_NP","Multi-Omics",303,0.485,0.651515151515151
"GH_vs_NP","Multi-Omics",303,0.486,0.651515151515151
"GH_vs_NP","Multi-Omics",303,0.487,0.651515151515151
"GH_vs_NP","Multi-Omics",303,0.488,0.651515151515151
"GH_vs_NP","Multi-Omics",303,0.489,0.651515151515151
"GH_vs_NP","Multi-Omics",303,0.49,0.651515151515151
"GH_vs_NP","Multi-Omics",303,0.491,0.651515151515151
"GH_vs_NP","Multi-Omics",303,0.492,0.651515151515151
"GH_vs_NP","Multi-Omics",303,0.493,0.651515151515151
"GH_vs_NP","Multi-Omics",303,0.494,0.651515151515151
"GH_vs_NP","Multi-Omics",303,0.495,0.651515151515151
"GH_vs_NP","Multi-Omics",303,0.496,0.652072727272727
"GH_vs_NP","Multi-Omics",303,0.497,0.653069696969697
"GH_vs_NP","Multi-Omics",303,0.498,0.654066666666667
"GH_vs_NP","Multi-Omics",303,0.499,0.654718181818182
"GH_vs_NP","Multi-Omics",303,0.5,0.655050505050505
"GH_vs_NP","Multi-Omics",303,0.501,0.655382828282828
"GH_vs_NP","Multi-Omics",303,0.502,0.655715151515151
"GH_vs_NP","Multi-Omics",303,0.503,0.656047474747475
"GH_vs_NP","Multi-Omics",303,0.504,0.656379797979798
"GH_vs_NP","Multi-Omics",303,0.505,0.656712121212121
"GH_vs_NP","Multi-Omics",303,0.506,0.657044444444444
"GH_vs_NP","Multi-Omics",303,0.507,0.657376767676768
"GH_vs_NP","Multi-Omics",303,0.508,0.657575757575758
"GH_vs_NP","Multi-Omics",303,0.509,0.657575757575758
"GH_vs_NP","Multi-Omics",303,0.51,0.658015151515152
"GH_vs_NP","Multi-Omics",303,0.511,0.658706818181818
"GH_vs_NP","Multi-Omics",303,0.512,0.659739393939394
"GH_vs_NP","Multi-Omics",303,0.513,0.66077196969697
"GH_vs_NP","Multi-Omics",303,0.514,0.662125757575758
"GH_vs_NP","Multi-Omics",303,0.515,0.664155303030303
"GH_vs_NP","Multi-Omics",303,0.516,0.665784848484849
"GH_vs_NP","Multi-Omics",303,0.517,0.667034090909091
"GH_vs_NP","Multi-Omics",303,0.518,0.667568181818182
"GH_vs_NP","Multi-Omics",303,0.519,0.668102272727273
"GH_vs_NP","Multi-Omics",303,0.52,0.668636363636364
"GH_vs_NP","Multi-Omics",303,0.521,0.669170454545455
"GH_vs_NP","Multi-Omics",303,0.522,0.669498484848485
"GH_vs_NP","Multi-Omics",303,0.523,0.66969696969697
"GH_vs_NP","Multi-Omics",303,0.524,0.66969696969697
"GH_vs_NP","Multi-Omics",303,0.525,0.670606060606061
"GH_vs_NP","Multi-Omics",303,0.526,0.671935353535353
"GH_vs_NP","Multi-Omics",303,0.527,0.673264646464646
"GH_vs_NP","Multi-Omics",303,0.528,0.674593939393939
"GH_vs_NP","Multi-Omics",303,0.529,0.675757575757576
"GH_vs_NP","Multi-Omics",303,0.53,0.675757575757576
"GH_vs_NP","Multi-Omics",303,0.531,0.675757575757576
"GH_vs_NP","Multi-Omics",303,0.532,0.675781818181818
"GH_vs_NP","Multi-Omics",303,0.533,0.676066666666667
"GH_vs_NP","Multi-Omics",303,0.534,0.676351515151515
"GH_vs_NP","Multi-Omics",303,0.535,0.676636363636364
"GH_vs_NP","Multi-Omics",303,0.536,0.676921212121212
"GH_vs_NP","Multi-Omics",303,0.537,0.677206060606061
"GH_vs_NP","Multi-Omics",303,0.538,0.677490909090909
"GH_vs_NP","Multi-Omics",303,0.539,0.677775757575758
"GH_vs_NP","Multi-Omics",303,0.54,0.678060606060606
"GH_vs_NP","Multi-Omics",303,0.541,0.678345454545455
"GH_vs_NP","Multi-Omics",303,0.542,0.678630303030303
"GH_vs_NP","Multi-Omics",303,0.543,0.678787878787879
"GH_vs_NP","Multi-Omics",303,0.544,0.678787878787879
"GH_vs_NP","Multi-Omics",303,0.545,0.678787878787879
"GH_vs_NP","Multi-Omics",303,0.546,0.678787878787879
"GH_vs_NP","Multi-Omics",303,0.547,0.678787878787879
"GH_vs_NP","Multi-Omics",303,0.548,0.679141818181818
"GH_vs_NP","Multi-Omics",303,0.549,0.679540606060606
"GH_vs_NP","Multi-Omics",303,0.55,0.679939393939394
"GH_vs_NP","Multi-Omics",303,0.551,0.680338181818182
"GH_vs_NP","Multi-Omics",303,0.552,0.68073696969697
"GH_vs_NP","Multi-Omics",303,0.553,0.681135757575758
"GH_vs_NP","Multi-Omics",303,0.554,0.681534545454546
"GH_vs_NP","Multi-Omics",303,0.555,0.682010101010101
"GH_vs_NP","Multi-Omics",303,0.556,0.682674747474748
"GH_vs_NP","Multi-Omics",303,0.557,0.683339393939394
"GH_vs_NP","Multi-Omics",303,0.558,0.68400404040404
"GH_vs_NP","Multi-Omics",303,0.559,0.684668686868687
"GH_vs_NP","Multi-Omics",303,0.56,0.684848484848485
"GH_vs_NP","Multi-Omics",303,0.561,0.684848484848485
"GH_vs_NP","Multi-Omics",303,0.562,0.684848484848485
"GH_vs_NP","Multi-Omics",303,0.563,0.684848484848485
"GH_vs_NP","Multi-Omics",303,0.564,0.684848484848485
"GH_vs_NP","Multi-Omics",303,0.565,0.684848484848485
"GH_vs_NP","Multi-Omics",303,0.566,0.684848484848485
"GH_vs_NP","Multi-Omics",303,0.567,0.684913636363636
"GH_vs_NP","Multi-Omics",303,0.568,0.685412121212121
"GH_vs_NP","Multi-Omics",303,0.569,0.685910606060606
"GH_vs_NP","Multi-Omics",303,0.57,0.686409090909091
"GH_vs_NP","Multi-Omics",303,0.571,0.686907575757576
"GH_vs_NP","Multi-Omics",303,0.572,0.687406060606061
"GH_vs_NP","Multi-Omics",303,0.573,0.687878787878788
"GH_vs_NP","Multi-Omics",303,0.574,0.687878787878788
"GH_vs_NP","Multi-Omics",303,0.575,0.687878787878788
"GH_vs_NP","Multi-Omics",303,0.576,0.687878787878788
"GH_vs_NP","Multi-Omics",303,0.577,0.687878787878788
"GH_vs_NP","Multi-Omics",303,0.578,0.687878787878788
"GH_vs_NP","Multi-Omics",303,0.579,0.687878787878788
"GH_vs_NP","Multi-Omics",303,0.58,0.687878787878788
"GH_vs_NP","Multi-Omics",303,0.581,0.688781818181818
"GH_vs_NP","Multi-Omics",303,0.582,0.690775757575758
"GH_vs_NP","Multi-Omics",303,0.583,0.693939393939394
"GH_vs_NP","Multi-Omics",303,0.584,0.694763636363636
"GH_vs_NP","Multi-Omics",303,0.585,0.696757575757576
"GH_vs_NP","Multi-Omics",303,0.586,0.697224242424242
"GH_vs_NP","Multi-Omics",303,0.587,0.69768658008658
"GH_vs_NP","Multi-Omics",303,0.588,0.698446176046176
"GH_vs_NP","Multi-Omics",303,0.589,0.699205772005772
"GH_vs_NP","Multi-Omics",303,0.59,0.699965367965368
"GH_vs_NP","Multi-Omics",303,0.591,0.700724963924964
"GH_vs_NP","Multi-Omics",303,0.592,0.70148455988456
"GH_vs_NP","Multi-Omics",303,0.593,0.702244155844156
"GH_vs_NP","Multi-Omics",303,0.594,0.703003751803752
"GH_vs_NP","Multi-Omics",303,0.595,0.703763347763348
"GH_vs_NP","Multi-Omics",303,0.596,0.704365367965368
"GH_vs_NP","Multi-Omics",303,0.597,0.704507792207792
"GH_vs_NP","Multi-Omics",303,0.598,0.704650216450217
"GH_vs_NP","Multi-Omics",303,0.599,0.704792640692641
"GH_vs_NP","Multi-Omics",303,0.6,0.704935064935065
"GH_vs_NP","Multi-Omics",303,0.601,0.705077489177489
"GH_vs_NP","Multi-Omics",303,0.602,0.705219913419913
"GH_vs_NP","Multi-Omics",303,0.603,0.705362337662338
"GH_vs_NP","Multi-Omics",303,0.604,0.706813852813853
"GH_vs_NP","Multi-Omics",303,0.605,0.708677489177489
"GH_vs_NP","Multi-Omics",303,0.606,0.708819913419913
"GH_vs_NP","Multi-Omics",303,0.607,0.708962337662338
"GH_vs_NP","Multi-Omics",303,0.608,0.709284848484849
"GH_vs_NP","Multi-Omics",303,0.609,0.711278787878788
"GH_vs_NP","Multi-Omics",303,0.61,0.712121212121212
"GH_vs_NP","Multi-Omics",303,0.611,0.715151515151515
"GH_vs_NP","Multi-Omics",303,0.612,0.715151515151515
"GH_vs_NP","Multi-Omics",303,0.613,0.715151515151515
"GH_vs_NP","Multi-Omics",303,0.614,0.715158787878788
"GH_vs_NP","Multi-Omics",303,0.615,0.715557575757576
"GH_vs_NP","Multi-Omics",303,0.616,0.716287676767677
"GH_vs_NP","Multi-Omics",303,0.617,0.717351111111111
"GH_vs_NP","Multi-Omics",303,0.618,0.720366060606061
"GH_vs_NP","Multi-Omics",303,0.619,0.722965858585859
"GH_vs_NP","Multi-Omics",303,0.62,0.725026262626263
"GH_vs_NP","Multi-Omics",303,0.621,0.726462424242424
"GH_vs_NP","Multi-Omics",303,0.622,0.727272727272727
"GH_vs_NP","Multi-Omics",303,0.623,0.727272727272727
"GH_vs_NP","Multi-Omics",303,0.624,0.727272727272727
"GH_vs_NP","Multi-Omics",303,0.625,0.727272727272727
"GH_vs_NP","Multi-Omics",303,0.626,0.727272727272727
"GH_vs_NP","Multi-Omics",303,0.627,0.727272727272727
"GH_vs_NP","Multi-Omics",303,0.628,0.727612121212121
"GH_vs_NP","Multi-Omics",303,0.629,0.728609090909091
"GH_vs_NP","Multi-Omics",303,0.63,0.729606060606061
"GH_vs_NP","Multi-Omics",303,0.631,0.73030303030303
"GH_vs_NP","Multi-Omics",303,0.632,0.73030303030303
"GH_vs_NP","Multi-Omics",303,0.633,0.73030303030303
"GH_vs_NP","Multi-Omics",303,0.634,0.730476767676768
"GH_vs_NP","Multi-Omics",303,0.635,0.731141414141414
"GH_vs_NP","Multi-Omics",303,0.636,0.736610909090909
"GH_vs_NP","Multi-Omics",303,0.637,0.739225858585859
"GH_vs_NP","Multi-Omics",303,0.638,0.740289292929293
"GH_vs_NP","Multi-Omics",303,0.639,0.740886060606061
"GH_vs_NP","Multi-Omics",303,0.64,0.741284848484849
"GH_vs_NP","Multi-Omics",303,0.641,0.741683636363636
"GH_vs_NP","Multi-Omics",303,0.642,0.742082424242424
"GH_vs_NP","Multi-Omics",303,0.643,0.742424242424242
"GH_vs_NP","Multi-Omics",303,0.644,0.742424242424242
"GH_vs_NP","Multi-Omics",303,0.645,0.742424242424242
"GH_vs_NP","Multi-Omics",303,0.646,0.742424242424242
"GH_vs_NP","Multi-Omics",303,0.647,0.742424242424242
"GH_vs_NP","Multi-Omics",303,0.648,0.742424242424242
"GH_vs_NP","Multi-Omics",303,0.649,0.742487878787879
"GH_vs_NP","Multi-Omics",303,0.65,0.743484848484849
"GH_vs_NP","Multi-Omics",303,0.651,0.744481818181818
"GH_vs_NP","Multi-Omics",303,0.652,0.745454545454545
"GH_vs_NP","Multi-Omics",303,0.653,0.745454545454545
"GH_vs_NP","Multi-Omics",303,0.654,0.745454545454545
"GH_vs_NP","Multi-Omics",303,0.655,0.745454545454545
"GH_vs_NP","Multi-Omics",303,0.656,0.745454545454545
"GH_vs_NP","Multi-Omics",303,0.657,0.745454545454545
"GH_vs_NP","Multi-Omics",303,0.658,0.745454545454545
"GH_vs_NP","Multi-Omics",303,0.659,0.745454545454545
"GH_vs_NP","Multi-Omics",303,0.66,0.745454545454545
"GH_vs_NP","Multi-Omics",303,0.661,0.745454545454545
"GH_vs_NP","Multi-Omics",303,0.662,0.745454545454545
"GH_vs_NP","Multi-Omics",303,0.663,0.745839393939394
"GH_vs_NP","Multi-Omics",303,0.664,0.746836363636364
"GH_vs_NP","Multi-Omics",303,0.665,0.747833333333333
"GH_vs_NP","Multi-Omics",303,0.666,0.748484848484849
"GH_vs_NP","Multi-Omics",303,0.667,0.748484848484849
"GH_vs_NP","Multi-Omics",303,0.668,0.751515151515151
"GH_vs_NP","Multi-Omics",303,0.669,0.751515151515151
"GH_vs_NP","Multi-Omics",303,0.67,0.751515151515151
"GH_vs_NP","Multi-Omics",303,0.671,0.751515151515151
"GH_vs_NP","Multi-Omics",303,0.672,0.754545454545455
"GH_vs_NP","Multi-Omics",303,0.673,0.754545454545455
"GH_vs_NP","Multi-Omics",303,0.674,0.754545454545455
"GH_vs_NP","Multi-Omics",303,0.675,0.758030303030303
"GH_vs_NP","Multi-Omics",303,0.676,0.760024242424242
"GH_vs_NP","Multi-Omics",303,0.677,0.766666666666667
"GH_vs_NP","Multi-Omics",303,0.678,0.767042424242424
"GH_vs_NP","Multi-Omics",303,0.679,0.769036363636364
"GH_vs_NP","Multi-Omics",303,0.68,0.774060606060606
"GH_vs_NP","Multi-Omics",303,0.681,0.775757575757576
"GH_vs_NP","Multi-Omics",303,0.682,0.775757575757576
"GH_vs_NP","Multi-Omics",303,0.683,0.775757575757576
"GH_vs_NP","Multi-Omics",303,0.684,0.781927272727273
"GH_vs_NP","Multi-Omics",303,0.685,0.782924242424242
"GH_vs_NP","Multi-Omics",303,0.686,0.786951515151515
"GH_vs_NP","Multi-Omics",303,0.687,0.787878787878788
"GH_vs_NP","Multi-Omics",303,0.688,0.787878787878788
"GH_vs_NP","Multi-Omics",303,0.689,0.792554545454546
"GH_vs_NP","Multi-Omics",303,0.69,0.795666666666667
"GH_vs_NP","Multi-Omics",303,0.691,0.802645454545455
"GH_vs_NP","Multi-Omics",303,0.692,0.806060606060606
"GH_vs_NP","Multi-Omics",303,0.693,0.806060606060606
"GH_vs_NP","Multi-Omics",303,0.694,0.806060606060606
"GH_vs_NP","Multi-Omics",303,0.695,0.806060606060606
"GH_vs_NP","Multi-Omics",303,0.696,0.806060606060606
"GH_vs_NP","Multi-Omics",303,0.697,0.806060606060606
"GH_vs_NP","Multi-Omics",303,0.698,0.809090909090909
"GH_vs_NP","Multi-Omics",303,0.699,0.809090909090909
"GH_vs_NP","Multi-Omics",303,0.7,0.81
"GH_vs_NP","Multi-Omics",303,0.701,0.814027272727273
"GH_vs_NP","Multi-Omics",303,0.702,0.815024242424243
"GH_vs_NP","Multi-Omics",303,0.703,0.815151515151515
"GH_vs_NP","Multi-Omics",303,0.704,0.815151515151515
"GH_vs_NP","Multi-Omics",303,0.705,0.815151515151515
"GH_vs_NP","Multi-Omics",303,0.706,0.815151515151515
"GH_vs_NP","Multi-Omics",303,0.707,0.815151515151515
"GH_vs_NP","Multi-Omics",303,0.708,0.815151515151515
"GH_vs_NP","Multi-Omics",303,0.709,0.815151515151515
"GH_vs_NP","Multi-Omics",303,0.71,0.815151515151515
"GH_vs_NP","Multi-Omics",303,0.711,0.815151515151515
"GH_vs_NP","Multi-Omics",303,0.712,0.815151515151515
"GH_vs_NP","Multi-Omics",303,0.713,0.818181818181818
"GH_vs_NP","Multi-Omics",303,0.714,0.818181818181818
"GH_vs_NP","Multi-Omics",303,0.715,0.818181818181818
"GH_vs_NP","Multi-Omics",303,0.716,0.818181818181818
"GH_vs_NP","Multi-Omics",303,0.717,0.818181818181818
"GH_vs_NP","Multi-Omics",303,0.718,0.818181818181818
"GH_vs_NP","Multi-Omics",303,0.719,0.818181818181818
"GH_vs_NP","Multi-Omics",303,0.72,0.818181818181818
"GH_vs_NP","Multi-Omics",303,0.721,0.818181818181818
"GH_vs_NP","Multi-Omics",303,0.722,0.818181818181818
"GH_vs_NP","Multi-Omics",303,0.723,0.818181818181818
"GH_vs_NP","Multi-Omics",303,0.724,0.818181818181818
"GH_vs_NP","Multi-Omics",303,0.725,0.818181818181818
"GH_vs_NP","Multi-Omics",303,0.726,0.818181818181818
"GH_vs_NP","Multi-Omics",303,0.727,0.818181818181818
"GH_vs_NP","Multi-Omics",303,0.728,0.818181818181818
"GH_vs_NP","Multi-Omics",303,0.729,0.818181818181818
"GH_vs_NP","Multi-Omics",303,0.73,0.818181818181818
"GH_vs_NP","Multi-Omics",303,0.731,0.818181818181818
"GH_vs_NP","Multi-Omics",303,0.732,0.818181818181818
"GH_vs_NP","Multi-Omics",303,0.733,0.818181818181818
"GH_vs_NP","Multi-Omics",303,0.734,0.818181818181818
"GH_vs_NP","Multi-Omics",303,0.735,0.818181818181818
"GH_vs_NP","Multi-Omics",303,0.736,0.818181818181818
"GH_vs_NP","Multi-Omics",303,0.737,0.818181818181818
"GH_vs_NP","Multi-Omics",303,0.738,0.818181818181818
"GH_vs_NP","Multi-Omics",303,0.739,0.818181818181818
"GH_vs_NP","Multi-Omics",303,0.74,0.818181818181818
"GH_vs_NP","Multi-Omics",303,0.741,0.818181818181818
"GH_vs_NP","Multi-Omics",303,0.742,0.818181818181818
"GH_vs_NP","Multi-Omics",303,0.743,0.818181818181818
"GH_vs_NP","Multi-Omics",303,0.744,0.818181818181818
"GH_vs_NP","Multi-Omics",303,0.745,0.818181818181818
"GH_vs_NP","Multi-Omics",303,0.746,0.818181818181818
"GH_vs_NP","Multi-Omics",303,0.747,0.818181818181818
"GH_vs_NP","Multi-Omics",303,0.748,0.818181818181818
"GH_vs_NP","Multi-Omics",303,0.749,0.818181818181818
"GH_vs_NP","Multi-Omics",303,0.75,0.818181818181818
"GH_vs_NP","Multi-Omics",303,0.751,0.818181818181818
"GH_vs_NP","Multi-Omics",303,0.752,0.818181818181818
"GH_vs_NP","Multi-Omics",303,0.753,0.818181818181818
"GH_vs_NP","Multi-Omics",303,0.754,0.818181818181818
"GH_vs_NP","Multi-Omics",303,0.755,0.818181818181818
"GH_vs_NP","Multi-Omics",303,0.756,0.818181818181818
"GH_vs_NP","Multi-Omics",303,0.757,0.818181818181818
"GH_vs_NP","Multi-Omics",303,0.758,0.818181818181818
"GH_vs_NP","Multi-Omics",303,0.759,0.818181818181818
"GH_vs_NP","Multi-Omics",303,0.76,0.818181818181818
"GH_vs_NP","Multi-Omics",303,0.761,0.818181818181818
"GH_vs_NP","Multi-Omics",303,0.762,0.818181818181818
"GH_vs_NP","Multi-Omics",303,0.763,0.818181818181818
"GH_vs_NP","Multi-Omics",303,0.764,0.818181818181818
"GH_vs_NP","Multi-Omics",303,0.765,0.818181818181818
"GH_vs_NP","Multi-Omics",303,0.766,0.818181818181818
"GH_vs_NP","Multi-Omics",303,0.767,0.818181818181818
"GH_vs_NP","Multi-Omics",303,0.768,0.818181818181818
"GH_vs_NP","Multi-Omics",303,0.769,0.818181818181818
"GH_vs_NP","Multi-Omics",303,0.77,0.818181818181818
"GH_vs_NP","Multi-Omics",303,0.771,0.818181818181818
"GH_vs_NP","Multi-Omics",303,0.772,0.818181818181818
"GH_vs_NP","Multi-Omics",303,0.773,0.818181818181818
"GH_vs_NP","Multi-Omics",303,0.774,0.818181818181818
"GH_vs_NP","Multi-Omics",303,0.775,0.818181818181818
"GH_vs_NP","Multi-Omics",303,0.776,0.818181818181818
"GH_vs_NP","Multi-Omics",303,0.777,0.818181818181818
"GH_vs_NP","Multi-Omics",303,0.778,0.818181818181818
"GH_vs_NP","Multi-Omics",303,0.779,0.818181818181818
"GH_vs_NP","Multi-Omics",303,0.78,0.818181818181818
"GH_vs_NP","Multi-Omics",303,0.781,0.818181818181818
"GH_vs_NP","Multi-Omics",303,0.782,0.818181818181818
"GH_vs_NP","Multi-Omics",303,0.783,0.818181818181818
"GH_vs_NP","Multi-Omics",303,0.784,0.818181818181818
"GH_vs_NP","Multi-Omics",303,0.785,0.818181818181818
"GH_vs_NP","Multi-Omics",303,0.786,0.818181818181818
"GH_vs_NP","Multi-Omics",303,0.787,0.818181818181818
"GH_vs_NP","Multi-Omics",303,0.788,0.818181818181818
"GH_vs_NP","Multi-Omics",303,0.789,0.818181818181818
"GH_vs_NP","Multi-Omics",303,0.79,0.818181818181818
"GH_vs_NP","Multi-Omics",303,0.791,0.818181818181818
"GH_vs_NP","Multi-Omics",303,0.792,0.818181818181818
"GH_vs_NP","Multi-Omics",303,0.793,0.818181818181818
"GH_vs_NP","Multi-Omics",303,0.794,0.818181818181818
"GH_vs_NP","Multi-Omics",303,0.795,0.818181818181818
"GH_vs_NP","Multi-Omics",303,0.796,0.818181818181818
"GH_vs_NP","Multi-Omics",303,0.797,0.818181818181818
"GH_vs_NP","Multi-Omics",303,0.798,0.818181818181818
"GH_vs_NP","Multi-Omics",303,0.799,0.818181818181818
"GH_vs_NP","Multi-Omics",303,0.8,0.818181818181818
"GH_vs_NP","Multi-Omics",303,0.801,0.818181818181818
"GH_vs_NP","Multi-Omics",303,0.802,0.818181818181818
"GH_vs_NP","Multi-Omics",303,0.803,0.818181818181818
"GH_vs_NP","Multi-Omics",303,0.804,0.818181818181818
"GH_vs_NP","Multi-Omics",303,0.805,0.818181818181818
"GH_vs_NP","Multi-Omics",303,0.806,0.818181818181818
"GH_vs_NP","Multi-Omics",303,0.807,0.818181818181818
"GH_vs_NP","Multi-Omics",303,0.808,0.818181818181818
"GH_vs_NP","Multi-Omics",303,0.809,0.818181818181818
"GH_vs_NP","Multi-Omics",303,0.81,0.818181818181818
"GH_vs_NP","Multi-Omics",303,0.811,0.818181818181818
"GH_vs_NP","Multi-Omics",303,0.812,0.818181818181818
"GH_vs_NP","Multi-Omics",303,0.813,0.818181818181818
"GH_vs_NP","Multi-Omics",303,0.814,0.818181818181818
"GH_vs_NP","Multi-Omics",303,0.815,0.818181818181818
"GH_vs_NP","Multi-Omics",303,0.816,0.818181818181818
"GH_vs_NP","Multi-Omics",303,0.817,0.821212121212121
"GH_vs_NP","Multi-Omics",303,0.818,0.824242424242424
"GH_vs_NP","Multi-Omics",303,0.819,0.824242424242424
"GH_vs_NP","Multi-Omics",303,0.82,0.83030303030303
"GH_vs_NP","Multi-Omics",303,0.821,0.83399393939394
"GH_vs_NP","Multi-Omics",303,0.822,0.835987878787879
"GH_vs_NP","Multi-Omics",303,0.823,0.842424242424242
"GH_vs_NP","Multi-Omics",303,0.824,0.845454545454545
"GH_vs_NP","Multi-Omics",303,0.825,0.845454545454545
"GH_vs_NP","Multi-Omics",303,0.826,0.845454545454545
"GH_vs_NP","Multi-Omics",303,0.827,0.845454545454545
"GH_vs_NP","Multi-Omics",303,0.828,0.845454545454545
"GH_vs_NP","Multi-Omics",303,0.829,0.848484848484849
"GH_vs_NP","Multi-Omics",303,0.83,0.848484848484849
"GH_vs_NP","Multi-Omics",303,0.831,0.848484848484849
"GH_vs_NP","Multi-Omics",303,0.832,0.848484848484849
"GH_vs_NP","Multi-Omics",303,0.833,0.848484848484849
"GH_vs_NP","Multi-Omics",303,0.834,0.848484848484849
"GH_vs_NP","Multi-Omics",303,0.835,0.848484848484849
"GH_vs_NP","Multi-Omics",303,0.836,0.848484848484849
"GH_vs_NP","Multi-Omics",303,0.837,0.848484848484849
"GH_vs_NP","Multi-Omics",303,0.838,0.848484848484849
"GH_vs_NP","Multi-Omics",303,0.839,0.866666666666667
"GH_vs_NP","Multi-Omics",303,0.84,0.866666666666667
"GH_vs_NP","Multi-Omics",303,0.841,0.875757575757576
"GH_vs_NP","Multi-Omics",303,0.842,0.878787878787879
"GH_vs_NP","Multi-Omics",303,0.843,0.878787878787879
"GH_vs_NP","Multi-Omics",303,0.844,0.878787878787879
"GH_vs_NP","Multi-Omics",303,0.845,0.878787878787879
"GH_vs_NP","Multi-Omics",303,0.846,0.878787878787879
"GH_vs_NP","Multi-Omics",303,0.847,0.887878787878788
"GH_vs_NP","Multi-Omics",303,0.848,0.887878787878788
"GH_vs_NP","Multi-Omics",303,0.849,0.909090909090909
"GH_vs_NP","Multi-Omics",303,0.85,0.909090909090909
"GH_vs_NP","Multi-Omics",303,0.851,0.909090909090909
"GH_vs_NP","Multi-Omics",303,0.852,0.909090909090909
"GH_vs_NP","Multi-Omics",303,0.853,0.909090909090909
"GH_vs_NP","Multi-Omics",303,0.854,0.909090909090909
"GH_vs_NP","Multi-Omics",303,0.855,0.909090909090909
"GH_vs_NP","Multi-Omics",303,0.856,0.909090909090909
"GH_vs_NP","Multi-Omics",303,0.857,0.909090909090909
"GH_vs_NP","Multi-Omics",303,0.858,0.909090909090909
"GH_vs_NP","Multi-Omics",303,0.859,0.909090909090909
"GH_vs_NP","Multi-Omics",303,0.86,0.909090909090909
"GH_vs_NP","Multi-Omics",303,0.861,0.909090909090909
"GH_vs_NP","Multi-Omics",303,0.862,0.909090909090909
"GH_vs_NP","Multi-Omics",303,0.863,0.909090909090909
"GH_vs_NP","Multi-Omics",303,0.864,0.909090909090909
"GH_vs_NP","Multi-Omics",303,0.865,0.909090909090909
"GH_vs_NP","Multi-Omics",303,0.866,0.909090909090909
"GH_vs_NP","Multi-Omics",303,0.867,0.910563636363636
"GH_vs_NP","Multi-Omics",303,0.868,0.915587878787879
"GH_vs_NP","Multi-Omics",303,0.869,0.917581818181818
"GH_vs_NP","Multi-Omics",303,0.87,0.920969696969697
"GH_vs_NP","Multi-Omics",303,0.871,0.930660606060606
"GH_vs_NP","Multi-Omics",303,0.872,0.932654545454546
"GH_vs_NP","Multi-Omics",303,0.873,0.933333333333333
"GH_vs_NP","Multi-Omics",303,0.874,0.936363636363636
"GH_vs_NP","Multi-Omics",303,0.875,0.936363636363636
"GH_vs_NP","Multi-Omics",303,0.876,0.939393939393939
"GH_vs_NP","Multi-Omics",303,0.877,0.939393939393939
"GH_vs_NP","Multi-Omics",303,0.878,0.939393939393939
"GH_vs_NP","Multi-Omics",303,0.879,0.939393939393939
"GH_vs_NP","Multi-Omics",303,0.88,0.939393939393939
"GH_vs_NP","Multi-Omics",303,0.881,0.939393939393939
"GH_vs_NP","Multi-Omics",303,0.882,0.939393939393939
"GH_vs_NP","Multi-Omics",303,0.883,0.939393939393939
"GH_vs_NP","Multi-Omics",303,0.884,0.939393939393939
"GH_vs_NP","Multi-Omics",303,0.885,0.939393939393939
"GH_vs_NP","Multi-Omics",303,0.886,0.939393939393939
"GH_vs_NP","Multi-Omics",303,0.887,0.939393939393939
"GH_vs_NP","Multi-Omics",303,0.888,0.939393939393939
"GH_vs_NP","Multi-Omics",303,0.889,0.939393939393939
"GH_vs_NP","Multi-Omics",303,0.89,0.939393939393939
"GH_vs_NP","Multi-Omics",303,0.891,0.939393939393939
"GH_vs_NP","Multi-Omics",303,0.892,0.939393939393939
"GH_vs_NP","Multi-Omics",303,0.893,0.942424242424242
"GH_vs_NP","Multi-Omics",303,0.894,0.945836363636364
"GH_vs_NP","Multi-Omics",303,0.895,0.946833333333333
"GH_vs_NP","Multi-Omics",303,0.896,0.955612121212121
"GH_vs_NP","Multi-Omics",303,0.897,0.958260606060606
"GH_vs_NP","Multi-Omics",303,0.898,0.960254545454545
"GH_vs_NP","Multi-Omics",303,0.899,0.960606060606061
"GH_vs_NP","Multi-Omics",303,0.9,0.963636363636364
"GH_vs_NP","Multi-Omics",303,0.901,0.963636363636364
"GH_vs_NP","Multi-Omics",303,0.902,0.963636363636364
"GH_vs_NP","Multi-Omics",303,0.903,0.963636363636364
"GH_vs_NP","Multi-Omics",303,0.904,0.963636363636364
"GH_vs_NP","Multi-Omics",303,0.905,0.963636363636364
"GH_vs_NP","Multi-Omics",303,0.906,0.963785858585859
"GH_vs_NP","Multi-Omics",303,0.907,0.964450505050505
"GH_vs_NP","Multi-Omics",303,0.908,0.965115151515152
"GH_vs_NP","Multi-Omics",303,0.909,0.965779797979798
"GH_vs_NP","Multi-Omics",303,0.91,0.966444444444444
"GH_vs_NP","Multi-Omics",303,0.911,0.966666666666667
"GH_vs_NP","Multi-Omics",303,0.912,0.966666666666667
"GH_vs_NP","Multi-Omics",303,0.913,0.966666666666667
"GH_vs_NP","Multi-Omics",303,0.914,0.966666666666667
"GH_vs_NP","Multi-Omics",303,0.915,0.96969696969697
"GH_vs_NP","Multi-Omics",303,0.916,0.96969696969697
"GH_vs_NP","Multi-Omics",303,0.917,0.96969696969697
"GH_vs_NP","Multi-Omics",303,0.918,0.96969696969697
"GH_vs_NP","Multi-Omics",303,0.919,0.96969696969697
"GH_vs_NP","Multi-Omics",303,0.92,0.96969696969697
"GH_vs_NP","Multi-Omics",303,0.921,0.96969696969697
"GH_vs_NP","Multi-Omics",303,0.922,0.96969696969697
"GH_vs_NP","Multi-Omics",303,0.923,0.96969696969697
"GH_vs_NP","Multi-Omics",303,0.924,0.96969696969697
"GH_vs_NP","Multi-Omics",303,0.925,0.96969696969697
"GH_vs_NP","Multi-Omics",303,0.926,0.970163636363636
"GH_vs_NP","Multi-Omics",303,0.927,0.971160606060606
"GH_vs_NP","Multi-Omics",303,0.928,0.972157575757576
"GH_vs_NP","Multi-Omics",303,0.929,0.972727272727273
"GH_vs_NP","Multi-Omics",303,0.93,0.972727272727273
"GH_vs_NP","Multi-Omics",303,0.931,0.973331313131313
"GH_vs_NP","Multi-Omics",303,0.932,0.97399595959596
"GH_vs_NP","Multi-Omics",303,0.933,0.974660606060606
"GH_vs_NP","Multi-Omics",303,0.934,0.975325252525253
"GH_vs_NP","Multi-Omics",303,0.935,0.975757575757576
"GH_vs_NP","Multi-Omics",303,0.936,0.975757575757576
"GH_vs_NP","Multi-Omics",303,0.937,0.977412121212121
"GH_vs_NP","Multi-Omics",303,0.938,0.978787878787879
"GH_vs_NP","Multi-Omics",303,0.939,0.978787878787879
"GH_vs_NP","Multi-Omics",303,0.94,0.978787878787879
"GH_vs_NP","Multi-Omics",303,0.941,0.978787878787879
"GH_vs_NP","Multi-Omics",303,0.942,0.978787878787879
"GH_vs_NP","Multi-Omics",303,0.943,0.978787878787879
"GH_vs_NP","Multi-Omics",303,0.944,0.978787878787879
"GH_vs_NP","Multi-Omics",303,0.945,0.978787878787879
"GH_vs_NP","Multi-Omics",303,0.946,0.978787878787879
"GH_vs_NP","Multi-Omics",303,0.947,0.978787878787879
"GH_vs_NP","Multi-Omics",303,0.948,0.978787878787879
"GH_vs_NP","Multi-Omics",303,0.949,0.978787878787879
"GH_vs_NP","Multi-Omics",303,0.95,0.978787878787879
"GH_vs_NP","Multi-Omics",303,0.951,0.978787878787879
"GH_vs_NP","Multi-Omics",303,0.952,0.978787878787879
"GH_vs_NP","Multi-Omics",303,0.953,0.978787878787879
"GH_vs_NP","Multi-Omics",303,0.954,0.978787878787879
"GH_vs_NP","Multi-Omics",303,0.955,0.978787878787879
"GH_vs_NP","Multi-Omics",303,0.956,0.97881696969697
"GH_vs_NP","Multi-Omics",303,0.957,0.979215757575758
"GH_vs_NP","Multi-Omics",303,0.958,0.980110909090909
"GH_vs_NP","Multi-Omics",303,0.959,0.981423636363636
"GH_vs_NP","Multi-Omics",303,0.96,0.983218181818182
"GH_vs_NP","Multi-Omics",303,0.961,0.985524848484848
"GH_vs_NP","Multi-Omics",303,0.962,0.988316363636364
"GH_vs_NP","Multi-Omics",303,0.963,0.991107878787879
"GH_vs_NP","Multi-Omics",303,0.964,0.993001212121212
"GH_vs_NP","Multi-Omics",303,0.965,0.993898484848485
"GH_vs_NP","Multi-Omics",303,0.966,0.994415151515151
"GH_vs_NP","Multi-Omics",303,0.967,0.994913636363636
"GH_vs_NP","Multi-Omics",303,0.968,0.995412121212121
"GH_vs_NP","Multi-Omics",303,0.969,0.995910606060606
"GH_vs_NP","Multi-Omics",303,0.97,0.996409090909091
"GH_vs_NP","Multi-Omics",303,0.971,0.996907575757576
"GH_vs_NP","Multi-Omics",303,0.972,0.996969696969697
"GH_vs_NP","Multi-Omics",303,0.973,0.996969696969697
"GH_vs_NP","Multi-Omics",303,0.974,0.996969696969697
"GH_vs_NP","Multi-Omics",303,0.975,0.996969696969697
"GH_vs_NP","Multi-Omics",303,0.976,0.996969696969697
"GH_vs_NP","Multi-Omics",303,0.977,0.996969696969697
"GH_vs_NP","Multi-Omics",303,0.978,0.996969696969697
"GH_vs_NP","Multi-Omics",303,0.979,0.996969696969697
"GH_vs_NP","Multi-Omics",303,0.98,0.996969696969697
"GH_vs_NP","Multi-Omics",303,0.981,0.996969696969697
"GH_vs_NP","Multi-Omics",303,0.982,0.996969696969697
"GH_vs_NP","Multi-Omics",303,0.983,0.996969696969697
"GH_vs_NP","Multi-Omics",303,0.984,0.996969696969697
"GH_vs_NP","Multi-Omics",303,0.985,0.997166666666667
"GH_vs_NP","Multi-Omics",303,0.986,0.998163636363636
"GH_vs_NP","Multi-Omics",303,0.987,0.999160606060606
"GH_vs_NP","Multi-Omics",303,0.988,1
"GH_vs_NP","Multi-Omics",303,0.989,1
"GH_vs_NP","Multi-Omics",303,0.99,1
"GH_vs_NP","Multi-Omics",303,0.991,1
"GH_vs_NP","Multi-Omics",303,0.992,1
"GH_vs_NP","Multi-Omics",303,0.993,1
"GH_vs_NP","Multi-Omics",303,0.994,1
"GH_vs_NP","Multi-Omics",303,0.995,1
"GH_vs_NP","Multi-Omics",303,0.996,1
"GH_vs_NP","Multi-Omics",303,0.997,1
"GH_vs_NP","Multi-Omics",303,0.998,1
"GH_vs_NP","Multi-Omics",303,0.999,1
"GH_vs_NP","Multi-Omics",303,1,1
"Combined_vs_NP","Baseline",303,0,0
"Combined_vs_NP","Baseline",303,0.001,0
"Combined_vs_NP","Baseline",303,0.002,0
"Combined_vs_NP","Baseline",303,0.003,0
"Combined_vs_NP","Baseline",303,0.004,0.0208333333333333
"Combined_vs_NP","Baseline",303,0.005,0.0208333333333333
"Combined_vs_NP","Baseline",303,0.006,0.0208333333333333
"Combined_vs_NP","Baseline",303,0.007,0.0208333333333333
"Combined_vs_NP","Baseline",303,0.008,0.0208333333333333
"Combined_vs_NP","Baseline",303,0.009,0.0208333333333333
"Combined_vs_NP","Baseline",303,0.01,0.0208333333333333
"Combined_vs_NP","Baseline",303,0.011,0.0520833333333333
"Combined_vs_NP","Baseline",303,0.012,0.0520833333333333
"Combined_vs_NP","Baseline",303,0.013,0.0604166666666667
"Combined_vs_NP","Baseline",303,0.014,0.09375
"Combined_vs_NP","Baseline",303,0.015,0.09375
"Combined_vs_NP","Baseline",303,0.016,0.102083333333333
"Combined_vs_NP","Baseline",303,0.017,0.102083333333333
"Combined_vs_NP","Baseline",303,0.018,0.102083333333333
"Combined_vs_NP","Baseline",303,0.019,0.108333333333333
"Combined_vs_NP","Baseline",303,0.02,0.116666666666667
"Combined_vs_NP","Baseline",303,0.021,0.116666666666667
"Combined_vs_NP","Baseline",303,0.022,0.11875
"Combined_vs_NP","Baseline",303,0.023,0.120833333333333
"Combined_vs_NP","Baseline",303,0.024,0.120833333333333
"Combined_vs_NP","Baseline",303,0.025,0.122916666666667
"Combined_vs_NP","Baseline",303,0.026,0.122916666666667
"Combined_vs_NP","Baseline",303,0.027,0.122916666666667
"Combined_vs_NP","Baseline",303,0.028,0.125
"Combined_vs_NP","Baseline",303,0.029,0.125
"Combined_vs_NP","Baseline",303,0.03,0.125
"Combined_vs_NP","Baseline",303,0.031,0.129166666666667
"Combined_vs_NP","Baseline",303,0.032,0.135416666666667
"Combined_vs_NP","Baseline",303,0.033,0.135416666666667
"Combined_vs_NP","Baseline",303,0.034,0.135416666666667
"Combined_vs_NP","Baseline",303,0.035,0.139583333333333
"Combined_vs_NP","Baseline",303,0.036,0.139583333333333
"Combined_vs_NP","Baseline",303,0.037,0.14375
"Combined_vs_NP","Baseline",303,0.038,0.147916666666667
"Combined_vs_NP","Baseline",303,0.039,0.147916666666667
"Combined_vs_NP","Baseline",303,0.04,0.154166666666667
"Combined_vs_NP","Baseline",303,0.041,0.154166666666667
"Combined_vs_NP","Baseline",303,0.042,0.166666666666667
"Combined_vs_NP","Baseline",303,0.043,0.183945833333333
"Combined_vs_NP","Baseline",303,0.044,0.185316666666667
"Combined_vs_NP","Baseline",303,0.045,0.190854166666667
"Combined_vs_NP","Baseline",303,0.046,0.195833333333333
"Combined_vs_NP","Baseline",303,0.047,0.195833333333333
"Combined_vs_NP","Baseline",303,0.048,0.195833333333333
"Combined_vs_NP","Baseline",303,0.049,0.197916666666667
"Combined_vs_NP","Baseline",303,0.05,0.197916666666667
"Combined_vs_NP","Baseline",303,0.051,0.2
"Combined_vs_NP","Baseline",303,0.052,0.204166666666667
"Combined_vs_NP","Baseline",303,0.053,0.204166666666667
"Combined_vs_NP","Baseline",303,0.054,0.208333333333333
"Combined_vs_NP","Baseline",303,0.055,0.208333333333333
"Combined_vs_NP","Baseline",303,0.056,0.208333333333333
"Combined_vs_NP","Baseline",303,0.057,0.208333333333333
"Combined_vs_NP","Baseline",303,0.058,0.208333333333333
"Combined_vs_NP","Baseline",303,0.059,0.208333333333333
"Combined_vs_NP","Baseline",303,0.06,0.208333333333333
"Combined_vs_NP","Baseline",303,0.061,0.208333333333333
"Combined_vs_NP","Baseline",303,0.062,0.208333333333333
"Combined_vs_NP","Baseline",303,0.063,0.208333333333333
"Combined_vs_NP","Baseline",303,0.064,0.208333333333333
"Combined_vs_NP","Baseline",303,0.065,0.208333333333333
"Combined_vs_NP","Baseline",303,0.066,0.208333333333333
"Combined_vs_NP","Baseline",303,0.067,0.208333333333333
"Combined_vs_NP","Baseline",303,0.068,0.208333333333333
"Combined_vs_NP","Baseline",303,0.069,0.208333333333333
"Combined_vs_NP","Baseline",303,0.07,0.208333333333333
"Combined_vs_NP","Baseline",303,0.071,0.208333333333333
"Combined_vs_NP","Baseline",303,0.072,0.208333333333333
"Combined_vs_NP","Baseline",303,0.073,0.208333333333333
"Combined_vs_NP","Baseline",303,0.074,0.208333333333333
"Combined_vs_NP","Baseline",303,0.075,0.208333333333333
"Combined_vs_NP","Baseline",303,0.076,0.208333333333333
"Combined_vs_NP","Baseline",303,0.077,0.208333333333333
"Combined_vs_NP","Baseline",303,0.078,0.208333333333333
"Combined_vs_NP","Baseline",303,0.079,0.208333333333333
"Combined_vs_NP","Baseline",303,0.08,0.208333333333333
"Combined_vs_NP","Baseline",303,0.081,0.210416666666667
"Combined_vs_NP","Baseline",303,0.082,0.210416666666667
"Combined_vs_NP","Baseline",303,0.083,0.210416666666667
"Combined_vs_NP","Baseline",303,0.084,0.210416666666667
"Combined_vs_NP","Baseline",303,0.085,0.210416666666667
"Combined_vs_NP","Baseline",303,0.086,0.210416666666667
"Combined_vs_NP","Baseline",303,0.087,0.210416666666667
"Combined_vs_NP","Baseline",303,0.088,0.210416666666667
"Combined_vs_NP","Baseline",303,0.089,0.2125
"Combined_vs_NP","Baseline",303,0.09,0.215041666666667
"Combined_vs_NP","Baseline",303,0.091,0.2164125
"Combined_vs_NP","Baseline",303,0.092,0.216666666666667
"Combined_vs_NP","Baseline",303,0.093,0.21875
"Combined_vs_NP","Baseline",303,0.094,0.21875
"Combined_vs_NP","Baseline",303,0.095,0.222916666666667
"Combined_vs_NP","Baseline",303,0.096,0.222916666666667
"Combined_vs_NP","Baseline",303,0.097,0.222916666666667
"Combined_vs_NP","Baseline",303,0.098,0.222916666666667
"Combined_vs_NP","Baseline",303,0.099,0.225
"Combined_vs_NP","Baseline",303,0.1,0.225
"Combined_vs_NP","Baseline",303,0.101,0.229166666666667
"Combined_vs_NP","Baseline",303,0.102,0.229166666666667
"Combined_vs_NP","Baseline",303,0.103,0.229166666666667
"Combined_vs_NP","Baseline",303,0.104,0.230066666666667
"Combined_vs_NP","Baseline",303,0.105,0.233333333333333
"Combined_vs_NP","Baseline",303,0.106,0.233333333333333
"Combined_vs_NP","Baseline",303,0.107,0.235416666666667
"Combined_vs_NP","Baseline",303,0.108,0.2375
"Combined_vs_NP","Baseline",303,0.109,0.2375
"Combined_vs_NP","Baseline",303,0.11,0.241666666666667
"Combined_vs_NP","Baseline",303,0.111,0.24170625
"Combined_vs_NP","Baseline",303,0.112,0.242391666666667
"Combined_vs_NP","Baseline",303,0.113,0.245160416666667
"Combined_vs_NP","Baseline",303,0.114,0.247916666666667
"Combined_vs_NP","Baseline",303,0.115,0.247916666666667
"Combined_vs_NP","Baseline",303,0.116,0.254166666666667
"Combined_vs_NP","Baseline",303,0.117,0.254166666666667
"Combined_vs_NP","Baseline",303,0.118,0.258333333333333
"Combined_vs_NP","Baseline",303,0.119,0.259591666666667
"Combined_vs_NP","Baseline",303,0.12,0.262333333333333
"Combined_vs_NP","Baseline",303,0.121,0.2625
"Combined_vs_NP","Baseline",303,0.122,0.2627875
"Combined_vs_NP","Baseline",303,0.123,0.263472916666667
"Combined_vs_NP","Baseline",303,0.124,0.264158333333333
"Combined_vs_NP","Baseline",303,0.125,0.265104166666667
"Combined_vs_NP","Baseline",303,0.126,0.266475
"Combined_vs_NP","Baseline",303,0.127,0.26875
"Combined_vs_NP","Baseline",303,0.128,0.2713
"Combined_vs_NP","Baseline",303,0.129,0.272670833333333
"Combined_vs_NP","Baseline",303,0.13,0.272916666666667
"Combined_vs_NP","Baseline",303,0.131,0.275
"Combined_vs_NP","Baseline",303,0.132,0.275
"Combined_vs_NP","Baseline",303,0.133,0.275
"Combined_vs_NP","Baseline",303,0.134,0.279166666666667
"Combined_vs_NP","Baseline",303,0.135,0.279166666666667
"Combined_vs_NP","Baseline",303,0.136,0.279166666666667
"Combined_vs_NP","Baseline",303,0.137,0.28125
"Combined_vs_NP","Baseline",303,0.138,0.28125
"Combined_vs_NP","Baseline",303,0.139,0.284295833333333
"Combined_vs_NP","Baseline",303,0.14,0.28775
"Combined_vs_NP","Baseline",303,0.141,0.289120833333333
"Combined_vs_NP","Baseline",303,0.142,0.291666666666667
"Combined_vs_NP","Baseline",303,0.143,0.29375
"Combined_vs_NP","Baseline",303,0.144,0.29375
"Combined_vs_NP","Baseline",303,0.145,0.300854166666667
"Combined_vs_NP","Baseline",303,0.146,0.302225
"Combined_vs_NP","Baseline",303,0.147,0.303595833333333
"Combined_vs_NP","Baseline",303,0.148,0.310416666666667
"Combined_vs_NP","Baseline",303,0.149,0.31254375
"Combined_vs_NP","Baseline",303,0.15,0.313229166666667
"Combined_vs_NP","Baseline",303,0.151,0.315997916666667
"Combined_vs_NP","Baseline",303,0.152,0.318783333333333
"Combined_vs_NP","Baseline",303,0.153,0.320154166666667
"Combined_vs_NP","Baseline",303,0.154,0.320833333333333
"Combined_vs_NP","Baseline",303,0.155,0.320833333333333
"Combined_vs_NP","Baseline",303,0.156,0.320833333333333
"Combined_vs_NP","Baseline",303,0.157,0.320833333333333
"Combined_vs_NP","Baseline",303,0.158,0.320833333333333
"Combined_vs_NP","Baseline",303,0.159,0.322916666666667
"Combined_vs_NP","Baseline",303,0.16,0.322916666666667
"Combined_vs_NP","Baseline",303,0.161,0.322916666666667
"Combined_vs_NP","Baseline",303,0.162,0.322916666666667
"Combined_vs_NP","Baseline",303,0.163,0.325
"Combined_vs_NP","Baseline",303,0.164,0.325
"Combined_vs_NP","Baseline",303,0.165,0.3261875
"Combined_vs_NP","Baseline",303,0.166,0.327083333333333
"Combined_vs_NP","Baseline",303,0.167,0.327083333333333
"Combined_vs_NP","Baseline",303,0.168,0.328216666666667
"Combined_vs_NP","Baseline",303,0.169,0.329166666666667
"Combined_vs_NP","Baseline",303,0.17,0.329166666666667
"Combined_vs_NP","Baseline",303,0.171,0.329166666666667
"Combined_vs_NP","Baseline",303,0.172,0.329166666666667
"Combined_vs_NP","Baseline",303,0.173,0.329166666666667
"Combined_vs_NP","Baseline",303,0.174,0.329166666666667
"Combined_vs_NP","Baseline",303,0.175,0.33125
"Combined_vs_NP","Baseline",303,0.176,0.33125
"Combined_vs_NP","Baseline",303,0.177,0.333333333333333
"Combined_vs_NP","Baseline",303,0.178,0.333333333333333
"Combined_vs_NP","Baseline",303,0.179,0.333333333333333
"Combined_vs_NP","Baseline",303,0.18,0.333333333333333
"Combined_vs_NP","Baseline",303,0.181,0.333333333333333
"Combined_vs_NP","Baseline",303,0.182,0.333333333333333
"Combined_vs_NP","Baseline",303,0.183,0.333333333333333
"Combined_vs_NP","Baseline",303,0.184,0.333333333333333
"Combined_vs_NP","Baseline",303,0.185,0.333333333333333
"Combined_vs_NP","Baseline",303,0.186,0.335416666666667
"Combined_vs_NP","Baseline",303,0.187,0.3375
"Combined_vs_NP","Baseline",303,0.188,0.3375
"Combined_vs_NP","Baseline",303,0.189,0.3375
"Combined_vs_NP","Baseline",303,0.19,0.339583333333333
"Combined_vs_NP","Baseline",303,0.191,0.339583333333333
"Combined_vs_NP","Baseline",303,0.192,0.339583333333333
"Combined_vs_NP","Baseline",303,0.193,0.339583333333333
"Combined_vs_NP","Baseline",303,0.194,0.339583333333333
"Combined_vs_NP","Baseline",303,0.195,0.339583333333333
"Combined_vs_NP","Baseline",303,0.196,0.339583333333333
"Combined_vs_NP","Baseline",303,0.197,0.341666666666667
"Combined_vs_NP","Baseline",303,0.198,0.34375
"Combined_vs_NP","Baseline",303,0.199,0.34375
"Combined_vs_NP","Baseline",303,0.2,0.345833333333333
"Combined_vs_NP","Baseline",303,0.201,0.345833333333333
"Combined_vs_NP","Baseline",303,0.202,0.345833333333333
"Combined_vs_NP","Baseline",303,0.203,0.345833333333333
"Combined_vs_NP","Baseline",303,0.204,0.345833333333333
"Combined_vs_NP","Baseline",303,0.205,0.345833333333333
"Combined_vs_NP","Baseline",303,0.206,0.345833333333333
"Combined_vs_NP","Baseline",303,0.207,0.345833333333333
"Combined_vs_NP","Baseline",303,0.208,0.345833333333333
"Combined_vs_NP","Baseline",303,0.209,0.347916666666667
"Combined_vs_NP","Baseline",303,0.21,0.350375
"Combined_vs_NP","Baseline",303,0.211,0.351745833333333
"Combined_vs_NP","Baseline",303,0.212,0.354166666666667
"Combined_vs_NP","Baseline",303,0.213,0.354166666666667
"Combined_vs_NP","Baseline",303,0.214,0.354166666666667
"Combined_vs_NP","Baseline",303,0.215,0.354166666666667
"Combined_vs_NP","Baseline",303,0.216,0.354166666666667
"Combined_vs_NP","Baseline",303,0.217,0.354166666666667
"Combined_vs_NP","Baseline",303,0.218,0.35625
"Combined_vs_NP","Baseline",303,0.219,0.35625
"Combined_vs_NP","Baseline",303,0.22,0.35625
"Combined_vs_NP","Baseline",303,0.221,0.35625
"Combined_vs_NP","Baseline",303,0.222,0.358333333333333
"Combined_vs_NP","Baseline",303,0.223,0.358333333333333
"Combined_vs_NP","Baseline",303,0.224,0.358333333333333
"Combined_vs_NP","Baseline",303,0.225,0.358333333333333
"Combined_vs_NP","Baseline",303,0.226,0.358333333333333
"Combined_vs_NP","Baseline",303,0.227,0.3625
"Combined_vs_NP","Baseline",303,0.228,0.364583333333333
"Combined_vs_NP","Baseline",303,0.229,0.364583333333333
"Combined_vs_NP","Baseline",303,0.23,0.366666666666667
"Combined_vs_NP","Baseline",303,0.231,0.366666666666667
"Combined_vs_NP","Baseline",303,0.232,0.36875
"Combined_vs_NP","Baseline",303,0.233,0.36875
"Combined_vs_NP","Baseline",303,0.234,0.36875
"Combined_vs_NP","Baseline",303,0.235,0.36875
"Combined_vs_NP","Baseline",303,0.236,0.36875
"Combined_vs_NP","Baseline",303,0.237,0.36875
"Combined_vs_NP","Baseline",303,0.238,0.36875
"Combined_vs_NP","Baseline",303,0.239,0.370833333333333
"Combined_vs_NP","Baseline",303,0.24,0.370833333333333
"Combined_vs_NP","Baseline",303,0.241,0.370833333333333
"Combined_vs_NP","Baseline",303,0.242,0.370833333333333
"Combined_vs_NP","Baseline",303,0.243,0.370833333333333
"Combined_vs_NP","Baseline",303,0.244,0.370833333333333
"Combined_vs_NP","Baseline",303,0.245,0.370833333333333
"Combined_vs_NP","Baseline",303,0.246,0.370833333333333
"Combined_vs_NP","Baseline",303,0.247,0.372916666666667
"Combined_vs_NP","Baseline",303,0.248,0.373108333333333
"Combined_vs_NP","Baseline",303,0.249,0.37379375
"Combined_vs_NP","Baseline",303,0.25,0.374479166666667
"Combined_vs_NP","Baseline",303,0.251,0.375
"Combined_vs_NP","Baseline",303,0.252,0.375
"Combined_vs_NP","Baseline",303,0.253,0.375
"Combined_vs_NP","Baseline",303,0.254,0.375
"Combined_vs_NP","Baseline",303,0.255,0.375
"Combined_vs_NP","Baseline",303,0.256,0.375
"Combined_vs_NP","Baseline",303,0.257,0.375
"Combined_vs_NP","Baseline",303,0.258,0.375
"Combined_vs_NP","Baseline",303,0.259,0.377083333333333
"Combined_vs_NP","Baseline",303,0.26,0.38125
"Combined_vs_NP","Baseline",303,0.261,0.38125
"Combined_vs_NP","Baseline",303,0.262,0.383333333333333
"Combined_vs_NP","Baseline",303,0.263,0.3875
"Combined_vs_NP","Baseline",303,0.264,0.3875
"Combined_vs_NP","Baseline",303,0.265,0.39375
"Combined_vs_NP","Baseline",303,0.266,0.39375
"Combined_vs_NP","Baseline",303,0.267,0.39375
"Combined_vs_NP","Baseline",303,0.268,0.397916666666667
"Combined_vs_NP","Baseline",303,0.269,0.4
"Combined_vs_NP","Baseline",303,0.27,0.4
"Combined_vs_NP","Baseline",303,0.271,0.4
"Combined_vs_NP","Baseline",303,0.272,0.4
"Combined_vs_NP","Baseline",303,0.273,0.403404166666667
"Combined_vs_NP","Baseline",303,0.274,0.408333333333333
"Combined_vs_NP","Baseline",303,0.275,0.408333333333333
"Combined_vs_NP","Baseline",303,0.276,0.410416666666667
"Combined_vs_NP","Baseline",303,0.277,0.4125
"Combined_vs_NP","Baseline",303,0.278,0.4125
"Combined_vs_NP","Baseline",303,0.279,0.414583333333333
"Combined_vs_NP","Baseline",303,0.28,0.420833333333333
"Combined_vs_NP","Baseline",303,0.281,0.420833333333333
"Combined_vs_NP","Baseline",303,0.282,0.420833333333333
"Combined_vs_NP","Baseline",303,0.283,0.421279166666667
"Combined_vs_NP","Baseline",303,0.284,0.42265
"Combined_vs_NP","Baseline",303,0.285,0.422916666666667
"Combined_vs_NP","Baseline",303,0.286,0.4231125
"Combined_vs_NP","Baseline",303,0.287,0.423797916666667
"Combined_vs_NP","Baseline",303,0.288,0.432816666666667
"Combined_vs_NP","Baseline",303,0.289,0.435416666666667
"Combined_vs_NP","Baseline",303,0.29,0.435416666666667
"Combined_vs_NP","Baseline",303,0.291,0.4375
"Combined_vs_NP","Baseline",303,0.292,0.4375
"Combined_vs_NP","Baseline",303,0.293,0.4375
"Combined_vs_NP","Baseline",303,0.294,0.440525
"Combined_vs_NP","Baseline",303,0.295,0.44375
"Combined_vs_NP","Baseline",303,0.296,0.44375
"Combined_vs_NP","Baseline",303,0.297,0.445833333333333
"Combined_vs_NP","Baseline",303,0.298,0.445833333333333
"Combined_vs_NP","Baseline",303,0.299,0.445833333333333
"Combined_vs_NP","Baseline",303,0.3,0.4475
"Combined_vs_NP","Baseline",303,0.301,0.45625
"Combined_vs_NP","Baseline",303,0.302,0.45625
"Combined_vs_NP","Baseline",303,0.303,0.45625
"Combined_vs_NP","Baseline",303,0.304,0.458333333333333
"Combined_vs_NP","Baseline",303,0.305,0.458333333333333
"Combined_vs_NP","Baseline",303,0.306,0.461141666666667
"Combined_vs_NP","Baseline",303,0.307,0.4625
"Combined_vs_NP","Baseline",303,0.308,0.4625
"Combined_vs_NP","Baseline",303,0.309,0.4625
"Combined_vs_NP","Baseline",303,0.31,0.4625
"Combined_vs_NP","Baseline",303,0.311,0.466666666666667
"Combined_vs_NP","Baseline",303,0.312,0.466666666666667
"Combined_vs_NP","Baseline",303,0.313,0.466666666666667
"Combined_vs_NP","Baseline",303,0.314,0.467941666666667
"Combined_vs_NP","Baseline",303,0.315,0.46875
"Combined_vs_NP","Baseline",303,0.316,0.46875
"Combined_vs_NP","Baseline",303,0.317,0.46875
"Combined_vs_NP","Baseline",303,0.318,0.46875
"Combined_vs_NP","Baseline",303,0.319,0.46875
"Combined_vs_NP","Baseline",303,0.32,0.4735
"Combined_vs_NP","Baseline",303,0.321,0.474185416666667
"Combined_vs_NP","Baseline",303,0.322,0.474870833333333
"Combined_vs_NP","Baseline",303,0.323,0.481391666666666
"Combined_vs_NP","Baseline",303,0.324,0.485416666666667
"Combined_vs_NP","Baseline",303,0.325,0.485416666666667
"Combined_vs_NP","Baseline",303,0.326,0.4875
"Combined_vs_NP","Baseline",303,0.327,0.48801875
"Combined_vs_NP","Baseline",303,0.328,0.490075
"Combined_vs_NP","Baseline",303,0.329,0.49213125
"Combined_vs_NP","Baseline",303,0.33,0.494041666666667
"Combined_vs_NP","Baseline",303,0.331,0.4954125
"Combined_vs_NP","Baseline",303,0.332,0.495833333333333
"Combined_vs_NP","Baseline",303,0.333,0.498201666666667
"Combined_vs_NP","Baseline",303,0.334,0.499846666666667
"Combined_vs_NP","Baseline",303,0.335,0.501491666666667
"Combined_vs_NP","Baseline",303,0.336,0.502953333333333
"Combined_vs_NP","Baseline",303,0.337,0.5032275
"Combined_vs_NP","Baseline",303,0.338,0.505585
"Combined_vs_NP","Baseline",303,0.339,0.505859166666667
"Combined_vs_NP","Baseline",303,0.34,0.506133333333333
"Combined_vs_NP","Baseline",303,0.341,0.509120833333333
"Combined_vs_NP","Baseline",303,0.342,0.5125
"Combined_vs_NP","Baseline",303,0.343,0.5125
"Combined_vs_NP","Baseline",303,0.344,0.5125
"Combined_vs_NP","Baseline",303,0.345,0.5125
"Combined_vs_NP","Baseline",303,0.346,0.5125
"Combined_vs_NP","Baseline",303,0.347,0.513858333333333
"Combined_vs_NP","Baseline",303,0.348,0.5166
"Combined_vs_NP","Baseline",303,0.349,0.516666666666667
"Combined_vs_NP","Baseline",303,0.35,0.51875
"Combined_vs_NP","Baseline",303,0.351,0.51875
"Combined_vs_NP","Baseline",303,0.352,0.522116666666667
"Combined_vs_NP","Baseline",303,0.353,0.522916666666667
"Combined_vs_NP","Baseline",303,0.354,0.522916666666667
"Combined_vs_NP","Baseline",303,0.355,0.522916666666667
"Combined_vs_NP","Baseline",303,0.356,0.525258333333333
"Combined_vs_NP","Baseline",303,0.357,0.52594375
"Combined_vs_NP","Baseline",303,0.358,0.530795833333333
"Combined_vs_NP","Baseline",303,0.359,0.5317125
"Combined_vs_NP","Baseline",303,0.36,0.533083333333333
"Combined_vs_NP","Baseline",303,0.361,0.533333333333333
"Combined_vs_NP","Baseline",303,0.362,0.533333333333333
"Combined_vs_NP","Baseline",303,0.363,0.533333333333333
"Combined_vs_NP","Baseline",303,0.364,0.5375
"Combined_vs_NP","Baseline",303,0.365,0.5375
"Combined_vs_NP","Baseline",303,0.366,0.5375
"Combined_vs_NP","Baseline",303,0.367,0.540089583333333
"Combined_vs_NP","Baseline",303,0.368,0.540775
"Combined_vs_NP","Baseline",303,0.369,0.541460416666667
"Combined_vs_NP","Baseline",303,0.37,0.54375
"Combined_vs_NP","Baseline",303,0.371,0.544241666666667
"Combined_vs_NP","Baseline",303,0.372,0.546983333333333
"Combined_vs_NP","Baseline",303,0.373,0.5529875
"Combined_vs_NP","Baseline",303,0.374,0.556441666666667
"Combined_vs_NP","Baseline",303,0.375,0.5578125
"Combined_vs_NP","Baseline",303,0.376,0.558758333333333
"Combined_vs_NP","Baseline",303,0.377,0.5595125
"Combined_vs_NP","Baseline",303,0.378,0.560883333333333
"Combined_vs_NP","Baseline",303,0.379,0.56185625
"Combined_vs_NP","Baseline",303,0.38,0.5625
"Combined_vs_NP","Baseline",303,0.381,0.5625
"Combined_vs_NP","Baseline",303,0.382,0.562870833333333
"Combined_vs_NP","Baseline",303,0.383,0.56355625
"Combined_vs_NP","Baseline",303,0.384,0.564241666666667
"Combined_vs_NP","Baseline",303,0.385,0.564583333333333
"Combined_vs_NP","Baseline",303,0.386,0.564583333333333
"Combined_vs_NP","Baseline",303,0.387,0.564583333333333
"Combined_vs_NP","Baseline",303,0.388,0.564583333333333
"Combined_vs_NP","Baseline",303,0.389,0.564583333333333
"Combined_vs_NP","Baseline",303,0.39,0.566666666666667
"Combined_vs_NP","Baseline",303,0.391,0.566666666666667
"Combined_vs_NP","Baseline",303,0.392,0.566666666666667
"Combined_vs_NP","Baseline",303,0.393,0.566666666666667
"Combined_vs_NP","Baseline",303,0.394,0.570833333333333
"Combined_vs_NP","Baseline",303,0.395,0.570833333333333
"Combined_vs_NP","Baseline",303,0.396,0.572016666666667
"Combined_vs_NP","Baseline",303,0.397,0.572916666666667
"Combined_vs_NP","Baseline",303,0.398,0.572916666666667
"Combined_vs_NP","Baseline",303,0.399,0.575
"Combined_vs_NP","Baseline",303,0.4,0.575
"Combined_vs_NP","Baseline",303,0.401,0.575
"Combined_vs_NP","Baseline",303,0.402,0.575
"Combined_vs_NP","Baseline",303,0.403,0.5753625
"Combined_vs_NP","Baseline",303,0.404,0.576733333333333
"Combined_vs_NP","Baseline",303,0.405,0.577083333333333
"Combined_vs_NP","Baseline",303,0.406,0.577083333333333
"Combined_vs_NP","Baseline",303,0.407,0.577083333333333
"Combined_vs_NP","Baseline",303,0.408,0.577083333333333
"Combined_vs_NP","Baseline",303,0.409,0.579166666666667
"Combined_vs_NP","Baseline",303,0.41,0.579166666666667
"Combined_vs_NP","Baseline",303,0.411,0.579166666666667
"Combined_vs_NP","Baseline",303,0.412,0.58149
"Combined_vs_NP","Baseline",303,0.413,0.583135
"Combined_vs_NP","Baseline",303,0.414,0.583921666666667
"Combined_vs_NP","Baseline",303,0.415,0.584414583333333
"Combined_vs_NP","Baseline",303,0.416,0.586745
"Combined_vs_NP","Baseline",303,0.417,0.58827125
"Combined_vs_NP","Baseline",303,0.418,0.593351666666667
"Combined_vs_NP","Baseline",303,0.419,0.593625833333333
"Combined_vs_NP","Baseline",303,0.42,0.59375
"Combined_vs_NP","Baseline",303,0.421,0.59375
"Combined_vs_NP","Baseline",303,0.422,0.59375
"Combined_vs_NP","Baseline",303,0.423,0.597916666666667
"Combined_vs_NP","Baseline",303,0.424,0.597916666666667
"Combined_vs_NP","Baseline",303,0.425,0.597916666666667
"Combined_vs_NP","Baseline",303,0.426,0.597916666666667
"Combined_vs_NP","Baseline",303,0.427,0.597916666666667
"Combined_vs_NP","Baseline",303,0.428,0.597916666666667
"Combined_vs_NP","Baseline",303,0.429,0.597916666666667
"Combined_vs_NP","Baseline",303,0.43,0.597916666666667
"Combined_vs_NP","Baseline",303,0.431,0.597916666666667
"Combined_vs_NP","Baseline",303,0.432,0.597916666666667
"Combined_vs_NP","Baseline",303,0.433,0.597916666666667
"Combined_vs_NP","Baseline",303,0.434,0.600595833333333
"Combined_vs_NP","Baseline",303,0.435,0.60128125
"Combined_vs_NP","Baseline",303,0.436,0.601966666666667
"Combined_vs_NP","Baseline",303,0.437,0.604358333333334
"Combined_vs_NP","Baseline",303,0.438,0.60625
"Combined_vs_NP","Baseline",303,0.439,0.60625
"Combined_vs_NP","Baseline",303,0.44,0.60625
"Combined_vs_NP","Baseline",303,0.441,0.606620833333333
"Combined_vs_NP","Baseline",303,0.442,0.607991666666667
"Combined_vs_NP","Baseline",303,0.443,0.611445833333333
"Combined_vs_NP","Baseline",303,0.444,0.6125
"Combined_vs_NP","Baseline",303,0.445,0.6125
"Combined_vs_NP","Baseline",303,0.446,0.6125
"Combined_vs_NP","Baseline",303,0.447,0.614845833333333
"Combined_vs_NP","Baseline",303,0.448,0.616216666666667
"Combined_vs_NP","Baseline",303,0.449,0.619670833333333
"Combined_vs_NP","Baseline",303,0.45,0.620833333333333
"Combined_vs_NP","Baseline",303,0.451,0.620833333333333
"Combined_vs_NP","Baseline",303,0.452,0.622916666666667
"Combined_vs_NP","Baseline",303,0.453,0.622916666666667
"Combined_vs_NP","Baseline",303,0.454,0.622916666666667
"Combined_vs_NP","Baseline",303,0.455,0.623458333333333
"Combined_vs_NP","Baseline",303,0.456,0.624372222222222
"Combined_vs_NP","Baseline",303,0.457,0.625286111111111
"Combined_vs_NP","Baseline",303,0.458,0.6262
"Combined_vs_NP","Baseline",303,0.459,0.627083333333333
"Combined_vs_NP","Baseline",303,0.46,0.627083333333333
"Combined_vs_NP","Baseline",303,0.461,0.627083333333333
"Combined_vs_NP","Baseline",303,0.462,0.627083333333333
"Combined_vs_NP","Baseline",303,0.463,0.629166666666667
"Combined_vs_NP","Baseline",303,0.464,0.63125
"Combined_vs_NP","Baseline",303,0.465,0.63125
"Combined_vs_NP","Baseline",303,0.466,0.633333333333333
"Combined_vs_NP","Baseline",303,0.467,0.6360125
"Combined_vs_NP","Baseline",303,0.468,0.637383333333333
"Combined_vs_NP","Baseline",303,0.469,0.639583333333333
"Combined_vs_NP","Baseline",303,0.47,0.639583333333333
"Combined_vs_NP","Baseline",303,0.471,0.639583333333333
"Combined_vs_NP","Baseline",303,0.472,0.639583333333333
"Combined_vs_NP","Baseline",303,0.473,0.640070833333333
"Combined_vs_NP","Baseline",303,0.474,0.641441666666667
"Combined_vs_NP","Baseline",303,0.475,0.641666666666667
"Combined_vs_NP","Baseline",303,0.476,0.64375
"Combined_vs_NP","Baseline",303,0.477,0.64375
"Combined_vs_NP","Baseline",303,0.478,0.645833333333333
"Combined_vs_NP","Baseline",303,0.479,0.645833333333333
"Combined_vs_NP","Baseline",303,0.48,0.645833333333333
"Combined_vs_NP","Baseline",303,0.481,0.645833333333333
"Combined_vs_NP","Baseline",303,0.482,0.645833333333333
"Combined_vs_NP","Baseline",303,0.483,0.645833333333333
"Combined_vs_NP","Baseline",303,0.484,0.645833333333333
"Combined_vs_NP","Baseline",303,0.485,0.65
"Combined_vs_NP","Baseline",303,0.486,0.65
"Combined_vs_NP","Baseline",303,0.487,0.65
"Combined_vs_NP","Baseline",303,0.488,0.65
"Combined_vs_NP","Baseline",303,0.489,0.65
"Combined_vs_NP","Baseline",303,0.49,0.65
"Combined_vs_NP","Baseline",303,0.491,0.65008125
"Combined_vs_NP","Baseline",303,0.492,0.650766666666667
"Combined_vs_NP","Baseline",303,0.493,0.653535416666667
"Combined_vs_NP","Baseline",303,0.494,0.654166666666667
"Combined_vs_NP","Baseline",303,0.495,0.654166666666667
"Combined_vs_NP","Baseline",303,0.496,0.654933333333333
"Combined_vs_NP","Baseline",303,0.497,0.656277083333333
"Combined_vs_NP","Baseline",303,0.498,0.6569625
"Combined_vs_NP","Baseline",303,0.499,0.658004166666667
"Combined_vs_NP","Baseline",303,0.5,0.659375
"Combined_vs_NP","Baseline",303,0.501,0.660060416666667
"Combined_vs_NP","Baseline",303,0.502,0.660416666666667
"Combined_vs_NP","Baseline",303,0.503,0.660416666666667
"Combined_vs_NP","Baseline",303,0.504,0.660416666666667
"Combined_vs_NP","Baseline",303,0.505,0.661625
"Combined_vs_NP","Baseline",303,0.506,0.664366666666667
"Combined_vs_NP","Baseline",303,0.507,0.664583333333333
"Combined_vs_NP","Baseline",303,0.508,0.664583333333333
"Combined_vs_NP","Baseline",303,0.509,0.664583333333333
"Combined_vs_NP","Baseline",303,0.51,0.664583333333333
"Combined_vs_NP","Baseline",303,0.511,0.666666666666667
"Combined_vs_NP","Baseline",303,0.512,0.666666666666667
"Combined_vs_NP","Baseline",303,0.513,0.666666666666667
"Combined_vs_NP","Baseline",303,0.514,0.6668875
"Combined_vs_NP","Baseline",303,0.515,0.667572916666667
"Combined_vs_NP","Baseline",303,0.516,0.668258333333333
"Combined_vs_NP","Baseline",303,0.517,0.668879166666667
"Combined_vs_NP","Baseline",303,0.518,0.669336111111111
"Combined_vs_NP","Baseline",303,0.519,0.669793055555556
"Combined_vs_NP","Baseline",303,0.52,0.674416666666667
"Combined_vs_NP","Baseline",303,0.521,0.674873611111111
"Combined_vs_NP","Baseline",303,0.522,0.675
"Combined_vs_NP","Baseline",303,0.523,0.675
"Combined_vs_NP","Baseline",303,0.524,0.675
"Combined_vs_NP","Baseline",303,0.525,0.677083333333333
"Combined_vs_NP","Baseline",303,0.526,0.677083333333333
"Combined_vs_NP","Baseline",303,0.527,0.677083333333333
"Combined_vs_NP","Baseline",303,0.528,0.679166666666667
"Combined_vs_NP","Baseline",303,0.529,0.68125
"Combined_vs_NP","Baseline",303,0.53,0.68125
"Combined_vs_NP","Baseline",303,0.531,0.682079166666667
"Combined_vs_NP","Baseline",303,0.532,0.683333333333333
"Combined_vs_NP","Baseline",303,0.533,0.683333333333333
"Combined_vs_NP","Baseline",303,0.534,0.684108333333333
"Combined_vs_NP","Baseline",303,0.535,0.685416666666667
"Combined_vs_NP","Baseline",303,0.536,0.685416666666667
"Combined_vs_NP","Baseline",303,0.537,0.6875
"Combined_vs_NP","Baseline",303,0.538,0.6875
"Combined_vs_NP","Baseline",303,0.539,0.6875
"Combined_vs_NP","Baseline",303,0.54,0.6875
"Combined_vs_NP","Baseline",303,0.541,0.6875
"Combined_vs_NP","Baseline",303,0.542,0.6875
"Combined_vs_NP","Baseline",303,0.543,0.6875
"Combined_vs_NP","Baseline",303,0.544,0.6875
"Combined_vs_NP","Baseline",303,0.545,0.6875
"Combined_vs_NP","Baseline",303,0.546,0.6875
"Combined_vs_NP","Baseline",303,0.547,0.6875
"Combined_vs_NP","Baseline",303,0.548,0.689583333333333
"Combined_vs_NP","Baseline",303,0.549,0.691666666666667
"Combined_vs_NP","Baseline",303,0.55,0.691666666666667
"Combined_vs_NP","Baseline",303,0.551,0.691666666666667
"Combined_vs_NP","Baseline",303,0.552,0.6942
"Combined_vs_NP","Baseline",303,0.553,0.695570833333333
"Combined_vs_NP","Baseline",303,0.554,0.696941666666667
"Combined_vs_NP","Baseline",303,0.555,0.697916666666667
"Combined_vs_NP","Baseline",303,0.556,0.697916666666667
"Combined_vs_NP","Baseline",303,0.557,0.698970833333333
"Combined_vs_NP","Baseline",303,0.558,0.7
"Combined_vs_NP","Baseline",303,0.559,0.7
"Combined_vs_NP","Baseline",303,0.56,0.7
"Combined_vs_NP","Baseline",303,0.561,0.7
"Combined_vs_NP","Baseline",303,0.562,0.7
"Combined_vs_NP","Baseline",303,0.563,0.7
"Combined_vs_NP","Baseline",303,0.564,0.7
"Combined_vs_NP","Baseline",303,0.565,0.7
"Combined_vs_NP","Baseline",303,0.566,0.7
"Combined_vs_NP","Baseline",303,0.567,0.7
"Combined_vs_NP","Baseline",303,0.568,0.7
"Combined_vs_NP","Baseline",303,0.569,0.7
"Combined_vs_NP","Baseline",303,0.57,0.700125
"Combined_vs_NP","Baseline",303,0.571,0.701495833333333
"Combined_vs_NP","Baseline",303,0.572,0.702475
"Combined_vs_NP","Baseline",303,0.573,0.703160416666667
"Combined_vs_NP","Baseline",303,0.574,0.703845833333333
"Combined_vs_NP","Baseline",303,0.575,0.704166666666667
"Combined_vs_NP","Baseline",303,0.576,0.704166666666667
"Combined_vs_NP","Baseline",303,0.577,0.704166666666667
"Combined_vs_NP","Baseline",303,0.578,0.704166666666667
"Combined_vs_NP","Baseline",303,0.579,0.704166666666667
"Combined_vs_NP","Baseline",303,0.58,0.704166666666667
"Combined_vs_NP","Baseline",303,0.581,0.704166666666667
"Combined_vs_NP","Baseline",303,0.582,0.704166666666667
"Combined_vs_NP","Baseline",303,0.583,0.704166666666667
"Combined_vs_NP","Baseline",303,0.584,0.704166666666667
"Combined_vs_NP","Baseline",303,0.585,0.704166666666667
"Combined_vs_NP","Baseline",303,0.586,0.704166666666667
"Combined_vs_NP","Baseline",303,0.587,0.704679166666667
"Combined_vs_NP","Baseline",303,0.588,0.70605
"Combined_vs_NP","Baseline",303,0.589,0.70625
"Combined_vs_NP","Baseline",303,0.59,0.70625
"Combined_vs_NP","Baseline",303,0.591,0.70625
"Combined_vs_NP","Baseline",303,0.592,0.70625
"Combined_vs_NP","Baseline",303,0.593,0.708333333333333
"Combined_vs_NP","Baseline",303,0.594,0.708333333333333
"Combined_vs_NP","Baseline",303,0.595,0.709395833333333
"Combined_vs_NP","Baseline",303,0.596,0.710416666666667
"Combined_vs_NP","Baseline",303,0.597,0.710416666666667
"Combined_vs_NP","Baseline",303,0.598,0.710416666666667
"Combined_vs_NP","Baseline",303,0.599,0.710416666666667
"Combined_vs_NP","Baseline",303,0.6,0.710416666666667
"Combined_vs_NP","Baseline",303,0.601,0.710416666666667
"Combined_vs_NP","Baseline",303,0.602,0.710416666666667
"Combined_vs_NP","Baseline",303,0.603,0.710416666666667
"Combined_vs_NP","Baseline",303,0.604,0.710416666666667
"Combined_vs_NP","Baseline",303,0.605,0.710510416666667
"Combined_vs_NP","Baseline",303,0.606,0.711195833333333
"Combined_vs_NP","Baseline",303,0.607,0.71188125
"Combined_vs_NP","Baseline",303,0.608,0.714583333333333
"Combined_vs_NP","Baseline",303,0.609,0.714583333333333
"Combined_vs_NP","Baseline",303,0.61,0.714583333333333
"Combined_vs_NP","Baseline",303,0.611,0.714583333333333
"Combined_vs_NP","Baseline",303,0.612,0.714583333333333
"Combined_vs_NP","Baseline",303,0.613,0.716666666666667
"Combined_vs_NP","Baseline",303,0.614,0.716691666666667
"Combined_vs_NP","Baseline",303,0.615,0.7180625
"Combined_vs_NP","Baseline",303,0.616,0.71875
"Combined_vs_NP","Baseline",303,0.617,0.71875
"Combined_vs_NP","Baseline",303,0.618,0.71875
"Combined_vs_NP","Baseline",303,0.619,0.71875
"Combined_vs_NP","Baseline",303,0.62,0.71875
"Combined_vs_NP","Baseline",303,0.621,0.720833333333333
"Combined_vs_NP","Baseline",303,0.622,0.720833333333333
"Combined_vs_NP","Baseline",303,0.623,0.720833333333333
"Combined_vs_NP","Baseline",303,0.624,0.726233333333333
"Combined_vs_NP","Baseline",303,0.625,0.729166666666667
"Combined_vs_NP","Baseline",303,0.626,0.729166666666667
"Combined_vs_NP","Baseline",303,0.627,0.729166666666667
"Combined_vs_NP","Baseline",303,0.628,0.7301
"Combined_vs_NP","Baseline",303,0.629,0.732841666666667
"Combined_vs_NP","Baseline",303,0.63,0.733333333333333
"Combined_vs_NP","Baseline",303,0.631,0.735622916666667
"Combined_vs_NP","Baseline",303,0.632,0.736308333333333
"Combined_vs_NP","Baseline",303,0.633,0.739077083333333
"Combined_vs_NP","Baseline",303,0.634,0.739583333333333
"Combined_vs_NP","Baseline",303,0.635,0.739583333333333
"Combined_vs_NP","Baseline",303,0.636,0.739583333333333
"Combined_vs_NP","Baseline",303,0.637,0.739583333333333
"Combined_vs_NP","Baseline",303,0.638,0.739583333333333
"Combined_vs_NP","Baseline",303,0.639,0.742629166666667
"Combined_vs_NP","Baseline",303,0.64,0.746083333333333
"Combined_vs_NP","Baseline",303,0.641,0.747454166666667
"Combined_vs_NP","Baseline",303,0.642,0.748219444444444
"Combined_vs_NP","Baseline",303,0.643,0.752940972222222
"Combined_vs_NP","Baseline",303,0.644,0.754083333333333
"Combined_vs_NP","Baseline",303,0.645,0.755225694444444
"Combined_vs_NP","Baseline",303,0.646,0.758333333333333
"Combined_vs_NP","Baseline",303,0.647,0.758333333333333
"Combined_vs_NP","Baseline",303,0.648,0.760416666666667
"Combined_vs_NP","Baseline",303,0.649,0.760416666666667
"Combined_vs_NP","Baseline",303,0.65,0.760416666666667
"Combined_vs_NP","Baseline",303,0.651,0.766666666666667
"Combined_vs_NP","Baseline",303,0.652,0.768791666666667
"Combined_vs_NP","Baseline",303,0.653,0.770505208333333
"Combined_vs_NP","Baseline",303,0.654,0.772449305555556
"Combined_vs_NP","Baseline",303,0.655,0.774619791666667
"Combined_vs_NP","Baseline",303,0.656,0.779606944444444
"Combined_vs_NP","Baseline",303,0.657,0.780406597222222
"Combined_vs_NP","Baseline",303,0.658,0.78120625
"Combined_vs_NP","Baseline",303,0.659,0.785416666666667
"Combined_vs_NP","Baseline",303,0.66,0.791666666666667
"Combined_vs_NP","Baseline",303,0.661,0.791666666666667
"Combined_vs_NP","Baseline",303,0.662,0.79375
"Combined_vs_NP","Baseline",303,0.663,0.79375
"Combined_vs_NP","Baseline",303,0.664,0.79375
"Combined_vs_NP","Baseline",303,0.665,0.79375
"Combined_vs_NP","Baseline",303,0.666,0.796783333333333
"Combined_vs_NP","Baseline",303,0.667,0.799525
"Combined_vs_NP","Baseline",303,0.668,0.801133333333333
"Combined_vs_NP","Baseline",303,0.669,0.802083333333333
"Combined_vs_NP","Baseline",303,0.67,0.802083333333333
"Combined_vs_NP","Baseline",303,0.671,0.804166666666667
"Combined_vs_NP","Baseline",303,0.672,0.804166666666667
"Combined_vs_NP","Baseline",303,0.673,0.804166666666667
"Combined_vs_NP","Baseline",303,0.674,0.8067625
"Combined_vs_NP","Baseline",303,0.675,0.807447916666667
"Combined_vs_NP","Baseline",303,0.676,0.808133333333333
"Combined_vs_NP","Baseline",303,0.677,0.808333333333333
"Combined_vs_NP","Baseline",303,0.678,0.808591666666667
"Combined_vs_NP","Baseline",303,0.679,0.8099625
"Combined_vs_NP","Baseline",303,0.68,0.810416666666667
"Combined_vs_NP","Baseline",303,0.681,0.810416666666667
"Combined_vs_NP","Baseline",303,0.682,0.810416666666667
"Combined_vs_NP","Baseline",303,0.683,0.810416666666667
"Combined_vs_NP","Baseline",303,0.684,0.81265
"Combined_vs_NP","Baseline",303,0.685,0.814020833333333
"Combined_vs_NP","Baseline",303,0.686,0.816666666666667
"Combined_vs_NP","Baseline",303,0.687,0.818845833333333
"Combined_vs_NP","Baseline",303,0.688,0.820216666666667
"Combined_vs_NP","Baseline",303,0.689,0.820833333333333
"Combined_vs_NP","Baseline",303,0.69,0.820833333333333
"Combined_vs_NP","Baseline",303,0.691,0.820833333333333
"Combined_vs_NP","Baseline",303,0.692,0.821533333333333
"Combined_vs_NP","Baseline",303,0.693,0.822904166666667
"Combined_vs_NP","Baseline",303,0.694,0.824275
"Combined_vs_NP","Baseline",303,0.695,0.825
"Combined_vs_NP","Baseline",303,0.696,0.825
"Combined_vs_NP","Baseline",303,0.697,0.825
"Combined_vs_NP","Baseline",303,0.698,0.827675
"Combined_vs_NP","Baseline",303,0.699,0.829045833333333
"Combined_vs_NP","Baseline",303,0.7,0.829166666666667
"Combined_vs_NP","Baseline",303,0.701,0.829166666666667
"Combined_vs_NP","Baseline",303,0.702,0.829166666666667
"Combined_vs_NP","Baseline",303,0.703,0.829166666666667
"Combined_vs_NP","Baseline",303,0.704,0.829166666666667
"Combined_vs_NP","Baseline",303,0.705,0.829166666666667
"Combined_vs_NP","Baseline",303,0.706,0.829166666666667
"Combined_vs_NP","Baseline",303,0.707,0.829166666666667
"Combined_vs_NP","Baseline",303,0.708,0.829166666666667
"Combined_vs_NP","Baseline",303,0.709,0.829166666666667
"Combined_vs_NP","Baseline",303,0.71,0.829166666666667
"Combined_vs_NP","Baseline",303,0.711,0.829166666666667
"Combined_vs_NP","Baseline",303,0.712,0.829166666666667
"Combined_vs_NP","Baseline",303,0.713,0.829166666666667
"Combined_vs_NP","Baseline",303,0.714,0.829166666666667
"Combined_vs_NP","Baseline",303,0.715,0.83125
"Combined_vs_NP","Baseline",303,0.716,0.83125
"Combined_vs_NP","Baseline",303,0.717,0.83125
"Combined_vs_NP","Baseline",303,0.718,0.83125
"Combined_vs_NP","Baseline",303,0.719,0.83125
"Combined_vs_NP","Baseline",303,0.72,0.83125
"Combined_vs_NP","Baseline",303,0.721,0.83125
"Combined_vs_NP","Baseline",303,0.722,0.83125
"Combined_vs_NP","Baseline",303,0.723,0.83125
"Combined_vs_NP","Baseline",303,0.724,0.83125
"Combined_vs_NP","Baseline",303,0.725,0.83125
"Combined_vs_NP","Baseline",303,0.726,0.83125
"Combined_vs_NP","Baseline",303,0.727,0.83125
"Combined_vs_NP","Baseline",303,0.728,0.83125
"Combined_vs_NP","Baseline",303,0.729,0.83125
"Combined_vs_NP","Baseline",303,0.73,0.83125
"Combined_vs_NP","Baseline",303,0.731,0.83125
"Combined_vs_NP","Baseline",303,0.732,0.83125
"Combined_vs_NP","Baseline",303,0.733,0.831904166666667
"Combined_vs_NP","Baseline",303,0.734,0.833275
"Combined_vs_NP","Baseline",303,0.735,0.833333333333333
"Combined_vs_NP","Baseline",303,0.736,0.833333333333333
"Combined_vs_NP","Baseline",303,0.737,0.833333333333333
"Combined_vs_NP","Baseline",303,0.738,0.833333333333333
"Combined_vs_NP","Baseline",303,0.739,0.833333333333333
"Combined_vs_NP","Baseline",303,0.74,0.833333333333333
"Combined_vs_NP","Baseline",303,0.741,0.833333333333333
"Combined_vs_NP","Baseline",303,0.742,0.833333333333333
"Combined_vs_NP","Baseline",303,0.743,0.833333333333333
"Combined_vs_NP","Baseline",303,0.744,0.833333333333333
"Combined_vs_NP","Baseline",303,0.745,0.833333333333333
"Combined_vs_NP","Baseline",303,0.746,0.833333333333333
"Combined_vs_NP","Baseline",303,0.747,0.833333333333333
"Combined_vs_NP","Baseline",303,0.748,0.835416666666667
"Combined_vs_NP","Baseline",303,0.749,0.835416666666667
"Combined_vs_NP","Baseline",303,0.75,0.835416666666667
"Combined_vs_NP","Baseline",303,0.751,0.835745833333333
"Combined_vs_NP","Baseline",303,0.752,0.837116666666667
"Combined_vs_NP","Baseline",303,0.753,0.8375
"Combined_vs_NP","Baseline",303,0.754,0.8375
"Combined_vs_NP","Baseline",303,0.755,0.8375
"Combined_vs_NP","Baseline",303,0.756,0.8375
"Combined_vs_NP","Baseline",303,0.757,0.839583333333333
"Combined_vs_NP","Baseline",303,0.758,0.839583333333333
"Combined_vs_NP","Baseline",303,0.759,0.840022916666667
"Combined_vs_NP","Baseline",303,0.76,0.840708333333333
"Combined_vs_NP","Baseline",303,0.761,0.84139375
"Combined_vs_NP","Baseline",303,0.762,0.842491666666667
"Combined_vs_NP","Baseline",303,0.763,0.84375
"Combined_vs_NP","Baseline",303,0.764,0.84375
"Combined_vs_NP","Baseline",303,0.765,0.845833333333333
"Combined_vs_NP","Baseline",303,0.766,0.845833333333333
"Combined_vs_NP","Baseline",303,0.767,0.845833333333333
"Combined_vs_NP","Baseline",303,0.768,0.845833333333333
"Combined_vs_NP","Baseline",303,0.769,0.845833333333333
"Combined_vs_NP","Baseline",303,0.77,0.845833333333333
"Combined_vs_NP","Baseline",303,0.771,0.846495833333333
"Combined_vs_NP","Baseline",303,0.772,0.847866666666667
"Combined_vs_NP","Baseline",303,0.773,0.847916666666667
"Combined_vs_NP","Baseline",303,0.774,0.850304166666667
"Combined_vs_NP","Baseline",303,0.775,0.850989583333333
"Combined_vs_NP","Baseline",303,0.776,0.851675
"Combined_vs_NP","Baseline",303,0.777,0.854905555555556
"Combined_vs_NP","Baseline",303,0.778,0.856733333333333
"Combined_vs_NP","Baseline",303,0.779,0.859431944444444
"Combined_vs_NP","Baseline",303,0.78,0.861972222222222
"Combined_vs_NP","Baseline",303,0.781,0.862429166666667
"Combined_vs_NP","Baseline",303,0.782,0.8625
"Combined_vs_NP","Baseline",303,0.783,0.863391666666667
"Combined_vs_NP","Baseline",303,0.784,0.866133333333333
"Combined_vs_NP","Baseline",303,0.785,0.86721875
"Combined_vs_NP","Baseline",303,0.786,0.867904166666667
"Combined_vs_NP","Baseline",303,0.787,0.868589583333333
"Combined_vs_NP","Baseline",303,0.788,0.870833333333333
"Combined_vs_NP","Baseline",303,0.789,0.870917708333333
"Combined_vs_NP","Baseline",303,0.79,0.871260416666667
"Combined_vs_NP","Baseline",303,0.791,0.873686458333333
"Combined_vs_NP","Baseline",303,0.792,0.874170833333333
"Combined_vs_NP","Baseline",303,0.793,0.875198958333333
"Combined_vs_NP","Baseline",303,0.794,0.87716875
"Combined_vs_NP","Baseline",303,0.795,0.879357638888889
"Combined_vs_NP","Baseline",303,0.796,0.8805
"Combined_vs_NP","Baseline",303,0.797,0.881642361111111
"Combined_vs_NP","Baseline",303,0.798,0.882697222222222
"Combined_vs_NP","Baseline",303,0.799,0.883154166666667
"Combined_vs_NP","Baseline",303,0.8,0.884166666666667
"Combined_vs_NP","Baseline",303,0.801,0.885658333333334
"Combined_vs_NP","Baseline",303,0.802,0.8884
"Combined_vs_NP","Baseline",303,0.803,0.889583333333333
"Combined_vs_NP","Baseline",303,0.804,0.891666666666667
"Combined_vs_NP","Baseline",303,0.805,0.891666666666667
"Combined_vs_NP","Baseline",303,0.806,0.892754166666667
"Combined_vs_NP","Baseline",303,0.807,0.894822916666667
"Combined_vs_NP","Baseline",303,0.808,0.89825
"Combined_vs_NP","Baseline",303,0.809,0.9
"Combined_vs_NP","Baseline",303,0.81,0.9
"Combined_vs_NP","Baseline",303,0.811,0.9
"Combined_vs_NP","Baseline",303,0.812,0.9
"Combined_vs_NP","Baseline",303,0.813,0.9
"Combined_vs_NP","Baseline",303,0.814,0.901275
"Combined_vs_NP","Baseline",303,0.815,0.902083333333333
"Combined_vs_NP","Baseline",303,0.816,0.902083333333333
"Combined_vs_NP","Baseline",303,0.817,0.90625
"Combined_vs_NP","Baseline",303,0.818,0.90625
"Combined_vs_NP","Baseline",303,0.819,0.90625
"Combined_vs_NP","Baseline",303,0.82,0.90625
"Combined_vs_NP","Baseline",303,0.821,0.908333333333333
"Combined_vs_NP","Baseline",303,0.822,0.908333333333333
"Combined_vs_NP","Baseline",303,0.823,0.910558333333334
"Combined_vs_NP","Baseline",303,0.824,0.914983333333333
"Combined_vs_NP","Baseline",303,0.825,0.916354166666667
"Combined_vs_NP","Baseline",303,0.826,0.916666666666667
"Combined_vs_NP","Baseline",303,0.827,0.916753125
"Combined_vs_NP","Baseline",303,0.828,0.917095833333333
"Combined_vs_NP","Baseline",303,0.829,0.917438541666667
"Combined_vs_NP","Baseline",303,0.83,0.91778125
"Combined_vs_NP","Baseline",303,0.831,0.918123958333333
"Combined_vs_NP","Baseline",303,0.832,0.92055
"Combined_vs_NP","Baseline",303,0.833,0.920833333333333
"Combined_vs_NP","Baseline",303,0.834,0.920833333333333
"Combined_vs_NP","Baseline",303,0.835,0.920833333333333
"Combined_vs_NP","Baseline",303,0.836,0.920833333333333
"Combined_vs_NP","Baseline",303,0.837,0.920833333333333
"Combined_vs_NP","Baseline",303,0.838,0.923758333333333
"Combined_vs_NP","Baseline",303,0.839,0.925129166666667
"Combined_vs_NP","Baseline",303,0.84,0.9265
"Combined_vs_NP","Baseline",303,0.841,0.927083333333333
"Combined_vs_NP","Baseline",303,0.842,0.927083333333333
"Combined_vs_NP","Baseline",303,0.843,0.927083333333333
"Combined_vs_NP","Baseline",303,0.844,0.927083333333333
"Combined_vs_NP","Baseline",303,0.845,0.929166666666667
"Combined_vs_NP","Baseline",303,0.846,0.929166666666667
"Combined_vs_NP","Baseline",303,0.847,0.929166666666667
"Combined_vs_NP","Baseline",303,0.848,0.929166666666667
"Combined_vs_NP","Baseline",303,0.849,0.933333333333333
"Combined_vs_NP","Baseline",303,0.85,0.933333333333333
"Combined_vs_NP","Baseline",303,0.851,0.933333333333333
"Combined_vs_NP","Baseline",303,0.852,0.934616666666667
"Combined_vs_NP","Baseline",303,0.853,0.935416666666667
"Combined_vs_NP","Baseline",303,0.854,0.935416666666667
"Combined_vs_NP","Baseline",303,0.855,0.935416666666667
"Combined_vs_NP","Baseline",303,0.856,0.935416666666667
"Combined_vs_NP","Baseline",303,0.857,0.935416666666667
"Combined_vs_NP","Baseline",303,0.858,0.935416666666667
"Combined_vs_NP","Baseline",303,0.859,0.935416666666667
"Combined_vs_NP","Baseline",303,0.86,0.935416666666667
"Combined_vs_NP","Baseline",303,0.861,0.9375
"Combined_vs_NP","Baseline",303,0.862,0.9375
"Combined_vs_NP","Baseline",303,0.863,0.9375
"Combined_vs_NP","Baseline",303,0.864,0.939938888888889
"Combined_vs_NP","Baseline",303,0.865,0.940395833333333
"Combined_vs_NP","Baseline",303,0.866,0.940852777777778
"Combined_vs_NP","Baseline",303,0.867,0.941309722222222
"Combined_vs_NP","Baseline",303,0.868,0.941666666666667
"Combined_vs_NP","Baseline",303,0.869,0.941666666666667
"Combined_vs_NP","Baseline",303,0.87,0.941666666666667
"Combined_vs_NP","Baseline",303,0.871,0.941666666666667
"Combined_vs_NP","Baseline",303,0.872,0.941666666666667
"Combined_vs_NP","Baseline",303,0.873,0.941666666666667
"Combined_vs_NP","Baseline",303,0.874,0.941666666666667
"Combined_vs_NP","Baseline",303,0.875,0.941666666666667
"Combined_vs_NP","Baseline",303,0.876,0.941666666666667
"Combined_vs_NP","Baseline",303,0.877,0.941666666666667
"Combined_vs_NP","Baseline",303,0.878,0.941666666666667
"Combined_vs_NP","Baseline",303,0.879,0.941666666666667
"Combined_vs_NP","Baseline",303,0.88,0.941666666666667
"Combined_vs_NP","Baseline",303,0.881,0.941666666666667
"Combined_vs_NP","Baseline",303,0.882,0.9420375
"Combined_vs_NP","Baseline",303,0.883,0.942722916666667
"Combined_vs_NP","Baseline",303,0.884,0.943408333333333
"Combined_vs_NP","Baseline",303,0.885,0.94375
"Combined_vs_NP","Baseline",303,0.886,0.94375
"Combined_vs_NP","Baseline",303,0.887,0.944422916666667
"Combined_vs_NP","Baseline",303,0.888,0.947191666666667
"Combined_vs_NP","Baseline",303,0.889,0.947877083333333
"Combined_vs_NP","Baseline",303,0.89,0.947916666666667
"Combined_vs_NP","Baseline",303,0.891,0.947916666666667
"Combined_vs_NP","Baseline",303,0.892,0.947916666666667
"Combined_vs_NP","Baseline",303,0.893,0.947916666666667
"Combined_vs_NP","Baseline",303,0.894,0.947916666666667
"Combined_vs_NP","Baseline",303,0.895,0.947916666666667
"Combined_vs_NP","Baseline",303,0.896,0.95
"Combined_vs_NP","Baseline",303,0.897,0.952083333333333
"Combined_vs_NP","Baseline",303,0.898,0.952083333333333
"Combined_vs_NP","Baseline",303,0.899,0.9532125
"Combined_vs_NP","Baseline",303,0.9,0.954166666666667
"Combined_vs_NP","Baseline",303,0.901,0.954166666666667
"Combined_vs_NP","Baseline",303,0.902,0.954166666666667
"Combined_vs_NP","Baseline",303,0.903,0.954166666666667
"Combined_vs_NP","Baseline",303,0.904,0.954166666666667
"Combined_vs_NP","Baseline",303,0.905,0.954166666666667
"Combined_vs_NP","Baseline",303,0.906,0.95625
"Combined_vs_NP","Baseline",303,0.907,0.95625
"Combined_vs_NP","Baseline",303,0.908,0.95625
"Combined_vs_NP","Baseline",303,0.909,0.956504166666667
"Combined_vs_NP","Baseline",303,0.91,0.957875
"Combined_vs_NP","Baseline",303,0.911,0.958333333333333
"Combined_vs_NP","Baseline",303,0.912,0.958333333333333
"Combined_vs_NP","Baseline",303,0.913,0.958333333333333
"Combined_vs_NP","Baseline",303,0.914,0.958333333333333
"Combined_vs_NP","Baseline",303,0.915,0.958333333333333
"Combined_vs_NP","Baseline",303,0.916,0.958333333333333
"Combined_vs_NP","Baseline",303,0.917,0.958333333333333
"Combined_vs_NP","Baseline",303,0.918,0.958333333333333
"Combined_vs_NP","Baseline",303,0.919,0.958333333333333
"Combined_vs_NP","Baseline",303,0.92,0.958333333333333
"Combined_vs_NP","Baseline",303,0.921,0.958333333333333
"Combined_vs_NP","Baseline",303,0.922,0.958333333333333
"Combined_vs_NP","Baseline",303,0.923,0.958333333333333
"Combined_vs_NP","Baseline",303,0.924,0.958333333333333
"Combined_vs_NP","Baseline",303,0.925,0.958333333333333
"Combined_vs_NP","Baseline",303,0.926,0.958333333333333
"Combined_vs_NP","Baseline",303,0.927,0.958333333333333
"Combined_vs_NP","Baseline",303,0.928,0.958333333333333
"Combined_vs_NP","Baseline",303,0.929,0.958333333333333
"Combined_vs_NP","Baseline",303,0.93,0.958333333333333
"Combined_vs_NP","Baseline",303,0.931,0.958333333333333
"Combined_vs_NP","Baseline",303,0.932,0.958333333333333
"Combined_vs_NP","Baseline",303,0.933,0.958333333333333
"Combined_vs_NP","Baseline",303,0.934,0.958333333333333
"Combined_vs_NP","Baseline",303,0.935,0.958333333333333
"Combined_vs_NP","Baseline",303,0.936,0.958333333333333
"Combined_vs_NP","Baseline",303,0.937,0.958333333333333
"Combined_vs_NP","Baseline",303,0.938,0.960416666666667
"Combined_vs_NP","Baseline",303,0.939,0.960416666666667
"Combined_vs_NP","Baseline",303,0.94,0.960416666666667
"Combined_vs_NP","Baseline",303,0.941,0.960416666666667
"Combined_vs_NP","Baseline",303,0.942,0.960416666666667
"Combined_vs_NP","Baseline",303,0.943,0.961445833333333
"Combined_vs_NP","Baseline",303,0.944,0.9625
"Combined_vs_NP","Baseline",303,0.945,0.9625
"Combined_vs_NP","Baseline",303,0.946,0.9625
"Combined_vs_NP","Baseline",303,0.947,0.964845833333333
"Combined_vs_NP","Baseline",303,0.948,0.966216666666667
"Combined_vs_NP","Baseline",303,0.949,0.966666666666667
"Combined_vs_NP","Baseline",303,0.95,0.966875
"Combined_vs_NP","Baseline",303,0.951,0.968245833333333
"Combined_vs_NP","Baseline",303,0.952,0.96875
"Combined_vs_NP","Baseline",303,0.953,0.968904166666667
"Combined_vs_NP","Baseline",303,0.954,0.970275
"Combined_vs_NP","Baseline",303,0.955,0.9774375
"Combined_vs_NP","Baseline",303,0.956,0.9813
"Combined_vs_NP","Baseline",303,0.957,0.981985416666667
"Combined_vs_NP","Baseline",303,0.958,0.983808333333334
"Combined_vs_NP","Baseline",303,0.959,0.98648125
"Combined_vs_NP","Baseline",303,0.96,0.987166666666667
"Combined_vs_NP","Baseline",303,0.961,0.988086805555556
"Combined_vs_NP","Baseline",303,0.962,0.989229166666667
"Combined_vs_NP","Baseline",303,0.963,0.990371527777778
"Combined_vs_NP","Baseline",303,0.964,0.991188888888889
"Combined_vs_NP","Baseline",303,0.965,0.991645833333333
"Combined_vs_NP","Baseline",303,0.966,0.99375
"Combined_vs_NP","Baseline",303,0.967,0.99375
"Combined_vs_NP","Baseline",303,0.968,0.99375
"Combined_vs_NP","Baseline",303,0.969,0.99375
"Combined_vs_NP","Baseline",303,0.97,0.99375
"Combined_vs_NP","Baseline",303,0.971,0.99375
"Combined_vs_NP","Baseline",303,0.972,0.995833333333333
"Combined_vs_NP","Baseline",303,0.973,0.996320833333333
"Combined_vs_NP","Baseline",303,0.974,0.997691666666667
"Combined_vs_NP","Baseline",303,0.975,0.997916666666667
"Combined_vs_NP","Baseline",303,0.976,0.998133333333333
"Combined_vs_NP","Baseline",303,0.977,0.99881875
"Combined_vs_NP","Baseline",303,0.978,0.999504166666667
"Combined_vs_NP","Baseline",303,0.979,1
"Combined_vs_NP","Baseline",303,0.98,1
"Combined_vs_NP","Baseline",303,0.981,1
"Combined_vs_NP","Baseline",303,0.982,1
"Combined_vs_NP","Baseline",303,0.983,1
"Combined_vs_NP","Baseline",303,0.984,1
"Combined_vs_NP","Baseline",303,0.985,1
"Combined_vs_NP","Baseline",303,0.986,1
"Combined_vs_NP","Baseline",303,0.987,1
"Combined_vs_NP","Baseline",303,0.988,1
"Combined_vs_NP","Baseline",303,0.989,1
"Combined_vs_NP","Baseline",303,0.99,1
"Combined_vs_NP","Baseline",303,0.991,1
"Combined_vs_NP","Baseline",303,0.992,1
"Combined_vs_NP","Baseline",303,0.993,1
"Combined_vs_NP","Baseline",303,0.994,1
"Combined_vs_NP","Baseline",303,0.995,1
"Combined_vs_NP","Baseline",303,0.996,1
"Combined_vs_NP","Baseline",303,0.997,1
"Combined_vs_NP","Baseline",303,0.998,1
"Combined_vs_NP","Baseline",303,0.999,1
"Combined_vs_NP","Baseline",303,1,1
"Combined_vs_NP","Met+Fun",303,0,0
"Combined_vs_NP","Met+Fun",303,0.001,0
"Combined_vs_NP","Met+Fun",303,0.002,0
"Combined_vs_NP","Met+Fun",303,0.003,0
"Combined_vs_NP","Met+Fun",303,0.004,0
"Combined_vs_NP","Met+Fun",303,0.005,0
"Combined_vs_NP","Met+Fun",303,0.006,0
"Combined_vs_NP","Met+Fun",303,0.007,0.025
"Combined_vs_NP","Met+Fun",303,0.008,0.0276333333333333
"Combined_vs_NP","Met+Fun",303,0.009,0.0290041666666666
"Combined_vs_NP","Met+Fun",303,0.01,0.0336666666666667
"Combined_vs_NP","Met+Fun",303,0.011,0.0444937500000001
"Combined_vs_NP","Met+Fun",303,0.012,0.04655
"Combined_vs_NP","Met+Fun",303,0.013,0.05786875
"Combined_vs_NP","Met+Fun",303,0.014,0.0629416666666666
"Combined_vs_NP","Met+Fun",303,0.015,0.0643125
"Combined_vs_NP","Met+Fun",303,0.016,0.0776333333333334
"Combined_vs_NP","Met+Fun",303,0.017,0.0991520833333334
"Combined_vs_NP","Met+Fun",303,0.018,0.0998375000000001
"Combined_vs_NP","Met+Fun",303,0.019,0.11875
"Combined_vs_NP","Met+Fun",303,0.02,0.125
"Combined_vs_NP","Met+Fun",303,0.021,0.125
"Combined_vs_NP","Met+Fun",303,0.022,0.125
"Combined_vs_NP","Met+Fun",303,0.023,0.13125
"Combined_vs_NP","Met+Fun",303,0.024,0.13125
"Combined_vs_NP","Met+Fun",303,0.025,0.135208333333333
"Combined_vs_NP","Met+Fun",303,0.026,0.143975
"Combined_vs_NP","Met+Fun",303,0.027,0.145345833333333
"Combined_vs_NP","Met+Fun",303,0.028,0.147158333333333
"Combined_vs_NP","Met+Fun",303,0.029,0.153552083333333
"Combined_vs_NP","Met+Fun",303,0.03,0.156979166666667
"Combined_vs_NP","Met+Fun",303,0.031,0.1591625
"Combined_vs_NP","Met+Fun",303,0.032,0.160533333333333
"Combined_vs_NP","Met+Fun",303,0.033,0.161904166666667
"Combined_vs_NP","Met+Fun",303,0.034,0.170041666666667
"Combined_vs_NP","Met+Fun",303,0.035,0.172420138888889
"Combined_vs_NP","Met+Fun",303,0.036,0.176761111111111
"Combined_vs_NP","Met+Fun",303,0.037,0.180201041666667
"Combined_vs_NP","Met+Fun",303,0.038,0.184907638888889
"Combined_vs_NP","Met+Fun",303,0.039,0.186849652777778
"Combined_vs_NP","Met+Fun",303,0.04,0.190875
"Combined_vs_NP","Met+Fun",303,0.041,0.192817013888889
"Combined_vs_NP","Met+Fun",303,0.042,0.198925694444445
"Combined_vs_NP","Met+Fun",303,0.043,0.211029166666667
"Combined_vs_NP","Met+Fun",303,0.044,0.2124
"Combined_vs_NP","Met+Fun",303,0.045,0.217379166666667
"Combined_vs_NP","Met+Fun",303,0.046,0.222850555555556
"Combined_vs_NP","Met+Fun",303,0.047,0.226780277777778
"Combined_vs_NP","Met+Fun",303,0.048,0.231982222222222
"Combined_vs_NP","Met+Fun",303,0.049,0.234493888888889
"Combined_vs_NP","Met+Fun",303,0.05,0.236138888888889
"Combined_vs_NP","Met+Fun",303,0.051,0.242192222222222
"Combined_vs_NP","Met+Fun",303,0.052,0.245663888888889
"Combined_vs_NP","Met+Fun",303,0.053,0.247263194444445
"Combined_vs_NP","Met+Fun",303,0.054,0.2554675
"Combined_vs_NP","Met+Fun",303,0.055,0.263589583333333
"Combined_vs_NP","Met+Fun",303,0.056,0.26592
"Combined_vs_NP","Met+Fun",303,0.057,0.272442083333334
"Combined_vs_NP","Met+Fun",303,0.058,0.279085
"Combined_vs_NP","Met+Fun",303,0.059,0.282100833333334
"Combined_vs_NP","Met+Fun",303,0.06,0.284116666666667
"Combined_vs_NP","Met+Fun",303,0.061,0.291810416666667
"Combined_vs_NP","Met+Fun",303,0.062,0.292495833333333
"Combined_vs_NP","Met+Fun",303,0.063,0.296210416666667
"Combined_vs_NP","Met+Fun",303,0.064,0.298033333333333
"Combined_vs_NP","Met+Fun",303,0.065,0.29871875
"Combined_vs_NP","Met+Fun",303,0.066,0.299404166666667
"Combined_vs_NP","Met+Fun",303,0.067,0.304166666666667
"Combined_vs_NP","Met+Fun",303,0.068,0.304166666666667
"Combined_vs_NP","Met+Fun",303,0.069,0.307925
"Combined_vs_NP","Met+Fun",303,0.07,0.310416666666667
"Combined_vs_NP","Met+Fun",303,0.071,0.310416666666667
"Combined_vs_NP","Met+Fun",303,0.072,0.310808333333333
"Combined_vs_NP","Met+Fun",303,0.073,0.3116
"Combined_vs_NP","Met+Fun",303,0.074,0.314341666666666
"Combined_vs_NP","Met+Fun",303,0.075,0.316475694444444
"Combined_vs_NP","Met+Fun",303,0.076,0.318066666666667
"Combined_vs_NP","Met+Fun",303,0.077,0.318980555555555
"Combined_vs_NP","Met+Fun",303,0.078,0.319894444444444
"Combined_vs_NP","Met+Fun",303,0.079,0.320808333333333
"Combined_vs_NP","Met+Fun",303,0.08,0.325
"Combined_vs_NP","Met+Fun",303,0.081,0.329166666666667
"Combined_vs_NP","Met+Fun",303,0.082,0.329166666666667
"Combined_vs_NP","Met+Fun",303,0.083,0.329166666666667
"Combined_vs_NP","Met+Fun",303,0.084,0.33125
"Combined_vs_NP","Met+Fun",303,0.085,0.33125
"Combined_vs_NP","Met+Fun",303,0.086,0.33125
"Combined_vs_NP","Met+Fun",303,0.087,0.33125
"Combined_vs_NP","Met+Fun",303,0.088,0.33125
"Combined_vs_NP","Met+Fun",303,0.089,0.33125
"Combined_vs_NP","Met+Fun",303,0.09,0.333333333333333
"Combined_vs_NP","Met+Fun",303,0.091,0.333333333333333
"Combined_vs_NP","Met+Fun",303,0.092,0.333333333333333
"Combined_vs_NP","Met+Fun",303,0.093,0.333333333333333
"Combined_vs_NP","Met+Fun",303,0.094,0.333333333333333
"Combined_vs_NP","Met+Fun",303,0.095,0.333333333333333
"Combined_vs_NP","Met+Fun",303,0.096,0.333333333333333
"Combined_vs_NP","Met+Fun",303,0.097,0.333333333333333
"Combined_vs_NP","Met+Fun",303,0.098,0.3338375
"Combined_vs_NP","Met+Fun",303,0.099,0.334522916666667
"Combined_vs_NP","Met+Fun",303,0.1,0.335208333333333
"Combined_vs_NP","Met+Fun",303,0.101,0.337818055555556
"Combined_vs_NP","Met+Fun",303,0.102,0.338275
"Combined_vs_NP","Met+Fun",303,0.103,0.338731944444444
"Combined_vs_NP","Met+Fun",303,0.104,0.339188888888889
"Combined_vs_NP","Met+Fun",303,0.105,0.339583333333333
"Combined_vs_NP","Met+Fun",303,0.106,0.339583333333333
"Combined_vs_NP","Met+Fun",303,0.107,0.345833333333333
"Combined_vs_NP","Met+Fun",303,0.108,0.345877777777778
"Combined_vs_NP","Met+Fun",303,0.109,0.346334722222222
"Combined_vs_NP","Met+Fun",303,0.11,0.348875
"Combined_vs_NP","Met+Fun",303,0.111,0.351415277777778
"Combined_vs_NP","Met+Fun",303,0.112,0.351872222222222
"Combined_vs_NP","Met+Fun",303,0.113,0.352820833333333
"Combined_vs_NP","Met+Fun",303,0.114,0.354191666666667
"Combined_vs_NP","Met+Fun",303,0.115,0.3555625
"Combined_vs_NP","Met+Fun",303,0.116,0.35625
"Combined_vs_NP","Met+Fun",303,0.117,0.35625
"Combined_vs_NP","Met+Fun",303,0.118,0.358780555555556
"Combined_vs_NP","Met+Fun",303,0.119,0.359552083333333
"Combined_vs_NP","Met+Fun",303,0.12,0.360694444444444
"Combined_vs_NP","Met+Fun",303,0.121,0.363124305555556
"Combined_vs_NP","Met+Fun",303,0.122,0.364583333333333
"Combined_vs_NP","Met+Fun",303,0.123,0.364583333333333
"Combined_vs_NP","Met+Fun",303,0.124,0.364583333333333
"Combined_vs_NP","Met+Fun",303,0.125,0.364583333333333
"Combined_vs_NP","Met+Fun",303,0.126,0.364583333333333
"Combined_vs_NP","Met+Fun",303,0.127,0.366666666666667
"Combined_vs_NP","Met+Fun",303,0.128,0.366666666666667
"Combined_vs_NP","Met+Fun",303,0.129,0.366666666666667
"Combined_vs_NP","Met+Fun",303,0.13,0.3693125
"Combined_vs_NP","Met+Fun",303,0.131,0.37208125
"Combined_vs_NP","Met+Fun",303,0.132,0.372766666666667
"Combined_vs_NP","Met+Fun",303,0.133,0.372916666666667
"Combined_vs_NP","Met+Fun",303,0.134,0.373036111111111
"Combined_vs_NP","Met+Fun",303,0.135,0.373493055555556
"Combined_vs_NP","Met+Fun",303,0.136,0.378116666666667
"Combined_vs_NP","Met+Fun",303,0.137,0.380656944444444
"Combined_vs_NP","Met+Fun",303,0.138,0.381113888888889
"Combined_vs_NP","Met+Fun",303,0.139,0.382453125
"Combined_vs_NP","Met+Fun",303,0.14,0.38425
"Combined_vs_NP","Met+Fun",303,0.141,0.386420486111111
"Combined_vs_NP","Met+Fun",303,0.142,0.388136805555556
"Combined_vs_NP","Met+Fun",303,0.143,0.389719791666667
"Combined_vs_NP","Met+Fun",303,0.144,0.391890277777778
"Combined_vs_NP","Met+Fun",303,0.145,0.393135416666667
"Combined_vs_NP","Met+Fun",303,0.146,0.39375
"Combined_vs_NP","Met+Fun",303,0.147,0.39375
"Combined_vs_NP","Met+Fun",303,0.148,0.39375
"Combined_vs_NP","Met+Fun",303,0.149,0.39375
"Combined_vs_NP","Met+Fun",303,0.15,0.39375
"Combined_vs_NP","Met+Fun",303,0.151,0.39375
"Combined_vs_NP","Met+Fun",303,0.152,0.39375
"Combined_vs_NP","Met+Fun",303,0.153,0.39375
"Combined_vs_NP","Met+Fun",303,0.154,0.395833333333333
"Combined_vs_NP","Met+Fun",303,0.155,0.395833333333333
"Combined_vs_NP","Met+Fun",303,0.156,0.396283333333333
"Combined_vs_NP","Met+Fun",303,0.157,0.396740277777778
"Combined_vs_NP","Met+Fun",303,0.158,0.397197222222222
"Combined_vs_NP","Met+Fun",303,0.159,0.397654166666667
"Combined_vs_NP","Met+Fun",303,0.16,0.400097222222222
"Combined_vs_NP","Met+Fun",303,0.161,0.400325694444444
"Combined_vs_NP","Met+Fun",303,0.162,0.401175
"Combined_vs_NP","Met+Fun",303,0.163,0.402397569444444
"Combined_vs_NP","Met+Fun",303,0.164,0.404111111111111
"Combined_vs_NP","Met+Fun",303,0.165,0.405230902777778
"Combined_vs_NP","Met+Fun",303,0.166,0.406259027777778
"Combined_vs_NP","Met+Fun",303,0.167,0.407287152777778
"Combined_vs_NP","Met+Fun",303,0.168,0.4079375
"Combined_vs_NP","Met+Fun",303,0.169,0.408684027777778
"Combined_vs_NP","Met+Fun",303,0.17,0.409826388888889
"Combined_vs_NP","Met+Fun",303,0.171,0.41096875
"Combined_vs_NP","Met+Fun",303,0.172,0.414744444444445
"Combined_vs_NP","Met+Fun",303,0.173,0.417943055555556
"Combined_vs_NP","Met+Fun",303,0.174,0.41875
"Combined_vs_NP","Met+Fun",303,0.175,0.41876953125
"Combined_vs_NP","Met+Fun",303,0.176,0.418855208333333
"Combined_vs_NP","Met+Fun",303,0.177,0.419588107638889
"Combined_vs_NP","Met+Fun",303,0.178,0.420587673611111
"Combined_vs_NP","Met+Fun",303,0.179,0.421587239583333
"Combined_vs_NP","Met+Fun",303,0.18,0.422586805555556
"Combined_vs_NP","Met+Fun",303,0.181,0.42355234375
"Combined_vs_NP","Met+Fun",303,0.182,0.4243234375
"Combined_vs_NP","Met+Fun",303,0.183,0.42617265625
"Combined_vs_NP","Met+Fun",303,0.184,0.428532291666667
"Combined_vs_NP","Met+Fun",303,0.185,0.429874565972222
"Combined_vs_NP","Met+Fun",303,0.186,0.431216840277778
"Combined_vs_NP","Met+Fun",303,0.187,0.432630989583333
"Combined_vs_NP","Met+Fun",303,0.188,0.435001388888889
"Combined_vs_NP","Met+Fun",303,0.189,0.43668046875
"Combined_vs_NP","Met+Fun",303,0.19,0.437794270833333
"Combined_vs_NP","Met+Fun",303,0.191,0.438908072916667
"Combined_vs_NP","Met+Fun",303,0.192,0.440121875
"Combined_vs_NP","Met+Fun",303,0.193,0.441431510416667
"Combined_vs_NP","Met+Fun",303,0.194,0.442571354166667
"Combined_vs_NP","Met+Fun",303,0.195,0.443709635416667
"Combined_vs_NP","Met+Fun",303,0.196,0.444847916666667
"Combined_vs_NP","Met+Fun",303,0.197,0.445334114583333
"Combined_vs_NP","Met+Fun",303,0.198,0.445934895833333
"Combined_vs_NP","Met+Fun",303,0.199,0.44673046875
"Combined_vs_NP","Met+Fun",303,0.2,0.447447916666667
"Combined_vs_NP","Met+Fun",303,0.201,0.4481578125
"Combined_vs_NP","Met+Fun",303,0.202,0.448867708333333
"Combined_vs_NP","Met+Fun",303,0.203,0.449526354166667
"Combined_vs_NP","Met+Fun",303,0.204,0.450096944444444
"Combined_vs_NP","Met+Fun",303,0.205,0.450519618055556
"Combined_vs_NP","Met+Fun",303,0.206,0.450799583333333
"Combined_vs_NP","Met+Fun",303,0.207,0.451050902777778
"Combined_vs_NP","Met+Fun",303,0.208,0.451302222222222
"Combined_vs_NP","Met+Fun",303,0.209,0.451553541666667
"Combined_vs_NP","Met+Fun",303,0.21,0.451973611111111
"Combined_vs_NP","Met+Fun",303,0.211,0.452841805555556
"Combined_vs_NP","Met+Fun",303,0.212,0.453968333333333
"Combined_vs_NP","Met+Fun",303,0.213,0.455179236111111
"Combined_vs_NP","Met+Fun",303,0.214,0.456390138888889
"Combined_vs_NP","Met+Fun",303,0.215,0.457601041666667
"Combined_vs_NP","Met+Fun",303,0.216,0.458745277777778
"Combined_vs_NP","Met+Fun",303,0.217,0.459613472222222
"Combined_vs_NP","Met+Fun",303,0.218,0.460435416666667
"Combined_vs_NP","Met+Fun",303,0.219,0.461447569444444
"Combined_vs_NP","Met+Fun",303,0.22,0.463618055555556
"Combined_vs_NP","Met+Fun",303,0.221,0.465353125
"Combined_vs_NP","Met+Fun",303,0.222,0.466904166666667
"Combined_vs_NP","Met+Fun",303,0.223,0.468960416666667
"Combined_vs_NP","Met+Fun",303,0.224,0.470608333333333
"Combined_vs_NP","Met+Fun",303,0.225,0.4719609375
"Combined_vs_NP","Met+Fun",303,0.226,0.473091875
"Combined_vs_NP","Met+Fun",303,0.227,0.4738415625
"Combined_vs_NP","Met+Fun",303,0.228,0.474344226190476
"Combined_vs_NP","Met+Fun",303,0.229,0.476356413690476
"Combined_vs_NP","Met+Fun",303,0.23,0.477660267857143
"Combined_vs_NP","Met+Fun",303,0.231,0.47830162202381
"Combined_vs_NP","Met+Fun",303,0.232,0.478942976190476
"Combined_vs_NP","Met+Fun",303,0.233,0.47945349702381
"Combined_vs_NP","Met+Fun",303,0.234,0.47982068452381
"Combined_vs_NP","Met+Fun",303,0.235,0.48045037202381
"Combined_vs_NP","Met+Fun",303,0.236,0.481091726190476
"Combined_vs_NP","Met+Fun",303,0.237,0.481733080357143
"Combined_vs_NP","Met+Fun",303,0.238,0.48284630952381
"Combined_vs_NP","Met+Fun",303,0.239,0.48392375
"Combined_vs_NP","Met+Fun",303,0.24,0.484883333333333
"Combined_vs_NP","Met+Fun",303,0.241,0.485842916666667
"Combined_vs_NP","Met+Fun",303,0.242,0.486704166666667
"Combined_vs_NP","Met+Fun",303,0.243,0.487389583333333
"Combined_vs_NP","Met+Fun",303,0.244,0.488266666666667
"Combined_vs_NP","Met+Fun",303,0.245,0.489326388888889
"Combined_vs_NP","Met+Fun",303,0.246,0.490697222222222
"Combined_vs_NP","Met+Fun",303,0.247,0.49298125
"Combined_vs_NP","Met+Fun",303,0.248,0.495494444444444
"Combined_vs_NP","Met+Fun",303,0.249,0.498007638888889
"Combined_vs_NP","Met+Fun",303,0.25,0.500173611111111
"Combined_vs_NP","Met+Fun",303,0.251,0.502229861111111
"Combined_vs_NP","Met+Fun",303,0.252,0.504286111111111
"Combined_vs_NP","Met+Fun",303,0.253,0.507690555555556
"Combined_vs_NP","Met+Fun",303,0.254,0.508726296296296
"Combined_vs_NP","Met+Fun",303,0.255,0.509762037037037
"Combined_vs_NP","Met+Fun",303,0.256,0.510486666666667
"Combined_vs_NP","Met+Fun",303,0.257,0.511128558201058
"Combined_vs_NP","Met+Fun",303,0.258,0.512099021164021
"Combined_vs_NP","Met+Fun",303,0.259,0.513069484126984
"Combined_vs_NP","Met+Fun",303,0.26,0.514006613756614
"Combined_vs_NP","Met+Fun",303,0.261,0.51470291005291
"Combined_vs_NP","Met+Fun",303,0.262,0.516094563492064
"Combined_vs_NP","Met+Fun",303,0.263,0.517946276455027
"Combined_vs_NP","Met+Fun",303,0.264,0.519797989417989
"Combined_vs_NP","Met+Fun",303,0.265,0.521264285714286
"Combined_vs_NP","Met+Fun",303,0.266,0.522437063492064
"Combined_vs_NP","Met+Fun",303,0.267,0.523755674603175
"Combined_vs_NP","Met+Fun",303,0.268,0.524869523809524
"Combined_vs_NP","Met+Fun",303,0.269,0.525795634920635
"Combined_vs_NP","Met+Fun",303,0.27,0.526448412698413
"Combined_vs_NP","Met+Fun",303,0.271,0.526880357142857
"Combined_vs_NP","Met+Fun",303,0.272,0.52707619047619
"Combined_vs_NP","Met+Fun",303,0.273,0.527083333333333
"Combined_vs_NP","Met+Fun",303,0.274,0.527205
"Combined_vs_NP","Met+Fun",303,0.275,0.527479166666667
"Combined_vs_NP","Met+Fun",303,0.276,0.528281111111111
"Combined_vs_NP","Met+Fun",303,0.277,0.531209791666667
"Combined_vs_NP","Met+Fun",303,0.278,0.532055138888889
"Combined_vs_NP","Met+Fun",303,0.279,0.532900486111111
"Combined_vs_NP","Met+Fun",303,0.28,0.533745833333333
"Combined_vs_NP","Met+Fun",303,0.281,0.534591180555556
"Combined_vs_NP","Met+Fun",303,0.282,0.535108333333333
"Combined_vs_NP","Met+Fun",303,0.283,0.535565277777778
"Combined_vs_NP","Met+Fun",303,0.284,0.536022222222222
"Combined_vs_NP","Met+Fun",303,0.285,0.536295138888889
"Combined_vs_NP","Met+Fun",303,0.286,0.536523611111111
"Combined_vs_NP","Met+Fun",303,0.287,0.536752083333333
"Combined_vs_NP","Met+Fun",303,0.288,0.537715555555556
"Combined_vs_NP","Met+Fun",303,0.289,0.538903611111111
"Combined_vs_NP","Met+Fun",303,0.29,0.540091666666667
"Combined_vs_NP","Met+Fun",303,0.291,0.54111375
"Combined_vs_NP","Met+Fun",303,0.292,0.542545555555556
"Combined_vs_NP","Met+Fun",303,0.293,0.545789861111111
"Combined_vs_NP","Met+Fun",303,0.294,0.547621666666667
"Combined_vs_NP","Met+Fun",303,0.295,0.548993055555555
"Combined_vs_NP","Met+Fun",303,0.296,0.551277777777778
"Combined_vs_NP","Met+Fun",303,0.297,0.552970833333333
"Combined_vs_NP","Met+Fun",303,0.298,0.554341666666667
"Combined_vs_NP","Met+Fun",303,0.299,0.5557125
"Combined_vs_NP","Met+Fun",303,0.3,0.55625
"Combined_vs_NP","Met+Fun",303,0.301,0.556284523809524
"Combined_vs_NP","Met+Fun",303,0.302,0.556676190476191
"Combined_vs_NP","Met+Fun",303,0.303,0.557067857142857
"Combined_vs_NP","Met+Fun",303,0.304,0.557459523809524
"Combined_vs_NP","Met+Fun",303,0.305,0.55785119047619
"Combined_vs_NP","Met+Fun",303,0.306,0.558242857142857
"Combined_vs_NP","Met+Fun",303,0.307,0.558634523809524
"Combined_vs_NP","Met+Fun",303,0.308,0.559026190476191
"Combined_vs_NP","Met+Fun",303,0.309,0.559417857142857
"Combined_vs_NP","Met+Fun",303,0.31,0.559809523809524
"Combined_vs_NP","Met+Fun",303,0.311,0.56020119047619
"Combined_vs_NP","Met+Fun",303,0.312,0.560416666666667
"Combined_vs_NP","Met+Fun",303,0.313,0.560416666666667
"Combined_vs_NP","Met+Fun",303,0.314,0.5625
"Combined_vs_NP","Met+Fun",303,0.315,0.56334375
"Combined_vs_NP","Met+Fun",303,0.316,0.5654
"Combined_vs_NP","Met+Fun",303,0.317,0.566235416666667
"Combined_vs_NP","Met+Fun",303,0.318,0.56875
"Combined_vs_NP","Met+Fun",303,0.319,0.56875
"Combined_vs_NP","Met+Fun",303,0.32,0.56875
"Combined_vs_NP","Met+Fun",303,0.321,0.570833333333333
"Combined_vs_NP","Met+Fun",303,0.322,0.570833333333333
"Combined_vs_NP","Met+Fun",303,0.323,0.570833333333333
"Combined_vs_NP","Met+Fun",303,0.324,0.570833333333333
"Combined_vs_NP","Met+Fun",303,0.325,0.570833333333333
"Combined_vs_NP","Met+Fun",303,0.326,0.570833333333333
"Combined_vs_NP","Met+Fun",303,0.327,0.57100625
"Combined_vs_NP","Met+Fun",303,0.328,0.571691666666667
"Combined_vs_NP","Met+Fun",303,0.329,0.572377083333333
"Combined_vs_NP","Met+Fun",303,0.33,0.575
"Combined_vs_NP","Met+Fun",303,0.331,0.575
"Combined_vs_NP","Met+Fun",303,0.332,0.575
"Combined_vs_NP","Met+Fun",303,0.333,0.575
"Combined_vs_NP","Met+Fun",303,0.334,0.575
"Combined_vs_NP","Met+Fun",303,0.335,0.575
"Combined_vs_NP","Met+Fun",303,0.336,0.575
"Combined_vs_NP","Met+Fun",303,0.337,0.575
"Combined_vs_NP","Met+Fun",303,0.338,0.5795875
"Combined_vs_NP","Met+Fun",303,0.339,0.580272916666667
"Combined_vs_NP","Met+Fun",303,0.34,0.580958333333333
"Combined_vs_NP","Met+Fun",303,0.341,0.581446875
"Combined_vs_NP","Met+Fun",303,0.342,0.581856547619048
"Combined_vs_NP","Met+Fun",303,0.343,0.583423214285714
"Combined_vs_NP","Met+Fun",303,0.344,0.584989880952381
"Combined_vs_NP","Met+Fun",303,0.345,0.586546130952381
"Combined_vs_NP","Met+Fun",303,0.346,0.587427380952381
"Combined_vs_NP","Met+Fun",303,0.347,0.588478422619048
"Combined_vs_NP","Met+Fun",303,0.348,0.589702380952381
"Combined_vs_NP","Met+Fun",303,0.349,0.590591964285714
"Combined_vs_NP","Met+Fun",303,0.35,0.593556547619048
"Combined_vs_NP","Met+Fun",303,0.351,0.594437797619048
"Combined_vs_NP","Met+Fun",303,0.352,0.597402380952381
"Combined_vs_NP","Met+Fun",303,0.353,0.597916666666667
"Combined_vs_NP","Met+Fun",303,0.354,0.597916666666667
"Combined_vs_NP","Met+Fun",303,0.355,0.6
"Combined_vs_NP","Met+Fun",303,0.356,0.6
"Combined_vs_NP","Met+Fun",303,0.357,0.6
"Combined_vs_NP","Met+Fun",303,0.358,0.6
"Combined_vs_NP","Met+Fun",303,0.359,0.60069375
"Combined_vs_NP","Met+Fun",303,0.36,0.60275
"Combined_vs_NP","Met+Fun",303,0.361,0.603685416666667
"Combined_vs_NP","Met+Fun",303,0.362,0.604166666666667
"Combined_vs_NP","Met+Fun",303,0.363,0.604166666666667
"Combined_vs_NP","Met+Fun",303,0.364,0.6047
"Combined_vs_NP","Met+Fun",303,0.365,0.605739583333333
"Combined_vs_NP","Met+Fun",303,0.366,0.607795833333333
"Combined_vs_NP","Met+Fun",303,0.367,0.608333333333333
"Combined_vs_NP","Met+Fun",303,0.368,0.608333333333333
"Combined_vs_NP","Met+Fun",303,0.369,0.608333333333333
"Combined_vs_NP","Met+Fun",303,0.37,0.6088125
"Combined_vs_NP","Met+Fun",303,0.371,0.609497916666667
"Combined_vs_NP","Met+Fun",303,0.372,0.610183333333333
"Combined_vs_NP","Met+Fun",303,0.373,0.614583333333333
"Combined_vs_NP","Met+Fun",303,0.374,0.616666666666667
"Combined_vs_NP","Met+Fun",303,0.375,0.616666666666667
"Combined_vs_NP","Met+Fun",303,0.376,0.620833333333333
"Combined_vs_NP","Met+Fun",303,0.377,0.620970833333333
"Combined_vs_NP","Met+Fun",303,0.378,0.622341666666667
"Combined_vs_NP","Met+Fun",303,0.379,0.622916666666667
"Combined_vs_NP","Met+Fun",303,0.38,0.625
"Combined_vs_NP","Met+Fun",303,0.381,0.625
"Combined_vs_NP","Met+Fun",303,0.382,0.625
"Combined_vs_NP","Met+Fun",303,0.383,0.625007291666667
"Combined_vs_NP","Met+Fun",303,0.384,0.62535
"Combined_vs_NP","Met+Fun",303,0.385,0.625692708333333
"Combined_vs_NP","Met+Fun",303,0.386,0.626035416666667
"Combined_vs_NP","Met+Fun",303,0.387,0.632628125
"Combined_vs_NP","Met+Fun",303,0.388,0.632970833333333
"Combined_vs_NP","Met+Fun",303,0.389,0.633313541666667
"Combined_vs_NP","Met+Fun",303,0.39,0.633333333333333
"Combined_vs_NP","Met+Fun",303,0.391,0.633622916666667
"Combined_vs_NP","Met+Fun",303,0.392,0.634308333333333
"Combined_vs_NP","Met+Fun",303,0.393,0.63623125
"Combined_vs_NP","Met+Fun",303,0.394,0.63815625
"Combined_vs_NP","Met+Fun",303,0.395,0.639869791666667
"Combined_vs_NP","Met+Fun",303,0.396,0.6404
"Combined_vs_NP","Met+Fun",303,0.397,0.640742708333333
"Combined_vs_NP","Met+Fun",303,0.398,0.641085416666667
"Combined_vs_NP","Met+Fun",303,0.399,0.642557291666667
"Combined_vs_NP","Met+Fun",303,0.4,0.64375
"Combined_vs_NP","Met+Fun",303,0.401,0.64375
"Combined_vs_NP","Met+Fun",303,0.402,0.64477125
"Combined_vs_NP","Met+Fun",303,0.403,0.646073541666667
"Combined_vs_NP","Met+Fun",303,0.404,0.647375833333333
"Combined_vs_NP","Met+Fun",303,0.405,0.648167708333333
"Combined_vs_NP","Met+Fun",303,0.406,0.65117625
"Combined_vs_NP","Met+Fun",303,0.407,0.653163958333333
"Combined_vs_NP","Met+Fun",303,0.408,0.66116
"Combined_vs_NP","Met+Fun",303,0.409,0.662754166666667
"Combined_vs_NP","Met+Fun",303,0.41,0.664125
"Combined_vs_NP","Met+Fun",303,0.411,0.666408333333333
"Combined_vs_NP","Met+Fun",303,0.412,0.673016666666667
"Combined_vs_NP","Met+Fun",303,0.413,0.673702083333333
"Combined_vs_NP","Met+Fun",303,0.414,0.6743875
"Combined_vs_NP","Met+Fun",303,0.415,0.675255208333333
"Combined_vs_NP","Met+Fun",303,0.416,0.677654166666667
"Combined_vs_NP","Met+Fun",303,0.417,0.679248958333333
"Combined_vs_NP","Met+Fun",303,0.418,0.68023125
"Combined_vs_NP","Met+Fun",303,0.419,0.680573958333333
"Combined_vs_NP","Met+Fun",303,0.42,0.681666666666667
"Combined_vs_NP","Met+Fun",303,0.421,0.683427083333333
"Combined_vs_NP","Met+Fun",303,0.422,0.686854166666666
"Combined_vs_NP","Met+Fun",303,0.423,0.6892375
"Combined_vs_NP","Met+Fun",303,0.424,0.690608333333333
"Combined_vs_NP","Met+Fun",303,0.425,0.691753472222222
"Combined_vs_NP","Met+Fun",303,0.426,0.693216666666667
"Combined_vs_NP","Met+Fun",303,0.427,0.695044444444445
"Combined_vs_NP","Met+Fun",303,0.428,0.696222222222222
"Combined_vs_NP","Met+Fun",303,0.429,0.69716875
"Combined_vs_NP","Met+Fun",303,0.43,0.697854166666667
"Combined_vs_NP","Met+Fun",303,0.431,0.700304513888889
"Combined_vs_NP","Met+Fun",303,0.432,0.702931944444444
"Combined_vs_NP","Met+Fun",303,0.433,0.705559375
"Combined_vs_NP","Met+Fun",303,0.434,0.708186805555555
"Combined_vs_NP","Met+Fun",303,0.435,0.710015625
"Combined_vs_NP","Met+Fun",303,0.436,0.710358333333333
"Combined_vs_NP","Met+Fun",303,0.437,0.7125
"Combined_vs_NP","Met+Fun",303,0.438,0.712641666666667
"Combined_vs_NP","Met+Fun",303,0.439,0.713098611111111
"Combined_vs_NP","Met+Fun",303,0.44,0.713555555555555
"Combined_vs_NP","Met+Fun",303,0.441,0.7140125
"Combined_vs_NP","Met+Fun",303,0.442,0.714469444444444
"Combined_vs_NP","Met+Fun",303,0.443,0.7156125
"Combined_vs_NP","Met+Fun",303,0.444,0.716666666666667
"Combined_vs_NP","Met+Fun",303,0.445,0.716666666666667
"Combined_vs_NP","Met+Fun",303,0.446,0.716666666666667
"Combined_vs_NP","Met+Fun",303,0.447,0.71875
"Combined_vs_NP","Met+Fun",303,0.448,0.71875
"Combined_vs_NP","Met+Fun",303,0.449,0.71875
"Combined_vs_NP","Met+Fun",303,0.45,0.71875
"Combined_vs_NP","Met+Fun",303,0.451,0.71875
"Combined_vs_NP","Met+Fun",303,0.452,0.71875
"Combined_vs_NP","Met+Fun",303,0.453,0.71875
"Combined_vs_NP","Met+Fun",303,0.454,0.71875
"Combined_vs_NP","Met+Fun",303,0.455,0.71915625
"Combined_vs_NP","Met+Fun",303,0.456,0.719941666666666
"Combined_vs_NP","Met+Fun",303,0.457,0.721997916666667
"Combined_vs_NP","Met+Fun",303,0.458,0.723675
"Combined_vs_NP","Met+Fun",303,0.459,0.725
"Combined_vs_NP","Met+Fun",303,0.46,0.725
"Combined_vs_NP","Met+Fun",303,0.461,0.729166666666667
"Combined_vs_NP","Met+Fun",303,0.462,0.729166666666667
"Combined_vs_NP","Met+Fun",303,0.463,0.729847916666667
"Combined_vs_NP","Met+Fun",303,0.464,0.730533333333333
"Combined_vs_NP","Met+Fun",303,0.465,0.73121875
"Combined_vs_NP","Met+Fun",303,0.466,0.73125
"Combined_vs_NP","Met+Fun",303,0.467,0.73125
"Combined_vs_NP","Met+Fun",303,0.468,0.73125
"Combined_vs_NP","Met+Fun",303,0.469,0.73125
"Combined_vs_NP","Met+Fun",303,0.47,0.73125
"Combined_vs_NP","Met+Fun",303,0.471,0.73125
"Combined_vs_NP","Met+Fun",303,0.472,0.73125
"Combined_vs_NP","Met+Fun",303,0.473,0.7313475
"Combined_vs_NP","Met+Fun",303,0.474,0.731621666666667
"Combined_vs_NP","Met+Fun",303,0.475,0.733041666666667
"Combined_vs_NP","Met+Fun",303,0.476,0.736336666666667
"Combined_vs_NP","Met+Fun",303,0.477,0.736610833333333
"Combined_vs_NP","Met+Fun",303,0.478,0.736885
"Combined_vs_NP","Met+Fun",303,0.479,0.73734875
"Combined_vs_NP","Met+Fun",303,0.48,0.738308333333333
"Combined_vs_NP","Met+Fun",303,0.481,0.739060416666667
"Combined_vs_NP","Met+Fun",303,0.482,0.739908333333333
"Combined_vs_NP","Met+Fun",303,0.483,0.741279166666667
"Combined_vs_NP","Met+Fun",303,0.484,0.741830555555556
"Combined_vs_NP","Met+Fun",303,0.485,0.742083648989899
"Combined_vs_NP","Met+Fun",303,0.486,0.742436742424242
"Combined_vs_NP","Met+Fun",303,0.487,0.742789835858586
"Combined_vs_NP","Met+Fun",303,0.488,0.743142929292929
"Combined_vs_NP","Met+Fun",303,0.489,0.743496022727273
"Combined_vs_NP","Met+Fun",303,0.49,0.743994949494949
"Combined_vs_NP","Met+Fun",303,0.491,0.744576515151515
"Combined_vs_NP","Met+Fun",303,0.492,0.745158080808081
"Combined_vs_NP","Met+Fun",303,0.493,0.745876452020202
"Combined_vs_NP","Met+Fun",303,0.494,0.74668648989899
"Combined_vs_NP","Met+Fun",303,0.495,0.747496527777778
"Combined_vs_NP","Met+Fun",303,0.496,0.748306565656566
"Combined_vs_NP","Met+Fun",303,0.497,0.749098547979798
"Combined_vs_NP","Met+Fun",303,0.498,0.749451641414141
"Combined_vs_NP","Met+Fun",303,0.499,0.750878882575758
"Combined_vs_NP","Met+Fun",303,0.5,0.753298611111111
"Combined_vs_NP","Met+Fun",303,0.501,0.755718339646465
"Combined_vs_NP","Met+Fun",303,0.502,0.75758446969697
"Combined_vs_NP","Met+Fun",303,0.503,0.758851452020202
"Combined_vs_NP","Met+Fun",303,0.504,0.759679545454545
"Combined_vs_NP","Met+Fun",303,0.505,0.760405671296296
"Combined_vs_NP","Met+Fun",303,0.506,0.761025315656566
"Combined_vs_NP","Met+Fun",303,0.507,0.764990793350168
"Combined_vs_NP","Met+Fun",303,0.508,0.766293771043771
"Combined_vs_NP","Met+Fun",303,0.509,0.766570707070707
"Combined_vs_NP","Met+Fun",303,0.51,0.766847643097643
"Combined_vs_NP","Met+Fun",303,0.511,0.767124579124579
"Combined_vs_NP","Met+Fun",303,0.512,0.767401515151515
"Combined_vs_NP","Met+Fun",303,0.513,0.767678451178451
"Combined_vs_NP","Met+Fun",303,0.514,0.770038720538721
"Combined_vs_NP","Met+Fun",303,0.515,0.770315656565657
"Combined_vs_NP","Met+Fun",303,0.516,0.771592592592593
"Combined_vs_NP","Met+Fun",303,0.517,0.772751034858388
"Combined_vs_NP","Met+Fun",303,0.518,0.772983986928105
"Combined_vs_NP","Met+Fun",303,0.519,0.773100735294118
"Combined_vs_NP","Met+Fun",303,0.52,0.77318137254902
"Combined_vs_NP","Met+Fun",303,0.521,0.773262009803922
"Combined_vs_NP","Met+Fun",303,0.522,0.773342647058823
"Combined_vs_NP","Met+Fun",303,0.523,0.773423284313726
"Combined_vs_NP","Met+Fun",303,0.524,0.773503921568627
"Combined_vs_NP","Met+Fun",303,0.525,0.773651523109244
"Combined_vs_NP","Met+Fun",303,0.526,0.773886327030812
"Combined_vs_NP","Met+Fun",303,0.527,0.774407589285714
"Combined_vs_NP","Met+Fun",303,0.528,0.775076073762838
"Combined_vs_NP","Met+Fun",303,0.529,0.775825808239963
"Combined_vs_NP","Met+Fun",303,0.53,0.776575542717087
"Combined_vs_NP","Met+Fun",303,0.531,0.777325277194211
"Combined_vs_NP","Met+Fun",303,0.532,0.778045845004669
"Combined_vs_NP","Met+Fun",303,0.533,0.778452871148459
"Combined_vs_NP","Met+Fun",303,0.534,0.77885989729225
"Combined_vs_NP","Met+Fun",303,0.535,0.779266923436041
"Combined_vs_NP","Met+Fun",303,0.536,0.779673949579832
"Combined_vs_NP","Met+Fun",303,0.537,0.779960836834734
"Combined_vs_NP","Met+Fun",303,0.538,0.780139807422969
"Combined_vs_NP","Met+Fun",303,0.539,0.780386903011205
"Combined_vs_NP","Met+Fun",303,0.54,0.780824474789916
"Combined_vs_NP","Met+Fun",303,0.541,0.781463237044818
"Combined_vs_NP","Met+Fun",303,0.542,0.782407768530489
"Combined_vs_NP","Met+Fun",303,0.543,0.783326847527473
"Combined_vs_NP","Met+Fun",303,0.544,0.784201318681319
"Combined_vs_NP","Met+Fun",303,0.545,0.785075789835165
"Combined_vs_NP","Met+Fun",303,0.546,0.78591038003663
"Combined_vs_NP","Met+Fun",303,0.547,0.78668693452381
"Combined_vs_NP","Met+Fun",303,0.548,0.787463489010989
"Combined_vs_NP","Met+Fun",303,0.549,0.788408099053724
"Combined_vs_NP","Met+Fun",303,0.55,0.789641597985348
"Combined_vs_NP","Met+Fun",303,0.551,0.790672120726496
"Combined_vs_NP","Met+Fun",303,0.552,0.791666267806268
"Combined_vs_NP","Met+Fun",303,0.553,0.79266041488604
"Combined_vs_NP","Met+Fun",303,0.554,0.793370373931624
"Combined_vs_NP","Met+Fun",303,0.555,0.7940130252849
"Combined_vs_NP","Met+Fun",303,0.556,0.794655676638177
"Combined_vs_NP","Met+Fun",303,0.557,0.795298327991453
"Combined_vs_NP","Met+Fun",303,0.558,0.795940979344729
"Combined_vs_NP","Met+Fun",303,0.559,0.796583630698006
"Combined_vs_NP","Met+Fun",303,0.56,0.797226282051282
"Combined_vs_NP","Met+Fun",303,0.561,0.797802587250712
"Combined_vs_NP","Met+Fun",303,0.562,0.798128892450143
"Combined_vs_NP","Met+Fun",303,0.563,0.798549780982906
"Combined_vs_NP","Met+Fun",303,0.564,0.798987243589744
"Combined_vs_NP","Met+Fun",303,0.565,0.799298317307692
"Combined_vs_NP","Met+Fun",303,0.566,0.799609391025641
"Combined_vs_NP","Met+Fun",303,0.567,0.799956298076923
"Combined_vs_NP","Met+Fun",303,0.568,0.800541538461539
"Combined_vs_NP","Met+Fun",303,0.569,0.801084903846154
"Combined_vs_NP","Met+Fun",303,0.57,0.801601602564103
"Combined_vs_NP","Met+Fun",303,0.571,0.802118301282051
"Combined_vs_NP","Met+Fun",303,0.572,0.802635
"Combined_vs_NP","Met+Fun",303,0.573,0.80314625
"Combined_vs_NP","Met+Fun",303,0.574,0.8035575
"Combined_vs_NP","Met+Fun",303,0.575,0.803822916666667
"Combined_vs_NP","Met+Fun",303,0.576,0.803961282051282
"Combined_vs_NP","Met+Fun",303,0.577,0.804203814102564
"Combined_vs_NP","Met+Fun",303,0.578,0.804378846153846
"Combined_vs_NP","Met+Fun",303,0.579,0.804484294871795
"Combined_vs_NP","Met+Fun",303,0.58,0.804589743589744
"Combined_vs_NP","Met+Fun",303,0.581,0.804695192307692
"Combined_vs_NP","Met+Fun",303,0.582,0.804800641025641
"Combined_vs_NP","Met+Fun",303,0.583,0.80490608974359
"Combined_vs_NP","Met+Fun",303,0.584,0.805011538461539
"Combined_vs_NP","Met+Fun",303,0.585,0.805116987179487
"Combined_vs_NP","Met+Fun",303,0.586,0.805290491452991
"Combined_vs_NP","Met+Fun",303,0.587,0.805472097578348
"Combined_vs_NP","Met+Fun",303,0.588,0.805653703703704
"Combined_vs_NP","Met+Fun",303,0.589,0.80583530982906
"Combined_vs_NP","Met+Fun",303,0.59,0.806016915954416
"Combined_vs_NP","Met+Fun",303,0.591,0.806198522079772
"Combined_vs_NP","Met+Fun",303,0.592,0.806380128205128
"Combined_vs_NP","Met+Fun",303,0.593,0.806629095441595
"Combined_vs_NP","Met+Fun",303,0.594,0.807039173789174
"Combined_vs_NP","Met+Fun",303,0.595,0.807449252136752
"Combined_vs_NP","Met+Fun",303,0.596,0.807832407407407
"Combined_vs_NP","Met+Fun",303,0.597,0.808137037037037
"Combined_vs_NP","Met+Fun",303,0.598,0.808441666666667
"Combined_vs_NP","Met+Fun",303,0.599,0.808746296296296
"Combined_vs_NP","Met+Fun",303,0.6,0.809050925925926
"Combined_vs_NP","Met+Fun",303,0.601,0.809355555555556
"Combined_vs_NP","Met+Fun",303,0.602,0.809619907407407
"Combined_vs_NP","Met+Fun",303,0.603,0.809696064814815
"Combined_vs_NP","Met+Fun",303,0.604,0.809772222222222
"Combined_vs_NP","Met+Fun",303,0.605,0.80987962962963
"Combined_vs_NP","Met+Fun",303,0.606,0.810184259259259
"Combined_vs_NP","Met+Fun",303,0.607,0.810519097222222
"Combined_vs_NP","Met+Fun",303,0.608,0.810872685185185
"Combined_vs_NP","Met+Fun",303,0.609,0.811226273148148
"Combined_vs_NP","Met+Fun",303,0.61,0.811579861111111
"Combined_vs_NP","Met+Fun",303,0.611,0.811946643518519
"Combined_vs_NP","Met+Fun",303,0.612,0.812528703703704
"Combined_vs_NP","Met+Fun",303,0.613,0.813069791666667
"Combined_vs_NP","Met+Fun",303,0.614,0.813575694444444
"Combined_vs_NP","Met+Fun",303,0.615,0.814081597222222
"Combined_vs_NP","Met+Fun",303,0.616,0.8145875
"Combined_vs_NP","Met+Fun",303,0.617,0.815093402777778
"Combined_vs_NP","Met+Fun",303,0.618,0.815599305555556
"Combined_vs_NP","Met+Fun",303,0.619,0.816105208333333
"Combined_vs_NP","Met+Fun",303,0.62,0.816611111111111
"Combined_vs_NP","Met+Fun",303,0.621,0.816902430555556
"Combined_vs_NP","Met+Fun",303,0.622,0.817179861111111
"Combined_vs_NP","Met+Fun",303,0.623,0.817457291666667
"Combined_vs_NP","Met+Fun",303,0.624,0.817529166666667
"Combined_vs_NP","Met+Fun",303,0.625,0.81763599537037
"Combined_vs_NP","Met+Fun",303,0.626,0.817837268518519
"Combined_vs_NP","Met+Fun",303,0.627,0.818038541666667
"Combined_vs_NP","Met+Fun",303,0.628,0.818239814814815
"Combined_vs_NP","Met+Fun",303,0.629,0.818441087962963
"Combined_vs_NP","Met+Fun",303,0.63,0.818642361111111
"Combined_vs_NP","Met+Fun",303,0.631,0.818843634259259
"Combined_vs_NP","Met+Fun",303,0.632,0.819044907407407
"Combined_vs_NP","Met+Fun",303,0.633,0.819246180555556
"Combined_vs_NP","Met+Fun",303,0.634,0.819447453703704
"Combined_vs_NP","Met+Fun",303,0.635,0.819648726851852
"Combined_vs_NP","Met+Fun",303,0.636,0.81985
"Combined_vs_NP","Met+Fun",303,0.637,0.820051273148148
"Combined_vs_NP","Met+Fun",303,0.638,0.820252546296296
"Combined_vs_NP","Met+Fun",303,0.639,0.820453819444444
"Combined_vs_NP","Met+Fun",303,0.64,0.820717592592593
"Combined_vs_NP","Met+Fun",303,0.641,0.821261574074074
"Combined_vs_NP","Met+Fun",303,0.642,0.821987222222222
"Combined_vs_NP","Met+Fun",303,0.643,0.82280537037037
"Combined_vs_NP","Met+Fun",303,0.644,0.823623518518519
"Combined_vs_NP","Met+Fun",303,0.645,0.824441666666667
"Combined_vs_NP","Met+Fun",303,0.646,0.825248009259259
"Combined_vs_NP","Met+Fun",303,0.647,0.825951921296296
"Combined_vs_NP","Met+Fun",303,0.648,0.826655833333333
"Combined_vs_NP","Met+Fun",303,0.649,0.82744412037037
"Combined_vs_NP","Met+Fun",303,0.65,0.829469907407407
"Combined_vs_NP","Met+Fun",303,0.651,0.830803134920635
"Combined_vs_NP","Met+Fun",303,0.652,0.831552301587302
"Combined_vs_NP","Met+Fun",303,0.653,0.832152857142857
"Combined_vs_NP","Met+Fun",303,0.654,0.832753412698413
"Combined_vs_NP","Met+Fun",303,0.655,0.833353968253968
"Combined_vs_NP","Met+Fun",303,0.656,0.833729523809524
"Combined_vs_NP","Met+Fun",303,0.657,0.833974107142857
"Combined_vs_NP","Met+Fun",303,0.658,0.834072023809524
"Combined_vs_NP","Met+Fun",303,0.659,0.834493898809524
"Combined_vs_NP","Met+Fun",303,0.66,0.834934523809524
"Combined_vs_NP","Met+Fun",303,0.661,0.835375148809524
"Combined_vs_NP","Met+Fun",303,0.662,0.835815773809524
"Combined_vs_NP","Met+Fun",303,0.663,0.836300496031746
"Combined_vs_NP","Met+Fun",303,0.664,0.836855357142857
"Combined_vs_NP","Met+Fun",303,0.665,0.837113343253968
"Combined_vs_NP","Met+Fun",303,0.666,0.837325496031746
"Combined_vs_NP","Met+Fun",303,0.667,0.837537648809524
"Combined_vs_NP","Met+Fun",303,0.668,0.838505357142857
"Combined_vs_NP","Met+Fun",303,0.669,0.839666468253968
"Combined_vs_NP","Met+Fun",303,0.67,0.840906746031746
"Combined_vs_NP","Met+Fun",303,0.671,0.842249801587302
"Combined_vs_NP","Met+Fun",303,0.672,0.843574074074074
"Combined_vs_NP","Met+Fun",303,0.673,0.844770833333333
"Combined_vs_NP","Met+Fun",303,0.674,0.845967592592593
"Combined_vs_NP","Met+Fun",303,0.675,0.847008101851852
"Combined_vs_NP","Met+Fun",303,0.676,0.847519444444444
"Combined_vs_NP","Met+Fun",303,0.677,0.848030787037037
"Combined_vs_NP","Met+Fun",303,0.678,0.84854212962963
"Combined_vs_NP","Met+Fun",303,0.679,0.849053472222222
"Combined_vs_NP","Met+Fun",303,0.68,0.849564814814815
"Combined_vs_NP","Met+Fun",303,0.681,0.850059143518519
"Combined_vs_NP","Met+Fun",303,0.682,0.85045625
"Combined_vs_NP","Met+Fun",303,0.683,0.850853356481482
"Combined_vs_NP","Met+Fun",303,0.684,0.851265462962963
"Combined_vs_NP","Met+Fun",303,0.685,0.851799652777778
"Combined_vs_NP","Met+Fun",303,0.686,0.852244027777778
"Combined_vs_NP","Met+Fun",303,0.687,0.852617916666667
"Combined_vs_NP","Met+Fun",303,0.688,0.852885555555556
"Combined_vs_NP","Met+Fun",303,0.689,0.853153194444444
"Combined_vs_NP","Met+Fun",303,0.69,0.853429166666667
"Combined_vs_NP","Met+Fun",303,0.691,0.853970972222222
"Combined_vs_NP","Met+Fun",303,0.692,0.854512777777778
"Combined_vs_NP","Met+Fun",303,0.693,0.855054583333333
"Combined_vs_NP","Met+Fun",303,0.694,0.855667880116959
"Combined_vs_NP","Met+Fun",303,0.695,0.856281834795322
"Combined_vs_NP","Met+Fun",303,0.696,0.856895789473684
"Combined_vs_NP","Met+Fun",303,0.697,0.857509744152047
"Combined_vs_NP","Met+Fun",303,0.698,0.858005365497076
"Combined_vs_NP","Met+Fun",303,0.699,0.858345153508772
"Combined_vs_NP","Met+Fun",303,0.7,0.858559941520468
"Combined_vs_NP","Met+Fun",303,0.701,0.85876264619883
"Combined_vs_NP","Met+Fun",303,0.702,0.858965350877193
"Combined_vs_NP","Met+Fun",303,0.703,0.85910016025641
"Combined_vs_NP","Met+Fun",303,0.704,0.859225033738192
"Combined_vs_NP","Met+Fun",303,0.705,0.859349907219973
"Combined_vs_NP","Met+Fun",303,0.706,0.859474780701754
"Combined_vs_NP","Met+Fun",303,0.707,0.859599654183536
"Combined_vs_NP","Met+Fun",303,0.708,0.859724527665317
"Combined_vs_NP","Met+Fun",303,0.709,0.859849401147099
"Combined_vs_NP","Met+Fun",303,0.71,0.85997427462888
"Combined_vs_NP","Met+Fun",303,0.711,0.860099148110661
"Combined_vs_NP","Met+Fun",303,0.712,0.860430688259109
"Combined_vs_NP","Met+Fun",303,0.713,0.860829728407557
"Combined_vs_NP","Met+Fun",303,0.714,0.861228768556005
"Combined_vs_NP","Met+Fun",303,0.715,0.861627808704453
"Combined_vs_NP","Met+Fun",303,0.716,0.862045896471949
"Combined_vs_NP","Met+Fun",303,0.717,0.862542853287064
"Combined_vs_NP","Met+Fun",303,0.718,0.863039810102178
"Combined_vs_NP","Met+Fun",303,0.719,0.863536766917293
"Combined_vs_NP","Met+Fun",303,0.72,0.864033723732408
"Combined_vs_NP","Met+Fun",303,0.721,0.864530680547523
"Combined_vs_NP","Met+Fun",303,0.722,0.865019304029304
"Combined_vs_NP","Met+Fun",303,0.723,0.865444111721612
"Combined_vs_NP","Met+Fun",303,0.724,0.865868919413919
"Combined_vs_NP","Met+Fun",303,0.725,0.866319768772894
"Combined_vs_NP","Met+Fun",303,0.726,0.867087284798535
"Combined_vs_NP","Met+Fun",303,0.727,0.867702300824176
"Combined_vs_NP","Met+Fun",303,0.728,0.86819565018315
"Combined_vs_NP","Met+Fun",303,0.729,0.868688999542125
"Combined_vs_NP","Met+Fun",303,0.73,0.869256910304608
"Combined_vs_NP","Met+Fun",303,0.731,0.869894557909196
"Combined_vs_NP","Met+Fun",303,0.732,0.870646094402673
"Combined_vs_NP","Met+Fun",303,0.733,0.871397978118373
"Combined_vs_NP","Met+Fun",303,0.734,0.872149861834072
"Combined_vs_NP","Met+Fun",303,0.735,0.872901745549772
"Combined_vs_NP","Met+Fun",303,0.736,0.873453629265471
"Combined_vs_NP","Met+Fun",303,0.737,0.873748568536726
"Combined_vs_NP","Met+Fun",303,0.738,0.874079460188934
"Combined_vs_NP","Met+Fun",303,0.739,0.874471022267207
"Combined_vs_NP","Met+Fun",303,0.74,0.874949426450742
"Combined_vs_NP","Met+Fun",303,0.741,0.875427830634278
"Combined_vs_NP","Met+Fun",303,0.742,0.875887324561404
"Combined_vs_NP","Met+Fun",303,0.743,0.876313004385965
"Combined_vs_NP","Met+Fun",303,0.744,0.876815350877193
"Combined_vs_NP","Met+Fun",303,0.745,0.877332419590643
"Combined_vs_NP","Met+Fun",303,0.746,0.877849488304094
"Combined_vs_NP","Met+Fun",303,0.747,0.878366557017544
"Combined_vs_NP","Met+Fun",303,0.748,0.878883625730994
"Combined_vs_NP","Met+Fun",303,0.749,0.879400694444444
"Combined_vs_NP","Met+Fun",303,0.75,0.879917763157895
"Combined_vs_NP","Met+Fun",303,0.751,0.880464756113769
"Combined_vs_NP","Met+Fun",303,0.752,0.881106446039341
"Combined_vs_NP","Met+Fun",303,0.753,0.881649385964912
"Combined_vs_NP","Met+Fun",303,0.754,0.88215399255715
"Combined_vs_NP","Met+Fun",303,0.755,0.882658599149389
"Combined_vs_NP","Met+Fun",303,0.756,0.883225427963849
"Combined_vs_NP","Met+Fun",303,0.757,0.883821423444976
"Combined_vs_NP","Met+Fun",303,0.758,0.884417418926103
"Combined_vs_NP","Met+Fun",303,0.759,0.884920870547581
"Combined_vs_NP","Met+Fun",303,0.76,0.885372567783094
"Combined_vs_NP","Met+Fun",303,0.761,0.885824265018607
"Combined_vs_NP","Met+Fun",303,0.762,0.88627596225412
"Combined_vs_NP","Met+Fun",303,0.763,0.886753675114633
"Combined_vs_NP","Met+Fun",303,0.764,0.88752237755848
"Combined_vs_NP","Met+Fun",303,0.765,0.888291080002326
"Combined_vs_NP","Met+Fun",303,0.766,0.889055893557283
"Combined_vs_NP","Met+Fun",303,0.767,0.889733207112241
"Combined_vs_NP","Met+Fun",303,0.768,0.890269930555556
"Combined_vs_NP","Met+Fun",303,0.769,0.890678532986111
"Combined_vs_NP","Met+Fun",303,0.77,0.89115546875
"Combined_vs_NP","Met+Fun",303,0.771,0.891594547371032
"Combined_vs_NP","Met+Fun",303,0.772,0.891993149801587
"Combined_vs_NP","Met+Fun",303,0.773,0.892391752232143
"Combined_vs_NP","Met+Fun",303,0.774,0.892790354662698
"Combined_vs_NP","Met+Fun",303,0.775,0.893188957093254
"Combined_vs_NP","Met+Fun",303,0.776,0.89358755952381
"Combined_vs_NP","Met+Fun",303,0.777,0.893986161954365
"Combined_vs_NP","Met+Fun",303,0.778,0.894384764384921
"Combined_vs_NP","Met+Fun",303,0.779,0.89487935639881
"Combined_vs_NP","Met+Fun",303,0.78,0.895386483134921
"Combined_vs_NP","Met+Fun",303,0.781,0.895893609871032
"Combined_vs_NP","Met+Fun",303,0.782,0.896235260416667
"Combined_vs_NP","Met+Fun",303,0.783,0.896610244295635
"Combined_vs_NP","Met+Fun",303,0.784,0.897117371031746
"Combined_vs_NP","Met+Fun",303,0.785,0.897817726934524
"Combined_vs_NP","Met+Fun",303,0.786,0.898564749503968
"Combined_vs_NP","Met+Fun",303,0.787,0.899311772073413
"Combined_vs_NP","Met+Fun",303,0.788,0.900058794642857
"Combined_vs_NP","Met+Fun",303,0.789,0.900805817212302
"Combined_vs_NP","Met+Fun",303,0.79,0.901552839781746
"Combined_vs_NP","Met+Fun",303,0.791,0.902299862351191
"Combined_vs_NP","Met+Fun",303,0.792,0.903046884920635
"Combined_vs_NP","Met+Fun",303,0.793,0.903793907490079
"Combined_vs_NP","Met+Fun",303,0.794,0.904563350694444
"Combined_vs_NP","Met+Fun",303,0.795,0.905343012152778
"Combined_vs_NP","Met+Fun",303,0.796,0.906122673611111
"Combined_vs_NP","Met+Fun",303,0.797,0.906791397569444
"Combined_vs_NP","Met+Fun",303,0.798,0.907399704861111
"Combined_vs_NP","Met+Fun",303,0.799,0.908008012152778
"Combined_vs_NP","Met+Fun",303,0.8,0.908574652777778
"Combined_vs_NP","Met+Fun",303,0.801,0.909114418402778
"Combined_vs_NP","Met+Fun",303,0.802,0.909654184027778
"Combined_vs_NP","Met+Fun",303,0.803,0.910101964699074
"Combined_vs_NP","Met+Fun",303,0.804,0.910487895833333
"Combined_vs_NP","Met+Fun",303,0.805,0.911030326967593
"Combined_vs_NP","Met+Fun",303,0.806,0.911572758101852
"Combined_vs_NP","Met+Fun",303,0.807,0.912115189236111
"Combined_vs_NP","Met+Fun",303,0.808,0.91265762037037
"Combined_vs_NP","Met+Fun",303,0.809,0.91320005150463
"Combined_vs_NP","Met+Fun",303,0.81,0.913742482638889
"Combined_vs_NP","Met+Fun",303,0.811,0.914506441550926
"Combined_vs_NP","Met+Fun",303,0.812,0.915280913580247
"Combined_vs_NP","Met+Fun",303,0.813,0.91605975
"Combined_vs_NP","Met+Fun",303,0.814,0.916838586419753
"Combined_vs_NP","Met+Fun",303,0.815,0.917604922839506
"Combined_vs_NP","Met+Fun",303,0.816,0.918353296296296
"Combined_vs_NP","Met+Fun",303,0.817,0.918966021604938
"Combined_vs_NP","Met+Fun",303,0.818,0.919562080246914
"Combined_vs_NP","Met+Fun",303,0.819,0.920158138888889
"Combined_vs_NP","Met+Fun",303,0.82,0.92055975308642
"Combined_vs_NP","Met+Fun",303,0.821,0.920927339506173
"Combined_vs_NP","Met+Fun",303,0.822,0.921294925925926
"Combined_vs_NP","Met+Fun",303,0.823,0.921662512345679
"Combined_vs_NP","Met+Fun",303,0.824,0.922030098765432
"Combined_vs_NP","Met+Fun",303,0.825,0.922397685185185
"Combined_vs_NP","Met+Fun",303,0.826,0.922765271604938
"Combined_vs_NP","Met+Fun",303,0.827,0.923132858024691
"Combined_vs_NP","Met+Fun",303,0.828,0.923500444444444
"Combined_vs_NP","Met+Fun",303,0.829,0.923756456790124
"Combined_vs_NP","Met+Fun",303,0.83,0.923984985970819
"Combined_vs_NP","Met+Fun",303,0.831,0.924262568181818
"Combined_vs_NP","Met+Fun",303,0.832,0.924540150392817
"Combined_vs_NP","Met+Fun",303,0.833,0.924860914421998
"Combined_vs_NP","Met+Fun",303,0.834,0.925387739057239
"Combined_vs_NP","Met+Fun",303,0.835,0.92591456369248
"Combined_vs_NP","Met+Fun",303,0.836,0.926441388327722
"Combined_vs_NP","Met+Fun",303,0.837,0.926968212962963
"Combined_vs_NP","Met+Fun",303,0.838,0.927495037598204
"Combined_vs_NP","Met+Fun",303,0.839,0.928021862233446
"Combined_vs_NP","Met+Fun",303,0.84,0.928548686868687
"Combined_vs_NP","Met+Fun",303,0.841,0.929338011503928
"Combined_vs_NP","Met+Fun",303,0.842,0.930318137726471
"Combined_vs_NP","Met+Fun",303,0.843,0.931235323472823
"Combined_vs_NP","Met+Fun",303,0.844,0.932152509219176
"Combined_vs_NP","Met+Fun",303,0.845,0.93307214594592
"Combined_vs_NP","Met+Fun",303,0.846,0.934150606202077
"Combined_vs_NP","Met+Fun",303,0.847,0.935229066458233
"Combined_vs_NP","Met+Fun",303,0.848,0.936307526714389
"Combined_vs_NP","Met+Fun",303,0.849,0.937385986970546
"Combined_vs_NP","Met+Fun",303,0.85,0.938142477529732
"Combined_vs_NP","Met+Fun",303,0.851,0.938514750917202
"Combined_vs_NP","Met+Fun",303,0.852,0.938887024304671
"Combined_vs_NP","Met+Fun",303,0.853,0.939238155716832
"Combined_vs_NP","Met+Fun",303,0.854,0.939559657499363
"Combined_vs_NP","Met+Fun",303,0.855,0.939932374559672
"Combined_vs_NP","Met+Fun",303,0.856,0.940345438842204
"Combined_vs_NP","Met+Fun",303,0.857,0.940815447569179
"Combined_vs_NP","Met+Fun",303,0.858,0.941285456296155
"Combined_vs_NP","Met+Fun",303,0.859,0.94175546502313
"Combined_vs_NP","Met+Fun",303,0.86,0.942225473750106
"Combined_vs_NP","Met+Fun",303,0.861,0.942695482477082
"Combined_vs_NP","Met+Fun",303,0.862,0.943165491204057
"Combined_vs_NP","Met+Fun",303,0.863,0.943635499931033
"Combined_vs_NP","Met+Fun",303,0.864,0.944123055555556
"Combined_vs_NP","Met+Fun",303,0.865,0.944615614787582
"Combined_vs_NP","Met+Fun",303,0.866,0.945108174019608
"Combined_vs_NP","Met+Fun",303,0.867,0.945600733251634
"Combined_vs_NP","Met+Fun",303,0.868,0.94609329248366
"Combined_vs_NP","Met+Fun",303,0.869,0.946585851715686
"Combined_vs_NP","Met+Fun",303,0.87,0.947078410947712
"Combined_vs_NP","Met+Fun",303,0.871,0.947572777777778
"Combined_vs_NP","Met+Fun",303,0.872,0.948075416666667
"Combined_vs_NP","Met+Fun",303,0.873,0.948804097222222
"Combined_vs_NP","Met+Fun",303,0.874,0.949649444444444
"Combined_vs_NP","Met+Fun",303,0.875,0.950494791666667
"Combined_vs_NP","Met+Fun",303,0.876,0.951340138888889
"Combined_vs_NP","Met+Fun",303,0.877,0.952208402777778
"Combined_vs_NP","Met+Fun",303,0.878,0.953282222222222
"Combined_vs_NP","Met+Fun",303,0.879,0.954104027777778
"Combined_vs_NP","Met+Fun",303,0.88,0.954753009259259
"Combined_vs_NP","Met+Fun",303,0.881,0.955545046296296
"Combined_vs_NP","Met+Fun",303,0.882,0.956337083333333
"Combined_vs_NP","Met+Fun",303,0.883,0.957141030092593
"Combined_vs_NP","Met+Fun",303,0.884,0.958492824074074
"Combined_vs_NP","Met+Fun",303,0.885,0.959844618055556
"Combined_vs_NP","Met+Fun",303,0.886,0.961196412037037
"Combined_vs_NP","Met+Fun",303,0.887,0.962144456018519
"Combined_vs_NP","Met+Fun",303,0.888,0.962937222222222
"Combined_vs_NP","Met+Fun",303,0.889,0.963557905092593
"Combined_vs_NP","Met+Fun",303,0.89,0.964178587962963
"Combined_vs_NP","Met+Fun",303,0.891,0.964948888888889
"Combined_vs_NP","Met+Fun",303,0.892,0.965923703703704
"Combined_vs_NP","Met+Fun",303,0.893,0.966898518518519
"Combined_vs_NP","Met+Fun",303,0.894,0.9676275
"Combined_vs_NP","Met+Fun",303,0.895,0.967960416666667
"Combined_vs_NP","Met+Fun",303,0.896,0.968293333333333
"Combined_vs_NP","Met+Fun",303,0.897,0.969097083333333
"Combined_vs_NP","Met+Fun",303,0.898,0.970800833333333
"Combined_vs_NP","Met+Fun",303,0.899,0.971375416666667
"Combined_vs_NP","Met+Fun",303,0.9,0.971708333333333
"Combined_vs_NP","Met+Fun",303,0.901,0.97204125
"Combined_vs_NP","Met+Fun",303,0.902,0.972374166666667
"Combined_vs_NP","Met+Fun",303,0.903,0.972815833333333
"Combined_vs_NP","Met+Fun",303,0.904,0.97356
"Combined_vs_NP","Met+Fun",303,0.905,0.974236858974359
"Combined_vs_NP","Met+Fun",303,0.906,0.974890641025641
"Combined_vs_NP","Met+Fun",303,0.907,0.975544423076923
"Combined_vs_NP","Met+Fun",303,0.908,0.976713760683761
"Combined_vs_NP","Met+Fun",303,0.909,0.978098653846154
"Combined_vs_NP","Met+Fun",303,0.91,0.979483547008547
"Combined_vs_NP","Met+Fun",303,0.911,0.98050344017094
"Combined_vs_NP","Met+Fun",303,0.912,0.981353333333333
"Combined_vs_NP","Met+Fun",303,0.913,0.982281282051282
"Combined_vs_NP","Met+Fun",303,0.914,0.983209230769231
"Combined_vs_NP","Met+Fun",303,0.915,0.984108012820513
"Combined_vs_NP","Met+Fun",303,0.916,0.984761794871795
"Combined_vs_NP","Met+Fun",303,0.917,0.985415576923077
"Combined_vs_NP","Met+Fun",303,0.918,0.986161025641026
"Combined_vs_NP","Met+Fun",303,0.919,0.988185641025641
"Combined_vs_NP","Met+Fun",303,0.92,0.989160256410256
"Combined_vs_NP","Met+Fun",303,0.921,0.989275080128205
"Combined_vs_NP","Met+Fun",303,0.922,0.989723237179487
"Combined_vs_NP","Met+Fun",303,0.923,0.990171394230769
"Combined_vs_NP","Met+Fun",303,0.924,0.990619551282051
"Combined_vs_NP","Met+Fun",303,0.925,0.990963541666667
"Combined_vs_NP","Met+Fun",303,0.926,0.99130625
"Combined_vs_NP","Met+Fun",303,0.927,0.991648958333333
"Combined_vs_NP","Met+Fun",303,0.928,0.991666666666667
"Combined_vs_NP","Met+Fun",303,0.929,0.991750595238095
"Combined_vs_NP","Met+Fun",303,0.93,0.991946428571429
"Combined_vs_NP","Met+Fun",303,0.931,0.992142261904762
"Combined_vs_NP","Met+Fun",303,0.932,0.992338095238095
"Combined_vs_NP","Met+Fun",303,0.933,0.992533928571429
"Combined_vs_NP","Met+Fun",303,0.934,0.992729761904762
"Combined_vs_NP","Met+Fun",303,0.935,0.992925595238095
"Combined_vs_NP","Met+Fun",303,0.936,0.993121428571429
"Combined_vs_NP","Met+Fun",303,0.937,0.993317261904762
"Combined_vs_NP","Met+Fun",303,0.938,0.993513095238095
"Combined_vs_NP","Met+Fun",303,0.939,0.993708928571429
"Combined_vs_NP","Met+Fun",303,0.94,0.99375
"Combined_vs_NP","Met+Fun",303,0.941,0.99375
"Combined_vs_NP","Met+Fun",303,0.942,0.99375
"Combined_vs_NP","Met+Fun",303,0.943,0.993921527777778
"Combined_vs_NP","Met+Fun",303,0.944,0.99415
"Combined_vs_NP","Met+Fun",303,0.945,0.994378472222222
"Combined_vs_NP","Met+Fun",303,0.946,0.994606944444444
"Combined_vs_NP","Met+Fun",303,0.947,0.994835416666667
"Combined_vs_NP","Met+Fun",303,0.948,0.995063888888889
"Combined_vs_NP","Met+Fun",303,0.949,0.995407465277778
"Combined_vs_NP","Met+Fun",303,0.95,0.995807291666667
"Combined_vs_NP","Met+Fun",303,0.951,0.996207118055556
"Combined_vs_NP","Met+Fun",303,0.952,0.9964625
"Combined_vs_NP","Met+Fun",303,0.953,0.996633854166667
"Combined_vs_NP","Met+Fun",303,0.954,0.996805208333333
"Combined_vs_NP","Met+Fun",303,0.955,0.9969765625
"Combined_vs_NP","Met+Fun",303,0.956,0.997147916666667
"Combined_vs_NP","Met+Fun",303,0.957,0.997319270833333
"Combined_vs_NP","Met+Fun",303,0.958,0.997490625
"Combined_vs_NP","Met+Fun",303,0.959,0.997661979166667
"Combined_vs_NP","Met+Fun",303,0.96,0.997833333333333
"Combined_vs_NP","Met+Fun",303,0.961,0.997916666666667
"Combined_vs_NP","Met+Fun",303,0.962,0.997916666666667
"Combined_vs_NP","Met+Fun",303,0.963,0.997916666666667
"Combined_vs_NP","Met+Fun",303,0.964,0.997916666666667
"Combined_vs_NP","Met+Fun",303,0.965,0.997916666666667
"Combined_vs_NP","Met+Fun",303,0.966,0.997916666666667
"Combined_vs_NP","Met+Fun",303,0.967,0.997916666666667
"Combined_vs_NP","Met+Fun",303,0.968,0.997916666666667
"Combined_vs_NP","Met+Fun",303,0.969,0.997916666666667
"Combined_vs_NP","Met+Fun",303,0.97,0.998097222222222
"Combined_vs_NP","Met+Fun",303,0.971,0.998554166666667
"Combined_vs_NP","Met+Fun",303,0.972,0.999011111111111
"Combined_vs_NP","Met+Fun",303,0.973,0.999468055555556
"Combined_vs_NP","Met+Fun",303,0.974,0.999925
"Combined_vs_NP","Met+Fun",303,0.975,1
"Combined_vs_NP","Met+Fun",303,0.976,1
"Combined_vs_NP","Met+Fun",303,0.977,1
"Combined_vs_NP","Met+Fun",303,0.978,1
"Combined_vs_NP","Met+Fun",303,0.979,1
"Combined_vs_NP","Met+Fun",303,0.98,1
"Combined_vs_NP","Met+Fun",303,0.981,1
"Combined_vs_NP","Met+Fun",303,0.982,1
"Combined_vs_NP","Met+Fun",303,0.983,1
"Combined_vs_NP","Met+Fun",303,0.984,1
"Combined_vs_NP","Met+Fun",303,0.985,1
"Combined_vs_NP","Met+Fun",303,0.986,1
"Combined_vs_NP","Met+Fun",303,0.987,1
"Combined_vs_NP","Met+Fun",303,0.988,1
"Combined_vs_NP","Met+Fun",303,0.989,1
"Combined_vs_NP","Met+Fun",303,0.99,1
"Combined_vs_NP","Met+Fun",303,0.991,1
"Combined_vs_NP","Met+Fun",303,0.992,1
"Combined_vs_NP","Met+Fun",303,0.993,1
"Combined_vs_NP","Met+Fun",303,0.994,1
"Combined_vs_NP","Met+Fun",303,0.995,1
"Combined_vs_NP","Met+Fun",303,0.996,1
"Combined_vs_NP","Met+Fun",303,0.997,1
"Combined_vs_NP","Met+Fun",303,0.998,1
"Combined_vs_NP","Met+Fun",303,0.999,1
"Combined_vs_NP","Met+Fun",303,1,1
"Combined_vs_NP","Met+Bac",303,0,0
"Combined_vs_NP","Met+Bac",303,0.001,0
"Combined_vs_NP","Met+Bac",303,0.002,0
"Combined_vs_NP","Met+Bac",303,0.003,0
"Combined_vs_NP","Met+Bac",303,0.004,0
"Combined_vs_NP","Met+Bac",303,0.005,0.0125
"Combined_vs_NP","Met+Bac",303,0.006,0.0125
"Combined_vs_NP","Met+Bac",303,0.007,0.0208333333333333
"Combined_vs_NP","Met+Bac",303,0.008,0.025
"Combined_vs_NP","Met+Bac",303,0.009,0.025
"Combined_vs_NP","Met+Bac",303,0.01,0.0395833333333333
"Combined_vs_NP","Met+Bac",303,0.011,0.0416666666666667
"Combined_vs_NP","Met+Bac",303,0.012,0.0416666666666667
"Combined_vs_NP","Met+Bac",303,0.013,0.0416666666666667
"Combined_vs_NP","Met+Bac",303,0.014,0.04375
"Combined_vs_NP","Met+Bac",303,0.015,0.04375
"Combined_vs_NP","Met+Bac",303,0.016,0.0458333333333333
"Combined_vs_NP","Met+Bac",303,0.017,0.0483041666666667
"Combined_vs_NP","Met+Bac",303,0.018,0.0496750000000001
"Combined_vs_NP","Met+Bac",303,0.019,0.0520833333333333
"Combined_vs_NP","Met+Bac",303,0.02,0.05625
"Combined_vs_NP","Met+Bac",303,0.021,0.05625
"Combined_vs_NP","Met+Bac",303,0.022,0.0654750000000001
"Combined_vs_NP","Met+Bac",303,0.023,0.0841708333333336
"Combined_vs_NP","Met+Bac",303,0.024,0.0882833333333334
"Combined_vs_NP","Met+Bac",303,0.025,0.102083333333333
"Combined_vs_NP","Met+Bac",303,0.026,0.108333333333333
"Combined_vs_NP","Met+Bac",303,0.027,0.108333333333333
"Combined_vs_NP","Met+Bac",303,0.028,0.127083333333333
"Combined_vs_NP","Met+Bac",303,0.029,0.135416666666667
"Combined_vs_NP","Met+Bac",303,0.03,0.135416666666667
"Combined_vs_NP","Met+Bac",303,0.031,0.145833333333333
"Combined_vs_NP","Met+Bac",303,0.032,0.147916666666667
"Combined_vs_NP","Met+Bac",303,0.033,0.147916666666667
"Combined_vs_NP","Met+Bac",303,0.034,0.1503875
"Combined_vs_NP","Met+Bac",303,0.035,0.15315625
"Combined_vs_NP","Met+Bac",303,0.036,0.153841666666667
"Combined_vs_NP","Met+Bac",303,0.037,0.165544444444444
"Combined_vs_NP","Met+Bac",303,0.038,0.177780555555556
"Combined_vs_NP","Met+Bac",303,0.039,0.1782375
"Combined_vs_NP","Met+Bac",303,0.04,0.178694444444444
"Combined_vs_NP","Met+Bac",303,0.041,0.179151388888889
"Combined_vs_NP","Met+Bac",303,0.042,0.182575
"Combined_vs_NP","Met+Bac",303,0.043,0.1875
"Combined_vs_NP","Met+Bac",303,0.044,0.1875
"Combined_vs_NP","Met+Bac",303,0.045,0.1875
"Combined_vs_NP","Met+Bac",303,0.046,0.188523611111111
"Combined_vs_NP","Met+Bac",303,0.047,0.191036805555556
"Combined_vs_NP","Met+Bac",303,0.048,0.19685
"Combined_vs_NP","Met+Bac",303,0.049,0.201809027777778
"Combined_vs_NP","Met+Bac",303,0.05,0.202951388888889
"Combined_vs_NP","Met+Bac",303,0.051,0.20370625
"Combined_vs_NP","Met+Bac",303,0.052,0.204616666666667
"Combined_vs_NP","Met+Bac",303,0.053,0.2059875
"Combined_vs_NP","Met+Bac",303,0.054,0.207358333333333
"Combined_vs_NP","Met+Bac",303,0.055,0.213291666666667
"Combined_vs_NP","Met+Bac",303,0.056,0.216033333333333
"Combined_vs_NP","Met+Bac",303,0.057,0.220833333333333
"Combined_vs_NP","Met+Bac",303,0.058,0.220833333333333
"Combined_vs_NP","Met+Bac",303,0.059,0.220833333333333
"Combined_vs_NP","Met+Bac",303,0.06,0.220833333333333
"Combined_vs_NP","Met+Bac",303,0.061,0.225
"Combined_vs_NP","Met+Bac",303,0.062,0.225
"Combined_vs_NP","Met+Bac",303,0.063,0.225
"Combined_vs_NP","Met+Bac",303,0.064,0.231483333333333
"Combined_vs_NP","Met+Bac",303,0.065,0.232854166666667
"Combined_vs_NP","Met+Bac",303,0.066,0.233333333333333
"Combined_vs_NP","Met+Bac",303,0.067,0.233333333333333
"Combined_vs_NP","Met+Bac",303,0.068,0.233333333333333
"Combined_vs_NP","Met+Bac",303,0.069,0.235008333333333
"Combined_vs_NP","Met+Bac",303,0.07,0.239583333333333
"Combined_vs_NP","Met+Bac",303,0.071,0.239583333333333
"Combined_vs_NP","Met+Bac",303,0.072,0.239583333333333
"Combined_vs_NP","Met+Bac",303,0.073,0.243785416666667
"Combined_vs_NP","Met+Bac",303,0.074,0.244470833333333
"Combined_vs_NP","Met+Bac",303,0.075,0.247239583333333
"Combined_vs_NP","Met+Bac",303,0.076,0.247941666666667
"Combined_vs_NP","Met+Bac",303,0.077,0.249997916666667
"Combined_vs_NP","Met+Bac",303,0.078,0.251379166666667
"Combined_vs_NP","Met+Bac",303,0.079,0.252064583333333
"Combined_vs_NP","Met+Bac",303,0.08,0.25625
"Combined_vs_NP","Met+Bac",303,0.081,0.258954166666667
"Combined_vs_NP","Met+Bac",303,0.082,0.260325
"Combined_vs_NP","Met+Bac",303,0.083,0.260416666666667
"Combined_vs_NP","Met+Bac",303,0.084,0.263066666666667
"Combined_vs_NP","Met+Bac",303,0.085,0.2644375
"Combined_vs_NP","Met+Bac",303,0.086,0.266666666666667
"Combined_vs_NP","Met+Bac",303,0.087,0.266666666666667
"Combined_vs_NP","Met+Bac",303,0.088,0.266666666666667
"Combined_vs_NP","Met+Bac",303,0.089,0.266666666666667
"Combined_vs_NP","Met+Bac",303,0.09,0.26875
"Combined_vs_NP","Met+Bac",303,0.091,0.26875
"Combined_vs_NP","Met+Bac",303,0.092,0.26875
"Combined_vs_NP","Met+Bac",303,0.093,0.271439583333333
"Combined_vs_NP","Met+Bac",303,0.094,0.273495833333333
"Combined_vs_NP","Met+Bac",303,0.095,0.277635416666667
"Combined_vs_NP","Met+Bac",303,0.096,0.281425
"Combined_vs_NP","Met+Bac",303,0.097,0.282110416666667
"Combined_vs_NP","Met+Bac",303,0.098,0.2869625
"Combined_vs_NP","Met+Bac",303,0.099,0.287598611111111
"Combined_vs_NP","Met+Bac",303,0.1,0.288055555555556
"Combined_vs_NP","Met+Bac",303,0.101,0.288989583333333
"Combined_vs_NP","Met+Bac",303,0.102,0.290373611111111
"Combined_vs_NP","Met+Bac",303,0.103,0.292886805555556
"Combined_vs_NP","Met+Bac",303,0.104,0.298816666666667
"Combined_vs_NP","Met+Bac",303,0.105,0.3
"Combined_vs_NP","Met+Bac",303,0.106,0.3
"Combined_vs_NP","Met+Bac",303,0.107,0.302083333333333
"Combined_vs_NP","Met+Bac",303,0.108,0.30235
"Combined_vs_NP","Met+Bac",303,0.109,0.305091666666667
"Combined_vs_NP","Met+Bac",303,0.11,0.307041666666667
"Combined_vs_NP","Met+Bac",303,0.111,0.308333333333333
"Combined_vs_NP","Met+Bac",303,0.112,0.308333333333333
"Combined_vs_NP","Met+Bac",303,0.113,0.309439583333333
"Combined_vs_NP","Met+Bac",303,0.114,0.317720833333333
"Combined_vs_NP","Met+Bac",303,0.115,0.31840625
"Combined_vs_NP","Met+Bac",303,0.116,0.324477777777778
"Combined_vs_NP","Met+Bac",303,0.117,0.331788888888889
"Combined_vs_NP","Met+Bac",303,0.118,0.332391666666667
"Combined_vs_NP","Met+Bac",303,0.119,0.335561111111111
"Combined_vs_NP","Met+Bac",303,0.12,0.337388888888889
"Combined_vs_NP","Met+Bac",303,0.121,0.3387875
"Combined_vs_NP","Met+Bac",303,0.122,0.34049375
"Combined_vs_NP","Met+Bac",303,0.123,0.342664236111111
"Combined_vs_NP","Met+Bac",303,0.124,0.343601388888889
"Combined_vs_NP","Met+Bac",303,0.125,0.344401041666667
"Combined_vs_NP","Met+Bac",303,0.126,0.345200694444444
"Combined_vs_NP","Met+Bac",303,0.127,0.345607291666667
"Combined_vs_NP","Met+Bac",303,0.128,0.347916666666667
"Combined_vs_NP","Met+Bac",303,0.129,0.347916666666667
"Combined_vs_NP","Met+Bac",303,0.13,0.349041666666667
"Combined_vs_NP","Met+Bac",303,0.131,0.350825
"Combined_vs_NP","Met+Bac",303,0.132,0.353566666666667
"Combined_vs_NP","Met+Bac",303,0.133,0.354523611111111
"Combined_vs_NP","Met+Bac",303,0.134,0.355219444444444
"Combined_vs_NP","Met+Bac",303,0.135,0.356590277777778
"Combined_vs_NP","Met+Bac",303,0.136,0.360044444444444
"Combined_vs_NP","Met+Bac",303,0.137,0.363701388888889
"Combined_vs_NP","Met+Bac",303,0.138,0.365986111111111
"Combined_vs_NP","Met+Bac",303,0.139,0.366666666666667
"Combined_vs_NP","Met+Bac",303,0.14,0.36875
"Combined_vs_NP","Met+Bac",303,0.141,0.36875
"Combined_vs_NP","Met+Bac",303,0.142,0.36875
"Combined_vs_NP","Met+Bac",303,0.143,0.36875
"Combined_vs_NP","Met+Bac",303,0.144,0.36875
"Combined_vs_NP","Met+Bac",303,0.145,0.36875
"Combined_vs_NP","Met+Bac",303,0.146,0.371045833333333
"Combined_vs_NP","Met+Bac",303,0.147,0.373102083333333
"Combined_vs_NP","Met+Bac",303,0.148,0.375158333333333
"Combined_vs_NP","Met+Bac",303,0.149,0.377170833333333
"Combined_vs_NP","Met+Bac",303,0.15,0.378541666666667
"Combined_vs_NP","Met+Bac",303,0.151,0.379415277777778
"Combined_vs_NP","Met+Bac",303,0.152,0.379872222222222
"Combined_vs_NP","Met+Bac",303,0.153,0.380329166666667
"Combined_vs_NP","Met+Bac",303,0.154,0.381477777777778
"Combined_vs_NP","Met+Bac",303,0.155,0.383305555555556
"Combined_vs_NP","Met+Bac",303,0.156,0.383333333333333
"Combined_vs_NP","Met+Bac",303,0.157,0.383333333333333
"Combined_vs_NP","Met+Bac",303,0.158,0.383333333333333
"Combined_vs_NP","Met+Bac",303,0.159,0.38398125
"Combined_vs_NP","Met+Bac",303,0.16,0.385541666666667
"Combined_vs_NP","Met+Bac",303,0.161,0.388283333333333
"Combined_vs_NP","Met+Bac",303,0.162,0.390404166666667
"Combined_vs_NP","Met+Bac",303,0.163,0.39375
"Combined_vs_NP","Met+Bac",303,0.164,0.39375
"Combined_vs_NP","Met+Bac",303,0.165,0.39375
"Combined_vs_NP","Met+Bac",303,0.166,0.394225
"Combined_vs_NP","Met+Bac",303,0.167,0.395595833333333
"Combined_vs_NP","Met+Bac",303,0.168,0.396966666666667
"Combined_vs_NP","Met+Bac",303,0.169,0.397916666666667
"Combined_vs_NP","Met+Bac",303,0.17,0.397916666666667
"Combined_vs_NP","Met+Bac",303,0.171,0.398995833333333
"Combined_vs_NP","Met+Bac",303,0.172,0.402083333333333
"Combined_vs_NP","Met+Bac",303,0.173,0.402083333333333
"Combined_vs_NP","Met+Bac",303,0.174,0.402083333333333
"Combined_vs_NP","Met+Bac",303,0.175,0.402083333333333
"Combined_vs_NP","Met+Bac",303,0.176,0.402083333333333
"Combined_vs_NP","Met+Bac",303,0.177,0.402083333333333
"Combined_vs_NP","Met+Bac",303,0.178,0.402083333333333
"Combined_vs_NP","Met+Bac",303,0.179,0.402083333333333
"Combined_vs_NP","Met+Bac",303,0.18,0.402541666666667
"Combined_vs_NP","Met+Bac",303,0.181,0.40343125
"Combined_vs_NP","Met+Bac",303,0.182,0.4054875
"Combined_vs_NP","Met+Bac",303,0.183,0.4071125
"Combined_vs_NP","Met+Bac",303,0.184,0.408333333333333
"Combined_vs_NP","Met+Bac",303,0.185,0.408333333333333
"Combined_vs_NP","Met+Bac",303,0.186,0.408333333333333
"Combined_vs_NP","Met+Bac",303,0.187,0.408477083333333
"Combined_vs_NP","Met+Bac",303,0.188,0.410533333333333
"Combined_vs_NP","Met+Bac",303,0.189,0.414097916666667
"Combined_vs_NP","Met+Bac",303,0.19,0.420833333333333
"Combined_vs_NP","Met+Bac",303,0.191,0.420833333333333
"Combined_vs_NP","Met+Bac",303,0.192,0.422916666666667
"Combined_vs_NP","Met+Bac",303,0.193,0.422916666666667
"Combined_vs_NP","Met+Bac",303,0.194,0.423595833333333
"Combined_vs_NP","Met+Bac",303,0.195,0.42428125
"Combined_vs_NP","Met+Bac",303,0.196,0.424966666666667
"Combined_vs_NP","Met+Bac",303,0.197,0.42695625
"Combined_vs_NP","Met+Bac",303,0.198,0.429308333333333
"Combined_vs_NP","Met+Bac",303,0.199,0.43205
"Combined_vs_NP","Met+Bac",303,0.2,0.432916666666667
"Combined_vs_NP","Met+Bac",303,0.201,0.433870833333333
"Combined_vs_NP","Met+Bac",303,0.202,0.435241666666667
"Combined_vs_NP","Met+Bac",303,0.203,0.436911458333334
"Combined_vs_NP","Met+Bac",303,0.204,0.438238333333333
"Combined_vs_NP","Met+Bac",303,0.205,0.438855208333333
"Combined_vs_NP","Met+Bac",303,0.206,0.439472083333333
"Combined_vs_NP","Met+Bac",303,0.207,0.440088958333333
"Combined_vs_NP","Met+Bac",303,0.208,0.440705833333333
"Combined_vs_NP","Met+Bac",303,0.209,0.441322708333333
"Combined_vs_NP","Met+Bac",303,0.21,0.444022916666667
"Combined_vs_NP","Met+Bac",303,0.211,0.444639791666667
"Combined_vs_NP","Met+Bac",303,0.212,0.445911111111111
"Combined_vs_NP","Met+Bac",303,0.213,0.447396180555555
"Combined_vs_NP","Met+Bac",303,0.214,0.44888125
"Combined_vs_NP","Met+Bac",303,0.215,0.449958333333333
"Combined_vs_NP","Met+Bac",303,0.216,0.45495
"Combined_vs_NP","Met+Bac",303,0.217,0.455406944444444
"Combined_vs_NP","Met+Bac",303,0.218,0.457251388888889
"Combined_vs_NP","Met+Bac",303,0.219,0.4595875
"Combined_vs_NP","Met+Bac",303,0.22,0.460958333333333
"Combined_vs_NP","Met+Bac",303,0.221,0.46189375
"Combined_vs_NP","Met+Bac",303,0.222,0.4625
"Combined_vs_NP","Met+Bac",303,0.223,0.4625
"Combined_vs_NP","Met+Bac",303,0.224,0.4625
"Combined_vs_NP","Met+Bac",303,0.225,0.462534722222222
"Combined_vs_NP","Met+Bac",303,0.226,0.462991666666667
"Combined_vs_NP","Met+Bac",303,0.227,0.463448611111111
"Combined_vs_NP","Met+Bac",303,0.228,0.472238888888889
"Combined_vs_NP","Met+Bac",303,0.229,0.472695833333333
"Combined_vs_NP","Met+Bac",303,0.23,0.472916666666667
"Combined_vs_NP","Met+Bac",303,0.231,0.472916666666667
"Combined_vs_NP","Met+Bac",303,0.232,0.472916666666667
"Combined_vs_NP","Met+Bac",303,0.233,0.472916666666667
"Combined_vs_NP","Met+Bac",303,0.234,0.472916666666667
"Combined_vs_NP","Met+Bac",303,0.235,0.472916666666667
"Combined_vs_NP","Met+Bac",303,0.236,0.472916666666667
"Combined_vs_NP","Met+Bac",303,0.237,0.472916666666667
"Combined_vs_NP","Met+Bac",303,0.238,0.472916666666667
"Combined_vs_NP","Met+Bac",303,0.239,0.47581875
"Combined_vs_NP","Met+Bac",303,0.24,0.477875
"Combined_vs_NP","Met+Bac",303,0.241,0.478727083333333
"Combined_vs_NP","Met+Bac",303,0.242,0.479166666666667
"Combined_vs_NP","Met+Bac",303,0.243,0.479166666666667
"Combined_vs_NP","Met+Bac",303,0.244,0.479166666666667
"Combined_vs_NP","Met+Bac",303,0.245,0.479604166666667
"Combined_vs_NP","Met+Bac",303,0.246,0.480975
"Combined_vs_NP","Met+Bac",303,0.247,0.482345833333333
"Combined_vs_NP","Met+Bac",303,0.248,0.483333333333333
"Combined_vs_NP","Met+Bac",303,0.249,0.483333333333333
"Combined_vs_NP","Met+Bac",303,0.25,0.483333333333333
"Combined_vs_NP","Met+Bac",303,0.251,0.483497916666667
"Combined_vs_NP","Met+Bac",303,0.252,0.484183333333333
"Combined_vs_NP","Met+Bac",303,0.253,0.48635
"Combined_vs_NP","Met+Bac",303,0.254,0.489091666666667
"Combined_vs_NP","Met+Bac",303,0.255,0.491833333333333
"Combined_vs_NP","Met+Bac",303,0.256,0.493175
"Combined_vs_NP","Met+Bac",303,0.257,0.49375
"Combined_vs_NP","Met+Bac",303,0.258,0.49375
"Combined_vs_NP","Met+Bac",303,0.259,0.494043055555556
"Combined_vs_NP","Met+Bac",303,0.26,0.496583333333333
"Combined_vs_NP","Met+Bac",303,0.261,0.497040277777778
"Combined_vs_NP","Met+Bac",303,0.262,0.497497222222222
"Combined_vs_NP","Met+Bac",303,0.263,0.502083333333333
"Combined_vs_NP","Met+Bac",303,0.264,0.502083333333333
"Combined_vs_NP","Met+Bac",303,0.265,0.503239583333333
"Combined_vs_NP","Met+Bac",303,0.266,0.5052375
"Combined_vs_NP","Met+Bac",303,0.267,0.505922916666667
"Combined_vs_NP","Met+Bac",303,0.268,0.506488888888889
"Combined_vs_NP","Met+Bac",303,0.269,0.506947222222222
"Combined_vs_NP","Met+Bac",303,0.27,0.507861111111111
"Combined_vs_NP","Met+Bac",303,0.271,0.5101
"Combined_vs_NP","Met+Bac",303,0.272,0.513755555555556
"Combined_vs_NP","Met+Bac",303,0.273,0.514329166666667
"Combined_vs_NP","Met+Bac",303,0.274,0.5148875
"Combined_vs_NP","Met+Bac",303,0.275,0.515572916666667
"Combined_vs_NP","Met+Bac",303,0.276,0.516258333333333
"Combined_vs_NP","Met+Bac",303,0.277,0.51875
"Combined_vs_NP","Met+Bac",303,0.278,0.51875
"Combined_vs_NP","Met+Bac",303,0.279,0.5199625
"Combined_vs_NP","Met+Bac",303,0.28,0.522916666666667
"Combined_vs_NP","Met+Bac",303,0.281,0.522916666666667
"Combined_vs_NP","Met+Bac",303,0.282,0.524654166666667
"Combined_vs_NP","Met+Bac",303,0.283,0.526264583333333
"Combined_vs_NP","Met+Bac",303,0.284,0.52695
"Combined_vs_NP","Met+Bac",303,0.285,0.5281875
"Combined_vs_NP","Met+Bac",303,0.286,0.53125
"Combined_vs_NP","Met+Bac",303,0.287,0.53125
"Combined_vs_NP","Met+Bac",303,0.288,0.53125
"Combined_vs_NP","Met+Bac",303,0.289,0.531503125
"Combined_vs_NP","Met+Bac",303,0.29,0.53253125
"Combined_vs_NP","Met+Bac",303,0.291,0.533559375
"Combined_vs_NP","Met+Bac",303,0.292,0.534445833333333
"Combined_vs_NP","Met+Bac",303,0.293,0.534788541666667
"Combined_vs_NP","Met+Bac",303,0.294,0.535759027777778
"Combined_vs_NP","Met+Bac",303,0.295,0.5371875
"Combined_vs_NP","Met+Bac",303,0.296,0.539472222222222
"Combined_vs_NP","Met+Bac",303,0.297,0.541091319444444
"Combined_vs_NP","Met+Bac",303,0.298,0.54240625
"Combined_vs_NP","Met+Bac",303,0.299,0.544119791666666
"Combined_vs_NP","Met+Bac",303,0.3,0.545
"Combined_vs_NP","Met+Bac",303,0.301,0.547546875
"Combined_vs_NP","Met+Bac",303,0.302,0.549260416666667
"Combined_vs_NP","Met+Bac",303,0.303,0.550389583333333
"Combined_vs_NP","Met+Bac",303,0.304,0.551075
"Combined_vs_NP","Met+Bac",303,0.305,0.551760416666667
"Combined_vs_NP","Met+Bac",303,0.306,0.554258333333334
"Combined_vs_NP","Met+Bac",303,0.307,0.558333333333333
"Combined_vs_NP","Met+Bac",303,0.308,0.558333333333333
"Combined_vs_NP","Met+Bac",303,0.309,0.55866875
"Combined_vs_NP","Met+Bac",303,0.31,0.559354166666667
"Combined_vs_NP","Met+Bac",303,0.311,0.5627875
"Combined_vs_NP","Met+Bac",303,0.312,0.56385
"Combined_vs_NP","Met+Bac",303,0.313,0.564535416666667
"Combined_vs_NP","Met+Bac",303,0.314,0.565858333333333
"Combined_vs_NP","Met+Bac",303,0.315,0.566666666666667
"Combined_vs_NP","Met+Bac",303,0.316,0.566666666666667
"Combined_vs_NP","Met+Bac",303,0.317,0.566666666666667
"Combined_vs_NP","Met+Bac",303,0.318,0.566751388888889
"Combined_vs_NP","Met+Bac",303,0.319,0.566979861111111
"Combined_vs_NP","Met+Bac",303,0.32,0.567208333333333
"Combined_vs_NP","Met+Bac",303,0.321,0.567436805555556
"Combined_vs_NP","Met+Bac",303,0.322,0.567665277777778
"Combined_vs_NP","Met+Bac",303,0.323,0.570533333333333
"Combined_vs_NP","Met+Bac",303,0.324,0.571447222222222
"Combined_vs_NP","Met+Bac",303,0.325,0.572361111111111
"Combined_vs_NP","Met+Bac",303,0.326,0.573980555555556
"Combined_vs_NP","Met+Bac",303,0.327,0.577488194444444
"Combined_vs_NP","Met+Bac",303,0.328,0.577716666666667
"Combined_vs_NP","Met+Bac",303,0.329,0.581534722222222
"Combined_vs_NP","Met+Bac",303,0.33,0.585611111111111
"Combined_vs_NP","Met+Bac",303,0.331,0.586525
"Combined_vs_NP","Met+Bac",303,0.332,0.589047222222222
"Combined_vs_NP","Met+Bac",303,0.333,0.589394444444444
"Combined_vs_NP","Met+Bac",303,0.334,0.590308333333333
"Combined_vs_NP","Met+Bac",303,0.335,0.59196875
"Combined_vs_NP","Met+Bac",303,0.336,0.59375
"Combined_vs_NP","Met+Bac",303,0.337,0.59375
"Combined_vs_NP","Met+Bac",303,0.338,0.597797222222223
"Combined_vs_NP","Met+Bac",303,0.339,0.600802083333333
"Combined_vs_NP","Met+Bac",303,0.34,0.601944444444445
"Combined_vs_NP","Met+Bac",303,0.341,0.603086805555555
"Combined_vs_NP","Met+Bac",303,0.342,0.604166666666667
"Combined_vs_NP","Met+Bac",303,0.343,0.604166666666667
"Combined_vs_NP","Met+Bac",303,0.344,0.604533333333333
"Combined_vs_NP","Met+Bac",303,0.345,0.60521875
"Combined_vs_NP","Met+Bac",303,0.346,0.605904166666667
"Combined_vs_NP","Met+Bac",303,0.347,0.606929166666667
"Combined_vs_NP","Met+Bac",303,0.348,0.6083
"Combined_vs_NP","Met+Bac",303,0.349,0.609670833333333
"Combined_vs_NP","Met+Bac",303,0.35,0.611041666666667
"Combined_vs_NP","Met+Bac",303,0.351,0.6124125
"Combined_vs_NP","Met+Bac",303,0.352,0.613783333333333
"Combined_vs_NP","Met+Bac",303,0.353,0.614583333333333
"Combined_vs_NP","Met+Bac",303,0.354,0.614583333333333
"Combined_vs_NP","Met+Bac",303,0.355,0.614829166666667
"Combined_vs_NP","Met+Bac",303,0.356,0.615103333333333
"Combined_vs_NP","Met+Bac",303,0.357,0.6153775
"Combined_vs_NP","Met+Bac",303,0.358,0.615945416666667
"Combined_vs_NP","Met+Bac",303,0.359,0.616562291666667
"Combined_vs_NP","Met+Bac",303,0.36,0.617179166666667
"Combined_vs_NP","Met+Bac",303,0.361,0.617796041666667
"Combined_vs_NP","Met+Bac",303,0.362,0.618447916666667
"Combined_vs_NP","Met+Bac",303,0.363,0.619182291666667
"Combined_vs_NP","Met+Bac",303,0.364,0.620005555555555
"Combined_vs_NP","Met+Bac",303,0.365,0.620854166666667
"Combined_vs_NP","Met+Bac",303,0.366,0.621702777777778
"Combined_vs_NP","Met+Bac",303,0.367,0.622551388888889
"Combined_vs_NP","Met+Bac",303,0.368,0.6233
"Combined_vs_NP","Met+Bac",303,0.369,0.623691666666667
"Combined_vs_NP","Met+Bac",303,0.37,0.624083333333333
"Combined_vs_NP","Met+Bac",303,0.371,0.624475
"Combined_vs_NP","Met+Bac",303,0.372,0.624866666666667
"Combined_vs_NP","Met+Bac",303,0.373,0.625226041666667
"Combined_vs_NP","Met+Bac",303,0.374,0.62556875
"Combined_vs_NP","Met+Bac",303,0.375,0.625911458333333
"Combined_vs_NP","Met+Bac",303,0.376,0.6283375
"Combined_vs_NP","Met+Bac",303,0.377,0.628680208333333
"Combined_vs_NP","Met+Bac",303,0.378,0.629022916666667
"Combined_vs_NP","Met+Bac",303,0.379,0.629564583333333
"Combined_vs_NP","Met+Bac",303,0.38,0.630266666666667
"Combined_vs_NP","Met+Bac",303,0.381,0.63122625
"Combined_vs_NP","Met+Bac",303,0.382,0.631815
"Combined_vs_NP","Met+Bac",303,0.383,0.632096458333333
"Combined_vs_NP","Met+Bac",303,0.384,0.632713333333333
"Combined_vs_NP","Met+Bac",303,0.385,0.633834375
"Combined_vs_NP","Met+Bac",303,0.386,0.635456527777778
"Combined_vs_NP","Met+Bac",303,0.387,0.638424513888889
"Combined_vs_NP","Met+Bac",303,0.388,0.6406575
"Combined_vs_NP","Met+Bac",303,0.389,0.642005486111111
"Combined_vs_NP","Met+Bac",303,0.39,0.6426
"Combined_vs_NP","Met+Bac",303,0.391,0.643630972222222
"Combined_vs_NP","Met+Bac",303,0.392,0.645321666666667
"Combined_vs_NP","Met+Bac",303,0.393,0.646517361111111
"Combined_vs_NP","Met+Bac",303,0.394,0.647397222222222
"Combined_vs_NP","Met+Bac",303,0.395,0.647854166666667
"Combined_vs_NP","Met+Bac",303,0.396,0.6491
"Combined_vs_NP","Met+Bac",303,0.397,0.65
"Combined_vs_NP","Met+Bac",303,0.398,0.65
"Combined_vs_NP","Met+Bac",303,0.399,0.65
"Combined_vs_NP","Met+Bac",303,0.4,0.65
"Combined_vs_NP","Met+Bac",303,0.401,0.65
"Combined_vs_NP","Met+Bac",303,0.402,0.65
"Combined_vs_NP","Met+Bac",303,0.403,0.65
"Combined_vs_NP","Met+Bac",303,0.404,0.65
"Combined_vs_NP","Met+Bac",303,0.405,0.65
"Combined_vs_NP","Met+Bac",303,0.406,0.650256944444444
"Combined_vs_NP","Met+Bac",303,0.407,0.651399305555556
"Combined_vs_NP","Met+Bac",303,0.408,0.652541666666667
"Combined_vs_NP","Met+Bac",303,0.409,0.653556944444444
"Combined_vs_NP","Met+Bac",303,0.41,0.654013888888889
"Combined_vs_NP","Met+Bac",303,0.411,0.654166666666667
"Combined_vs_NP","Met+Bac",303,0.412,0.654166666666667
"Combined_vs_NP","Met+Bac",303,0.413,0.654166666666667
"Combined_vs_NP","Met+Bac",303,0.414,0.654166666666667
"Combined_vs_NP","Met+Bac",303,0.415,0.654166666666667
"Combined_vs_NP","Met+Bac",303,0.416,0.654166666666667
"Combined_vs_NP","Met+Bac",303,0.417,0.656920138888889
"Combined_vs_NP","Met+Bac",303,0.418,0.6580625
"Combined_vs_NP","Met+Bac",303,0.419,0.659204861111111
"Combined_vs_NP","Met+Bac",303,0.42,0.660347222222222
"Combined_vs_NP","Met+Bac",303,0.421,0.661495833333333
"Combined_vs_NP","Met+Bac",303,0.422,0.662866666666667
"Combined_vs_NP","Met+Bac",303,0.423,0.663889583333333
"Combined_vs_NP","Met+Bac",303,0.424,0.664575
"Combined_vs_NP","Met+Bac",303,0.425,0.664583333333333
"Combined_vs_NP","Met+Bac",303,0.426,0.664690277777778
"Combined_vs_NP","Met+Bac",303,0.427,0.66491875
"Combined_vs_NP","Met+Bac",303,0.428,0.666447222222222
"Combined_vs_NP","Met+Bac",303,0.429,0.667459027777778
"Combined_vs_NP","Met+Bac",303,0.43,0.6676875
"Combined_vs_NP","Met+Bac",303,0.431,0.668677314814815
"Combined_vs_NP","Met+Bac",303,0.432,0.669743518518518
"Combined_vs_NP","Met+Bac",303,0.433,0.670809722222222
"Combined_vs_NP","Met+Bac",303,0.434,0.671280092592593
"Combined_vs_NP","Met+Bac",303,0.435,0.671581018518518
"Combined_vs_NP","Met+Bac",303,0.436,0.671733333333333
"Combined_vs_NP","Met+Bac",303,0.437,0.671885648148148
"Combined_vs_NP","Met+Bac",303,0.438,0.672037962962963
"Combined_vs_NP","Met+Bac",303,0.439,0.672190277777778
"Combined_vs_NP","Met+Bac",303,0.44,0.672342592592593
"Combined_vs_NP","Met+Bac",303,0.441,0.672494907407407
"Combined_vs_NP","Met+Bac",303,0.442,0.672647222222222
"Combined_vs_NP","Met+Bac",303,0.443,0.67488287037037
"Combined_vs_NP","Met+Bac",303,0.444,0.677083333333333
"Combined_vs_NP","Met+Bac",303,0.445,0.677083333333333
"Combined_vs_NP","Met+Bac",303,0.446,0.677083333333333
"Combined_vs_NP","Met+Bac",303,0.447,0.677083333333333
"Combined_vs_NP","Met+Bac",303,0.448,0.677083333333333
"Combined_vs_NP","Met+Bac",303,0.449,0.677083333333333
"Combined_vs_NP","Met+Bac",303,0.45,0.677083333333333
"Combined_vs_NP","Met+Bac",303,0.451,0.677083333333333
"Combined_vs_NP","Met+Bac",303,0.452,0.677516666666667
"Combined_vs_NP","Met+Bac",303,0.453,0.678202083333333
"Combined_vs_NP","Met+Bac",303,0.454,0.6788875
"Combined_vs_NP","Met+Bac",303,0.455,0.679166666666667
"Combined_vs_NP","Met+Bac",303,0.456,0.679216666666667
"Combined_vs_NP","Met+Bac",303,0.457,0.679902083333333
"Combined_vs_NP","Met+Bac",303,0.458,0.6805875
"Combined_vs_NP","Met+Bac",303,0.459,0.681295833333333
"Combined_vs_NP","Met+Bac",303,0.46,0.682666666666667
"Combined_vs_NP","Met+Bac",303,0.461,0.683861458333333
"Combined_vs_NP","Met+Bac",303,0.462,0.684889583333333
"Combined_vs_NP","Met+Bac",303,0.463,0.685917708333333
"Combined_vs_NP","Met+Bac",303,0.464,0.686750833333333
"Combined_vs_NP","Met+Bac",303,0.465,0.687367708333333
"Combined_vs_NP","Met+Bac",303,0.466,0.687984583333333
"Combined_vs_NP","Met+Bac",303,0.467,0.6884525
"Combined_vs_NP","Met+Bac",303,0.468,0.688726666666667
"Combined_vs_NP","Met+Bac",303,0.469,0.689000833333333
"Combined_vs_NP","Met+Bac",303,0.47,0.689352380952381
"Combined_vs_NP","Met+Bac",303,0.471,0.689822380952381
"Combined_vs_NP","Met+Bac",303,0.472,0.690052380952381
"Combined_vs_NP","Met+Bac",303,0.473,0.690491964285714
"Combined_vs_NP","Met+Bac",303,0.474,0.691373214285714
"Combined_vs_NP","Met+Bac",303,0.475,0.692540922619048
"Combined_vs_NP","Met+Bac",303,0.476,0.693981547619048
"Combined_vs_NP","Met+Bac",303,0.477,0.695890922619048
"Combined_vs_NP","Met+Bac",303,0.478,0.697254464285714
"Combined_vs_NP","Met+Bac",303,0.479,0.698857589285715
"Combined_vs_NP","Met+Bac",303,0.48,0.701452380952381
"Combined_vs_NP","Met+Bac",303,0.481,0.703120833333333
"Combined_vs_NP","Met+Bac",303,0.482,0.706575
"Combined_vs_NP","Met+Bac",303,0.483,0.707945833333333
"Combined_vs_NP","Met+Bac",303,0.484,0.708333333333333
"Combined_vs_NP","Met+Bac",303,0.485,0.708333333333333
"Combined_vs_NP","Met+Bac",303,0.486,0.708333333333333
"Combined_vs_NP","Met+Bac",303,0.487,0.708333333333333
"Combined_vs_NP","Met+Bac",303,0.488,0.708405555555556
"Combined_vs_NP","Met+Bac",303,0.489,0.7088625
"Combined_vs_NP","Met+Bac",303,0.49,0.709319444444444
"Combined_vs_NP","Met+Bac",303,0.491,0.709776388888889
"Combined_vs_NP","Met+Bac",303,0.492,0.710233333333333
"Combined_vs_NP","Met+Bac",303,0.493,0.710416666666667
"Combined_vs_NP","Met+Bac",303,0.494,0.710416666666667
"Combined_vs_NP","Met+Bac",303,0.495,0.710416666666667
"Combined_vs_NP","Met+Bac",303,0.496,0.710416666666667
"Combined_vs_NP","Met+Bac",303,0.497,0.710416666666667
"Combined_vs_NP","Met+Bac",303,0.498,0.710416666666667
"Combined_vs_NP","Met+Bac",303,0.499,0.710559166666667
"Combined_vs_NP","Met+Bac",303,0.5,0.710833333333333
"Combined_vs_NP","Met+Bac",303,0.501,0.7111075
"Combined_vs_NP","Met+Bac",303,0.502,0.711381666666667
"Combined_vs_NP","Met+Bac",303,0.503,0.711655833333333
"Combined_vs_NP","Met+Bac",303,0.504,0.713246666666667
"Combined_vs_NP","Met+Bac",303,0.505,0.7142875
"Combined_vs_NP","Met+Bac",303,0.506,0.714561666666667
"Combined_vs_NP","Met+Bac",303,0.507,0.714583333333333
"Combined_vs_NP","Met+Bac",303,0.508,0.714583333333333
"Combined_vs_NP","Met+Bac",303,0.509,0.714583333333333
"Combined_vs_NP","Met+Bac",303,0.51,0.714583333333333
"Combined_vs_NP","Met+Bac",303,0.511,0.714583333333333
"Combined_vs_NP","Met+Bac",303,0.512,0.714583333333333
"Combined_vs_NP","Met+Bac",303,0.513,0.714583333333333
"Combined_vs_NP","Met+Bac",303,0.514,0.714730555555556
"Combined_vs_NP","Met+Bac",303,0.515,0.7151875
"Combined_vs_NP","Met+Bac",303,0.516,0.716011111111111
"Combined_vs_NP","Met+Bac",303,0.517,0.716925
"Combined_vs_NP","Met+Bac",303,0.518,0.717838888888889
"Combined_vs_NP","Met+Bac",303,0.519,0.718404166666667
"Combined_vs_NP","Met+Bac",303,0.52,0.71875
"Combined_vs_NP","Met+Bac",303,0.521,0.71875
"Combined_vs_NP","Met+Bac",303,0.522,0.71875
"Combined_vs_NP","Met+Bac",303,0.523,0.71875
"Combined_vs_NP","Met+Bac",303,0.524,0.71875
"Combined_vs_NP","Met+Bac",303,0.525,0.71921875
"Combined_vs_NP","Met+Bac",303,0.526,0.719904166666667
"Combined_vs_NP","Met+Bac",303,0.527,0.720589583333333
"Combined_vs_NP","Met+Bac",303,0.528,0.720833333333333
"Combined_vs_NP","Met+Bac",303,0.529,0.720833333333333
"Combined_vs_NP","Met+Bac",303,0.53,0.720833333333333
"Combined_vs_NP","Met+Bac",303,0.531,0.723193055555556
"Combined_vs_NP","Met+Bac",303,0.532,0.72365
"Combined_vs_NP","Met+Bac",303,0.533,0.724106944444444
"Combined_vs_NP","Met+Bac",303,0.534,0.724563888888889
"Combined_vs_NP","Met+Bac",303,0.535,0.725
"Combined_vs_NP","Met+Bac",303,0.536,0.725
"Combined_vs_NP","Met+Bac",303,0.537,0.725
"Combined_vs_NP","Met+Bac",303,0.538,0.725
"Combined_vs_NP","Met+Bac",303,0.539,0.725
"Combined_vs_NP","Met+Bac",303,0.54,0.725
"Combined_vs_NP","Met+Bac",303,0.541,0.725
"Combined_vs_NP","Met+Bac",303,0.542,0.725
"Combined_vs_NP","Met+Bac",303,0.543,0.725
"Combined_vs_NP","Met+Bac",303,0.544,0.725
"Combined_vs_NP","Met+Bac",303,0.545,0.725635416666667
"Combined_vs_NP","Met+Bac",303,0.546,0.726320833333333
"Combined_vs_NP","Met+Bac",303,0.547,0.72700625
"Combined_vs_NP","Met+Bac",303,0.548,0.727083333333333
"Combined_vs_NP","Met+Bac",303,0.549,0.727083333333333
"Combined_vs_NP","Met+Bac",303,0.55,0.727083333333333
"Combined_vs_NP","Met+Bac",303,0.551,0.727083333333333
"Combined_vs_NP","Met+Bac",303,0.552,0.727083333333333
"Combined_vs_NP","Met+Bac",303,0.553,0.727083333333333
"Combined_vs_NP","Met+Bac",303,0.554,0.727083333333333
"Combined_vs_NP","Met+Bac",303,0.555,0.727083333333333
"Combined_vs_NP","Met+Bac",303,0.556,0.727083333333333
"Combined_vs_NP","Met+Bac",303,0.557,0.727610416666667
"Combined_vs_NP","Met+Bac",303,0.558,0.728466666666667
"Combined_vs_NP","Met+Bac",303,0.559,0.7298375
"Combined_vs_NP","Met+Bac",303,0.56,0.730708333333333
"Combined_vs_NP","Met+Bac",303,0.561,0.7315375
"Combined_vs_NP","Met+Bac",303,0.562,0.732908333333333
"Combined_vs_NP","Met+Bac",303,0.563,0.733333333333333
"Combined_vs_NP","Met+Bac",303,0.564,0.733333333333333
"Combined_vs_NP","Met+Bac",303,0.565,0.733333333333333
"Combined_vs_NP","Met+Bac",303,0.566,0.733333333333333
"Combined_vs_NP","Met+Bac",303,0.567,0.733333333333333
"Combined_vs_NP","Met+Bac",303,0.568,0.733333333333333
"Combined_vs_NP","Met+Bac",303,0.569,0.733333333333333
"Combined_vs_NP","Met+Bac",303,0.57,0.733333333333333
"Combined_vs_NP","Met+Bac",303,0.571,0.733333333333333
"Combined_vs_NP","Met+Bac",303,0.572,0.733333333333333
"Combined_vs_NP","Met+Bac",303,0.573,0.733333333333333
"Combined_vs_NP","Met+Bac",303,0.574,0.733333333333333
"Combined_vs_NP","Met+Bac",303,0.575,0.736510416666667
"Combined_vs_NP","Met+Bac",303,0.576,0.73855
"Combined_vs_NP","Met+Bac",303,0.577,0.739235416666667
"Combined_vs_NP","Met+Bac",303,0.578,0.741666666666667
"Combined_vs_NP","Met+Bac",303,0.579,0.741666666666667
"Combined_vs_NP","Met+Bac",303,0.58,0.743
"Combined_vs_NP","Met+Bac",303,0.581,0.745833333333333
"Combined_vs_NP","Met+Bac",303,0.582,0.745833333333333
"Combined_vs_NP","Met+Bac",303,0.583,0.745833333333333
"Combined_vs_NP","Met+Bac",303,0.584,0.745833333333333
"Combined_vs_NP","Met+Bac",303,0.585,0.745833333333333
"Combined_vs_NP","Met+Bac",303,0.586,0.747058333333333
"Combined_vs_NP","Met+Bac",303,0.587,0.748429166666667
"Combined_vs_NP","Met+Bac",303,0.588,0.7498
"Combined_vs_NP","Met+Bac",303,0.589,0.75
"Combined_vs_NP","Met+Bac",303,0.59,0.75
"Combined_vs_NP","Met+Bac",303,0.591,0.75
"Combined_vs_NP","Met+Bac",303,0.592,0.750558333333333
"Combined_vs_NP","Met+Bac",303,0.593,0.75124375
"Combined_vs_NP","Met+Bac",303,0.594,0.751929166666667
"Combined_vs_NP","Met+Bac",303,0.595,0.752614583333333
"Combined_vs_NP","Met+Bac",303,0.596,0.7533
"Combined_vs_NP","Met+Bac",303,0.597,0.753985416666667
"Combined_vs_NP","Met+Bac",303,0.598,0.754166666666667
"Combined_vs_NP","Met+Bac",303,0.599,0.754758333333333
"Combined_vs_NP","Met+Bac",303,0.6,0.7575
"Combined_vs_NP","Met+Bac",303,0.601,0.758333333333333
"Combined_vs_NP","Met+Bac",303,0.602,0.760416666666667
"Combined_vs_NP","Met+Bac",303,0.603,0.760416666666667
"Combined_vs_NP","Met+Bac",303,0.604,0.760416666666667
"Combined_vs_NP","Met+Bac",303,0.605,0.760416666666667
"Combined_vs_NP","Met+Bac",303,0.606,0.760416666666667
"Combined_vs_NP","Met+Bac",303,0.607,0.760416666666667
"Combined_vs_NP","Met+Bac",303,0.608,0.7625
"Combined_vs_NP","Met+Bac",303,0.609,0.7625
"Combined_vs_NP","Met+Bac",303,0.61,0.7625
"Combined_vs_NP","Met+Bac",303,0.611,0.764583333333333
"Combined_vs_NP","Met+Bac",303,0.612,0.764583333333333
"Combined_vs_NP","Met+Bac",303,0.613,0.764952083333333
"Combined_vs_NP","Met+Bac",303,0.614,0.769804166666667
"Combined_vs_NP","Met+Bac",303,0.615,0.770489583333333
"Combined_vs_NP","Met+Bac",303,0.616,0.771061111111111
"Combined_vs_NP","Met+Bac",303,0.617,0.771518055555556
"Combined_vs_NP","Met+Bac",303,0.618,0.771975
"Combined_vs_NP","Met+Bac",303,0.619,0.772431944444445
"Combined_vs_NP","Met+Bac",303,0.62,0.772888888888889
"Combined_vs_NP","Met+Bac",303,0.621,0.772916666666667
"Combined_vs_NP","Met+Bac",303,0.622,0.775
"Combined_vs_NP","Met+Bac",303,0.623,0.775
"Combined_vs_NP","Met+Bac",303,0.624,0.778316666666667
"Combined_vs_NP","Met+Bac",303,0.625,0.78125
"Combined_vs_NP","Met+Bac",303,0.626,0.78125
"Combined_vs_NP","Met+Bac",303,0.627,0.781839583333333
"Combined_vs_NP","Met+Bac",303,0.628,0.782525
"Combined_vs_NP","Met+Bac",303,0.629,0.783210416666667
"Combined_vs_NP","Met+Bac",303,0.63,0.783333333333333
"Combined_vs_NP","Met+Bac",303,0.631,0.783333333333333
"Combined_vs_NP","Met+Bac",303,0.632,0.783333333333333
"Combined_vs_NP","Met+Bac",303,0.633,0.7875
"Combined_vs_NP","Met+Bac",303,0.634,0.7875
"Combined_vs_NP","Met+Bac",303,0.635,0.7875
"Combined_vs_NP","Met+Bac",303,0.636,0.7875
"Combined_vs_NP","Met+Bac",303,0.637,0.7875
"Combined_vs_NP","Met+Bac",303,0.638,0.7875
"Combined_vs_NP","Met+Bac",303,0.639,0.789583333333333
"Combined_vs_NP","Met+Bac",303,0.64,0.789583333333333
"Combined_vs_NP","Met+Bac",303,0.641,0.789583333333333
"Combined_vs_NP","Met+Bac",303,0.642,0.791666666666667
"Combined_vs_NP","Met+Bac",303,0.643,0.791666666666667
"Combined_vs_NP","Met+Bac",303,0.644,0.791666666666667
"Combined_vs_NP","Met+Bac",303,0.645,0.79375
"Combined_vs_NP","Met+Bac",303,0.646,0.79375
"Combined_vs_NP","Met+Bac",303,0.647,0.79375
"Combined_vs_NP","Met+Bac",303,0.648,0.79375
"Combined_vs_NP","Met+Bac",303,0.649,0.79375
"Combined_vs_NP","Met+Bac",303,0.65,0.79375
"Combined_vs_NP","Met+Bac",303,0.651,0.79375
"Combined_vs_NP","Met+Bac",303,0.652,0.79375
"Combined_vs_NP","Met+Bac",303,0.653,0.79375
"Combined_vs_NP","Met+Bac",303,0.654,0.79375
"Combined_vs_NP","Met+Bac",303,0.655,0.79375
"Combined_vs_NP","Met+Bac",303,0.656,0.79375
"Combined_vs_NP","Met+Bac",303,0.657,0.79375
"Combined_vs_NP","Met+Bac",303,0.658,0.79375
"Combined_vs_NP","Met+Bac",303,0.659,0.79375
"Combined_vs_NP","Met+Bac",303,0.66,0.79375
"Combined_vs_NP","Met+Bac",303,0.661,0.79375
"Combined_vs_NP","Met+Bac",303,0.662,0.79375
"Combined_vs_NP","Met+Bac",303,0.663,0.79375
"Combined_vs_NP","Met+Bac",303,0.664,0.79375
"Combined_vs_NP","Met+Bac",303,0.665,0.795833333333333
"Combined_vs_NP","Met+Bac",303,0.666,0.795833333333333
"Combined_vs_NP","Met+Bac",303,0.667,0.795833333333333
"Combined_vs_NP","Met+Bac",303,0.668,0.795833333333333
"Combined_vs_NP","Met+Bac",303,0.669,0.797916666666667
"Combined_vs_NP","Met+Bac",303,0.67,0.797916666666667
"Combined_vs_NP","Met+Bac",303,0.671,0.798995833333333
"Combined_vs_NP","Met+Bac",303,0.672,0.800183333333333
"Combined_vs_NP","Met+Bac",303,0.673,0.80086875
"Combined_vs_NP","Met+Bac",303,0.674,0.8046625
"Combined_vs_NP","Met+Bac",303,0.675,0.80640625
"Combined_vs_NP","Met+Bac",303,0.676,0.807091666666667
"Combined_vs_NP","Met+Bac",303,0.677,0.807777083333333
"Combined_vs_NP","Met+Bac",303,0.678,0.808333333333333
"Combined_vs_NP","Met+Bac",303,0.679,0.808333333333333
"Combined_vs_NP","Met+Bac",303,0.68,0.811333333333333
"Combined_vs_NP","Met+Bac",303,0.681,0.8125
"Combined_vs_NP","Met+Bac",303,0.682,0.8125
"Combined_vs_NP","Met+Bac",303,0.683,0.81293125
"Combined_vs_NP","Met+Bac",303,0.684,0.813616666666667
"Combined_vs_NP","Met+Bac",303,0.685,0.814302083333333
"Combined_vs_NP","Met+Bac",303,0.686,0.814583333333333
"Combined_vs_NP","Met+Bac",303,0.687,0.814583333333333
"Combined_vs_NP","Met+Bac",303,0.688,0.814583333333333
"Combined_vs_NP","Met+Bac",303,0.689,0.816666666666667
"Combined_vs_NP","Met+Bac",303,0.69,0.816666666666667
"Combined_vs_NP","Met+Bac",303,0.691,0.816666666666667
"Combined_vs_NP","Met+Bac",303,0.692,0.816666666666667
"Combined_vs_NP","Met+Bac",303,0.693,0.816666666666667
"Combined_vs_NP","Met+Bac",303,0.694,0.816666666666667
"Combined_vs_NP","Met+Bac",303,0.695,0.816666666666667
"Combined_vs_NP","Met+Bac",303,0.696,0.816666666666667
"Combined_vs_NP","Met+Bac",303,0.697,0.817970833333333
"Combined_vs_NP","Met+Bac",303,0.698,0.81875
"Combined_vs_NP","Met+Bac",303,0.699,0.81875
"Combined_vs_NP","Met+Bac",303,0.7,0.820833333333333
"Combined_vs_NP","Met+Bac",303,0.701,0.820833333333333
"Combined_vs_NP","Met+Bac",303,0.702,0.820833333333333
"Combined_vs_NP","Met+Bac",303,0.703,0.822916666666667
"Combined_vs_NP","Met+Bac",303,0.704,0.822916666666667
"Combined_vs_NP","Met+Bac",303,0.705,0.822916666666667
"Combined_vs_NP","Met+Bac",303,0.706,0.825
"Combined_vs_NP","Met+Bac",303,0.707,0.825
"Combined_vs_NP","Met+Bac",303,0.708,0.825
"Combined_vs_NP","Met+Bac",303,0.709,0.825
"Combined_vs_NP","Met+Bac",303,0.71,0.825
"Combined_vs_NP","Met+Bac",303,0.711,0.825
"Combined_vs_NP","Met+Bac",303,0.712,0.825
"Combined_vs_NP","Met+Bac",303,0.713,0.825
"Combined_vs_NP","Met+Bac",303,0.714,0.825
"Combined_vs_NP","Met+Bac",303,0.715,0.831125
"Combined_vs_NP","Met+Bac",303,0.716,0.833333333333333
"Combined_vs_NP","Met+Bac",303,0.717,0.833333333333333
"Combined_vs_NP","Met+Bac",303,0.718,0.833333333333333
"Combined_vs_NP","Met+Bac",303,0.719,0.833333333333333
"Combined_vs_NP","Met+Bac",303,0.72,0.833333333333333
"Combined_vs_NP","Met+Bac",303,0.721,0.833333333333333
"Combined_vs_NP","Met+Bac",303,0.722,0.833333333333333
"Combined_vs_NP","Met+Bac",303,0.723,0.833333333333333
"Combined_vs_NP","Met+Bac",303,0.724,0.833333333333333
"Combined_vs_NP","Met+Bac",303,0.725,0.833333333333333
"Combined_vs_NP","Met+Bac",303,0.726,0.833333333333333
"Combined_vs_NP","Met+Bac",303,0.727,0.833333333333333
"Combined_vs_NP","Met+Bac",303,0.728,0.833333333333333
"Combined_vs_NP","Met+Bac",303,0.729,0.833333333333333
"Combined_vs_NP","Met+Bac",303,0.73,0.833333333333333
"Combined_vs_NP","Met+Bac",303,0.731,0.833333333333333
"Combined_vs_NP","Met+Bac",303,0.732,0.833333333333333
"Combined_vs_NP","Met+Bac",303,0.733,0.833333333333333
"Combined_vs_NP","Met+Bac",303,0.734,0.833333333333333
"Combined_vs_NP","Met+Bac",303,0.735,0.833333333333333
"Combined_vs_NP","Met+Bac",303,0.736,0.833333333333333
"Combined_vs_NP","Met+Bac",303,0.737,0.833333333333333
"Combined_vs_NP","Met+Bac",303,0.738,0.833333333333333
"Combined_vs_NP","Met+Bac",303,0.739,0.833333333333333
"Combined_vs_NP","Met+Bac",303,0.74,0.833333333333333
"Combined_vs_NP","Met+Bac",303,0.741,0.833333333333333
"Combined_vs_NP","Met+Bac",303,0.742,0.833333333333333
"Combined_vs_NP","Met+Bac",303,0.743,0.833333333333333
"Combined_vs_NP","Met+Bac",303,0.744,0.833333333333333
"Combined_vs_NP","Met+Bac",303,0.745,0.833333333333333
"Combined_vs_NP","Met+Bac",303,0.746,0.833333333333333
"Combined_vs_NP","Met+Bac",303,0.747,0.833333333333333
"Combined_vs_NP","Met+Bac",303,0.748,0.833333333333333
"Combined_vs_NP","Met+Bac",303,0.749,0.833333333333333
"Combined_vs_NP","Met+Bac",303,0.75,0.833333333333333
"Combined_vs_NP","Met+Bac",303,0.751,0.833333333333333
"Combined_vs_NP","Met+Bac",303,0.752,0.833333333333333
"Combined_vs_NP","Met+Bac",303,0.753,0.833333333333333
"Combined_vs_NP","Met+Bac",303,0.754,0.833333333333333
"Combined_vs_NP","Met+Bac",303,0.755,0.833333333333333
"Combined_vs_NP","Met+Bac",303,0.756,0.833333333333333
"Combined_vs_NP","Met+Bac",303,0.757,0.833333333333333
"Combined_vs_NP","Met+Bac",303,0.758,0.833333333333333
"Combined_vs_NP","Met+Bac",303,0.759,0.833333333333333
"Combined_vs_NP","Met+Bac",303,0.76,0.833333333333333
"Combined_vs_NP","Met+Bac",303,0.761,0.833333333333333
"Combined_vs_NP","Met+Bac",303,0.762,0.833333333333333
"Combined_vs_NP","Met+Bac",303,0.763,0.833333333333333
"Combined_vs_NP","Met+Bac",303,0.764,0.833333333333333
"Combined_vs_NP","Met+Bac",303,0.765,0.833333333333333
"Combined_vs_NP","Met+Bac",303,0.766,0.833333333333333
"Combined_vs_NP","Met+Bac",303,0.767,0.833333333333333
"Combined_vs_NP","Met+Bac",303,0.768,0.833333333333333
"Combined_vs_NP","Met+Bac",303,0.769,0.833333333333333
"Combined_vs_NP","Met+Bac",303,0.77,0.833333333333333
"Combined_vs_NP","Met+Bac",303,0.771,0.833333333333333
"Combined_vs_NP","Met+Bac",303,0.772,0.833333333333333
"Combined_vs_NP","Met+Bac",303,0.773,0.833333333333333
"Combined_vs_NP","Met+Bac",303,0.774,0.833333333333333
"Combined_vs_NP","Met+Bac",303,0.775,0.833333333333333
"Combined_vs_NP","Met+Bac",303,0.776,0.833333333333333
"Combined_vs_NP","Met+Bac",303,0.777,0.833333333333333
"Combined_vs_NP","Met+Bac",303,0.778,0.833333333333333
"Combined_vs_NP","Met+Bac",303,0.779,0.833333333333333
"Combined_vs_NP","Met+Bac",303,0.78,0.833333333333333
"Combined_vs_NP","Met+Bac",303,0.781,0.833333333333333
"Combined_vs_NP","Met+Bac",303,0.782,0.833333333333333
"Combined_vs_NP","Met+Bac",303,0.783,0.833333333333333
"Combined_vs_NP","Met+Bac",303,0.784,0.833333333333333
"Combined_vs_NP","Met+Bac",303,0.785,0.833333333333333
"Combined_vs_NP","Met+Bac",303,0.786,0.833333333333333
"Combined_vs_NP","Met+Bac",303,0.787,0.833333333333333
"Combined_vs_NP","Met+Bac",303,0.788,0.833333333333333
"Combined_vs_NP","Met+Bac",303,0.789,0.833333333333333
"Combined_vs_NP","Met+Bac",303,0.79,0.833333333333333
"Combined_vs_NP","Met+Bac",303,0.791,0.835416666666667
"Combined_vs_NP","Met+Bac",303,0.792,0.835416666666667
"Combined_vs_NP","Met+Bac",303,0.793,0.835416666666667
"Combined_vs_NP","Met+Bac",303,0.794,0.835416666666667
"Combined_vs_NP","Met+Bac",303,0.795,0.8375
"Combined_vs_NP","Met+Bac",303,0.796,0.8375
"Combined_vs_NP","Met+Bac",303,0.797,0.8383875
"Combined_vs_NP","Met+Bac",303,0.798,0.841666666666667
"Combined_vs_NP","Met+Bac",303,0.799,0.841666666666667
"Combined_vs_NP","Met+Bac",303,0.8,0.845833333333333
"Combined_vs_NP","Met+Bac",303,0.801,0.854166666666667
"Combined_vs_NP","Met+Bac",303,0.802,0.854166666666667
"Combined_vs_NP","Met+Bac",303,0.803,0.854166666666667
"Combined_vs_NP","Met+Bac",303,0.804,0.854166666666667
"Combined_vs_NP","Met+Bac",303,0.805,0.854166666666667
"Combined_vs_NP","Met+Bac",303,0.806,0.854166666666667
"Combined_vs_NP","Met+Bac",303,0.807,0.854166666666667
"Combined_vs_NP","Met+Bac",303,0.808,0.854166666666667
"Combined_vs_NP","Met+Bac",303,0.809,0.854166666666667
"Combined_vs_NP","Met+Bac",303,0.81,0.854166666666667
"Combined_vs_NP","Met+Bac",303,0.811,0.854166666666667
"Combined_vs_NP","Met+Bac",303,0.812,0.854166666666667
"Combined_vs_NP","Met+Bac",303,0.813,0.854166666666667
"Combined_vs_NP","Met+Bac",303,0.814,0.854166666666667
"Combined_vs_NP","Met+Bac",303,0.815,0.854166666666667
"Combined_vs_NP","Met+Bac",303,0.816,0.854166666666667
"Combined_vs_NP","Met+Bac",303,0.817,0.854166666666667
"Combined_vs_NP","Met+Bac",303,0.818,0.854166666666667
"Combined_vs_NP","Met+Bac",303,0.819,0.854166666666667
"Combined_vs_NP","Met+Bac",303,0.82,0.854166666666667
"Combined_vs_NP","Met+Bac",303,0.821,0.854166666666667
"Combined_vs_NP","Met+Bac",303,0.822,0.854166666666667
"Combined_vs_NP","Met+Bac",303,0.823,0.854166666666667
"Combined_vs_NP","Met+Bac",303,0.824,0.854166666666667
"Combined_vs_NP","Met+Bac",303,0.825,0.854166666666667
"Combined_vs_NP","Met+Bac",303,0.826,0.854166666666667
"Combined_vs_NP","Met+Bac",303,0.827,0.860416666666667
"Combined_vs_NP","Met+Bac",303,0.828,0.860416666666667
"Combined_vs_NP","Met+Bac",303,0.829,0.8625
"Combined_vs_NP","Met+Bac",303,0.83,0.866958333333333
"Combined_vs_NP","Met+Bac",303,0.831,0.868329166666667
"Combined_vs_NP","Met+Bac",303,0.832,0.872916666666667
"Combined_vs_NP","Met+Bac",303,0.833,0.875
"Combined_vs_NP","Met+Bac",303,0.834,0.875
"Combined_vs_NP","Met+Bac",303,0.835,0.877083333333333
"Combined_vs_NP","Met+Bac",303,0.836,0.879166666666667
"Combined_vs_NP","Met+Bac",303,0.837,0.879166666666667
"Combined_vs_NP","Met+Bac",303,0.838,0.879166666666667
"Combined_vs_NP","Met+Bac",303,0.839,0.883333333333333
"Combined_vs_NP","Met+Bac",303,0.84,0.883333333333333
"Combined_vs_NP","Met+Bac",303,0.841,0.8875
"Combined_vs_NP","Met+Bac",303,0.842,0.895833333333333
"Combined_vs_NP","Met+Bac",303,0.843,0.895833333333333
"Combined_vs_NP","Met+Bac",303,0.844,0.916666666666667
"Combined_vs_NP","Met+Bac",303,0.845,0.916666666666667
"Combined_vs_NP","Met+Bac",303,0.846,0.916666666666667
"Combined_vs_NP","Met+Bac",303,0.847,0.916666666666667
"Combined_vs_NP","Met+Bac",303,0.848,0.916666666666667
"Combined_vs_NP","Met+Bac",303,0.849,0.916666666666667
"Combined_vs_NP","Met+Bac",303,0.85,0.916666666666667
"Combined_vs_NP","Met+Bac",303,0.851,0.916666666666667
"Combined_vs_NP","Met+Bac",303,0.852,0.916666666666667
"Combined_vs_NP","Met+Bac",303,0.853,0.916666666666667
"Combined_vs_NP","Met+Bac",303,0.854,0.916666666666667
"Combined_vs_NP","Met+Bac",303,0.855,0.916666666666667
"Combined_vs_NP","Met+Bac",303,0.856,0.916666666666667
"Combined_vs_NP","Met+Bac",303,0.857,0.916666666666667
"Combined_vs_NP","Met+Bac",303,0.858,0.91875
"Combined_vs_NP","Met+Bac",303,0.859,0.927083333333333
"Combined_vs_NP","Met+Bac",303,0.86,0.927083333333333
"Combined_vs_NP","Met+Bac",303,0.861,0.9365375
"Combined_vs_NP","Met+Bac",303,0.862,0.944158333333333
"Combined_vs_NP","Met+Bac",303,0.863,0.945529166666667
"Combined_vs_NP","Met+Bac",303,0.864,0.95
"Combined_vs_NP","Met+Bac",303,0.865,0.954166666666667
"Combined_vs_NP","Met+Bac",303,0.866,0.954166666666667
"Combined_vs_NP","Met+Bac",303,0.867,0.955179166666667
"Combined_vs_NP","Met+Bac",303,0.868,0.95625
"Combined_vs_NP","Met+Bac",303,0.869,0.95625
"Combined_vs_NP","Met+Bac",303,0.87,0.958333333333333
"Combined_vs_NP","Met+Bac",303,0.871,0.958333333333333
"Combined_vs_NP","Met+Bac",303,0.872,0.958333333333333
"Combined_vs_NP","Met+Bac",303,0.873,0.958333333333333
"Combined_vs_NP","Met+Bac",303,0.874,0.958333333333333
"Combined_vs_NP","Met+Bac",303,0.875,0.958333333333333
"Combined_vs_NP","Met+Bac",303,0.876,0.958333333333333
"Combined_vs_NP","Met+Bac",303,0.877,0.958333333333333
"Combined_vs_NP","Met+Bac",303,0.878,0.958333333333333
"Combined_vs_NP","Met+Bac",303,0.879,0.958333333333333
"Combined_vs_NP","Met+Bac",303,0.88,0.958333333333333
"Combined_vs_NP","Met+Bac",303,0.881,0.958333333333333
"Combined_vs_NP","Met+Bac",303,0.882,0.958333333333333
"Combined_vs_NP","Met+Bac",303,0.883,0.958333333333333
"Combined_vs_NP","Met+Bac",303,0.884,0.958333333333333
"Combined_vs_NP","Met+Bac",303,0.885,0.958333333333333
"Combined_vs_NP","Met+Bac",303,0.886,0.958333333333333
"Combined_vs_NP","Met+Bac",303,0.887,0.958333333333333
"Combined_vs_NP","Met+Bac",303,0.888,0.958333333333333
"Combined_vs_NP","Met+Bac",303,0.889,0.958333333333333
"Combined_vs_NP","Met+Bac",303,0.89,0.958333333333333
"Combined_vs_NP","Met+Bac",303,0.891,0.958333333333333
"Combined_vs_NP","Met+Bac",303,0.892,0.958333333333333
"Combined_vs_NP","Met+Bac",303,0.893,0.958333333333333
"Combined_vs_NP","Met+Bac",303,0.894,0.958333333333333
"Combined_vs_NP","Met+Bac",303,0.895,0.958333333333333
"Combined_vs_NP","Met+Bac",303,0.896,0.958333333333333
"Combined_vs_NP","Met+Bac",303,0.897,0.958333333333333
"Combined_vs_NP","Met+Bac",303,0.898,0.958333333333333
"Combined_vs_NP","Met+Bac",303,0.899,0.960416666666667
"Combined_vs_NP","Met+Bac",303,0.9,0.964583333333333
"Combined_vs_NP","Met+Bac",303,0.901,0.964583333333333
"Combined_vs_NP","Met+Bac",303,0.902,0.973991666666667
"Combined_vs_NP","Met+Bac",303,0.903,0.977083333333333
"Combined_vs_NP","Met+Bac",303,0.904,0.977083333333333
"Combined_vs_NP","Met+Bac",303,0.905,0.9801875
"Combined_vs_NP","Met+Bac",303,0.906,0.98125
"Combined_vs_NP","Met+Bac",303,0.907,0.98125
"Combined_vs_NP","Met+Bac",303,0.908,0.98125
"Combined_vs_NP","Met+Bac",303,0.909,0.983333333333333
"Combined_vs_NP","Met+Bac",303,0.91,0.983333333333333
"Combined_vs_NP","Met+Bac",303,0.911,0.983333333333333
"Combined_vs_NP","Met+Bac",303,0.912,0.983333333333333
"Combined_vs_NP","Met+Bac",303,0.913,0.983333333333333
"Combined_vs_NP","Met+Bac",303,0.914,0.983333333333333
"Combined_vs_NP","Met+Bac",303,0.915,0.983333333333333
"Combined_vs_NP","Met+Bac",303,0.916,0.983333333333333
"Combined_vs_NP","Met+Bac",303,0.917,0.983735416666667
"Combined_vs_NP","Met+Bac",303,0.918,0.984466666666667
"Combined_vs_NP","Met+Bac",303,0.919,0.9858375
"Combined_vs_NP","Met+Bac",303,0.92,0.987208333333333
"Combined_vs_NP","Met+Bac",303,0.921,0.988560416666667
"Combined_vs_NP","Met+Bac",303,0.922,0.989245833333333
"Combined_vs_NP","Met+Bac",303,0.923,0.989583333333333
"Combined_vs_NP","Met+Bac",303,0.924,0.989583333333333
"Combined_vs_NP","Met+Bac",303,0.925,0.989583333333333
"Combined_vs_NP","Met+Bac",303,0.926,0.990225
"Combined_vs_NP","Met+Bac",303,0.927,0.991595833333333
"Combined_vs_NP","Met+Bac",303,0.928,0.991666666666667
"Combined_vs_NP","Met+Bac",303,0.929,0.991666666666667
"Combined_vs_NP","Met+Bac",303,0.93,0.991666666666667
"Combined_vs_NP","Met+Bac",303,0.931,0.992081944444444
"Combined_vs_NP","Met+Bac",303,0.932,0.992538888888889
"Combined_vs_NP","Met+Bac",303,0.933,0.992995833333333
"Combined_vs_NP","Met+Bac",303,0.934,0.993452777777778
"Combined_vs_NP","Met+Bac",303,0.935,0.99375
"Combined_vs_NP","Met+Bac",303,0.936,0.99375
"Combined_vs_NP","Met+Bac",303,0.937,0.99375
"Combined_vs_NP","Met+Bac",303,0.938,0.995833333333333
"Combined_vs_NP","Met+Bac",303,0.939,0.995833333333333
"Combined_vs_NP","Met+Bac",303,0.94,0.995833333333333
"Combined_vs_NP","Met+Bac",303,0.941,0.995833333333333
"Combined_vs_NP","Met+Bac",303,0.942,0.995833333333333
"Combined_vs_NP","Met+Bac",303,0.943,0.996176388888889
"Combined_vs_NP","Met+Bac",303,0.944,0.996633333333333
"Combined_vs_NP","Met+Bac",303,0.945,0.997090277777778
"Combined_vs_NP","Met+Bac",303,0.946,0.998522222222222
"Combined_vs_NP","Met+Bac",303,0.947,1
"Combined_vs_NP","Met+Bac",303,0.948,1
"Combined_vs_NP","Met+Bac",303,0.949,1
"Combined_vs_NP","Met+Bac",303,0.95,1
"Combined_vs_NP","Met+Bac",303,0.951,1
"Combined_vs_NP","Met+Bac",303,0.952,1
"Combined_vs_NP","Met+Bac",303,0.953,1
"Combined_vs_NP","Met+Bac",303,0.954,1
"Combined_vs_NP","Met+Bac",303,0.955,1
"Combined_vs_NP","Met+Bac",303,0.956,1
"Combined_vs_NP","Met+Bac",303,0.957,1
"Combined_vs_NP","Met+Bac",303,0.958,1
"Combined_vs_NP","Met+Bac",303,0.959,1
"Combined_vs_NP","Met+Bac",303,0.96,1
"Combined_vs_NP","Met+Bac",303,0.961,1
"Combined_vs_NP","Met+Bac",303,0.962,1
"Combined_vs_NP","Met+Bac",303,0.963,1
"Combined_vs_NP","Met+Bac",303,0.964,1
"Combined_vs_NP","Met+Bac",303,0.965,1
"Combined_vs_NP","Met+Bac",303,0.966,1
"Combined_vs_NP","Met+Bac",303,0.967,1
"Combined_vs_NP","Met+Bac",303,0.968,1
"Combined_vs_NP","Met+Bac",303,0.969,1
"Combined_vs_NP","Met+Bac",303,0.97,1
"Combined_vs_NP","Met+Bac",303,0.971,1
"Combined_vs_NP","Met+Bac",303,0.972,1
"Combined_vs_NP","Met+Bac",303,0.973,1
"Combined_vs_NP","Met+Bac",303,0.974,1
"Combined_vs_NP","Met+Bac",303,0.975,1
"Combined_vs_NP","Met+Bac",303,0.976,1
"Combined_vs_NP","Met+Bac",303,0.977,1
"Combined_vs_NP","Met+Bac",303,0.978,1
"Combined_vs_NP","Met+Bac",303,0.979,1
"Combined_vs_NP","Met+Bac",303,0.98,1
"Combined_vs_NP","Met+Bac",303,0.981,1
"Combined_vs_NP","Met+Bac",303,0.982,1
"Combined_vs_NP","Met+Bac",303,0.983,1
"Combined_vs_NP","Met+Bac",303,0.984,1
"Combined_vs_NP","Met+Bac",303,0.985,1
"Combined_vs_NP","Met+Bac",303,0.986,1
"Combined_vs_NP","Met+Bac",303,0.987,1
"Combined_vs_NP","Met+Bac",303,0.988,1
"Combined_vs_NP","Met+Bac",303,0.989,1
"Combined_vs_NP","Met+Bac",303,0.99,1
"Combined_vs_NP","Met+Bac",303,0.991,1
"Combined_vs_NP","Met+Bac",303,0.992,1
"Combined_vs_NP","Met+Bac",303,0.993,1
"Combined_vs_NP","Met+Bac",303,0.994,1
"Combined_vs_NP","Met+Bac",303,0.995,1
"Combined_vs_NP","Met+Bac",303,0.996,1
"Combined_vs_NP","Met+Bac",303,0.997,1
"Combined_vs_NP","Met+Bac",303,0.998,1
"Combined_vs_NP","Met+Bac",303,0.999,1
"Combined_vs_NP","Met+Bac",303,1,1
"Combined_vs_NP","Multi-Omics",303,0,0
"Combined_vs_NP","Multi-Omics",303,0.001,0
"Combined_vs_NP","Multi-Omics",303,0.002,0
"Combined_vs_NP","Multi-Omics",303,0.003,0
"Combined_vs_NP","Multi-Omics",303,0.004,0
"Combined_vs_NP","Multi-Omics",303,0.005,0.01875
"Combined_vs_NP","Multi-Omics",303,0.006,0.01875
"Combined_vs_NP","Multi-Omics",303,0.007,0.0208333333333333
"Combined_vs_NP","Multi-Omics",303,0.008,0.0229166666666667
"Combined_vs_NP","Multi-Omics",303,0.009,0.0229166666666667
"Combined_vs_NP","Multi-Omics",303,0.01,0.0354166666666667
"Combined_vs_NP","Multi-Omics",303,0.011,0.0356645833333334
"Combined_vs_NP","Multi-Omics",303,0.012,0.03635
"Combined_vs_NP","Multi-Omics",303,0.013,0.0412020833333333
"Combined_vs_NP","Multi-Omics",303,0.014,0.0441916666666666
"Combined_vs_NP","Multi-Omics",303,0.015,0.0455625
"Combined_vs_NP","Multi-Omics",303,0.016,0.0458333333333333
"Combined_vs_NP","Multi-Omics",303,0.017,0.0483041666666667
"Combined_vs_NP","Multi-Omics",303,0.018,0.0496750000000001
"Combined_vs_NP","Multi-Omics",303,0.019,0.0593791666666667
"Combined_vs_NP","Multi-Omics",303,0.02,0.0711666666666667
"Combined_vs_NP","Multi-Omics",303,0.021,0.0725375
"Combined_vs_NP","Multi-Omics",303,0.022,0.0822416666666667
"Combined_vs_NP","Multi-Omics",303,0.023,0.0981958333333334
"Combined_vs_NP","Multi-Omics",303,0.024,0.0995666666666667
"Combined_vs_NP","Multi-Omics",303,0.025,0.1125
"Combined_vs_NP","Multi-Omics",303,0.026,0.114583333333333
"Combined_vs_NP","Multi-Omics",303,0.027,0.114583333333333
"Combined_vs_NP","Multi-Omics",303,0.028,0.120833333333333
"Combined_vs_NP","Multi-Omics",303,0.029,0.135502083333333
"Combined_vs_NP","Multi-Omics",303,0.03,0.1361875
"Combined_vs_NP","Multi-Omics",303,0.031,0.143122916666667
"Combined_vs_NP","Multi-Omics",303,0.032,0.15
"Combined_vs_NP","Multi-Omics",303,0.033,0.15
"Combined_vs_NP","Multi-Omics",303,0.034,0.15625
"Combined_vs_NP","Multi-Omics",303,0.035,0.158333333333333
"Combined_vs_NP","Multi-Omics",303,0.036,0.158333333333333
"Combined_vs_NP","Multi-Omics",303,0.037,0.160416666666667
"Combined_vs_NP","Multi-Omics",303,0.038,0.170841666666667
"Combined_vs_NP","Multi-Omics",303,0.039,0.1722125
"Combined_vs_NP","Multi-Omics",303,0.04,0.181916666666667
"Combined_vs_NP","Multi-Omics",303,0.041,0.1832875
"Combined_vs_NP","Multi-Omics",303,0.042,0.1875
"Combined_vs_NP","Multi-Omics",303,0.043,0.196752083333333
"Combined_vs_NP","Multi-Omics",303,0.044,0.198808333333333
"Combined_vs_NP","Multi-Omics",303,0.045,0.200864583333333
"Combined_vs_NP","Multi-Omics",303,0.046,0.204166666666667
"Combined_vs_NP","Multi-Omics",303,0.047,0.204166666666667
"Combined_vs_NP","Multi-Omics",303,0.048,0.207466666666667
"Combined_vs_NP","Multi-Omics",303,0.049,0.210416666666667
"Combined_vs_NP","Multi-Omics",303,0.05,0.210416666666667
"Combined_vs_NP","Multi-Omics",303,0.051,0.213904166666667
"Combined_vs_NP","Multi-Omics",303,0.052,0.220833333333333
"Combined_vs_NP","Multi-Omics",303,0.053,0.220833333333333
"Combined_vs_NP","Multi-Omics",303,0.054,0.222916666666667
"Combined_vs_NP","Multi-Omics",303,0.055,0.223510416666667
"Combined_vs_NP","Multi-Omics",303,0.056,0.225566666666667
"Combined_vs_NP","Multi-Omics",303,0.057,0.230760416666667
"Combined_vs_NP","Multi-Omics",303,0.058,0.233333333333333
"Combined_vs_NP","Multi-Omics",303,0.059,0.233333333333333
"Combined_vs_NP","Multi-Omics",303,0.06,0.234583333333333
"Combined_vs_NP","Multi-Omics",303,0.061,0.236009375
"Combined_vs_NP","Multi-Omics",303,0.062,0.236352083333333
"Combined_vs_NP","Multi-Omics",303,0.063,0.237167708333333
"Combined_vs_NP","Multi-Omics",303,0.064,0.238779166666667
"Combined_vs_NP","Multi-Omics",303,0.065,0.243234375
"Combined_vs_NP","Multi-Omics",303,0.066,0.246129166666667
"Combined_vs_NP","Multi-Omics",303,0.067,0.247916666666667
"Combined_vs_NP","Multi-Omics",303,0.068,0.247916666666667
"Combined_vs_NP","Multi-Omics",303,0.069,0.250558333333333
"Combined_vs_NP","Multi-Omics",303,0.07,0.251597222222222
"Combined_vs_NP","Multi-Omics",303,0.071,0.253881944444444
"Combined_vs_NP","Multi-Omics",303,0.072,0.255775
"Combined_vs_NP","Multi-Omics",303,0.073,0.257327083333333
"Combined_vs_NP","Multi-Omics",303,0.074,0.2580125
"Combined_vs_NP","Multi-Omics",303,0.075,0.258333333333333
"Combined_vs_NP","Multi-Omics",303,0.076,0.258333333333333
"Combined_vs_NP","Multi-Omics",303,0.077,0.258333333333333
"Combined_vs_NP","Multi-Omics",303,0.078,0.258333333333333
"Combined_vs_NP","Multi-Omics",303,0.079,0.258333333333333
"Combined_vs_NP","Multi-Omics",303,0.08,0.26175
"Combined_vs_NP","Multi-Omics",303,0.081,0.264583333333333
"Combined_vs_NP","Multi-Omics",303,0.082,0.264583333333333
"Combined_vs_NP","Multi-Omics",303,0.083,0.264583333333333
"Combined_vs_NP","Multi-Omics",303,0.084,0.266666666666667
"Combined_vs_NP","Multi-Omics",303,0.085,0.266666666666667
"Combined_vs_NP","Multi-Omics",303,0.086,0.26875
"Combined_vs_NP","Multi-Omics",303,0.087,0.26875
"Combined_vs_NP","Multi-Omics",303,0.088,0.26875
"Combined_vs_NP","Multi-Omics",303,0.089,0.270833333333333
"Combined_vs_NP","Multi-Omics",303,0.09,0.270833333333333
"Combined_vs_NP","Multi-Omics",303,0.091,0.270833333333333
"Combined_vs_NP","Multi-Omics",303,0.092,0.270833333333333
"Combined_vs_NP","Multi-Omics",303,0.093,0.272916666666667
"Combined_vs_NP","Multi-Omics",303,0.094,0.272916666666667
"Combined_vs_NP","Multi-Omics",303,0.095,0.2760625
"Combined_vs_NP","Multi-Omics",303,0.096,0.279166666666667
"Combined_vs_NP","Multi-Omics",303,0.097,0.279166666666667
"Combined_vs_NP","Multi-Omics",303,0.098,0.28125
"Combined_vs_NP","Multi-Omics",303,0.099,0.28125
"Combined_vs_NP","Multi-Omics",303,0.1,0.28125
"Combined_vs_NP","Multi-Omics",303,0.101,0.2842875
"Combined_vs_NP","Multi-Omics",303,0.102,0.285416666666667
"Combined_vs_NP","Multi-Omics",303,0.103,0.285416666666667
"Combined_vs_NP","Multi-Omics",303,0.104,0.285416666666667
"Combined_vs_NP","Multi-Omics",303,0.105,0.2876875
"Combined_vs_NP","Multi-Omics",303,0.106,0.289058333333333
"Combined_vs_NP","Multi-Omics",303,0.107,0.2925125
"Combined_vs_NP","Multi-Omics",303,0.108,0.293816666666667
"Combined_vs_NP","Multi-Omics",303,0.109,0.294502083333333
"Combined_vs_NP","Multi-Omics",303,0.11,0.2951875
"Combined_vs_NP","Multi-Omics",303,0.111,0.297916666666667
"Combined_vs_NP","Multi-Omics",303,0.112,0.297916666666667
"Combined_vs_NP","Multi-Omics",303,0.113,0.3
"Combined_vs_NP","Multi-Omics",303,0.114,0.302091666666667
"Combined_vs_NP","Multi-Omics",303,0.115,0.302548611111111
"Combined_vs_NP","Multi-Omics",303,0.116,0.303005555555556
"Combined_vs_NP","Multi-Omics",303,0.117,0.3034625
"Combined_vs_NP","Multi-Omics",303,0.118,0.305261111111111
"Combined_vs_NP","Multi-Omics",303,0.119,0.306879166666667
"Combined_vs_NP","Multi-Omics",303,0.12,0.30825
"Combined_vs_NP","Multi-Omics",303,0.121,0.312991666666667
"Combined_vs_NP","Multi-Omics",303,0.122,0.314583333333333
"Combined_vs_NP","Multi-Omics",303,0.123,0.314583333333333
"Combined_vs_NP","Multi-Omics",303,0.124,0.314583333333333
"Combined_vs_NP","Multi-Omics",303,0.125,0.31484375
"Combined_vs_NP","Multi-Omics",303,0.126,0.315529166666667
"Combined_vs_NP","Multi-Omics",303,0.127,0.316804166666667
"Combined_vs_NP","Multi-Omics",303,0.128,0.318408333333333
"Combined_vs_NP","Multi-Omics",303,0.129,0.320464583333333
"Combined_vs_NP","Multi-Omics",303,0.13,0.320833333333333
"Combined_vs_NP","Multi-Omics",303,0.131,0.325
"Combined_vs_NP","Multi-Omics",303,0.132,0.325
"Combined_vs_NP","Multi-Omics",303,0.133,0.325535416666667
"Combined_vs_NP","Multi-Omics",303,0.134,0.3303875
"Combined_vs_NP","Multi-Omics",303,0.135,0.331072916666667
"Combined_vs_NP","Multi-Omics",303,0.136,0.33125
"Combined_vs_NP","Multi-Omics",303,0.137,0.331351388888889
"Combined_vs_NP","Multi-Omics",303,0.138,0.331808333333333
"Combined_vs_NP","Multi-Omics",303,0.139,0.332265277777778
"Combined_vs_NP","Multi-Omics",303,0.14,0.334930555555556
"Combined_vs_NP","Multi-Omics",303,0.141,0.336072916666667
"Combined_vs_NP","Multi-Omics",303,0.142,0.341533333333333
"Combined_vs_NP","Multi-Omics",303,0.143,0.34304125
"Combined_vs_NP","Multi-Omics",303,0.144,0.345371666666667
"Combined_vs_NP","Multi-Omics",303,0.145,0.347275
"Combined_vs_NP","Multi-Omics",303,0.146,0.348990833333333
"Combined_vs_NP","Multi-Omics",303,0.147,0.35132125
"Combined_vs_NP","Multi-Omics",303,0.148,0.352851666666667
"Combined_vs_NP","Multi-Omics",303,0.149,0.35381125
"Combined_vs_NP","Multi-Omics",303,0.15,0.354770833333333
"Combined_vs_NP","Multi-Omics",303,0.151,0.357664583333333
"Combined_vs_NP","Multi-Omics",303,0.152,0.358383333333333
"Combined_vs_NP","Multi-Omics",303,0.153,0.360439583333333
"Combined_vs_NP","Multi-Omics",303,0.154,0.361804166666667
"Combined_vs_NP","Multi-Omics",303,0.155,0.362489583333333
"Combined_vs_NP","Multi-Omics",303,0.156,0.365933333333333
"Combined_vs_NP","Multi-Omics",303,0.157,0.366985416666667
"Combined_vs_NP","Multi-Omics",303,0.158,0.367670833333333
"Combined_vs_NP","Multi-Omics",303,0.159,0.36835625
"Combined_vs_NP","Multi-Omics",303,0.16,0.370833333333333
"Combined_vs_NP","Multi-Omics",303,0.161,0.370833333333333
"Combined_vs_NP","Multi-Omics",303,0.162,0.370833333333333
"Combined_vs_NP","Multi-Omics",303,0.163,0.370833333333333
"Combined_vs_NP","Multi-Omics",303,0.164,0.370833333333333
"Combined_vs_NP","Multi-Omics",303,0.165,0.3761875
"Combined_vs_NP","Multi-Omics",303,0.166,0.379641666666667
"Combined_vs_NP","Multi-Omics",303,0.167,0.3810125
"Combined_vs_NP","Multi-Omics",303,0.168,0.381816666666667
"Combined_vs_NP","Multi-Omics",303,0.169,0.382502083333333
"Combined_vs_NP","Multi-Omics",303,0.17,0.3831875
"Combined_vs_NP","Multi-Omics",303,0.171,0.383333333333333
"Combined_vs_NP","Multi-Omics",303,0.172,0.385905555555556
"Combined_vs_NP","Multi-Omics",303,0.173,0.387733333333333
"Combined_vs_NP","Multi-Omics",303,0.174,0.389048611111111
"Combined_vs_NP","Multi-Omics",303,0.175,0.390503472222222
"Combined_vs_NP","Multi-Omics",303,0.176,0.393016666666667
"Combined_vs_NP","Multi-Omics",303,0.177,0.39375
"Combined_vs_NP","Multi-Omics",303,0.178,0.39375
"Combined_vs_NP","Multi-Omics",303,0.179,0.39375
"Combined_vs_NP","Multi-Omics",303,0.18,0.3960625
"Combined_vs_NP","Multi-Omics",303,0.181,0.398692708333333
"Combined_vs_NP","Multi-Omics",303,0.182,0.40040625
"Combined_vs_NP","Multi-Omics",303,0.183,0.401257291666667
"Combined_vs_NP","Multi-Omics",303,0.184,0.4016
"Combined_vs_NP","Multi-Omics",303,0.185,0.401942708333333
"Combined_vs_NP","Multi-Omics",303,0.186,0.404166666666667
"Combined_vs_NP","Multi-Omics",303,0.187,0.406345833333333
"Combined_vs_NP","Multi-Omics",303,0.188,0.407716666666667
"Combined_vs_NP","Multi-Omics",303,0.189,0.408333333333333
"Combined_vs_NP","Multi-Omics",303,0.19,0.408333333333333
"Combined_vs_NP","Multi-Omics",303,0.191,0.408333333333333
"Combined_vs_NP","Multi-Omics",303,0.192,0.408566666666667
"Combined_vs_NP","Multi-Omics",303,0.193,0.409023611111111
"Combined_vs_NP","Multi-Omics",303,0.194,0.409480555555556
"Combined_vs_NP","Multi-Omics",303,0.195,0.41090625
"Combined_vs_NP","Multi-Omics",303,0.196,0.413419444444444
"Combined_vs_NP","Multi-Omics",303,0.197,0.416277083333333
"Combined_vs_NP","Multi-Omics",303,0.198,0.419045833333333
"Combined_vs_NP","Multi-Omics",303,0.199,0.41973125
"Combined_vs_NP","Multi-Omics",303,0.2,0.421666666666667
"Combined_vs_NP","Multi-Omics",303,0.201,0.425
"Combined_vs_NP","Multi-Omics",303,0.202,0.425
"Combined_vs_NP","Multi-Omics",303,0.203,0.425
"Combined_vs_NP","Multi-Omics",303,0.204,0.425483333333333
"Combined_vs_NP","Multi-Omics",303,0.205,0.426854166666667
"Combined_vs_NP","Multi-Omics",303,0.206,0.427654166666667
"Combined_vs_NP","Multi-Omics",303,0.207,0.428339583333333
"Combined_vs_NP","Multi-Omics",303,0.208,0.429025
"Combined_vs_NP","Multi-Omics",303,0.209,0.429166666666667
"Combined_vs_NP","Multi-Omics",303,0.21,0.429354166666667
"Combined_vs_NP","Multi-Omics",303,0.211,0.430039583333333
"Combined_vs_NP","Multi-Omics",303,0.212,0.430725
"Combined_vs_NP","Multi-Omics",303,0.213,0.431570833333333
"Combined_vs_NP","Multi-Omics",303,0.214,0.432941666666667
"Combined_vs_NP","Multi-Omics",303,0.215,0.433578125
"Combined_vs_NP","Multi-Omics",303,0.216,0.433920833333333
"Combined_vs_NP","Multi-Omics",303,0.217,0.434263541666667
"Combined_vs_NP","Multi-Omics",303,0.218,0.43460625
"Combined_vs_NP","Multi-Omics",303,0.219,0.435126041666667
"Combined_vs_NP","Multi-Omics",303,0.22,0.436611111111111
"Combined_vs_NP","Multi-Omics",303,0.221,0.438749305555555
"Combined_vs_NP","Multi-Omics",303,0.222,0.441025
"Combined_vs_NP","Multi-Omics",303,0.223,0.441481944444444
"Combined_vs_NP","Multi-Omics",303,0.224,0.444566666666667
"Combined_vs_NP","Multi-Omics",303,0.225,0.445833333333333
"Combined_vs_NP","Multi-Omics",303,0.226,0.445833333333333
"Combined_vs_NP","Multi-Omics",303,0.227,0.4460875
"Combined_vs_NP","Multi-Omics",303,0.228,0.446544444444444
"Combined_vs_NP","Multi-Omics",303,0.229,0.447001388888889
"Combined_vs_NP","Multi-Omics",303,0.23,0.449229166666667
"Combined_vs_NP","Multi-Omics",303,0.231,0.453113194444444
"Combined_vs_NP","Multi-Omics",303,0.232,0.453808333333333
"Combined_vs_NP","Multi-Omics",303,0.233,0.454166666666667
"Combined_vs_NP","Multi-Omics",303,0.234,0.454166666666667
"Combined_vs_NP","Multi-Omics",303,0.235,0.454494791666667
"Combined_vs_NP","Multi-Omics",303,0.236,0.4555875
"Combined_vs_NP","Multi-Omics",303,0.237,0.45764375
"Combined_vs_NP","Multi-Omics",303,0.238,0.458441666666667
"Combined_vs_NP","Multi-Omics",303,0.239,0.461483333333333
"Combined_vs_NP","Multi-Omics",303,0.24,0.462854166666667
"Combined_vs_NP","Multi-Omics",303,0.241,0.463923958333333
"Combined_vs_NP","Multi-Omics",303,0.242,0.465075
"Combined_vs_NP","Multi-Omics",303,0.243,0.466445833333333
"Combined_vs_NP","Multi-Omics",303,0.244,0.467625
"Combined_vs_NP","Multi-Omics",303,0.245,0.471725694444444
"Combined_vs_NP","Multi-Omics",303,0.246,0.475609722222222
"Combined_vs_NP","Multi-Omics",303,0.247,0.476754166666667
"Combined_vs_NP","Multi-Omics",303,0.248,0.477466666666667
"Combined_vs_NP","Multi-Omics",303,0.249,0.4788375
"Combined_vs_NP","Multi-Omics",303,0.25,0.48125
"Combined_vs_NP","Multi-Omics",303,0.251,0.481315833333333
"Combined_vs_NP","Multi-Omics",303,0.252,0.48159
"Combined_vs_NP","Multi-Omics",303,0.253,0.481864166666667
"Combined_vs_NP","Multi-Omics",303,0.254,0.482138333333333
"Combined_vs_NP","Multi-Omics",303,0.255,0.4824125
"Combined_vs_NP","Multi-Omics",303,0.256,0.483153333333333
"Combined_vs_NP","Multi-Omics",303,0.257,0.484112916666667
"Combined_vs_NP","Multi-Omics",303,0.258,0.4850725
"Combined_vs_NP","Multi-Omics",303,0.259,0.48585625
"Combined_vs_NP","Multi-Omics",303,0.26,0.486708333333333
"Combined_vs_NP","Multi-Omics",303,0.261,0.488764583333333
"Combined_vs_NP","Multi-Omics",303,0.262,0.492079166666667
"Combined_vs_NP","Multi-Omics",303,0.263,0.492820833333333
"Combined_vs_NP","Multi-Omics",303,0.264,0.494191666666667
"Combined_vs_NP","Multi-Omics",303,0.265,0.4955625
"Combined_vs_NP","Multi-Omics",303,0.266,0.496904166666667
"Combined_vs_NP","Multi-Omics",303,0.267,0.497589583333333
"Combined_vs_NP","Multi-Omics",303,0.268,0.498513888888889
"Combined_vs_NP","Multi-Omics",303,0.269,0.499660416666667
"Combined_vs_NP","Multi-Omics",303,0.27,0.502173611111111
"Combined_vs_NP","Multi-Omics",303,0.271,0.504355555555556
"Combined_vs_NP","Multi-Omics",303,0.272,0.506183333333333
"Combined_vs_NP","Multi-Omics",303,0.273,0.506910416666667
"Combined_vs_NP","Multi-Omics",303,0.274,0.507595833333333
"Combined_vs_NP","Multi-Omics",303,0.275,0.50828125
"Combined_vs_NP","Multi-Omics",303,0.276,0.508966666666667
"Combined_vs_NP","Multi-Omics",303,0.277,0.510317083333333
"Combined_vs_NP","Multi-Omics",303,0.278,0.5126475
"Combined_vs_NP","Multi-Omics",303,0.279,0.513159166666667
"Combined_vs_NP","Multi-Omics",303,0.28,0.5176
"Combined_vs_NP","Multi-Omics",303,0.281,0.517874166666667
"Combined_vs_NP","Multi-Omics",303,0.282,0.520231666666667
"Combined_vs_NP","Multi-Omics",303,0.283,0.520505833333333
"Combined_vs_NP","Multi-Omics",303,0.284,0.52078
"Combined_vs_NP","Multi-Omics",303,0.285,0.521109375
"Combined_vs_NP","Multi-Omics",303,0.286,0.521647916666667
"Combined_vs_NP","Multi-Omics",303,0.287,0.522676041666667
"Combined_vs_NP","Multi-Omics",303,0.288,0.524754166666667
"Combined_vs_NP","Multi-Omics",303,0.289,0.526646875
"Combined_vs_NP","Multi-Omics",303,0.29,0.526989583333333
"Combined_vs_NP","Multi-Omics",303,0.291,0.528577083333333
"Combined_vs_NP","Multi-Omics",303,0.292,0.532575
"Combined_vs_NP","Multi-Omics",303,0.293,0.533945833333333
"Combined_vs_NP","Multi-Omics",303,0.294,0.536729166666667
"Combined_vs_NP","Multi-Omics",303,0.295,0.539640625
"Combined_vs_NP","Multi-Omics",303,0.296,0.539983333333333
"Combined_vs_NP","Multi-Omics",303,0.297,0.540326041666667
"Combined_vs_NP","Multi-Omics",303,0.298,0.54066875
"Combined_vs_NP","Multi-Omics",303,0.299,0.541011458333333
"Combined_vs_NP","Multi-Omics",303,0.3,0.544270833333333
"Combined_vs_NP","Multi-Omics",303,0.301,0.545833333333333
"Combined_vs_NP","Multi-Omics",303,0.302,0.545833333333333
"Combined_vs_NP","Multi-Omics",303,0.303,0.546872222222222
"Combined_vs_NP","Multi-Omics",303,0.304,0.548733333333333
"Combined_vs_NP","Multi-Omics",303,0.305,0.551246527777777
"Combined_vs_NP","Multi-Omics",303,0.306,0.554484722222222
"Combined_vs_NP","Multi-Omics",303,0.307,0.560416666666667
"Combined_vs_NP","Multi-Omics",303,0.308,0.560416666666667
"Combined_vs_NP","Multi-Omics",303,0.309,0.560752083333333
"Combined_vs_NP","Multi-Omics",303,0.31,0.5614375
"Combined_vs_NP","Multi-Omics",303,0.311,0.562122916666667
"Combined_vs_NP","Multi-Omics",303,0.312,0.5625
"Combined_vs_NP","Multi-Omics",303,0.313,0.5625
"Combined_vs_NP","Multi-Omics",303,0.314,0.5625
"Combined_vs_NP","Multi-Omics",303,0.315,0.5628375
"Combined_vs_NP","Multi-Omics",303,0.316,0.56366
"Combined_vs_NP","Multi-Omics",303,0.317,0.5644825
"Combined_vs_NP","Multi-Omics",303,0.318,0.565305
"Combined_vs_NP","Multi-Omics",303,0.319,0.5661275
"Combined_vs_NP","Multi-Omics",303,0.32,0.56695
"Combined_vs_NP","Multi-Omics",303,0.321,0.569855833333333
"Combined_vs_NP","Multi-Omics",303,0.322,0.570678333333333
"Combined_vs_NP","Multi-Omics",303,0.323,0.570833333333333
"Combined_vs_NP","Multi-Omics",303,0.324,0.570833333333333
"Combined_vs_NP","Multi-Omics",303,0.325,0.570833333333333
"Combined_vs_NP","Multi-Omics",303,0.326,0.570833333333333
"Combined_vs_NP","Multi-Omics",303,0.327,0.571063888888889
"Combined_vs_NP","Multi-Omics",303,0.328,0.571977777777778
"Combined_vs_NP","Multi-Omics",303,0.329,0.5730171875
"Combined_vs_NP","Multi-Omics",303,0.33,0.576477430555556
"Combined_vs_NP","Multi-Omics",303,0.331,0.578933506944444
"Combined_vs_NP","Multi-Omics",303,0.332,0.580122916666667
"Combined_vs_NP","Multi-Omics",303,0.333,0.580877881944444
"Combined_vs_NP","Multi-Omics",303,0.334,0.582237291666667
"Combined_vs_NP","Multi-Omics",303,0.335,0.583775868055555
"Combined_vs_NP","Multi-Omics",303,0.336,0.585348333333333
"Combined_vs_NP","Multi-Omics",303,0.337,0.586524965277778
"Combined_vs_NP","Multi-Omics",303,0.338,0.587421041666667
"Combined_vs_NP","Multi-Omics",303,0.339,0.588140729166667
"Combined_vs_NP","Multi-Omics",303,0.34,0.588860416666667
"Combined_vs_NP","Multi-Omics",303,0.341,0.589324166666667
"Combined_vs_NP","Multi-Omics",303,0.342,0.589583333333333
"Combined_vs_NP","Multi-Omics",303,0.343,0.589583333333333
"Combined_vs_NP","Multi-Omics",303,0.344,0.589583333333333
"Combined_vs_NP","Multi-Omics",303,0.345,0.589583333333333
"Combined_vs_NP","Multi-Omics",303,0.346,0.589583333333333
"Combined_vs_NP","Multi-Omics",303,0.347,0.590602083333333
"Combined_vs_NP","Multi-Omics",303,0.348,0.592658333333334
"Combined_vs_NP","Multi-Omics",303,0.349,0.593377083333333
"Combined_vs_NP","Multi-Omics",303,0.35,0.593875
"Combined_vs_NP","Multi-Omics",303,0.351,0.594149166666667
"Combined_vs_NP","Multi-Omics",303,0.352,0.594851111111111
"Combined_vs_NP","Multi-Omics",303,0.353,0.595867638888889
"Combined_vs_NP","Multi-Omics",303,0.354,0.597284166666667
"Combined_vs_NP","Multi-Omics",303,0.355,0.598946527777778
"Combined_vs_NP","Multi-Omics",303,0.356,0.600335833333333
"Combined_vs_NP","Multi-Omics",303,0.357,0.601226875
"Combined_vs_NP","Multi-Omics",303,0.358,0.602029791666667
"Combined_vs_NP","Multi-Omics",303,0.359,0.602818020833333
"Combined_vs_NP","Multi-Omics",303,0.36,0.60360625
"Combined_vs_NP","Multi-Omics",303,0.361,0.604394479166667
"Combined_vs_NP","Multi-Omics",303,0.362,0.605282523148148
"Combined_vs_NP","Multi-Omics",303,0.363,0.606405844907407
"Combined_vs_NP","Multi-Omics",303,0.364,0.607529166666667
"Combined_vs_NP","Multi-Omics",303,0.365,0.608652488425926
"Combined_vs_NP","Multi-Omics",303,0.366,0.609775810185185
"Combined_vs_NP","Multi-Omics",303,0.367,0.610899131944444
"Combined_vs_NP","Multi-Omics",303,0.368,0.614180787037037
"Combined_vs_NP","Multi-Omics",303,0.369,0.61564681712963
"Combined_vs_NP","Multi-Omics",303,0.37,0.616993055555556
"Combined_vs_NP","Multi-Omics",303,0.371,0.620412037037037
"Combined_vs_NP","Multi-Omics",303,0.372,0.621935185185185
"Combined_vs_NP","Multi-Omics",303,0.373,0.622554166666667
"Combined_vs_NP","Multi-Omics",303,0.374,0.622706481481482
"Combined_vs_NP","Multi-Omics",303,0.375,0.622858796296296
"Combined_vs_NP","Multi-Omics",303,0.376,0.623022916666667
"Combined_vs_NP","Multi-Omics",303,0.377,0.623213913690476
"Combined_vs_NP","Multi-Omics",303,0.378,0.623581101190476
"Combined_vs_NP","Multi-Omics",303,0.379,0.623948288690476
"Combined_vs_NP","Multi-Omics",303,0.38,0.624315476190476
"Combined_vs_NP","Multi-Omics",303,0.381,0.624682663690476
"Combined_vs_NP","Multi-Omics",303,0.382,0.625049851190476
"Combined_vs_NP","Multi-Omics",303,0.383,0.625417038690476
"Combined_vs_NP","Multi-Omics",303,0.384,0.625784226190476
"Combined_vs_NP","Multi-Omics",303,0.385,0.626151413690476
"Combined_vs_NP","Multi-Omics",303,0.386,0.626518601190476
"Combined_vs_NP","Multi-Omics",303,0.387,0.626885788690476
"Combined_vs_NP","Multi-Omics",303,0.388,0.629588888888889
"Combined_vs_NP","Multi-Omics",303,0.389,0.630502777777778
"Combined_vs_NP","Multi-Omics",303,0.39,0.631416666666667
"Combined_vs_NP","Multi-Omics",303,0.391,0.632716666666667
"Combined_vs_NP","Multi-Omics",303,0.392,0.634544444444444
"Combined_vs_NP","Multi-Omics",303,0.393,0.636372222222222
"Combined_vs_NP","Multi-Omics",303,0.394,0.638725
"Combined_vs_NP","Multi-Omics",303,0.395,0.641923611111111
"Combined_vs_NP","Multi-Omics",303,0.396,0.64315
"Combined_vs_NP","Multi-Omics",303,0.397,0.64375
"Combined_vs_NP","Multi-Omics",303,0.398,0.64375
"Combined_vs_NP","Multi-Omics",303,0.399,0.64375
"Combined_vs_NP","Multi-Omics",303,0.4,0.64375
"Combined_vs_NP","Multi-Omics",303,0.401,0.64375
"Combined_vs_NP","Multi-Omics",303,0.402,0.64375
"Combined_vs_NP","Multi-Omics",303,0.403,0.64375
"Combined_vs_NP","Multi-Omics",303,0.404,0.64375
"Combined_vs_NP","Multi-Omics",303,0.405,0.64375
"Combined_vs_NP","Multi-Omics",303,0.406,0.64375
"Combined_vs_NP","Multi-Omics",303,0.407,0.64375
"Combined_vs_NP","Multi-Omics",303,0.408,0.64375
"Combined_vs_NP","Multi-Omics",303,0.409,0.64375
"Combined_vs_NP","Multi-Omics",303,0.41,0.64375
"Combined_vs_NP","Multi-Omics",303,0.411,0.64375
"Combined_vs_NP","Multi-Omics",303,0.412,0.643875
"Combined_vs_NP","Multi-Omics",303,0.413,0.644731770833333
"Combined_vs_NP","Multi-Omics",303,0.414,0.645588541666667
"Combined_vs_NP","Multi-Omics",303,0.415,0.646474479166667
"Combined_vs_NP","Multi-Omics",303,0.416,0.647605416666667
"Combined_vs_NP","Multi-Omics",303,0.417,0.648736354166667
"Combined_vs_NP","Multi-Omics",303,0.418,0.649913125
"Combined_vs_NP","Multi-Omics",303,0.419,0.651729479166667
"Combined_vs_NP","Multi-Omics",303,0.42,0.653445833333333
"Combined_vs_NP","Multi-Omics",303,0.421,0.655098159722222
"Combined_vs_NP","Multi-Omics",303,0.422,0.657417152777778
"Combined_vs_NP","Multi-Omics",303,0.423,0.658901145833333
"Combined_vs_NP","Multi-Omics",303,0.424,0.659575138888889
"Combined_vs_NP","Multi-Omics",303,0.425,0.6619375
"Combined_vs_NP","Multi-Omics",303,0.426,0.66234
"Combined_vs_NP","Multi-Omics",303,0.427,0.662888333333333
"Combined_vs_NP","Multi-Omics",303,0.428,0.663176666666667
"Combined_vs_NP","Multi-Omics",303,0.429,0.663450833333333
"Combined_vs_NP","Multi-Omics",303,0.43,0.663725
"Combined_vs_NP","Multi-Omics",303,0.431,0.664206805555556
"Combined_vs_NP","Multi-Omics",303,0.432,0.664709444444444
"Combined_vs_NP","Multi-Omics",303,0.433,0.665212083333333
"Combined_vs_NP","Multi-Omics",303,0.434,0.665476388888889
"Combined_vs_NP","Multi-Omics",303,0.435,0.665704861111111
"Combined_vs_NP","Multi-Omics",303,0.436,0.665933333333333
"Combined_vs_NP","Multi-Omics",303,0.437,0.666161805555556
"Combined_vs_NP","Multi-Omics",303,0.438,0.666531944444444
"Combined_vs_NP","Multi-Omics",303,0.439,0.667217361111111
"Combined_vs_NP","Multi-Omics",303,0.44,0.671888888888889
"Combined_vs_NP","Multi-Omics",303,0.441,0.672469444444445
"Combined_vs_NP","Multi-Omics",303,0.442,0.673383333333333
"Combined_vs_NP","Multi-Omics",303,0.443,0.673954166666667
"Combined_vs_NP","Multi-Omics",303,0.444,0.674411111111111
"Combined_vs_NP","Multi-Omics",303,0.445,0.674868055555556
"Combined_vs_NP","Multi-Omics",303,0.446,0.675325
"Combined_vs_NP","Multi-Omics",303,0.447,0.676044444444445
"Combined_vs_NP","Multi-Omics",303,0.448,0.677872222222222
"Combined_vs_NP","Multi-Omics",303,0.449,0.6797
"Combined_vs_NP","Multi-Omics",303,0.45,0.68125
"Combined_vs_NP","Multi-Omics",303,0.451,0.68125
"Combined_vs_NP","Multi-Omics",303,0.452,0.68125
"Combined_vs_NP","Multi-Omics",303,0.453,0.68125
"Combined_vs_NP","Multi-Omics",303,0.454,0.68125
"Combined_vs_NP","Multi-Omics",303,0.455,0.6814125
"Combined_vs_NP","Multi-Omics",303,0.456,0.681886666666667
"Combined_vs_NP","Multi-Omics",303,0.457,0.6849025
"Combined_vs_NP","Multi-Omics",303,0.458,0.686401666666667
"Combined_vs_NP","Multi-Omics",303,0.459,0.686675833333333
"Combined_vs_NP","Multi-Omics",303,0.46,0.68695
"Combined_vs_NP","Multi-Omics",303,0.461,0.689624375
"Combined_vs_NP","Multi-Omics",303,0.462,0.690515416666667
"Combined_vs_NP","Multi-Omics",303,0.463,0.692496458333334
"Combined_vs_NP","Multi-Omics",303,0.464,0.693834166666667
"Combined_vs_NP","Multi-Omics",303,0.465,0.694451041666667
"Combined_vs_NP","Multi-Omics",303,0.466,0.695329583333333
"Combined_vs_NP","Multi-Omics",303,0.467,0.6966675
"Combined_vs_NP","Multi-Omics",303,0.468,0.698586666666667
"Combined_vs_NP","Multi-Omics",303,0.469,0.699000833333333
"Combined_vs_NP","Multi-Omics",303,0.47,0.699275
"Combined_vs_NP","Multi-Omics",303,0.471,0.699549166666667
"Combined_vs_NP","Multi-Omics",303,0.472,0.699823333333333
"Combined_vs_NP","Multi-Omics",303,0.473,0.7
"Combined_vs_NP","Multi-Omics",303,0.474,0.7
"Combined_vs_NP","Multi-Omics",303,0.475,0.7
"Combined_vs_NP","Multi-Omics",303,0.476,0.700866666666667
"Combined_vs_NP","Multi-Omics",303,0.477,0.703608333333334
"Combined_vs_NP","Multi-Omics",303,0.478,0.704166666666667
"Combined_vs_NP","Multi-Omics",303,0.479,0.704166666666667
"Combined_vs_NP","Multi-Omics",303,0.48,0.704166666666667
"Combined_vs_NP","Multi-Omics",303,0.481,0.704426041666667
"Combined_vs_NP","Multi-Omics",303,0.482,0.70509375
"Combined_vs_NP","Multi-Omics",303,0.483,0.706807291666667
"Combined_vs_NP","Multi-Omics",303,0.484,0.7075375
"Combined_vs_NP","Multi-Omics",303,0.485,0.707880208333333
"Combined_vs_NP","Multi-Omics",303,0.486,0.708222916666667
"Combined_vs_NP","Multi-Omics",303,0.487,0.708333333333333
"Combined_vs_NP","Multi-Omics",303,0.488,0.708333333333333
"Combined_vs_NP","Multi-Omics",303,0.489,0.708333333333333
"Combined_vs_NP","Multi-Omics",303,0.49,0.708333333333333
"Combined_vs_NP","Multi-Omics",303,0.491,0.708333333333333
"Combined_vs_NP","Multi-Omics",303,0.492,0.708333333333333
"Combined_vs_NP","Multi-Omics",303,0.493,0.708333333333333
"Combined_vs_NP","Multi-Omics",303,0.494,0.708369444444444
"Combined_vs_NP","Multi-Omics",303,0.495,0.708826388888889
"Combined_vs_NP","Multi-Omics",303,0.496,0.709283333333333
"Combined_vs_NP","Multi-Omics",303,0.497,0.709740277777778
"Combined_vs_NP","Multi-Omics",303,0.498,0.710197222222222
"Combined_vs_NP","Multi-Omics",303,0.499,0.710416666666667
"Combined_vs_NP","Multi-Omics",303,0.5,0.710416666666667
"Combined_vs_NP","Multi-Omics",303,0.501,0.710416666666667
"Combined_vs_NP","Multi-Omics",303,0.502,0.710416666666667
"Combined_vs_NP","Multi-Omics",303,0.503,0.710416666666667
"Combined_vs_NP","Multi-Omics",303,0.504,0.710416666666667
"Combined_vs_NP","Multi-Omics",303,0.505,0.710416666666667
"Combined_vs_NP","Multi-Omics",303,0.506,0.710416666666667
"Combined_vs_NP","Multi-Omics",303,0.507,0.710416666666667
"Combined_vs_NP","Multi-Omics",303,0.508,0.7106
"Combined_vs_NP","Multi-Omics",303,0.509,0.711056944444444
"Combined_vs_NP","Multi-Omics",303,0.51,0.711513888888889
"Combined_vs_NP","Multi-Omics",303,0.511,0.712466666666667
"Combined_vs_NP","Multi-Omics",303,0.512,0.714294444444444
"Combined_vs_NP","Multi-Omics",303,0.513,0.714583333333333
"Combined_vs_NP","Multi-Omics",303,0.514,0.714583333333333
"Combined_vs_NP","Multi-Omics",303,0.515,0.714583333333333
"Combined_vs_NP","Multi-Omics",303,0.516,0.714583333333333
"Combined_vs_NP","Multi-Omics",303,0.517,0.714583333333333
"Combined_vs_NP","Multi-Omics",303,0.518,0.714583333333333
"Combined_vs_NP","Multi-Omics",303,0.519,0.7147925
"Combined_vs_NP","Multi-Omics",303,0.52,0.715066666666667
"Combined_vs_NP","Multi-Omics",303,0.521,0.715340833333333
"Combined_vs_NP","Multi-Omics",303,0.522,0.715615
"Combined_vs_NP","Multi-Omics",303,0.523,0.715889166666667
"Combined_vs_NP","Multi-Omics",303,0.524,0.716163333333333
"Combined_vs_NP","Multi-Omics",303,0.525,0.7164375
"Combined_vs_NP","Multi-Omics",303,0.526,0.716666666666667
"Combined_vs_NP","Multi-Omics",303,0.527,0.716666666666667
"Combined_vs_NP","Multi-Omics",303,0.528,0.716666666666667
"Combined_vs_NP","Multi-Omics",303,0.529,0.716666666666667
"Combined_vs_NP","Multi-Omics",303,0.53,0.716666666666667
"Combined_vs_NP","Multi-Omics",303,0.531,0.716873958333333
"Combined_vs_NP","Multi-Omics",303,0.532,0.717216666666667
"Combined_vs_NP","Multi-Omics",303,0.533,0.717559375
"Combined_vs_NP","Multi-Omics",303,0.534,0.717902083333333
"Combined_vs_NP","Multi-Omics",303,0.535,0.720328125
"Combined_vs_NP","Multi-Omics",303,0.536,0.720670833333333
"Combined_vs_NP","Multi-Omics",303,0.537,0.720833333333333
"Combined_vs_NP","Multi-Omics",303,0.538,0.720833333333333
"Combined_vs_NP","Multi-Omics",303,0.539,0.720833333333333
"Combined_vs_NP","Multi-Omics",303,0.54,0.722916666666667
"Combined_vs_NP","Multi-Omics",303,0.541,0.722916666666667
"Combined_vs_NP","Multi-Omics",303,0.542,0.724241666666667
"Combined_vs_NP","Multi-Omics",303,0.543,0.725
"Combined_vs_NP","Multi-Omics",303,0.544,0.725
"Combined_vs_NP","Multi-Omics",303,0.545,0.725
"Combined_vs_NP","Multi-Omics",303,0.546,0.725279166666667
"Combined_vs_NP","Multi-Omics",303,0.547,0.725964583333333
"Combined_vs_NP","Multi-Omics",303,0.548,0.72665
"Combined_vs_NP","Multi-Omics",303,0.549,0.727083333333333
"Combined_vs_NP","Multi-Omics",303,0.55,0.727083333333333
"Combined_vs_NP","Multi-Omics",303,0.551,0.727083333333333
"Combined_vs_NP","Multi-Omics",303,0.552,0.727083333333333
"Combined_vs_NP","Multi-Omics",303,0.553,0.727083333333333
"Combined_vs_NP","Multi-Omics",303,0.554,0.727083333333333
"Combined_vs_NP","Multi-Omics",303,0.555,0.727479166666667
"Combined_vs_NP","Multi-Omics",303,0.556,0.72885
"Combined_vs_NP","Multi-Omics",303,0.557,0.729166666666667
"Combined_vs_NP","Multi-Omics",303,0.558,0.729166666666667
"Combined_vs_NP","Multi-Omics",303,0.559,0.729166666666667
"Combined_vs_NP","Multi-Omics",303,0.56,0.729166666666667
"Combined_vs_NP","Multi-Omics",303,0.561,0.729166666666667
"Combined_vs_NP","Multi-Omics",303,0.562,0.729166666666667
"Combined_vs_NP","Multi-Omics",303,0.563,0.729166666666667
"Combined_vs_NP","Multi-Omics",303,0.564,0.729166666666667
"Combined_vs_NP","Multi-Omics",303,0.565,0.729166666666667
"Combined_vs_NP","Multi-Omics",303,0.566,0.729166666666667
"Combined_vs_NP","Multi-Omics",303,0.567,0.729166666666667
"Combined_vs_NP","Multi-Omics",303,0.568,0.729166666666667
"Combined_vs_NP","Multi-Omics",303,0.569,0.729166666666667
"Combined_vs_NP","Multi-Omics",303,0.57,0.729322916666667
"Combined_vs_NP","Multi-Omics",303,0.571,0.731036458333333
"Combined_vs_NP","Multi-Omics",303,0.572,0.732358333333333
"Combined_vs_NP","Multi-Omics",303,0.573,0.735469791666667
"Combined_vs_NP","Multi-Omics",303,0.574,0.736497916666667
"Combined_vs_NP","Multi-Omics",303,0.575,0.739244791666667
"Combined_vs_NP","Multi-Omics",303,0.576,0.739583333333333
"Combined_vs_NP","Multi-Omics",303,0.577,0.739583333333333
"Combined_vs_NP","Multi-Omics",303,0.578,0.739583333333333
"Combined_vs_NP","Multi-Omics",303,0.579,0.739583333333333
"Combined_vs_NP","Multi-Omics",303,0.58,0.739583333333333
"Combined_vs_NP","Multi-Omics",303,0.581,0.739583333333333
"Combined_vs_NP","Multi-Omics",303,0.582,0.739583333333333
"Combined_vs_NP","Multi-Omics",303,0.583,0.739583333333333
"Combined_vs_NP","Multi-Omics",303,0.584,0.739866666666667
"Combined_vs_NP","Multi-Omics",303,0.585,0.740552083333333
"Combined_vs_NP","Multi-Omics",303,0.586,0.743729166666667
"Combined_vs_NP","Multi-Omics",303,0.587,0.744615277777778
"Combined_vs_NP","Multi-Omics",303,0.588,0.745072222222222
"Combined_vs_NP","Multi-Omics",303,0.589,0.746114583333333
"Combined_vs_NP","Multi-Omics",303,0.59,0.747104166666667
"Combined_vs_NP","Multi-Omics",303,0.591,0.747789583333333
"Combined_vs_NP","Multi-Omics",303,0.592,0.749591666666667
"Combined_vs_NP","Multi-Omics",303,0.593,0.755814583333333
"Combined_vs_NP","Multi-Omics",303,0.594,0.757870833333333
"Combined_vs_NP","Multi-Omics",303,0.595,0.758333333333333
"Combined_vs_NP","Multi-Omics",303,0.596,0.758333333333333
"Combined_vs_NP","Multi-Omics",303,0.597,0.758333333333333
"Combined_vs_NP","Multi-Omics",303,0.598,0.7588375
"Combined_vs_NP","Multi-Omics",303,0.599,0.759522916666667
"Combined_vs_NP","Multi-Omics",303,0.6,0.760208333333333
"Combined_vs_NP","Multi-Omics",303,0.601,0.761370833333333
"Combined_vs_NP","Multi-Omics",303,0.602,0.766666666666667
"Combined_vs_NP","Multi-Omics",303,0.603,0.766666666666667
"Combined_vs_NP","Multi-Omics",303,0.604,0.766666666666667
"Combined_vs_NP","Multi-Omics",303,0.605,0.766666666666667
"Combined_vs_NP","Multi-Omics",303,0.606,0.766666666666667
"Combined_vs_NP","Multi-Omics",303,0.607,0.769595833333333
"Combined_vs_NP","Multi-Omics",303,0.608,0.770833333333333
"Combined_vs_NP","Multi-Omics",303,0.609,0.770833333333333
"Combined_vs_NP","Multi-Omics",303,0.61,0.770833333333333
"Combined_vs_NP","Multi-Omics",303,0.611,0.77295625
"Combined_vs_NP","Multi-Omics",303,0.612,0.773641666666667
"Combined_vs_NP","Multi-Omics",303,0.613,0.774327083333333
"Combined_vs_NP","Multi-Omics",303,0.614,0.775
"Combined_vs_NP","Multi-Omics",303,0.615,0.775
"Combined_vs_NP","Multi-Omics",303,0.616,0.775
"Combined_vs_NP","Multi-Omics",303,0.617,0.775
"Combined_vs_NP","Multi-Omics",303,0.618,0.775
"Combined_vs_NP","Multi-Omics",303,0.619,0.775
"Combined_vs_NP","Multi-Omics",303,0.62,0.775
"Combined_vs_NP","Multi-Omics",303,0.621,0.777083333333333
"Combined_vs_NP","Multi-Omics",303,0.622,0.777658333333333
"Combined_vs_NP","Multi-Omics",303,0.623,0.779029166666667
"Combined_vs_NP","Multi-Omics",303,0.624,0.779166666666667
"Combined_vs_NP","Multi-Omics",303,0.625,0.779166666666667
"Combined_vs_NP","Multi-Omics",303,0.626,0.779166666666667
"Combined_vs_NP","Multi-Omics",303,0.627,0.78125
"Combined_vs_NP","Multi-Omics",303,0.628,0.781716666666667
"Combined_vs_NP","Multi-Omics",303,0.629,0.7830875
"Combined_vs_NP","Multi-Omics",303,0.63,0.783333333333333
"Combined_vs_NP","Multi-Omics",303,0.631,0.783333333333333
"Combined_vs_NP","Multi-Omics",303,0.632,0.783333333333333
"Combined_vs_NP","Multi-Omics",303,0.633,0.783333333333333
"Combined_vs_NP","Multi-Omics",303,0.634,0.783333333333333
"Combined_vs_NP","Multi-Omics",303,0.635,0.783333333333333
"Combined_vs_NP","Multi-Omics",303,0.636,0.783333333333333
"Combined_vs_NP","Multi-Omics",303,0.637,0.783333333333333
"Combined_vs_NP","Multi-Omics",303,0.638,0.783333333333333
"Combined_vs_NP","Multi-Omics",303,0.639,0.783333333333333
"Combined_vs_NP","Multi-Omics",303,0.64,0.783583333333333
"Combined_vs_NP","Multi-Omics",303,0.641,0.784954166666667
"Combined_vs_NP","Multi-Omics",303,0.642,0.785416666666667
"Combined_vs_NP","Multi-Omics",303,0.643,0.785416666666667
"Combined_vs_NP","Multi-Omics",303,0.644,0.785416666666667
"Combined_vs_NP","Multi-Omics",303,0.645,0.785416666666667
"Combined_vs_NP","Multi-Omics",303,0.646,0.7875
"Combined_vs_NP","Multi-Omics",303,0.647,0.7875
"Combined_vs_NP","Multi-Omics",303,0.648,0.7875
"Combined_vs_NP","Multi-Omics",303,0.649,0.7875
"Combined_vs_NP","Multi-Omics",303,0.65,0.7875
"Combined_vs_NP","Multi-Omics",303,0.651,0.7875
"Combined_vs_NP","Multi-Omics",303,0.652,0.7875
"Combined_vs_NP","Multi-Omics",303,0.653,0.7875
"Combined_vs_NP","Multi-Omics",303,0.654,0.789583333333333
"Combined_vs_NP","Multi-Omics",303,0.655,0.789583333333333
"Combined_vs_NP","Multi-Omics",303,0.656,0.789583333333333
"Combined_vs_NP","Multi-Omics",303,0.657,0.789583333333333
"Combined_vs_NP","Multi-Omics",303,0.658,0.789583333333333
"Combined_vs_NP","Multi-Omics",303,0.659,0.790879166666667
"Combined_vs_NP","Multi-Omics",303,0.66,0.791666666666667
"Combined_vs_NP","Multi-Omics",303,0.661,0.791666666666667
"Combined_vs_NP","Multi-Omics",303,0.662,0.791666666666667
"Combined_vs_NP","Multi-Omics",303,0.663,0.792195833333333
"Combined_vs_NP","Multi-Omics",303,0.664,0.793566666666667
"Combined_vs_NP","Multi-Omics",303,0.665,0.79375
"Combined_vs_NP","Multi-Omics",303,0.666,0.793908333333333
"Combined_vs_NP","Multi-Omics",303,0.667,0.794365277777778
"Combined_vs_NP","Multi-Omics",303,0.668,0.794822222222222
"Combined_vs_NP","Multi-Omics",303,0.669,0.795279166666667
"Combined_vs_NP","Multi-Omics",303,0.67,0.795736111111111
"Combined_vs_NP","Multi-Omics",303,0.671,0.798186458333333
"Combined_vs_NP","Multi-Omics",303,0.672,0.798529166666667
"Combined_vs_NP","Multi-Omics",303,0.673,0.798871875
"Combined_vs_NP","Multi-Omics",303,0.674,0.801297916666667
"Combined_vs_NP","Multi-Omics",303,0.675,0.804036458333333
"Combined_vs_NP","Multi-Omics",303,0.676,0.80575
"Combined_vs_NP","Multi-Omics",303,0.677,0.808333333333333
"Combined_vs_NP","Multi-Omics",303,0.678,0.808333333333333
"Combined_vs_NP","Multi-Omics",303,0.679,0.808333333333333
"Combined_vs_NP","Multi-Omics",303,0.68,0.810416666666667
"Combined_vs_NP","Multi-Omics",303,0.681,0.810416666666667
"Combined_vs_NP","Multi-Omics",303,0.682,0.810416666666667
"Combined_vs_NP","Multi-Omics",303,0.683,0.811279166666667
"Combined_vs_NP","Multi-Omics",303,0.684,0.8125
"Combined_vs_NP","Multi-Omics",303,0.685,0.8125
"Combined_vs_NP","Multi-Omics",303,0.686,0.8125
"Combined_vs_NP","Multi-Omics",303,0.687,0.814583333333333
"Combined_vs_NP","Multi-Omics",303,0.688,0.814583333333333
"Combined_vs_NP","Multi-Omics",303,0.689,0.814583333333333
"Combined_vs_NP","Multi-Omics",303,0.69,0.816666666666667
"Combined_vs_NP","Multi-Omics",303,0.691,0.816666666666667
"Combined_vs_NP","Multi-Omics",303,0.692,0.81875
"Combined_vs_NP","Multi-Omics",303,0.693,0.81875
"Combined_vs_NP","Multi-Omics",303,0.694,0.820833333333333
"Combined_vs_NP","Multi-Omics",303,0.695,0.822916666666667
"Combined_vs_NP","Multi-Omics",303,0.696,0.822916666666667
"Combined_vs_NP","Multi-Omics",303,0.697,0.824220833333333
"Combined_vs_NP","Multi-Omics",303,0.698,0.825
"Combined_vs_NP","Multi-Omics",303,0.699,0.825
"Combined_vs_NP","Multi-Omics",303,0.7,0.825
"Combined_vs_NP","Multi-Omics",303,0.701,0.825
"Combined_vs_NP","Multi-Omics",303,0.702,0.825
"Combined_vs_NP","Multi-Omics",303,0.703,0.825
"Combined_vs_NP","Multi-Omics",303,0.704,0.825483333333333
"Combined_vs_NP","Multi-Omics",303,0.705,0.826854166666667
"Combined_vs_NP","Multi-Omics",303,0.706,0.827083333333333
"Combined_vs_NP","Multi-Omics",303,0.707,0.8275125
"Combined_vs_NP","Multi-Omics",303,0.708,0.828883333333333
"Combined_vs_NP","Multi-Omics",303,0.709,0.829166666666667
"Combined_vs_NP","Multi-Omics",303,0.71,0.829166666666667
"Combined_vs_NP","Multi-Omics",303,0.711,0.829166666666667
"Combined_vs_NP","Multi-Omics",303,0.712,0.829166666666667
"Combined_vs_NP","Multi-Omics",303,0.713,0.83125
"Combined_vs_NP","Multi-Omics",303,0.714,0.83125
"Combined_vs_NP","Multi-Omics",303,0.715,0.833333333333333
"Combined_vs_NP","Multi-Omics",303,0.716,0.833333333333333
"Combined_vs_NP","Multi-Omics",303,0.717,0.833333333333333
"Combined_vs_NP","Multi-Omics",303,0.718,0.833333333333333
"Combined_vs_NP","Multi-Omics",303,0.719,0.833333333333333
"Combined_vs_NP","Multi-Omics",303,0.72,0.833333333333333
"Combined_vs_NP","Multi-Omics",303,0.721,0.833333333333333
"Combined_vs_NP","Multi-Omics",303,0.722,0.833333333333333
"Combined_vs_NP","Multi-Omics",303,0.723,0.833333333333333
"Combined_vs_NP","Multi-Omics",303,0.724,0.833333333333333
"Combined_vs_NP","Multi-Omics",303,0.725,0.833333333333333
"Combined_vs_NP","Multi-Omics",303,0.726,0.833333333333333
"Combined_vs_NP","Multi-Omics",303,0.727,0.833333333333333
"Combined_vs_NP","Multi-Omics",303,0.728,0.833333333333333
"Combined_vs_NP","Multi-Omics",303,0.729,0.833333333333333
"Combined_vs_NP","Multi-Omics",303,0.73,0.833333333333333
"Combined_vs_NP","Multi-Omics",303,0.731,0.833333333333333
"Combined_vs_NP","Multi-Omics",303,0.732,0.833333333333333
"Combined_vs_NP","Multi-Omics",303,0.733,0.833333333333333
"Combined_vs_NP","Multi-Omics",303,0.734,0.833333333333333
"Combined_vs_NP","Multi-Omics",303,0.735,0.833333333333333
"Combined_vs_NP","Multi-Omics",303,0.736,0.833333333333333
"Combined_vs_NP","Multi-Omics",303,0.737,0.833333333333333
"Combined_vs_NP","Multi-Omics",303,0.738,0.833333333333333
"Combined_vs_NP","Multi-Omics",303,0.739,0.833333333333333
"Combined_vs_NP","Multi-Omics",303,0.74,0.833333333333333
"Combined_vs_NP","Multi-Omics",303,0.741,0.833333333333333
"Combined_vs_NP","Multi-Omics",303,0.742,0.833333333333333
"Combined_vs_NP","Multi-Omics",303,0.743,0.833333333333333
"Combined_vs_NP","Multi-Omics",303,0.744,0.833333333333333
"Combined_vs_NP","Multi-Omics",303,0.745,0.833333333333333
"Combined_vs_NP","Multi-Omics",303,0.746,0.833333333333333
"Combined_vs_NP","Multi-Omics",303,0.747,0.833333333333333
"Combined_vs_NP","Multi-Omics",303,0.748,0.833333333333333
"Combined_vs_NP","Multi-Omics",303,0.749,0.833333333333333
"Combined_vs_NP","Multi-Omics",303,0.75,0.833333333333333
"Combined_vs_NP","Multi-Omics",303,0.751,0.833333333333333
"Combined_vs_NP","Multi-Omics",303,0.752,0.833333333333333
"Combined_vs_NP","Multi-Omics",303,0.753,0.833333333333333
"Combined_vs_NP","Multi-Omics",303,0.754,0.833333333333333
"Combined_vs_NP","Multi-Omics",303,0.755,0.833333333333333
"Combined_vs_NP","Multi-Omics",303,0.756,0.833333333333333
"Combined_vs_NP","Multi-Omics",303,0.757,0.833333333333333
"Combined_vs_NP","Multi-Omics",303,0.758,0.833333333333333
"Combined_vs_NP","Multi-Omics",303,0.759,0.833333333333333
"Combined_vs_NP","Multi-Omics",303,0.76,0.833333333333333
"Combined_vs_NP","Multi-Omics",303,0.761,0.833333333333333
"Combined_vs_NP","Multi-Omics",303,0.762,0.833333333333333
"Combined_vs_NP","Multi-Omics",303,0.763,0.833333333333333
"Combined_vs_NP","Multi-Omics",303,0.764,0.833333333333333
"Combined_vs_NP","Multi-Omics",303,0.765,0.833333333333333
"Combined_vs_NP","Multi-Omics",303,0.766,0.833333333333333
"Combined_vs_NP","Multi-Omics",303,0.767,0.833333333333333
"Combined_vs_NP","Multi-Omics",303,0.768,0.833333333333333
"Combined_vs_NP","Multi-Omics",303,0.769,0.833333333333333
"Combined_vs_NP","Multi-Omics",303,0.77,0.833333333333333
"Combined_vs_NP","Multi-Omics",303,0.771,0.833333333333333
"Combined_vs_NP","Multi-Omics",303,0.772,0.833333333333333
"Combined_vs_NP","Multi-Omics",303,0.773,0.833333333333333
"Combined_vs_NP","Multi-Omics",303,0.774,0.833333333333333
"Combined_vs_NP","Multi-Omics",303,0.775,0.833333333333333
"Combined_vs_NP","Multi-Omics",303,0.776,0.833333333333333
"Combined_vs_NP","Multi-Omics",303,0.777,0.833333333333333
"Combined_vs_NP","Multi-Omics",303,0.778,0.833333333333333
"Combined_vs_NP","Multi-Omics",303,0.779,0.833333333333333
"Combined_vs_NP","Multi-Omics",303,0.78,0.833333333333333
"Combined_vs_NP","Multi-Omics",303,0.781,0.833333333333333
"Combined_vs_NP","Multi-Omics",303,0.782,0.833333333333333
"Combined_vs_NP","Multi-Omics",303,0.783,0.833333333333333
"Combined_vs_NP","Multi-Omics",303,0.784,0.833333333333333
"Combined_vs_NP","Multi-Omics",303,0.785,0.833333333333333
"Combined_vs_NP","Multi-Omics",303,0.786,0.833333333333333
"Combined_vs_NP","Multi-Omics",303,0.787,0.833333333333333
"Combined_vs_NP","Multi-Omics",303,0.788,0.833333333333333
"Combined_vs_NP","Multi-Omics",303,0.789,0.833333333333333
"Combined_vs_NP","Multi-Omics",303,0.79,0.833333333333333
"Combined_vs_NP","Multi-Omics",303,0.791,0.833333333333333
"Combined_vs_NP","Multi-Omics",303,0.792,0.833333333333333
"Combined_vs_NP","Multi-Omics",303,0.793,0.833333333333333
"Combined_vs_NP","Multi-Omics",303,0.794,0.833333333333333
"Combined_vs_NP","Multi-Omics",303,0.795,0.833333333333333
"Combined_vs_NP","Multi-Omics",303,0.796,0.833333333333333
"Combined_vs_NP","Multi-Omics",303,0.797,0.833333333333333
"Combined_vs_NP","Multi-Omics",303,0.798,0.833333333333333
"Combined_vs_NP","Multi-Omics",303,0.799,0.833333333333333
"Combined_vs_NP","Multi-Omics",303,0.8,0.841666666666667
"Combined_vs_NP","Multi-Omics",303,0.801,0.852083333333333
"Combined_vs_NP","Multi-Omics",303,0.802,0.852083333333333
"Combined_vs_NP","Multi-Omics",303,0.803,0.852083333333333
"Combined_vs_NP","Multi-Omics",303,0.804,0.854166666666667
"Combined_vs_NP","Multi-Omics",303,0.805,0.854166666666667
"Combined_vs_NP","Multi-Omics",303,0.806,0.854166666666667
"Combined_vs_NP","Multi-Omics",303,0.807,0.854166666666667
"Combined_vs_NP","Multi-Omics",303,0.808,0.854166666666667
"Combined_vs_NP","Multi-Omics",303,0.809,0.854166666666667
"Combined_vs_NP","Multi-Omics",303,0.81,0.854166666666667
"Combined_vs_NP","Multi-Omics",303,0.811,0.854166666666667
"Combined_vs_NP","Multi-Omics",303,0.812,0.854166666666667
"Combined_vs_NP","Multi-Omics",303,0.813,0.854166666666667
"Combined_vs_NP","Multi-Omics",303,0.814,0.854166666666667
"Combined_vs_NP","Multi-Omics",303,0.815,0.854166666666667
"Combined_vs_NP","Multi-Omics",303,0.816,0.854166666666667
"Combined_vs_NP","Multi-Omics",303,0.817,0.854166666666667
"Combined_vs_NP","Multi-Omics",303,0.818,0.854166666666667
"Combined_vs_NP","Multi-Omics",303,0.819,0.854166666666667
"Combined_vs_NP","Multi-Omics",303,0.82,0.854166666666667
"Combined_vs_NP","Multi-Omics",303,0.821,0.854166666666667
"Combined_vs_NP","Multi-Omics",303,0.822,0.854166666666667
"Combined_vs_NP","Multi-Omics",303,0.823,0.854166666666667
"Combined_vs_NP","Multi-Omics",303,0.824,0.854166666666667
"Combined_vs_NP","Multi-Omics",303,0.825,0.854166666666667
"Combined_vs_NP","Multi-Omics",303,0.826,0.854166666666667
"Combined_vs_NP","Multi-Omics",303,0.827,0.854166666666667
"Combined_vs_NP","Multi-Omics",303,0.828,0.854166666666667
"Combined_vs_NP","Multi-Omics",303,0.829,0.854166666666667
"Combined_vs_NP","Multi-Omics",303,0.83,0.856541666666667
"Combined_vs_NP","Multi-Omics",303,0.831,0.8579125
"Combined_vs_NP","Multi-Omics",303,0.832,0.875
"Combined_vs_NP","Multi-Omics",303,0.833,0.875
"Combined_vs_NP","Multi-Omics",303,0.834,0.875
"Combined_vs_NP","Multi-Omics",303,0.835,0.877083333333333
"Combined_vs_NP","Multi-Omics",303,0.836,0.877083333333333
"Combined_vs_NP","Multi-Omics",303,0.837,0.877083333333333
"Combined_vs_NP","Multi-Omics",303,0.838,0.879166666666667
"Combined_vs_NP","Multi-Omics",303,0.839,0.883333333333333
"Combined_vs_NP","Multi-Omics",303,0.84,0.883333333333333
"Combined_vs_NP","Multi-Omics",303,0.841,0.889583333333333
"Combined_vs_NP","Multi-Omics",303,0.842,0.897991666666667
"Combined_vs_NP","Multi-Omics",303,0.843,0.8993625
"Combined_vs_NP","Multi-Omics",303,0.844,0.916666666666667
"Combined_vs_NP","Multi-Omics",303,0.845,0.916666666666667
"Combined_vs_NP","Multi-Omics",303,0.846,0.916666666666667
"Combined_vs_NP","Multi-Omics",303,0.847,0.916666666666667
"Combined_vs_NP","Multi-Omics",303,0.848,0.916666666666667
"Combined_vs_NP","Multi-Omics",303,0.849,0.916666666666667
"Combined_vs_NP","Multi-Omics",303,0.85,0.916666666666667
"Combined_vs_NP","Multi-Omics",303,0.851,0.916666666666667
"Combined_vs_NP","Multi-Omics",303,0.852,0.916666666666667
"Combined_vs_NP","Multi-Omics",303,0.853,0.916666666666667
"Combined_vs_NP","Multi-Omics",303,0.854,0.916666666666667
"Combined_vs_NP","Multi-Omics",303,0.855,0.916666666666667
"Combined_vs_NP","Multi-Omics",303,0.856,0.916666666666667
"Combined_vs_NP","Multi-Omics",303,0.857,0.916666666666667
"Combined_vs_NP","Multi-Omics",303,0.858,0.916666666666667
"Combined_vs_NP","Multi-Omics",303,0.859,0.927545833333333
"Combined_vs_NP","Multi-Omics",303,0.86,0.928916666666667
"Combined_vs_NP","Multi-Omics",303,0.861,0.940704166666667
"Combined_vs_NP","Multi-Omics",303,0.862,0.944158333333333
"Combined_vs_NP","Multi-Omics",303,0.863,0.945529166666667
"Combined_vs_NP","Multi-Omics",303,0.864,0.9469
"Combined_vs_NP","Multi-Omics",303,0.865,0.952614583333333
"Combined_vs_NP","Multi-Omics",303,0.866,0.954670833333333
"Combined_vs_NP","Multi-Omics",303,0.867,0.955714583333333
"Combined_vs_NP","Multi-Omics",303,0.868,0.95625
"Combined_vs_NP","Multi-Omics",303,0.869,0.95625
"Combined_vs_NP","Multi-Omics",303,0.87,0.958333333333333
"Combined_vs_NP","Multi-Omics",303,0.871,0.958333333333333
"Combined_vs_NP","Multi-Omics",303,0.872,0.958333333333333
"Combined_vs_NP","Multi-Omics",303,0.873,0.958333333333333
"Combined_vs_NP","Multi-Omics",303,0.874,0.958333333333333
"Combined_vs_NP","Multi-Omics",303,0.875,0.958333333333333
"Combined_vs_NP","Multi-Omics",303,0.876,0.958333333333333
"Combined_vs_NP","Multi-Omics",303,0.877,0.958333333333333
"Combined_vs_NP","Multi-Omics",303,0.878,0.958333333333333
"Combined_vs_NP","Multi-Omics",303,0.879,0.958333333333333
"Combined_vs_NP","Multi-Omics",303,0.88,0.958333333333333
"Combined_vs_NP","Multi-Omics",303,0.881,0.958333333333333
"Combined_vs_NP","Multi-Omics",303,0.882,0.958333333333333
"Combined_vs_NP","Multi-Omics",303,0.883,0.958333333333333
"Combined_vs_NP","Multi-Omics",303,0.884,0.958333333333333
"Combined_vs_NP","Multi-Omics",303,0.885,0.958333333333333
"Combined_vs_NP","Multi-Omics",303,0.886,0.958333333333333
"Combined_vs_NP","Multi-Omics",303,0.887,0.958333333333333
"Combined_vs_NP","Multi-Omics",303,0.888,0.958333333333333
"Combined_vs_NP","Multi-Omics",303,0.889,0.958333333333333
"Combined_vs_NP","Multi-Omics",303,0.89,0.958333333333333
"Combined_vs_NP","Multi-Omics",303,0.891,0.958333333333333
"Combined_vs_NP","Multi-Omics",303,0.892,0.958333333333333
"Combined_vs_NP","Multi-Omics",303,0.893,0.958333333333333
"Combined_vs_NP","Multi-Omics",303,0.894,0.958333333333333
"Combined_vs_NP","Multi-Omics",303,0.895,0.958333333333333
"Combined_vs_NP","Multi-Omics",303,0.896,0.958333333333333
"Combined_vs_NP","Multi-Omics",303,0.897,0.958333333333333
"Combined_vs_NP","Multi-Omics",303,0.898,0.958333333333333
"Combined_vs_NP","Multi-Omics",303,0.899,0.960416666666667
"Combined_vs_NP","Multi-Omics",303,0.9,0.964583333333333
"Combined_vs_NP","Multi-Omics",303,0.901,0.964583333333333
"Combined_vs_NP","Multi-Omics",303,0.902,0.96875
"Combined_vs_NP","Multi-Omics",303,0.903,0.977264583333333
"Combined_vs_NP","Multi-Omics",303,0.904,0.97795
"Combined_vs_NP","Multi-Omics",303,0.905,0.978635416666667
"Combined_vs_NP","Multi-Omics",303,0.906,0.979166666666667
"Combined_vs_NP","Multi-Omics",303,0.907,0.979166666666667
"Combined_vs_NP","Multi-Omics",303,0.908,0.980133333333333
"Combined_vs_NP","Multi-Omics",303,0.909,0.98125
"Combined_vs_NP","Multi-Omics",303,0.91,0.98125
"Combined_vs_NP","Multi-Omics",303,0.911,0.98170625
"Combined_vs_NP","Multi-Omics",303,0.912,0.984475
"Combined_vs_NP","Multi-Omics",303,0.913,0.985160416666667
"Combined_vs_NP","Multi-Omics",303,0.914,0.987133333333333
"Combined_vs_NP","Multi-Omics",303,0.915,0.991715277777778
"Combined_vs_NP","Multi-Omics",303,0.916,0.992172222222222
"Combined_vs_NP","Multi-Omics",303,0.917,0.992629166666667
"Combined_vs_NP","Multi-Omics",303,0.918,0.993086111111111
"Combined_vs_NP","Multi-Omics",303,0.919,0.993543055555556
"Combined_vs_NP","Multi-Omics",303,0.92,0.99375
"Combined_vs_NP","Multi-Omics",303,0.921,0.99375
"Combined_vs_NP","Multi-Omics",303,0.922,0.99375
"Combined_vs_NP","Multi-Omics",303,0.923,0.994561805555556
"Combined_vs_NP","Multi-Omics",303,0.924,0.996161111111111
"Combined_vs_NP","Multi-Omics",303,0.925,0.99640625
"Combined_vs_NP","Multi-Omics",303,0.926,0.998718055555556
"Combined_vs_NP","Multi-Omics",303,0.927,0.998946527777778
"Combined_vs_NP","Multi-Omics",303,0.928,0.999175
"Combined_vs_NP","Multi-Omics",303,0.929,0.999403472222222
"Combined_vs_NP","Multi-Omics",303,0.93,0.999631944444444
"Combined_vs_NP","Multi-Omics",303,0.931,0.999860416666667
"Combined_vs_NP","Multi-Omics",303,0.932,1
"Combined_vs_NP","Multi-Omics",303,0.933,1
"Combined_vs_NP","Multi-Omics",303,0.934,1
"Combined_vs_NP","Multi-Omics",303,0.935,1
"Combined_vs_NP","Multi-Omics",303,0.936,1
"Combined_vs_NP","Multi-Omics",303,0.937,1
"Combined_vs_NP","Multi-Omics",303,0.938,1
"Combined_vs_NP","Multi-Omics",303,0.939,1
"Combined_vs_NP","Multi-Omics",303,0.94,1
"Combined_vs_NP","Multi-Omics",303,0.941,1
"Combined_vs_NP","Multi-Omics",303,0.942,1
"Combined_vs_NP","Multi-Omics",303,0.943,1
"Combined_vs_NP","Multi-Omics",303,0.944,1
"Combined_vs_NP","Multi-Omics",303,0.945,1
"Combined_vs_NP","Multi-Omics",303,0.946,1
"Combined_vs_NP","Multi-Omics",303,0.947,1
"Combined_vs_NP","Multi-Omics",303,0.948,1
"Combined_vs_NP","Multi-Omics",303,0.949,1
"Combined_vs_NP","Multi-Omics",303,0.95,1
"Combined_vs_NP","Multi-Omics",303,0.951,1
"Combined_vs_NP","Multi-Omics",303,0.952,1
"Combined_vs_NP","Multi-Omics",303,0.953,1
"Combined_vs_NP","Multi-Omics",303,0.954,1
"Combined_vs_NP","Multi-Omics",303,0.955,1
"Combined_vs_NP","Multi-Omics",303,0.956,1
"Combined_vs_NP","Multi-Omics",303,0.957,1
"Combined_vs_NP","Multi-Omics",303,0.958,1
"Combined_vs_NP","Multi-Omics",303,0.959,1
"Combined_vs_NP","Multi-Omics",303,0.96,1
"Combined_vs_NP","Multi-Omics",303,0.961,1
"Combined_vs_NP","Multi-Omics",303,0.962,1
"Combined_vs_NP","Multi-Omics",303,0.963,1
"Combined_vs_NP","Multi-Omics",303,0.964,1
"Combined_vs_NP","Multi-Omics",303,0.965,1
"Combined_vs_NP","Multi-Omics",303,0.966,1
"Combined_vs_NP","Multi-Omics",303,0.967,1
"Combined_vs_NP","Multi-Omics",303,0.968,1
"Combined_vs_NP","Multi-Omics",303,0.969,1
"Combined_vs_NP","Multi-Omics",303,0.97,1
"Combined_vs_NP","Multi-Omics",303,0.971,1
"Combined_vs_NP","Multi-Omics",303,0.972,1
"Combined_vs_NP","Multi-Omics",303,0.973,1
"Combined_vs_NP","Multi-Omics",303,0.974,1
"Combined_vs_NP","Multi-Omics",303,0.975,1
"Combined_vs_NP","Multi-Omics",303,0.976,1
"Combined_vs_NP","Multi-Omics",303,0.977,1
"Combined_vs_NP","Multi-Omics",303,0.978,1
"Combined_vs_NP","Multi-Omics",303,0.979,1
"Combined_vs_NP","Multi-Omics",303,0.98,1
"Combined_vs_NP","Multi-Omics",303,0.981,1
"Combined_vs_NP","Multi-Omics",303,0.982,1
"Combined_vs_NP","Multi-Omics",303,0.983,1
"Combined_vs_NP","Multi-Omics",303,0.984,1
"Combined_vs_NP","Multi-Omics",303,0.985,1
"Combined_vs_NP","Multi-Omics",303,0.986,1
"Combined_vs_NP","Multi-Omics",303,0.987,1
"Combined_vs_NP","Multi-Omics",303,0.988,1
"Combined_vs_NP","Multi-Omics",303,0.989,1
"Combined_vs_NP","Multi-Omics",303,0.99,1
"Combined_vs_NP","Multi-Omics",303,0.991,1
"Combined_vs_NP","Multi-Omics",303,0.992,1
"Combined_vs_NP","Multi-Omics",303,0.993,1
"Combined_vs_NP","Multi-Omics",303,0.994,1
"Combined_vs_NP","Multi-Omics",303,0.995,1
"Combined_vs_NP","Multi-Omics",303,0.996,1
"Combined_vs_NP","Multi-Omics",303,0.997,1
"Combined_vs_NP","Multi-Omics",303,0.998,1
"Combined_vs_NP","Multi-Omics",303,0.999,1
"Combined_vs_NP","Multi-Omics",303,1,1
