"outcome","ft_type","seed_val","fpr","sens"
"PE_vs_NP","Baseline",303,0,0.0454545454545455
"PE_vs_NP","Baseline",303,0.001,0.0454545454545455
"PE_vs_NP","Baseline",303,0.002,0.0454545454545455
"PE_vs_NP","Baseline",303,0.003,0.0454545454545455
"PE_vs_NP","Baseline",303,0.004,0.0454545454545455
"PE_vs_NP","Baseline",303,0.005,0.0454545454545455
"PE_vs_NP","Baseline",303,0.006,0.0454545454545455
"PE_vs_NP","Baseline",303,0.007,0.0454545454545455
"PE_vs_NP","Baseline",303,0.008,0.0454545454545455
"PE_vs_NP","Baseline",303,0.009,0.0454545454545455
"PE_vs_NP","Baseline",303,0.01,0.0454545454545455
"PE_vs_NP","Baseline",303,0.011,0.0454545454545455
"PE_vs_NP","Baseline",303,0.012,0.0454545454545455
"PE_vs_NP","Baseline",303,0.013,0.0454545454545455
"PE_vs_NP","Baseline",303,0.014,0.0454545454545455
"PE_vs_NP","Baseline",303,0.015,0.0454545454545455
"PE_vs_NP","Baseline",303,0.016,0.0454545454545455
"PE_vs_NP","Baseline",303,0.017,0.0454545454545455
"PE_vs_NP","Baseline",303,0.018,0.0485090909090909
"PE_vs_NP","Baseline",303,0.019,0.0517090909090909
"PE_vs_NP","Baseline",303,0.02,0.0545454545454545
"PE_vs_NP","Baseline",303,0.021,0.0545454545454545
"PE_vs_NP","Baseline",303,0.022,0.0545454545454545
"PE_vs_NP","Baseline",303,0.023,0.0545454545454545
"PE_vs_NP","Baseline",303,0.024,0.0545454545454545
"PE_vs_NP","Baseline",303,0.025,0.0545454545454545
"PE_vs_NP","Baseline",303,0.026,0.0545454545454545
"PE_vs_NP","Baseline",303,0.027,0.0545454545454545
"PE_vs_NP","Baseline",303,0.028,0.0545454545454545
"PE_vs_NP","Baseline",303,0.029,0.0727272727272727
"PE_vs_NP","Baseline",303,0.03,0.0727272727272727
"PE_vs_NP","Baseline",303,0.031,0.0727272727272727
"PE_vs_NP","Baseline",303,0.032,0.0909090909090909
"PE_vs_NP","Baseline",303,0.033,0.0909090909090909
"PE_vs_NP","Baseline",303,0.034,0.0909090909090909
"PE_vs_NP","Baseline",303,0.035,0.0909090909090909
"PE_vs_NP","Baseline",303,0.036,0.0909090909090909
"PE_vs_NP","Baseline",303,0.037,0.0909090909090909
"PE_vs_NP","Baseline",303,0.038,0.0909090909090909
"PE_vs_NP","Baseline",303,0.039,0.0909090909090909
"PE_vs_NP","Baseline",303,0.04,0.0909090909090909
"PE_vs_NP","Baseline",303,0.041,0.0909090909090909
"PE_vs_NP","Baseline",303,0.042,0.0909090909090909
"PE_vs_NP","Baseline",303,0.043,0.0909090909090909
"PE_vs_NP","Baseline",303,0.044,0.0909090909090909
"PE_vs_NP","Baseline",303,0.045,0.0909090909090909
"PE_vs_NP","Baseline",303,0.046,0.0909090909090909
"PE_vs_NP","Baseline",303,0.047,0.0909090909090909
"PE_vs_NP","Baseline",303,0.048,0.0909090909090909
"PE_vs_NP","Baseline",303,0.049,0.0909090909090909
"PE_vs_NP","Baseline",303,0.05,0.0909090909090909
"PE_vs_NP","Baseline",303,0.051,0.0909090909090909
"PE_vs_NP","Baseline",303,0.052,0.0936727272727274
"PE_vs_NP","Baseline",303,0.053,0.0968727272727275
"PE_vs_NP","Baseline",303,0.054,0.1
"PE_vs_NP","Baseline",303,0.055,0.1
"PE_vs_NP","Baseline",303,0.056,0.1
"PE_vs_NP","Baseline",303,0.057,0.1
"PE_vs_NP","Baseline",303,0.058,0.1
"PE_vs_NP","Baseline",303,0.059,0.1
"PE_vs_NP","Baseline",303,0.06,0.1
"PE_vs_NP","Baseline",303,0.061,0.1
"PE_vs_NP","Baseline",303,0.062,0.1
"PE_vs_NP","Baseline",303,0.063,0.1
"PE_vs_NP","Baseline",303,0.064,0.1
"PE_vs_NP","Baseline",303,0.065,0.1
"PE_vs_NP","Baseline",303,0.066,0.1
"PE_vs_NP","Baseline",303,0.067,0.1
"PE_vs_NP","Baseline",303,0.068,0.1
"PE_vs_NP","Baseline",303,0.069,0.1
"PE_vs_NP","Baseline",303,0.07,0.1
"PE_vs_NP","Baseline",303,0.071,0.1
"PE_vs_NP","Baseline",303,0.072,0.1
"PE_vs_NP","Baseline",303,0.073,0.1
"PE_vs_NP","Baseline",303,0.074,0.1
"PE_vs_NP","Baseline",303,0.075,0.1
"PE_vs_NP","Baseline",303,0.076,0.1
"PE_vs_NP","Baseline",303,0.077,0.109090909090909
"PE_vs_NP","Baseline",303,0.078,0.109090909090909
"PE_vs_NP","Baseline",303,0.079,0.109090909090909
"PE_vs_NP","Baseline",303,0.08,0.109818181818182
"PE_vs_NP","Baseline",303,0.081,0.111418181818182
"PE_vs_NP","Baseline",303,0.082,0.113018181818182
"PE_vs_NP","Baseline",303,0.083,0.114618181818182
"PE_vs_NP","Baseline",303,0.084,0.116218181818182
"PE_vs_NP","Baseline",303,0.085,0.117818181818182
"PE_vs_NP","Baseline",303,0.086,0.120654545454545
"PE_vs_NP","Baseline",303,0.087,0.123854545454545
"PE_vs_NP","Baseline",303,0.088,0.127054545454546
"PE_vs_NP","Baseline",303,0.089,0.136363636363636
"PE_vs_NP","Baseline",303,0.09,0.136363636363636
"PE_vs_NP","Baseline",303,0.091,0.136654545454545
"PE_vs_NP","Baseline",303,0.092,0.139854545454545
"PE_vs_NP","Baseline",303,0.093,0.143054545454545
"PE_vs_NP","Baseline",303,0.094,0.154545454545455
"PE_vs_NP","Baseline",303,0.095,0.154545454545455
"PE_vs_NP","Baseline",303,0.096,0.154545454545455
"PE_vs_NP","Baseline",303,0.097,0.154545454545455
"PE_vs_NP","Baseline",303,0.098,0.154545454545455
"PE_vs_NP","Baseline",303,0.099,0.154545454545455
"PE_vs_NP","Baseline",303,0.1,0.154545454545455
"PE_vs_NP","Baseline",303,0.101,0.154545454545455
"PE_vs_NP","Baseline",303,0.102,0.154545454545455
"PE_vs_NP","Baseline",303,0.103,0.156872727272727
"PE_vs_NP","Baseline",303,0.104,0.160072727272727
"PE_vs_NP","Baseline",303,0.105,0.163272727272727
"PE_vs_NP","Baseline",303,0.106,0.165054545454545
"PE_vs_NP","Baseline",303,0.107,0.166654545454545
"PE_vs_NP","Baseline",303,0.108,0.168278787878788
"PE_vs_NP","Baseline",303,0.109,0.170412121212121
"PE_vs_NP","Baseline",303,0.11,0.172545454545454
"PE_vs_NP","Baseline",303,0.111,0.174351515151515
"PE_vs_NP","Baseline",303,0.112,0.174884848484849
"PE_vs_NP","Baseline",303,0.113,0.175418181818182
"PE_vs_NP","Baseline",303,0.114,0.177115151515151
"PE_vs_NP","Baseline",303,0.115,0.180848484848485
"PE_vs_NP","Baseline",303,0.116,0.184581818181818
"PE_vs_NP","Baseline",303,0.117,0.186642424242424
"PE_vs_NP","Baseline",303,0.118,0.187175757575758
"PE_vs_NP","Baseline",303,0.119,0.187709090909091
"PE_vs_NP","Baseline",303,0.12,0.188242424242424
"PE_vs_NP","Baseline",303,0.121,0.188775757575758
"PE_vs_NP","Baseline",303,0.122,0.189309090909091
"PE_vs_NP","Baseline",303,0.123,0.189842424242424
"PE_vs_NP","Baseline",303,0.124,0.190375757575758
"PE_vs_NP","Baseline",303,0.125,0.190909090909091
"PE_vs_NP","Baseline",303,0.126,0.190909090909091
"PE_vs_NP","Baseline",303,0.127,0.190909090909091
"PE_vs_NP","Baseline",303,0.128,0.191163636363636
"PE_vs_NP","Baseline",303,0.129,0.192763636363636
"PE_vs_NP","Baseline",303,0.13,0.194363636363636
"PE_vs_NP","Baseline",303,0.131,0.205054545454545
"PE_vs_NP","Baseline",303,0.132,0.206654545454545
"PE_vs_NP","Baseline",303,0.133,0.208254545454545
"PE_vs_NP","Baseline",303,0.134,0.209090909090909
"PE_vs_NP","Baseline",303,0.135,0.209090909090909
"PE_vs_NP","Baseline",303,0.136,0.209090909090909
"PE_vs_NP","Baseline",303,0.137,0.209090909090909
"PE_vs_NP","Baseline",303,0.138,0.209090909090909
"PE_vs_NP","Baseline",303,0.139,0.209090909090909
"PE_vs_NP","Baseline",303,0.14,0.209090909090909
"PE_vs_NP","Baseline",303,0.141,0.209090909090909
"PE_vs_NP","Baseline",303,0.142,0.209090909090909
"PE_vs_NP","Baseline",303,0.143,0.209090909090909
"PE_vs_NP","Baseline",303,0.144,0.209090909090909
"PE_vs_NP","Baseline",303,0.145,0.209090909090909
"PE_vs_NP","Baseline",303,0.146,0.209090909090909
"PE_vs_NP","Baseline",303,0.147,0.209090909090909
"PE_vs_NP","Baseline",303,0.148,0.218181818181818
"PE_vs_NP","Baseline",303,0.149,0.218181818181818
"PE_vs_NP","Baseline",303,0.15,0.218181818181818
"PE_vs_NP","Baseline",303,0.151,0.219563636363637
"PE_vs_NP","Baseline",303,0.152,0.222763636363636
"PE_vs_NP","Baseline",303,0.153,0.225963636363636
"PE_vs_NP","Baseline",303,0.154,0.227272727272727
"PE_vs_NP","Baseline",303,0.155,0.227272727272727
"PE_vs_NP","Baseline",303,0.156,0.227272727272727
"PE_vs_NP","Baseline",303,0.157,0.236363636363636
"PE_vs_NP","Baseline",303,0.158,0.236363636363636
"PE_vs_NP","Baseline",303,0.159,0.236363636363636
"PE_vs_NP","Baseline",303,0.16,0.236363636363636
"PE_vs_NP","Baseline",303,0.161,0.236363636363636
"PE_vs_NP","Baseline",303,0.162,0.236363636363636
"PE_vs_NP","Baseline",303,0.163,0.236363636363636
"PE_vs_NP","Baseline",303,0.164,0.236363636363636
"PE_vs_NP","Baseline",303,0.165,0.236363636363636
"PE_vs_NP","Baseline",303,0.166,0.236363636363636
"PE_vs_NP","Baseline",303,0.167,0.236363636363636
"PE_vs_NP","Baseline",303,0.168,0.236363636363636
"PE_vs_NP","Baseline",303,0.169,0.236363636363636
"PE_vs_NP","Baseline",303,0.17,0.236363636363636
"PE_vs_NP","Baseline",303,0.171,0.236363636363636
"PE_vs_NP","Baseline",303,0.172,0.236363636363636
"PE_vs_NP","Baseline",303,0.173,0.236363636363636
"PE_vs_NP","Baseline",303,0.174,0.236363636363636
"PE_vs_NP","Baseline",303,0.175,0.236363636363636
"PE_vs_NP","Baseline",303,0.176,0.236363636363636
"PE_vs_NP","Baseline",303,0.177,0.236363636363636
"PE_vs_NP","Baseline",303,0.178,0.236363636363636
"PE_vs_NP","Baseline",303,0.179,0.254545454545455
"PE_vs_NP","Baseline",303,0.18,0.254545454545455
"PE_vs_NP","Baseline",303,0.181,0.254545454545455
"PE_vs_NP","Baseline",303,0.182,0.254545454545455
"PE_vs_NP","Baseline",303,0.183,0.254545454545455
"PE_vs_NP","Baseline",303,0.184,0.254545454545455
"PE_vs_NP","Baseline",303,0.185,0.254545454545455
"PE_vs_NP","Baseline",303,0.186,0.254545454545455
"PE_vs_NP","Baseline",303,0.187,0.254545454545455
"PE_vs_NP","Baseline",303,0.188,0.254545454545455
"PE_vs_NP","Baseline",303,0.189,0.254545454545455
"PE_vs_NP","Baseline",303,0.19,0.254545454545455
"PE_vs_NP","Baseline",303,0.191,0.272727272727273
"PE_vs_NP","Baseline",303,0.192,0.272727272727273
"PE_vs_NP","Baseline",303,0.193,0.272727272727273
"PE_vs_NP","Baseline",303,0.194,0.272727272727273
"PE_vs_NP","Baseline",303,0.195,0.272727272727273
"PE_vs_NP","Baseline",303,0.196,0.272727272727273
"PE_vs_NP","Baseline",303,0.197,0.281818181818182
"PE_vs_NP","Baseline",303,0.198,0.281818181818182
"PE_vs_NP","Baseline",303,0.199,0.281818181818182
"PE_vs_NP","Baseline",303,0.2,0.281818181818182
"PE_vs_NP","Baseline",303,0.201,0.281818181818182
"PE_vs_NP","Baseline",303,0.202,0.281818181818182
"PE_vs_NP","Baseline",303,0.203,0.281818181818182
"PE_vs_NP","Baseline",303,0.204,0.281818181818182
"PE_vs_NP","Baseline",303,0.205,0.281818181818182
"PE_vs_NP","Baseline",303,0.206,0.281818181818182
"PE_vs_NP","Baseline",303,0.207,0.281818181818182
"PE_vs_NP","Baseline",303,0.208,0.281818181818182
"PE_vs_NP","Baseline",303,0.209,0.281818181818182
"PE_vs_NP","Baseline",303,0.21,0.281818181818182
"PE_vs_NP","Baseline",303,0.211,0.284290909090909
"PE_vs_NP","Baseline",303,0.212,0.287490909090909
"PE_vs_NP","Baseline",303,0.213,0.290690909090909
"PE_vs_NP","Baseline",303,0.214,0.290909090909091
"PE_vs_NP","Baseline",303,0.215,0.290909090909091
"PE_vs_NP","Baseline",303,0.216,0.290909090909091
"PE_vs_NP","Baseline",303,0.217,0.290909090909091
"PE_vs_NP","Baseline",303,0.218,0.290909090909091
"PE_vs_NP","Baseline",303,0.219,0.290909090909091
"PE_vs_NP","Baseline",303,0.22,0.290909090909091
"PE_vs_NP","Baseline",303,0.221,0.290909090909091
"PE_vs_NP","Baseline",303,0.222,0.290909090909091
"PE_vs_NP","Baseline",303,0.223,0.290909090909091
"PE_vs_NP","Baseline",303,0.224,0.290909090909091
"PE_vs_NP","Baseline",303,0.225,0.290909090909091
"PE_vs_NP","Baseline",303,0.226,0.290909090909091
"PE_vs_NP","Baseline",303,0.227,0.290909090909091
"PE_vs_NP","Baseline",303,0.228,0.290909090909091
"PE_vs_NP","Baseline",303,0.229,0.290909090909091
"PE_vs_NP","Baseline",303,0.23,0.290909090909091
"PE_vs_NP","Baseline",303,0.231,0.290909090909091
"PE_vs_NP","Baseline",303,0.232,0.290909090909091
"PE_vs_NP","Baseline",303,0.233,0.3
"PE_vs_NP","Baseline",303,0.234,0.3
"PE_vs_NP","Baseline",303,0.235,0.3
"PE_vs_NP","Baseline",303,0.236,0.3
"PE_vs_NP","Baseline",303,0.237,0.3
"PE_vs_NP","Baseline",303,0.238,0.3
"PE_vs_NP","Baseline",303,0.239,0.3
"PE_vs_NP","Baseline",303,0.24,0.3
"PE_vs_NP","Baseline",303,0.241,0.3
"PE_vs_NP","Baseline",303,0.242,0.3
"PE_vs_NP","Baseline",303,0.243,0.3
"PE_vs_NP","Baseline",303,0.244,0.3
"PE_vs_NP","Baseline",303,0.245,0.3
"PE_vs_NP","Baseline",303,0.246,0.3
"PE_vs_NP","Baseline",303,0.247,0.3
"PE_vs_NP","Baseline",303,0.248,0.3
"PE_vs_NP","Baseline",303,0.249,0.3
"PE_vs_NP","Baseline",303,0.25,0.3
"PE_vs_NP","Baseline",303,0.251,0.3
"PE_vs_NP","Baseline",303,0.252,0.3
"PE_vs_NP","Baseline",303,0.253,0.3
"PE_vs_NP","Baseline",303,0.254,0.3
"PE_vs_NP","Baseline",303,0.255,0.3
"PE_vs_NP","Baseline",303,0.256,0.300509090909091
"PE_vs_NP","Baseline",303,0.257,0.302109090909091
"PE_vs_NP","Baseline",303,0.258,0.303709090909091
"PE_vs_NP","Baseline",303,0.259,0.305309090909091
"PE_vs_NP","Baseline",303,0.26,0.306909090909091
"PE_vs_NP","Baseline",303,0.261,0.308509090909091
"PE_vs_NP","Baseline",303,0.262,0.309090909090909
"PE_vs_NP","Baseline",303,0.263,0.309090909090909
"PE_vs_NP","Baseline",303,0.264,0.309090909090909
"PE_vs_NP","Baseline",303,0.265,0.309090909090909
"PE_vs_NP","Baseline",303,0.266,0.309090909090909
"PE_vs_NP","Baseline",303,0.267,0.309090909090909
"PE_vs_NP","Baseline",303,0.268,0.309090909090909
"PE_vs_NP","Baseline",303,0.269,0.309090909090909
"PE_vs_NP","Baseline",303,0.27,0.309090909090909
"PE_vs_NP","Baseline",303,0.271,0.309090909090909
"PE_vs_NP","Baseline",303,0.272,0.309090909090909
"PE_vs_NP","Baseline",303,0.273,0.309090909090909
"PE_vs_NP","Baseline",303,0.274,0.309090909090909
"PE_vs_NP","Baseline",303,0.275,0.309090909090909
"PE_vs_NP","Baseline",303,0.276,0.309781818181818
"PE_vs_NP","Baseline",303,0.277,0.311381818181818
"PE_vs_NP","Baseline",303,0.278,0.312981818181818
"PE_vs_NP","Baseline",303,0.279,0.314581818181818
"PE_vs_NP","Baseline",303,0.28,0.316181818181818
"PE_vs_NP","Baseline",303,0.281,0.317781818181818
"PE_vs_NP","Baseline",303,0.282,0.318181818181818
"PE_vs_NP","Baseline",303,0.283,0.318181818181818
"PE_vs_NP","Baseline",303,0.284,0.318181818181818
"PE_vs_NP","Baseline",303,0.285,0.318181818181818
"PE_vs_NP","Baseline",303,0.286,0.318181818181818
"PE_vs_NP","Baseline",303,0.287,0.318181818181818
"PE_vs_NP","Baseline",303,0.288,0.318181818181818
"PE_vs_NP","Baseline",303,0.289,0.318181818181818
"PE_vs_NP","Baseline",303,0.29,0.318181818181818
"PE_vs_NP","Baseline",303,0.291,0.318181818181818
"PE_vs_NP","Baseline",303,0.292,0.318181818181818
"PE_vs_NP","Baseline",303,0.293,0.318181818181818
"PE_vs_NP","Baseline",303,0.294,0.318181818181818
"PE_vs_NP","Baseline",303,0.295,0.318181818181818
"PE_vs_NP","Baseline",303,0.296,0.318181818181818
"PE_vs_NP","Baseline",303,0.297,0.318181818181818
"PE_vs_NP","Baseline",303,0.298,0.318181818181818
"PE_vs_NP","Baseline",303,0.299,0.318181818181818
"PE_vs_NP","Baseline",303,0.3,0.318181818181818
"PE_vs_NP","Baseline",303,0.301,0.318181818181818
"PE_vs_NP","Baseline",303,0.302,0.318181818181818
"PE_vs_NP","Baseline",303,0.303,0.318181818181818
"PE_vs_NP","Baseline",303,0.304,0.318181818181818
"PE_vs_NP","Baseline",303,0.305,0.318181818181818
"PE_vs_NP","Baseline",303,0.306,0.318181818181818
"PE_vs_NP","Baseline",303,0.307,0.318181818181818
"PE_vs_NP","Baseline",303,0.308,0.318181818181818
"PE_vs_NP","Baseline",303,0.309,0.318181818181818
"PE_vs_NP","Baseline",303,0.31,0.318181818181818
"PE_vs_NP","Baseline",303,0.311,0.318181818181818
"PE_vs_NP","Baseline",303,0.312,0.318181818181818
"PE_vs_NP","Baseline",303,0.313,0.318181818181818
"PE_vs_NP","Baseline",303,0.314,0.318181818181818
"PE_vs_NP","Baseline",303,0.315,0.318181818181818
"PE_vs_NP","Baseline",303,0.316,0.318181818181818
"PE_vs_NP","Baseline",303,0.317,0.318181818181818
"PE_vs_NP","Baseline",303,0.318,0.318181818181818
"PE_vs_NP","Baseline",303,0.319,0.318181818181818
"PE_vs_NP","Baseline",303,0.32,0.318181818181818
"PE_vs_NP","Baseline",303,0.321,0.318181818181818
"PE_vs_NP","Baseline",303,0.322,0.318181818181818
"PE_vs_NP","Baseline",303,0.323,0.318181818181818
"PE_vs_NP","Baseline",303,0.324,0.318181818181818
"PE_vs_NP","Baseline",303,0.325,0.318181818181818
"PE_vs_NP","Baseline",303,0.326,0.318181818181818
"PE_vs_NP","Baseline",303,0.327,0.318181818181818
"PE_vs_NP","Baseline",303,0.328,0.318181818181818
"PE_vs_NP","Baseline",303,0.329,0.318181818181818
"PE_vs_NP","Baseline",303,0.33,0.318181818181818
"PE_vs_NP","Baseline",303,0.331,0.318181818181818
"PE_vs_NP","Baseline",303,0.332,0.318181818181818
"PE_vs_NP","Baseline",303,0.333,0.318181818181818
"PE_vs_NP","Baseline",303,0.334,0.318181818181818
"PE_vs_NP","Baseline",303,0.335,0.318181818181818
"PE_vs_NP","Baseline",303,0.336,0.318181818181818
"PE_vs_NP","Baseline",303,0.337,0.318181818181818
"PE_vs_NP","Baseline",303,0.338,0.318181818181818
"PE_vs_NP","Baseline",303,0.339,0.318181818181818
"PE_vs_NP","Baseline",303,0.34,0.318181818181818
"PE_vs_NP","Baseline",303,0.341,0.318181818181818
"PE_vs_NP","Baseline",303,0.342,0.318181818181818
"PE_vs_NP","Baseline",303,0.343,0.318181818181818
"PE_vs_NP","Baseline",303,0.344,0.318181818181818
"PE_vs_NP","Baseline",303,0.345,0.318181818181818
"PE_vs_NP","Baseline",303,0.346,0.318181818181818
"PE_vs_NP","Baseline",303,0.347,0.318181818181818
"PE_vs_NP","Baseline",303,0.348,0.318181818181818
"PE_vs_NP","Baseline",303,0.349,0.318181818181818
"PE_vs_NP","Baseline",303,0.35,0.318181818181818
"PE_vs_NP","Baseline",303,0.351,0.318181818181818
"PE_vs_NP","Baseline",303,0.352,0.318181818181818
"PE_vs_NP","Baseline",303,0.353,0.318181818181818
"PE_vs_NP","Baseline",303,0.354,0.318181818181818
"PE_vs_NP","Baseline",303,0.355,0.318181818181818
"PE_vs_NP","Baseline",303,0.356,0.318181818181818
"PE_vs_NP","Baseline",303,0.357,0.318181818181818
"PE_vs_NP","Baseline",303,0.358,0.318181818181818
"PE_vs_NP","Baseline",303,0.359,0.318181818181818
"PE_vs_NP","Baseline",303,0.36,0.318181818181818
"PE_vs_NP","Baseline",303,0.361,0.318181818181818
"PE_vs_NP","Baseline",303,0.362,0.318181818181818
"PE_vs_NP","Baseline",303,0.363,0.318181818181818
"PE_vs_NP","Baseline",303,0.364,0.318181818181818
"PE_vs_NP","Baseline",303,0.365,0.318181818181818
"PE_vs_NP","Baseline",303,0.366,0.318181818181818
"PE_vs_NP","Baseline",303,0.367,0.318181818181818
"PE_vs_NP","Baseline",303,0.368,0.318181818181818
"PE_vs_NP","Baseline",303,0.369,0.318181818181818
"PE_vs_NP","Baseline",303,0.37,0.318181818181818
"PE_vs_NP","Baseline",303,0.371,0.318181818181818
"PE_vs_NP","Baseline",303,0.372,0.318181818181818
"PE_vs_NP","Baseline",303,0.373,0.318181818181818
"PE_vs_NP","Baseline",303,0.374,0.318181818181818
"PE_vs_NP","Baseline",303,0.375,0.318181818181818
"PE_vs_NP","Baseline",303,0.376,0.318181818181818
"PE_vs_NP","Baseline",303,0.377,0.318181818181818
"PE_vs_NP","Baseline",303,0.378,0.318181818181818
"PE_vs_NP","Baseline",303,0.379,0.318181818181818
"PE_vs_NP","Baseline",303,0.38,0.318181818181818
"PE_vs_NP","Baseline",303,0.381,0.318181818181818
"PE_vs_NP","Baseline",303,0.382,0.318181818181818
"PE_vs_NP","Baseline",303,0.383,0.318181818181818
"PE_vs_NP","Baseline",303,0.384,0.318181818181818
"PE_vs_NP","Baseline",303,0.385,0.318181818181818
"PE_vs_NP","Baseline",303,0.386,0.318181818181818
"PE_vs_NP","Baseline",303,0.387,0.318181818181818
"PE_vs_NP","Baseline",303,0.388,0.318181818181818
"PE_vs_NP","Baseline",303,0.389,0.318181818181818
"PE_vs_NP","Baseline",303,0.39,0.318181818181818
"PE_vs_NP","Baseline",303,0.391,0.318181818181818
"PE_vs_NP","Baseline",303,0.392,0.318181818181818
"PE_vs_NP","Baseline",303,0.393,0.318181818181818
"PE_vs_NP","Baseline",303,0.394,0.318181818181818
"PE_vs_NP","Baseline",303,0.395,0.318181818181818
"PE_vs_NP","Baseline",303,0.396,0.318181818181818
"PE_vs_NP","Baseline",303,0.397,0.318181818181818
"PE_vs_NP","Baseline",303,0.398,0.318181818181818
"PE_vs_NP","Baseline",303,0.399,0.318181818181818
"PE_vs_NP","Baseline",303,0.4,0.318181818181818
"PE_vs_NP","Baseline",303,0.401,0.318181818181818
"PE_vs_NP","Baseline",303,0.402,0.318181818181818
"PE_vs_NP","Baseline",303,0.403,0.318181818181818
"PE_vs_NP","Baseline",303,0.404,0.318181818181818
"PE_vs_NP","Baseline",303,0.405,0.318181818181818
"PE_vs_NP","Baseline",303,0.406,0.318181818181818
"PE_vs_NP","Baseline",303,0.407,0.318181818181818
"PE_vs_NP","Baseline",303,0.408,0.318181818181818
"PE_vs_NP","Baseline",303,0.409,0.318181818181818
"PE_vs_NP","Baseline",303,0.41,0.318181818181818
"PE_vs_NP","Baseline",303,0.411,0.318181818181818
"PE_vs_NP","Baseline",303,0.412,0.318181818181818
"PE_vs_NP","Baseline",303,0.413,0.318181818181818
"PE_vs_NP","Baseline",303,0.414,0.318181818181818
"PE_vs_NP","Baseline",303,0.415,0.318181818181818
"PE_vs_NP","Baseline",303,0.416,0.318181818181818
"PE_vs_NP","Baseline",303,0.417,0.318181818181818
"PE_vs_NP","Baseline",303,0.418,0.318181818181818
"PE_vs_NP","Baseline",303,0.419,0.318181818181818
"PE_vs_NP","Baseline",303,0.42,0.318181818181818
"PE_vs_NP","Baseline",303,0.421,0.318181818181818
"PE_vs_NP","Baseline",303,0.422,0.318181818181818
"PE_vs_NP","Baseline",303,0.423,0.318181818181818
"PE_vs_NP","Baseline",303,0.424,0.318181818181818
"PE_vs_NP","Baseline",303,0.425,0.318181818181818
"PE_vs_NP","Baseline",303,0.426,0.318181818181818
"PE_vs_NP","Baseline",303,0.427,0.318181818181818
"PE_vs_NP","Baseline",303,0.428,0.318181818181818
"PE_vs_NP","Baseline",303,0.429,0.327272727272727
"PE_vs_NP","Baseline",303,0.43,0.327272727272727
"PE_vs_NP","Baseline",303,0.431,0.327272727272727
"PE_vs_NP","Baseline",303,0.432,0.327272727272727
"PE_vs_NP","Baseline",303,0.433,0.327272727272727
"PE_vs_NP","Baseline",303,0.434,0.327272727272727
"PE_vs_NP","Baseline",303,0.435,0.327272727272727
"PE_vs_NP","Baseline",303,0.436,0.327272727272727
"PE_vs_NP","Baseline",303,0.437,0.327272727272727
"PE_vs_NP","Baseline",303,0.438,0.327806060606061
"PE_vs_NP","Baseline",303,0.439,0.328872727272727
"PE_vs_NP","Baseline",303,0.44,0.329939393939394
"PE_vs_NP","Baseline",303,0.441,0.331006060606061
"PE_vs_NP","Baseline",303,0.442,0.332072727272727
"PE_vs_NP","Baseline",303,0.443,0.333139393939394
"PE_vs_NP","Baseline",303,0.444,0.334642424242424
"PE_vs_NP","Baseline",303,0.445,0.336242424242424
"PE_vs_NP","Baseline",303,0.446,0.337842424242424
"PE_vs_NP","Baseline",303,0.447,0.3384
"PE_vs_NP","Baseline",303,0.448,0.338933333333333
"PE_vs_NP","Baseline",303,0.449,0.34899393939394
"PE_vs_NP","Baseline",303,0.45,0.352727272727273
"PE_vs_NP","Baseline",303,0.451,0.356460606060606
"PE_vs_NP","Baseline",303,0.452,0.359248484848485
"PE_vs_NP","Baseline",303,0.453,0.359781818181818
"PE_vs_NP","Baseline",303,0.454,0.360315151515151
"PE_vs_NP","Baseline",303,0.455,0.360848484848485
"PE_vs_NP","Baseline",303,0.456,0.361381818181818
"PE_vs_NP","Baseline",303,0.457,0.361915151515152
"PE_vs_NP","Baseline",303,0.458,0.362448484848485
"PE_vs_NP","Baseline",303,0.459,0.362981818181818
"PE_vs_NP","Baseline",303,0.46,0.363515151515152
"PE_vs_NP","Baseline",303,0.461,0.363636363636364
"PE_vs_NP","Baseline",303,0.462,0.363636363636364
"PE_vs_NP","Baseline",303,0.463,0.363636363636364
"PE_vs_NP","Baseline",303,0.464,0.364381818181818
"PE_vs_NP","Baseline",303,0.465,0.365181818181818
"PE_vs_NP","Baseline",303,0.466,0.366345454545454
"PE_vs_NP","Baseline",303,0.467,0.371145454545455
"PE_vs_NP","Baseline",303,0.468,0.375945454545454
"PE_vs_NP","Baseline",303,0.469,0.379945454545455
"PE_vs_NP","Baseline",303,0.47,0.381545454545454
"PE_vs_NP","Baseline",303,0.471,0.383145454545455
"PE_vs_NP","Baseline",303,0.472,0.384745454545454
"PE_vs_NP","Baseline",303,0.473,0.386345454545455
"PE_vs_NP","Baseline",303,0.474,0.387945454545454
"PE_vs_NP","Baseline",303,0.475,0.390909090909091
"PE_vs_NP","Baseline",303,0.476,0.394909090909091
"PE_vs_NP","Baseline",303,0.477,0.398909090909091
"PE_vs_NP","Baseline",303,0.478,0.4
"PE_vs_NP","Baseline",303,0.479,0.4
"PE_vs_NP","Baseline",303,0.48,0.4
"PE_vs_NP","Baseline",303,0.481,0.4
"PE_vs_NP","Baseline",303,0.482,0.4
"PE_vs_NP","Baseline",303,0.483,0.4
"PE_vs_NP","Baseline",303,0.484,0.4
"PE_vs_NP","Baseline",303,0.485,0.4
"PE_vs_NP","Baseline",303,0.486,0.4012
"PE_vs_NP","Baseline",303,0.487,0.407066666666666
"PE_vs_NP","Baseline",303,0.488,0.412933333333333
"PE_vs_NP","Baseline",303,0.489,0.417636363636364
"PE_vs_NP","Baseline",303,0.49,0.42030303030303
"PE_vs_NP","Baseline",303,0.491,0.422969696969697
"PE_vs_NP","Baseline",303,0.492,0.4248
"PE_vs_NP","Baseline",303,0.493,0.425866666666667
"PE_vs_NP","Baseline",303,0.494,0.426933333333333
"PE_vs_NP","Baseline",303,0.495,0.428727272727273
"PE_vs_NP","Baseline",303,0.496,0.430860606060606
"PE_vs_NP","Baseline",303,0.497,0.432993939393939
"PE_vs_NP","Baseline",303,0.498,0.435127272727273
"PE_vs_NP","Baseline",303,0.499,0.437260606060606
"PE_vs_NP","Baseline",303,0.5,0.439393939393939
"PE_vs_NP","Baseline",303,0.501,0.441527272727273
"PE_vs_NP","Baseline",303,0.502,0.443660606060606
"PE_vs_NP","Baseline",303,0.503,0.445709090909091
"PE_vs_NP","Baseline",303,0.504,0.447309090909091
"PE_vs_NP","Baseline",303,0.505,0.448909090909091
"PE_vs_NP","Baseline",303,0.506,0.450509090909091
"PE_vs_NP","Baseline",303,0.507,0.452109090909091
"PE_vs_NP","Baseline",303,0.508,0.453709090909091
"PE_vs_NP","Baseline",303,0.509,0.454545454545455
"PE_vs_NP","Baseline",303,0.51,0.454545454545455
"PE_vs_NP","Baseline",303,0.511,0.454545454545455
"PE_vs_NP","Baseline",303,0.512,0.454545454545455
"PE_vs_NP","Baseline",303,0.513,0.454545454545455
"PE_vs_NP","Baseline",303,0.514,0.454545454545455
"PE_vs_NP","Baseline",303,0.515,0.455181818181818
"PE_vs_NP","Baseline",303,0.516,0.455981818181818
"PE_vs_NP","Baseline",303,0.517,0.456781818181818
"PE_vs_NP","Baseline",303,0.518,0.457581818181818
"PE_vs_NP","Baseline",303,0.519,0.458381818181818
"PE_vs_NP","Baseline",303,0.52,0.45930303030303
"PE_vs_NP","Baseline",303,0.521,0.461169696969697
"PE_vs_NP","Baseline",303,0.522,0.463036363636364
"PE_vs_NP","Baseline",303,0.523,0.465121212121212
"PE_vs_NP","Baseline",303,0.524,0.467787878787879
"PE_vs_NP","Baseline",303,0.525,0.470454545454546
"PE_vs_NP","Baseline",303,0.526,0.472775757575758
"PE_vs_NP","Baseline",303,0.527,0.474642424242424
"PE_vs_NP","Baseline",303,0.528,0.476509090909091
"PE_vs_NP","Baseline",303,0.529,0.477745454545455
"PE_vs_NP","Baseline",303,0.53,0.478545454545455
"PE_vs_NP","Baseline",303,0.531,0.479345454545455
"PE_vs_NP","Baseline",303,0.532,0.480145454545455
"PE_vs_NP","Baseline",303,0.533,0.480945454545455
"PE_vs_NP","Baseline",303,0.534,0.481745454545455
"PE_vs_NP","Baseline",303,0.535,0.481818181818182
"PE_vs_NP","Baseline",303,0.536,0.481818181818182
"PE_vs_NP","Baseline",303,0.537,0.481818181818182
"PE_vs_NP","Baseline",303,0.538,0.481818181818182
"PE_vs_NP","Baseline",303,0.539,0.481818181818182
"PE_vs_NP","Baseline",303,0.54,0.481818181818182
"PE_vs_NP","Baseline",303,0.541,0.481818181818182
"PE_vs_NP","Baseline",303,0.542,0.481818181818182
"PE_vs_NP","Baseline",303,0.543,0.481818181818182
"PE_vs_NP","Baseline",303,0.544,0.481818181818182
"PE_vs_NP","Baseline",303,0.545,0.481818181818182
"PE_vs_NP","Baseline",303,0.546,0.481818181818182
"PE_vs_NP","Baseline",303,0.547,0.481818181818182
"PE_vs_NP","Baseline",303,0.548,0.481818181818182
"PE_vs_NP","Baseline",303,0.549,0.482945454545455
"PE_vs_NP","Baseline",303,0.55,0.484545454545455
"PE_vs_NP","Baseline",303,0.551,0.486145454545455
"PE_vs_NP","Baseline",303,0.552,0.487745454545455
"PE_vs_NP","Baseline",303,0.553,0.489345454545455
"PE_vs_NP","Baseline",303,0.554,0.490909090909091
"PE_vs_NP","Baseline",303,0.555,0.490909090909091
"PE_vs_NP","Baseline",303,0.556,0.490909090909091
"PE_vs_NP","Baseline",303,0.557,0.5
"PE_vs_NP","Baseline",303,0.558,0.5
"PE_vs_NP","Baseline",303,0.559,0.5
"PE_vs_NP","Baseline",303,0.56,0.500311688311688
"PE_vs_NP","Baseline",303,0.561,0.501225974025974
"PE_vs_NP","Baseline",303,0.562,0.50214025974026
"PE_vs_NP","Baseline",303,0.563,0.503054545454546
"PE_vs_NP","Baseline",303,0.564,0.503968831168831
"PE_vs_NP","Baseline",303,0.565,0.504883116883117
"PE_vs_NP","Baseline",303,0.566,0.505797402597403
"PE_vs_NP","Baseline",303,0.567,0.506711688311688
"PE_vs_NP","Baseline",303,0.568,0.507625974025974
"PE_vs_NP","Baseline",303,0.569,0.50854025974026
"PE_vs_NP","Baseline",303,0.57,0.509454545454545
"PE_vs_NP","Baseline",303,0.571,0.510368831168831
"PE_vs_NP","Baseline",303,0.572,0.511283116883117
"PE_vs_NP","Baseline",303,0.573,0.512197402597403
"PE_vs_NP","Baseline",303,0.574,0.513111688311688
"PE_vs_NP","Baseline",303,0.575,0.514025974025974
"PE_vs_NP","Baseline",303,0.576,0.51494025974026
"PE_vs_NP","Baseline",303,0.577,0.515854545454545
"PE_vs_NP","Baseline",303,0.578,0.516768831168831
"PE_vs_NP","Baseline",303,0.579,0.517683116883117
"PE_vs_NP","Baseline",303,0.58,0.518254545454545
"PE_vs_NP","Baseline",303,0.581,0.518414545454545
"PE_vs_NP","Baseline",303,0.582,0.518574545454545
"PE_vs_NP","Baseline",303,0.583,0.518734545454545
"PE_vs_NP","Baseline",303,0.584,0.518894545454545
"PE_vs_NP","Baseline",303,0.585,0.519054545454545
"PE_vs_NP","Baseline",303,0.586,0.519214545454545
"PE_vs_NP","Baseline",303,0.587,0.519374545454545
"PE_vs_NP","Baseline",303,0.588,0.519534545454545
"PE_vs_NP","Baseline",303,0.589,0.519694545454545
"PE_vs_NP","Baseline",303,0.59,0.519854545454545
"PE_vs_NP","Baseline",303,0.591,0.520014545454545
"PE_vs_NP","Baseline",303,0.592,0.520174545454545
"PE_vs_NP","Baseline",303,0.593,0.520334545454545
"PE_vs_NP","Baseline",303,0.594,0.520494545454545
"PE_vs_NP","Baseline",303,0.595,0.520654545454545
"PE_vs_NP","Baseline",303,0.596,0.520814545454545
"PE_vs_NP","Baseline",303,0.597,0.521301818181818
"PE_vs_NP","Baseline",303,0.598,0.522261818181818
"PE_vs_NP","Baseline",303,0.599,0.523221818181818
"PE_vs_NP","Baseline",303,0.6,0.527818181818182
"PE_vs_NP","Baseline",303,0.601,0.535178181818182
"PE_vs_NP","Baseline",303,0.602,0.542538181818181
"PE_vs_NP","Baseline",303,0.603,0.545760808080808
"PE_vs_NP","Baseline",303,0.604,0.547431919191919
"PE_vs_NP","Baseline",303,0.605,0.54910303030303
"PE_vs_NP","Baseline",303,0.606,0.550774141414141
"PE_vs_NP","Baseline",303,0.607,0.552445252525252
"PE_vs_NP","Baseline",303,0.608,0.55408
"PE_vs_NP","Baseline",303,0.609,0.554951111111111
"PE_vs_NP","Baseline",303,0.61,0.555822222222222
"PE_vs_NP","Baseline",303,0.611,0.556693333333333
"PE_vs_NP","Baseline",303,0.612,0.557564444444444
"PE_vs_NP","Baseline",303,0.613,0.558435555555556
"PE_vs_NP","Baseline",303,0.614,0.559306666666667
"PE_vs_NP","Baseline",303,0.615,0.560177777777778
"PE_vs_NP","Baseline",303,0.616,0.561048888888889
"PE_vs_NP","Baseline",303,0.617,0.56192
"PE_vs_NP","Baseline",303,0.618,0.562791111111111
"PE_vs_NP","Baseline",303,0.619,0.563662222222222
"PE_vs_NP","Baseline",303,0.62,0.564533333333333
"PE_vs_NP","Baseline",303,0.621,0.565404444444444
"PE_vs_NP","Baseline",303,0.622,0.566275555555556
"PE_vs_NP","Baseline",303,0.623,0.567146666666667
"PE_vs_NP","Baseline",303,0.624,0.568017777777778
"PE_vs_NP","Baseline",303,0.625,0.568888888888889
"PE_vs_NP","Baseline",303,0.626,0.56976
"PE_vs_NP","Baseline",303,0.627,0.570631111111111
"PE_vs_NP","Baseline",303,0.628,0.57144
"PE_vs_NP","Baseline",303,0.629,0.57192
"PE_vs_NP","Baseline",303,0.63,0.5724
"PE_vs_NP","Baseline",303,0.631,0.572993131313131
"PE_vs_NP","Baseline",303,0.632,0.573828686868687
"PE_vs_NP","Baseline",303,0.633,0.574664242424242
"PE_vs_NP","Baseline",303,0.634,0.575499797979798
"PE_vs_NP","Baseline",303,0.635,0.576335353535354
"PE_vs_NP","Baseline",303,0.636,0.577170909090909
"PE_vs_NP","Baseline",303,0.637,0.578675996326905
"PE_vs_NP","Baseline",303,0.638,0.580563673094582
"PE_vs_NP","Baseline",303,0.639,0.582451349862259
"PE_vs_NP","Baseline",303,0.64,0.584339026629936
"PE_vs_NP","Baseline",303,0.641,0.586226703397613
"PE_vs_NP","Baseline",303,0.642,0.588114380165289
"PE_vs_NP","Baseline",303,0.643,0.590002056932966
"PE_vs_NP","Baseline",303,0.644,0.591889733700643
"PE_vs_NP","Baseline",303,0.645,0.59377741046832
"PE_vs_NP","Baseline",303,0.646,0.595665087235996
"PE_vs_NP","Baseline",303,0.647,0.597552764003673
"PE_vs_NP","Baseline",303,0.648,0.59944044077135
"PE_vs_NP","Baseline",303,0.649,0.601328117539027
"PE_vs_NP","Baseline",303,0.65,0.603215794306703
"PE_vs_NP","Baseline",303,0.651,0.60510347107438
"PE_vs_NP","Baseline",303,0.652,0.606991147842057
"PE_vs_NP","Baseline",303,0.653,0.608878824609734
"PE_vs_NP","Baseline",303,0.654,0.612027107438017
"PE_vs_NP","Baseline",303,0.655,0.616048117539027
"PE_vs_NP","Baseline",303,0.656,0.620069127640037
"PE_vs_NP","Baseline",303,0.657,0.62442347107438
"PE_vs_NP","Baseline",303,0.658,0.628888925619835
"PE_vs_NP","Baseline",303,0.659,0.633354380165289
"PE_vs_NP","Baseline",303,0.66,0.634910743801653
"PE_vs_NP","Baseline",303,0.661,0.636176198347107
"PE_vs_NP","Baseline",303,0.662,0.637441652892562
"PE_vs_NP","Baseline",303,0.663,0.638707107438017
"PE_vs_NP","Baseline",303,0.664,0.639972561983471
"PE_vs_NP","Baseline",303,0.665,0.64148044077135
"PE_vs_NP","Baseline",303,0.666,0.643812561983471
"PE_vs_NP","Baseline",303,0.667,0.646144683195592
"PE_vs_NP","Baseline",303,0.668,0.648785895316805
"PE_vs_NP","Baseline",303,0.669,0.651918016528926
"PE_vs_NP","Baseline",303,0.67,0.655050137741047
"PE_vs_NP","Baseline",303,0.671,0.658182258953168
"PE_vs_NP","Baseline",303,0.672,0.661314380165289
"PE_vs_NP","Baseline",303,0.673,0.664446501377411
"PE_vs_NP","Baseline",303,0.674,0.667376040244341
"PE_vs_NP","Baseline",303,0.675,0.670220625224578
"PE_vs_NP","Baseline",303,0.676,0.673065210204815
"PE_vs_NP","Baseline",303,0.677,0.675909795185052
"PE_vs_NP","Baseline",303,0.678,0.678754380165289
"PE_vs_NP","Baseline",303,0.679,0.681565109346153
"PE_vs_NP","Baseline",303,0.68,0.682920039153977
"PE_vs_NP","Baseline",303,0.681,0.6842749689618
"PE_vs_NP","Baseline",303,0.682,0.685629898769624
"PE_vs_NP","Baseline",303,0.683,0.686984828577447
"PE_vs_NP","Baseline",303,0.684,0.68833975838527
"PE_vs_NP","Baseline",303,0.685,0.689585597284003
"PE_vs_NP","Baseline",303,0.686,0.690620527091826
"PE_vs_NP","Baseline",303,0.687,0.691655456899649
"PE_vs_NP","Baseline",303,0.688,0.692370386707473
"PE_vs_NP","Baseline",303,0.689,0.692765316515296
"PE_vs_NP","Baseline",303,0.69,0.693160246323119
"PE_vs_NP","Baseline",303,0.691,0.693555176130943
"PE_vs_NP","Baseline",303,0.692,0.693950105938766
"PE_vs_NP","Baseline",303,0.693,0.69434503574659
"PE_vs_NP","Baseline",303,0.694,0.694739965554413
"PE_vs_NP","Baseline",303,0.695,0.695134895362236
"PE_vs_NP","Baseline",303,0.696,0.69552982517006
"PE_vs_NP","Baseline",303,0.697,0.695924754977883
"PE_vs_NP","Baseline",303,0.698,0.696319684785706
"PE_vs_NP","Baseline",303,0.699,0.696757117545124
"PE_vs_NP","Baseline",303,0.7,0.697463735664635
"PE_vs_NP","Baseline",303,0.701,0.698170353784147
"PE_vs_NP","Baseline",303,0.702,0.698876971903659
"PE_vs_NP","Baseline",303,0.703,0.69958359002317
"PE_vs_NP","Baseline",303,0.704,0.700290208142682
"PE_vs_NP","Baseline",303,0.705,0.700996826262194
"PE_vs_NP","Baseline",303,0.706,0.701703444381705
"PE_vs_NP","Baseline",303,0.707,0.702410062501217
"PE_vs_NP","Baseline",303,0.708,0.703116680620729
"PE_vs_NP","Baseline",303,0.709,0.70382329874024
"PE_vs_NP","Baseline",303,0.71,0.704529916859752
"PE_vs_NP","Baseline",303,0.711,0.705236534979264
"PE_vs_NP","Baseline",303,0.712,0.705943153098775
"PE_vs_NP","Baseline",303,0.713,0.706649771218287
"PE_vs_NP","Baseline",303,0.714,0.707356389337799
"PE_vs_NP","Baseline",303,0.715,0.70806300745731
"PE_vs_NP","Baseline",303,0.716,0.708769625576822
"PE_vs_NP","Baseline",303,0.717,0.709476243696334
"PE_vs_NP","Baseline",303,0.718,0.710182861815845
"PE_vs_NP","Baseline",303,0.719,0.710775194221071
"PE_vs_NP","Baseline",303,0.72,0.71102466948344
"PE_vs_NP","Baseline",303,0.721,0.711274144745809
"PE_vs_NP","Baseline",303,0.722,0.711523620008178
"PE_vs_NP","Baseline",303,0.723,0.711773095270547
"PE_vs_NP","Baseline",303,0.724,0.712022570532915
"PE_vs_NP","Baseline",303,0.725,0.712272045795284
"PE_vs_NP","Baseline",303,0.726,0.712521521057653
"PE_vs_NP","Baseline",303,0.727,0.712770996320022
"PE_vs_NP","Baseline",303,0.728,0.713020471582391
"PE_vs_NP","Baseline",303,0.729,0.713269946844759
"PE_vs_NP","Baseline",303,0.73,0.713519422107128
"PE_vs_NP","Baseline",303,0.731,0.713768897369497
"PE_vs_NP","Baseline",303,0.732,0.714018372631866
"PE_vs_NP","Baseline",303,0.733,0.714267847894235
"PE_vs_NP","Baseline",303,0.734,0.714517323156604
"PE_vs_NP","Baseline",303,0.735,0.714766798418972
"PE_vs_NP","Baseline",303,0.736,0.715234455499523
"PE_vs_NP","Baseline",303,0.737,0.716550597428558
"PE_vs_NP","Baseline",303,0.738,0.717866739357594
"PE_vs_NP","Baseline",303,0.739,0.719132288401254
"PE_vs_NP","Baseline",303,0.74,0.720309299895507
"PE_vs_NP","Baseline",303,0.741,0.72148631138976
"PE_vs_NP","Baseline",303,0.742,0.722663322884012
"PE_vs_NP","Baseline",303,0.743,0.723840334378265
"PE_vs_NP","Baseline",303,0.744,0.725017345872518
"PE_vs_NP","Baseline",303,0.745,0.725467084639498
"PE_vs_NP","Baseline",303,0.746,0.725577429467085
"PE_vs_NP","Baseline",303,0.747,0.725687774294671
"PE_vs_NP","Baseline",303,0.748,0.726246603970742
"PE_vs_NP","Baseline",303,0.749,0.726890282131661
"PE_vs_NP","Baseline",303,0.75,0.727533960292581
"PE_vs_NP","Baseline",303,0.751,0.732444305120167
"PE_vs_NP","Baseline",303,0.752,0.737354649947753
"PE_vs_NP","Baseline",303,0.753,0.74226499477534
"PE_vs_NP","Baseline",303,0.754,0.747175339602926
"PE_vs_NP","Baseline",303,0.755,0.752085684430512
"PE_vs_NP","Baseline",303,0.756,0.756996029258098
"PE_vs_NP","Baseline",303,0.757,0.761906374085685
"PE_vs_NP","Baseline",303,0.758,0.766816718913271
"PE_vs_NP","Baseline",303,0.759,0.769690700104493
"PE_vs_NP","Baseline",303,0.76,0.770334378265413
"PE_vs_NP","Baseline",303,0.761,0.770978056426332
"PE_vs_NP","Baseline",303,0.762,0.773927272727273
"PE_vs_NP","Baseline",303,0.763,0.77819393939394
"PE_vs_NP","Baseline",303,0.764,0.782460606060606
"PE_vs_NP","Baseline",303,0.765,0.783757575757576
"PE_vs_NP","Baseline",303,0.766,0.784290909090909
"PE_vs_NP","Baseline",303,0.767,0.784824242424242
"PE_vs_NP","Baseline",303,0.768,0.785866666666667
"PE_vs_NP","Baseline",303,0.769,0.786933333333333
"PE_vs_NP","Baseline",303,0.77,0.788727272727273
"PE_vs_NP","Baseline",303,0.771,0.796193939393939
"PE_vs_NP","Baseline",303,0.772,0.803660606060606
"PE_vs_NP","Baseline",303,0.773,0.810254545454546
"PE_vs_NP","Baseline",303,0.774,0.814521212121212
"PE_vs_NP","Baseline",303,0.775,0.818787878787879
"PE_vs_NP","Baseline",303,0.776,0.821672727272727
"PE_vs_NP","Baseline",303,0.777,0.822739393939394
"PE_vs_NP","Baseline",303,0.778,0.823806060606061
"PE_vs_NP","Baseline",303,0.779,0.825187878787879
"PE_vs_NP","Baseline",303,0.78,0.826787878787879
"PE_vs_NP","Baseline",303,0.781,0.828387878787879
"PE_vs_NP","Baseline",303,0.782,0.829987878787879
"PE_vs_NP","Baseline",303,0.783,0.831587878787879
"PE_vs_NP","Baseline",303,0.784,0.833187878787879
"PE_vs_NP","Baseline",303,0.785,0.83430303030303
"PE_vs_NP","Baseline",303,0.786,0.835369696969697
"PE_vs_NP","Baseline",303,0.787,0.836363636363636
"PE_vs_NP","Baseline",303,0.788,0.836363636363636
"PE_vs_NP","Baseline",303,0.789,0.836363636363636
"PE_vs_NP","Baseline",303,0.79,0.836727272727273
"PE_vs_NP","Baseline",303,0.791,0.838327272727273
"PE_vs_NP","Baseline",303,0.792,0.839927272727273
"PE_vs_NP","Baseline",303,0.793,0.842145454545455
"PE_vs_NP","Baseline",303,0.794,0.845345454545455
"PE_vs_NP","Baseline",303,0.795,0.848545454545455
"PE_vs_NP","Baseline",303,0.796,0.860836363636364
"PE_vs_NP","Baseline",303,0.797,0.864036363636364
"PE_vs_NP","Baseline",303,0.798,0.867236363636364
"PE_vs_NP","Baseline",303,0.799,0.869309090909091
"PE_vs_NP","Baseline",303,0.8,0.870909090909091
"PE_vs_NP","Baseline",303,0.801,0.872509090909091
"PE_vs_NP","Baseline",303,0.802,0.872727272727273
"PE_vs_NP","Baseline",303,0.803,0.872727272727273
"PE_vs_NP","Baseline",303,0.804,0.872727272727273
"PE_vs_NP","Baseline",303,0.805,0.872727272727273
"PE_vs_NP","Baseline",303,0.806,0.872727272727273
"PE_vs_NP","Baseline",303,0.807,0.872727272727273
"PE_vs_NP","Baseline",303,0.808,0.872727272727273
"PE_vs_NP","Baseline",303,0.809,0.872727272727273
"PE_vs_NP","Baseline",303,0.81,0.872727272727273
"PE_vs_NP","Baseline",303,0.811,0.872727272727273
"PE_vs_NP","Baseline",303,0.812,0.872727272727273
"PE_vs_NP","Baseline",303,0.813,0.872727272727273
"PE_vs_NP","Baseline",303,0.814,0.872727272727273
"PE_vs_NP","Baseline",303,0.815,0.872727272727273
"PE_vs_NP","Baseline",303,0.816,0.872727272727273
"PE_vs_NP","Baseline",303,0.817,0.872727272727273
"PE_vs_NP","Baseline",303,0.818,0.872727272727273
"PE_vs_NP","Baseline",303,0.819,0.872727272727273
"PE_vs_NP","Baseline",303,0.82,0.872727272727273
"PE_vs_NP","Baseline",303,0.821,0.872727272727273
"PE_vs_NP","Baseline",303,0.822,0.872727272727273
"PE_vs_NP","Baseline",303,0.823,0.872727272727273
"PE_vs_NP","Baseline",303,0.824,0.872727272727273
"PE_vs_NP","Baseline",303,0.825,0.872727272727273
"PE_vs_NP","Baseline",303,0.826,0.872727272727273
"PE_vs_NP","Baseline",303,0.827,0.872727272727273
"PE_vs_NP","Baseline",303,0.828,0.872727272727273
"PE_vs_NP","Baseline",303,0.829,0.872727272727273
"PE_vs_NP","Baseline",303,0.83,0.872727272727273
"PE_vs_NP","Baseline",303,0.831,0.872727272727273
"PE_vs_NP","Baseline",303,0.832,0.872727272727273
"PE_vs_NP","Baseline",303,0.833,0.872727272727273
"PE_vs_NP","Baseline",303,0.834,0.872727272727273
"PE_vs_NP","Baseline",303,0.835,0.872727272727273
"PE_vs_NP","Baseline",303,0.836,0.872727272727273
"PE_vs_NP","Baseline",303,0.837,0.872727272727273
"PE_vs_NP","Baseline",303,0.838,0.872727272727273
"PE_vs_NP","Baseline",303,0.839,0.872727272727273
"PE_vs_NP","Baseline",303,0.84,0.872727272727273
"PE_vs_NP","Baseline",303,0.841,0.872727272727273
"PE_vs_NP","Baseline",303,0.842,0.872727272727273
"PE_vs_NP","Baseline",303,0.843,0.872727272727273
"PE_vs_NP","Baseline",303,0.844,0.872727272727273
"PE_vs_NP","Baseline",303,0.845,0.872727272727273
"PE_vs_NP","Baseline",303,0.846,0.872727272727273
"PE_vs_NP","Baseline",303,0.847,0.872727272727273
"PE_vs_NP","Baseline",303,0.848,0.872727272727273
"PE_vs_NP","Baseline",303,0.849,0.872727272727273
"PE_vs_NP","Baseline",303,0.85,0.872727272727273
"PE_vs_NP","Baseline",303,0.851,0.872727272727273
"PE_vs_NP","Baseline",303,0.852,0.872727272727273
"PE_vs_NP","Baseline",303,0.853,0.872727272727273
"PE_vs_NP","Baseline",303,0.854,0.872727272727273
"PE_vs_NP","Baseline",303,0.855,0.872727272727273
"PE_vs_NP","Baseline",303,0.856,0.872727272727273
"PE_vs_NP","Baseline",303,0.857,0.872727272727273
"PE_vs_NP","Baseline",303,0.858,0.872727272727273
"PE_vs_NP","Baseline",303,0.859,0.872727272727273
"PE_vs_NP","Baseline",303,0.86,0.872727272727273
"PE_vs_NP","Baseline",303,0.861,0.872727272727273
"PE_vs_NP","Baseline",303,0.862,0.872727272727273
"PE_vs_NP","Baseline",303,0.863,0.872727272727273
"PE_vs_NP","Baseline",303,0.864,0.872727272727273
"PE_vs_NP","Baseline",303,0.865,0.872727272727273
"PE_vs_NP","Baseline",303,0.866,0.872727272727273
"PE_vs_NP","Baseline",303,0.867,0.873563636363636
"PE_vs_NP","Baseline",303,0.868,0.875163636363636
"PE_vs_NP","Baseline",303,0.869,0.876763636363636
"PE_vs_NP","Baseline",303,0.87,0.878363636363636
"PE_vs_NP","Baseline",303,0.871,0.879963636363636
"PE_vs_NP","Baseline",303,0.872,0.881563636363636
"PE_vs_NP","Baseline",303,0.873,0.881818181818182
"PE_vs_NP","Baseline",303,0.874,0.881818181818182
"PE_vs_NP","Baseline",303,0.875,0.881818181818182
"PE_vs_NP","Baseline",303,0.876,0.881818181818182
"PE_vs_NP","Baseline",303,0.877,0.881818181818182
"PE_vs_NP","Baseline",303,0.878,0.881818181818182
"PE_vs_NP","Baseline",303,0.879,0.881818181818182
"PE_vs_NP","Baseline",303,0.88,0.881818181818182
"PE_vs_NP","Baseline",303,0.881,0.881818181818182
"PE_vs_NP","Baseline",303,0.882,0.881818181818182
"PE_vs_NP","Baseline",303,0.883,0.881818181818182
"PE_vs_NP","Baseline",303,0.884,0.881818181818182
"PE_vs_NP","Baseline",303,0.885,0.881818181818182
"PE_vs_NP","Baseline",303,0.886,0.881818181818182
"PE_vs_NP","Baseline",303,0.887,0.883175757575758
"PE_vs_NP","Baseline",303,0.888,0.885309090909091
"PE_vs_NP","Baseline",303,0.889,0.887442424242424
"PE_vs_NP","Baseline",303,0.89,0.890848484848485
"PE_vs_NP","Baseline",303,0.891,0.894581818181818
"PE_vs_NP","Baseline",303,0.892,0.898315151515152
"PE_vs_NP","Baseline",303,0.893,0.902048484848485
"PE_vs_NP","Baseline",303,0.894,0.905781818181818
"PE_vs_NP","Baseline",303,0.895,0.909136363636364
"PE_vs_NP","Baseline",303,0.896,0.909536363636364
"PE_vs_NP","Baseline",303,0.897,0.909936363636364
"PE_vs_NP","Baseline",303,0.898,0.910772727272727
"PE_vs_NP","Baseline",303,0.899,0.912772727272727
"PE_vs_NP","Baseline",303,0.9,0.914772727272727
"PE_vs_NP","Baseline",303,0.901,0.916772727272727
"PE_vs_NP","Baseline",303,0.902,0.918772727272727
"PE_vs_NP","Baseline",303,0.903,0.920772727272727
"PE_vs_NP","Baseline",303,0.904,0.922772727272727
"PE_vs_NP","Baseline",303,0.905,0.924772727272727
"PE_vs_NP","Baseline",303,0.906,0.926772727272727
"PE_vs_NP","Baseline",303,0.907,0.928772727272727
"PE_vs_NP","Baseline",303,0.908,0.930772727272727
"PE_vs_NP","Baseline",303,0.909,0.932772727272727
"PE_vs_NP","Baseline",303,0.91,0.934772727272727
"PE_vs_NP","Baseline",303,0.911,0.936772727272727
"PE_vs_NP","Baseline",303,0.912,0.938881818181818
"PE_vs_NP","Baseline",303,0.913,0.942481818181818
"PE_vs_NP","Baseline",303,0.914,0.946081818181818
"PE_vs_NP","Baseline",303,0.915,0.949318181818182
"PE_vs_NP","Baseline",303,0.916,0.951318181818182
"PE_vs_NP","Baseline",303,0.917,0.953318181818182
"PE_vs_NP","Baseline",303,0.918,0.954545454545455
"PE_vs_NP","Baseline",303,0.919,0.954545454545455
"PE_vs_NP","Baseline",303,0.92,0.954545454545455
"PE_vs_NP","Baseline",303,0.921,0.954545454545455
"PE_vs_NP","Baseline",303,0.922,0.954545454545455
"PE_vs_NP","Baseline",303,0.923,0.954545454545455
"PE_vs_NP","Baseline",303,0.924,0.954545454545455
"PE_vs_NP","Baseline",303,0.925,0.954545454545455
"PE_vs_NP","Baseline",303,0.926,0.954545454545455
"PE_vs_NP","Baseline",303,0.927,0.954545454545455
"PE_vs_NP","Baseline",303,0.928,0.954545454545455
"PE_vs_NP","Baseline",303,0.929,0.95456
"PE_vs_NP","Baseline",303,0.93,0.9552
"PE_vs_NP","Baseline",303,0.931,0.95584
"PE_vs_NP","Baseline",303,0.932,0.95648
"PE_vs_NP","Baseline",303,0.933,0.95712
"PE_vs_NP","Baseline",303,0.934,0.95776
"PE_vs_NP","Baseline",303,0.935,0.9584
"PE_vs_NP","Baseline",303,0.936,0.95904
"PE_vs_NP","Baseline",303,0.937,0.95968
"PE_vs_NP","Baseline",303,0.938,0.962186666666667
"PE_vs_NP","Baseline",303,0.939,0.96656
"PE_vs_NP","Baseline",303,0.94,0.970933333333334
"PE_vs_NP","Baseline",303,0.941,0.973461212121212
"PE_vs_NP","Baseline",303,0.942,0.975034545454546
"PE_vs_NP","Baseline",303,0.943,0.976607878787879
"PE_vs_NP","Baseline",303,0.944,0.977657575757576
"PE_vs_NP","Baseline",303,0.945,0.978590909090909
"PE_vs_NP","Baseline",303,0.946,0.979524242424243
"PE_vs_NP","Baseline",303,0.947,0.980457575757576
"PE_vs_NP","Baseline",303,0.948,0.981390909090909
"PE_vs_NP","Baseline",303,0.949,0.982324242424243
"PE_vs_NP","Baseline",303,0.95,0.983257575757576
"PE_vs_NP","Baseline",303,0.951,0.984190909090909
"PE_vs_NP","Baseline",303,0.952,0.985124242424242
"PE_vs_NP","Baseline",303,0.953,0.986057575757576
"PE_vs_NP","Baseline",303,0.954,0.986990909090909
"PE_vs_NP","Baseline",303,0.955,0.987681818181818
"PE_vs_NP","Baseline",303,0.956,0.988081818181818
"PE_vs_NP","Baseline",303,0.957,0.988481818181818
"PE_vs_NP","Baseline",303,0.958,0.988881818181818
"PE_vs_NP","Baseline",303,0.959,0.989281818181818
"PE_vs_NP","Baseline",303,0.96,0.989681818181818
"PE_vs_NP","Baseline",303,0.961,0.9907
"PE_vs_NP","Baseline",303,0.962,0.9919
"PE_vs_NP","Baseline",303,0.963,0.9931
"PE_vs_NP","Baseline",303,0.964,0.993927272727273
"PE_vs_NP","Baseline",303,0.965,0.994727272727273
"PE_vs_NP","Baseline",303,0.966,0.995527272727273
"PE_vs_NP","Baseline",303,0.967,0.996327272727273
"PE_vs_NP","Baseline",303,0.968,0.997127272727273
"PE_vs_NP","Baseline",303,0.969,0.997927272727273
"PE_vs_NP","Baseline",303,0.97,0.998727272727273
"PE_vs_NP","Baseline",303,0.971,0.999527272727273
"PE_vs_NP","Baseline",303,0.972,1
"PE_vs_NP","Baseline",303,0.973,1
"PE_vs_NP","Baseline",303,0.974,1
"PE_vs_NP","Baseline",303,0.975,1
"PE_vs_NP","Baseline",303,0.976,1
"PE_vs_NP","Baseline",303,0.977,1
"PE_vs_NP","Baseline",303,0.978,1
"PE_vs_NP","Baseline",303,0.979,1
"PE_vs_NP","Baseline",303,0.98,1
"PE_vs_NP","Baseline",303,0.981,1
"PE_vs_NP","Baseline",303,0.982,1
"PE_vs_NP","Baseline",303,0.983,1
"PE_vs_NP","Baseline",303,0.984,1
"PE_vs_NP","Baseline",303,0.985,1
"PE_vs_NP","Baseline",303,0.986,1
"PE_vs_NP","Baseline",303,0.987,1
"PE_vs_NP","Baseline",303,0.988,1
"PE_vs_NP","Baseline",303,0.989,1
"PE_vs_NP","Baseline",303,0.99,1
"PE_vs_NP","Baseline",303,0.991,1
"PE_vs_NP","Baseline",303,0.992,1
"PE_vs_NP","Baseline",303,0.993,1
"PE_vs_NP","Baseline",303,0.994,1
"PE_vs_NP","Baseline",303,0.995,1
"PE_vs_NP","Baseline",303,0.996,1
"PE_vs_NP","Baseline",303,0.997,1
"PE_vs_NP","Baseline",303,0.998,1
"PE_vs_NP","Baseline",303,0.999,1
"PE_vs_NP","Baseline",303,1,1
"PE_vs_NP","Met+Fun",303,0,0.0454545454545455
"PE_vs_NP","Met+Fun",303,0.001,0.0454545454545455
"PE_vs_NP","Met+Fun",303,0.002,0.0454545454545455
"PE_vs_NP","Met+Fun",303,0.003,0.0547151515151515
"PE_vs_NP","Met+Fun",303,0.004,0.0557818181818182
"PE_vs_NP","Met+Fun",303,0.005,0.0568484848484849
"PE_vs_NP","Met+Fun",303,0.006,0.0579151515151515
"PE_vs_NP","Met+Fun",303,0.007,0.0589818181818182
"PE_vs_NP","Met+Fun",303,0.008,0.0600484848484849
"PE_vs_NP","Met+Fun",303,0.009,0.0626424242424242
"PE_vs_NP","Met+Fun",303,0.01,0.0669090909090909
"PE_vs_NP","Met+Fun",303,0.011,0.0711757575757577
"PE_vs_NP","Met+Fun",303,0.012,0.0939636363636365
"PE_vs_NP","Met+Fun",303,0.013,0.0987636363636365
"PE_vs_NP","Met+Fun",303,0.014,0.103563636363637
"PE_vs_NP","Met+Fun",303,0.015,0.107090909090909
"PE_vs_NP","Met+Fun",303,0.016,0.110290909090909
"PE_vs_NP","Met+Fun",303,0.017,0.113490909090909
"PE_vs_NP","Met+Fun",303,0.018,0.118829090909091
"PE_vs_NP","Met+Fun",303,0.019,0.124269090909091
"PE_vs_NP","Met+Fun",303,0.02,0.129567676767677
"PE_vs_NP","Met+Fun",303,0.021,0.133763232323232
"PE_vs_NP","Met+Fun",303,0.022,0.137958787878788
"PE_vs_NP","Met+Fun",303,0.023,0.141281616161616
"PE_vs_NP","Met+Fun",303,0.024,0.142277171717172
"PE_vs_NP","Met+Fun",303,0.025,0.143272727272727
"PE_vs_NP","Met+Fun",303,0.026,0.144268282828283
"PE_vs_NP","Met+Fun",303,0.027,0.145263838383838
"PE_vs_NP","Met+Fun",303,0.028,0.146259393939394
"PE_vs_NP","Met+Fun",303,0.029,0.147843232323232
"PE_vs_NP","Met+Fun",303,0.03,0.149834343434343
"PE_vs_NP","Met+Fun",303,0.031,0.151825454545455
"PE_vs_NP","Met+Fun",303,0.032,0.153336565656566
"PE_vs_NP","Met+Fun",303,0.033,0.154687676767677
"PE_vs_NP","Met+Fun",303,0.034,0.156038787878788
"PE_vs_NP","Met+Fun",303,0.035,0.157389898989899
"PE_vs_NP","Met+Fun",303,0.036,0.15874101010101
"PE_vs_NP","Met+Fun",303,0.037,0.160092121212121
"PE_vs_NP","Met+Fun",303,0.038,0.161443232323232
"PE_vs_NP","Met+Fun",303,0.039,0.162794343434343
"PE_vs_NP","Met+Fun",303,0.04,0.164145454545455
"PE_vs_NP","Met+Fun",303,0.041,0.165496565656566
"PE_vs_NP","Met+Fun",303,0.042,0.166847676767677
"PE_vs_NP","Met+Fun",303,0.043,0.168363636363636
"PE_vs_NP","Met+Fun",303,0.044,0.170141414141414
"PE_vs_NP","Met+Fun",303,0.045,0.171919191919192
"PE_vs_NP","Met+Fun",303,0.046,0.173778628389155
"PE_vs_NP","Met+Fun",303,0.047,0.175706113769272
"PE_vs_NP","Met+Fun",303,0.048,0.177633599149389
"PE_vs_NP","Met+Fun",303,0.049,0.179561084529506
"PE_vs_NP","Met+Fun",303,0.05,0.181488569909623
"PE_vs_NP","Met+Fun",303,0.051,0.18341605528974
"PE_vs_NP","Met+Fun",303,0.052,0.184767783094099
"PE_vs_NP","Met+Fun",303,0.053,0.186028601807549
"PE_vs_NP","Met+Fun",303,0.054,0.187295885167464
"PE_vs_NP","Met+Fun",303,0.055,0.188841148325359
"PE_vs_NP","Met+Fun",303,0.056,0.190386411483254
"PE_vs_NP","Met+Fun",303,0.057,0.191931674641148
"PE_vs_NP","Met+Fun",303,0.058,0.193476937799043
"PE_vs_NP","Met+Fun",303,0.059,0.195022200956938
"PE_vs_NP","Met+Fun",303,0.06,0.196567464114833
"PE_vs_NP","Met+Fun",303,0.061,0.198112727272727
"PE_vs_NP","Met+Fun",303,0.062,0.199657990430622
"PE_vs_NP","Met+Fun",303,0.063,0.201203253588517
"PE_vs_NP","Met+Fun",303,0.064,0.202748516746412
"PE_vs_NP","Met+Fun",303,0.065,0.204293779904306
"PE_vs_NP","Met+Fun",303,0.066,0.205839043062201
"PE_vs_NP","Met+Fun",303,0.067,0.207384306220096
"PE_vs_NP","Met+Fun",303,0.068,0.20892956937799
"PE_vs_NP","Met+Fun",303,0.069,0.209951196172249
"PE_vs_NP","Met+Fun",303,0.07,0.210856459330144
"PE_vs_NP","Met+Fun",303,0.071,0.211761722488038
"PE_vs_NP","Met+Fun",303,0.072,0.212666985645933
"PE_vs_NP","Met+Fun",303,0.073,0.213572248803828
"PE_vs_NP","Met+Fun",303,0.074,0.214422966507177
"PE_vs_NP","Met+Fun",303,0.075,0.214928229665072
"PE_vs_NP","Met+Fun",303,0.076,0.215433492822966
"PE_vs_NP","Met+Fun",303,0.077,0.215973772815878
"PE_vs_NP","Met+Fun",303,0.078,0.216597554492291
"PE_vs_NP","Met+Fun",303,0.079,0.217221336168705
"PE_vs_NP","Met+Fun",303,0.08,0.217845117845118
"PE_vs_NP","Met+Fun",303,0.081,0.218468899521531
"PE_vs_NP","Met+Fun",303,0.082,0.219092681197944
"PE_vs_NP","Met+Fun",303,0.083,0.219716462874358
"PE_vs_NP","Met+Fun",303,0.084,0.220340244550771
"PE_vs_NP","Met+Fun",303,0.085,0.220964026227184
"PE_vs_NP","Met+Fun",303,0.086,0.221587807903597
"PE_vs_NP","Met+Fun",303,0.087,0.222211589580011
"PE_vs_NP","Met+Fun",303,0.088,0.222835371256424
"PE_vs_NP","Met+Fun",303,0.089,0.223459152932837
"PE_vs_NP","Met+Fun",303,0.09,0.22408293460925
"PE_vs_NP","Met+Fun",303,0.091,0.224706716285664
"PE_vs_NP","Met+Fun",303,0.092,0.225330497962077
"PE_vs_NP","Met+Fun",303,0.093,0.22595427963849
"PE_vs_NP","Met+Fun",303,0.094,0.226578061314903
"PE_vs_NP","Met+Fun",303,0.095,0.227201842991317
"PE_vs_NP","Met+Fun",303,0.096,0.22782562466773
"PE_vs_NP","Met+Fun",303,0.097,0.228449406344143
"PE_vs_NP","Met+Fun",303,0.098,0.229073188020556
"PE_vs_NP","Met+Fun",303,0.099,0.22969696969697
"PE_vs_NP","Met+Fun",303,0.1,0.23003367003367
"PE_vs_NP","Met+Fun",303,0.101,0.230152188552189
"PE_vs_NP","Met+Fun",303,0.102,0.230270707070707
"PE_vs_NP","Met+Fun",303,0.103,0.230389225589226
"PE_vs_NP","Met+Fun",303,0.104,0.230507744107744
"PE_vs_NP","Met+Fun",303,0.105,0.230626262626263
"PE_vs_NP","Met+Fun",303,0.106,0.230744781144781
"PE_vs_NP","Met+Fun",303,0.107,0.2308632996633
"PE_vs_NP","Met+Fun",303,0.108,0.230981818181818
"PE_vs_NP","Met+Fun",303,0.109,0.231100336700337
"PE_vs_NP","Met+Fun",303,0.11,0.231218855218855
"PE_vs_NP","Met+Fun",303,0.111,0.231337373737374
"PE_vs_NP","Met+Fun",303,0.112,0.231455892255892
"PE_vs_NP","Met+Fun",303,0.113,0.231574410774411
"PE_vs_NP","Met+Fun",303,0.114,0.231692929292929
"PE_vs_NP","Met+Fun",303,0.115,0.231811447811448
"PE_vs_NP","Met+Fun",303,0.116,0.231929966329966
"PE_vs_NP","Met+Fun",303,0.117,0.232048484848485
"PE_vs_NP","Met+Fun",303,0.118,0.232167003367003
"PE_vs_NP","Met+Fun",303,0.119,0.232285521885522
"PE_vs_NP","Met+Fun",303,0.12,0.232767676767677
"PE_vs_NP","Met+Fun",303,0.121,0.233419528619529
"PE_vs_NP","Met+Fun",303,0.122,0.23407138047138
"PE_vs_NP","Met+Fun",303,0.123,0.234992323232323
"PE_vs_NP","Met+Fun",303,0.124,0.235964175084175
"PE_vs_NP","Met+Fun",303,0.125,0.236936026936027
"PE_vs_NP","Met+Fun",303,0.126,0.237907878787879
"PE_vs_NP","Met+Fun",303,0.127,0.238879730639731
"PE_vs_NP","Met+Fun",303,0.128,0.239909764309764
"PE_vs_NP","Met+Fun",303,0.129,0.24124733044733
"PE_vs_NP","Met+Fun",303,0.13,0.242584896584897
"PE_vs_NP","Met+Fun",303,0.131,0.243922462722463
"PE_vs_NP","Met+Fun",303,0.132,0.245260028860029
"PE_vs_NP","Met+Fun",303,0.133,0.246597594997595
"PE_vs_NP","Met+Fun",303,0.134,0.247935161135161
"PE_vs_NP","Met+Fun",303,0.135,0.249272727272727
"PE_vs_NP","Met+Fun",303,0.136,0.250610293410293
"PE_vs_NP","Met+Fun",303,0.137,0.25194785954786
"PE_vs_NP","Met+Fun",303,0.138,0.253285425685426
"PE_vs_NP","Met+Fun",303,0.139,0.254622991822992
"PE_vs_NP","Met+Fun",303,0.14,0.255960557960558
"PE_vs_NP","Met+Fun",303,0.141,0.257298124098124
"PE_vs_NP","Met+Fun",303,0.142,0.25863569023569
"PE_vs_NP","Met+Fun",303,0.143,0.259973256373256
"PE_vs_NP","Met+Fun",303,0.144,0.261310822510823
"PE_vs_NP","Met+Fun",303,0.145,0.262648388648389
"PE_vs_NP","Met+Fun",303,0.146,0.263985954785955
"PE_vs_NP","Met+Fun",303,0.147,0.265323520923521
"PE_vs_NP","Met+Fun",303,0.148,0.266661087061087
"PE_vs_NP","Met+Fun",303,0.149,0.267998653198653
"PE_vs_NP","Met+Fun",303,0.15,0.269336219336219
"PE_vs_NP","Met+Fun",303,0.151,0.270595682706987
"PE_vs_NP","Met+Fun",303,0.152,0.271752379279336
"PE_vs_NP","Met+Fun",303,0.153,0.272909075851685
"PE_vs_NP","Met+Fun",303,0.154,0.274205839764101
"PE_vs_NP","Met+Fun",303,0.155,0.275599573373486
"PE_vs_NP","Met+Fun",303,0.156,0.276993306982872
"PE_vs_NP","Met+Fun",303,0.157,0.278387040592258
"PE_vs_NP","Met+Fun",303,0.158,0.279780774201644
"PE_vs_NP","Met+Fun",303,0.159,0.28117450781103
"PE_vs_NP","Met+Fun",303,0.16,0.282568241420415
"PE_vs_NP","Met+Fun",303,0.161,0.283961975029801
"PE_vs_NP","Met+Fun",303,0.162,0.285355708639187
"PE_vs_NP","Met+Fun",303,0.163,0.286749442248573
"PE_vs_NP","Met+Fun",303,0.164,0.288143175857959
"PE_vs_NP","Met+Fun",303,0.165,0.289536909467344
"PE_vs_NP","Met+Fun",303,0.166,0.29093064307673
"PE_vs_NP","Met+Fun",303,0.167,0.292324376686116
"PE_vs_NP","Met+Fun",303,0.168,0.293718110295502
"PE_vs_NP","Met+Fun",303,0.169,0.295111843904887
"PE_vs_NP","Met+Fun",303,0.17,0.296505577514273
"PE_vs_NP","Met+Fun",303,0.171,0.29760840203275
"PE_vs_NP","Met+Fun",303,0.172,0.298468802308802
"PE_vs_NP","Met+Fun",303,0.173,0.299329202584855
"PE_vs_NP","Met+Fun",303,0.174,0.300189602860907
"PE_vs_NP","Met+Fun",303,0.175,0.30105000313696
"PE_vs_NP","Met+Fun",303,0.176,0.301910403413012
"PE_vs_NP","Met+Fun",303,0.177,0.302770803689065
"PE_vs_NP","Met+Fun",303,0.178,0.303631203965117
"PE_vs_NP","Met+Fun",303,0.179,0.30449160424117
"PE_vs_NP","Met+Fun",303,0.18,0.305352004517222
"PE_vs_NP","Met+Fun",303,0.181,0.306212404793274
"PE_vs_NP","Met+Fun",303,0.182,0.30710512830165
"PE_vs_NP","Met+Fun",303,0.183,0.30814330635548
"PE_vs_NP","Met+Fun",303,0.184,0.30918148440931
"PE_vs_NP","Met+Fun",303,0.185,0.310219662463141
"PE_vs_NP","Met+Fun",303,0.186,0.311257840516971
"PE_vs_NP","Met+Fun",303,0.187,0.312296018570801
"PE_vs_NP","Met+Fun",303,0.188,0.313334196624631
"PE_vs_NP","Met+Fun",303,0.189,0.314372374678462
"PE_vs_NP","Met+Fun",303,0.19,0.315410552732292
"PE_vs_NP","Met+Fun",303,0.191,0.316448730786122
"PE_vs_NP","Met+Fun",303,0.192,0.317486908839952
"PE_vs_NP","Met+Fun",303,0.193,0.318525086893783
"PE_vs_NP","Met+Fun",303,0.194,0.319563264947613
"PE_vs_NP","Met+Fun",303,0.195,0.320601443001443
"PE_vs_NP","Met+Fun",303,0.196,0.321639621055273
"PE_vs_NP","Met+Fun",303,0.197,0.322677799109103
"PE_vs_NP","Met+Fun",303,0.198,0.323715977162934
"PE_vs_NP","Met+Fun",303,0.199,0.324792657890561
"PE_vs_NP","Met+Fun",303,0.2,0.326113188885567
"PE_vs_NP","Met+Fun",303,0.201,0.327433719880574
"PE_vs_NP","Met+Fun",303,0.202,0.328754250875581
"PE_vs_NP","Met+Fun",303,0.203,0.330074781870588
"PE_vs_NP","Met+Fun",303,0.204,0.331395312865594
"PE_vs_NP","Met+Fun",303,0.205,0.332686459103944
"PE_vs_NP","Met+Fun",303,0.206,0.333942343634304
"PE_vs_NP","Met+Fun",303,0.207,0.335198228164664
"PE_vs_NP","Met+Fun",303,0.208,0.336454112695024
"PE_vs_NP","Met+Fun",303,0.209,0.337709997225384
"PE_vs_NP","Met+Fun",303,0.21,0.338965881755745
"PE_vs_NP","Met+Fun",303,0.211,0.340221766286105
"PE_vs_NP","Met+Fun",303,0.212,0.341477650816465
"PE_vs_NP","Met+Fun",303,0.213,0.342733535346825
"PE_vs_NP","Met+Fun",303,0.214,0.343989419877185
"PE_vs_NP","Met+Fun",303,0.215,0.345245304407546
"PE_vs_NP","Met+Fun",303,0.216,0.346488540716562
"PE_vs_NP","Met+Fun",303,0.217,0.34760529481214
"PE_vs_NP","Met+Fun",303,0.218,0.348722048907717
"PE_vs_NP","Met+Fun",303,0.219,0.349838803003295
"PE_vs_NP","Met+Fun",303,0.22,0.350955557098873
"PE_vs_NP","Met+Fun",303,0.221,0.35207231119445
"PE_vs_NP","Met+Fun",303,0.222,0.353189065290028
"PE_vs_NP","Met+Fun",303,0.223,0.354305819385605
"PE_vs_NP","Met+Fun",303,0.224,0.355422573481183
"PE_vs_NP","Met+Fun",303,0.225,0.356539327576761
"PE_vs_NP","Met+Fun",303,0.226,0.357656081672338
"PE_vs_NP","Met+Fun",303,0.227,0.358772835767916
"PE_vs_NP","Met+Fun",303,0.228,0.35962361583752
"PE_vs_NP","Met+Fun",303,0.229,0.360374655647383
"PE_vs_NP","Met+Fun",303,0.23,0.361125695457246
"PE_vs_NP","Met+Fun",303,0.231,0.36187673526711
"PE_vs_NP","Met+Fun",303,0.232,0.362627775076973
"PE_vs_NP","Met+Fun",303,0.233,0.363391513299535
"PE_vs_NP","Met+Fun",303,0.234,0.364421918188763
"PE_vs_NP","Met+Fun",303,0.235,0.365452323077992
"PE_vs_NP","Met+Fun",303,0.236,0.36648272796722
"PE_vs_NP","Met+Fun",303,0.237,0.367513132856448
"PE_vs_NP","Met+Fun",303,0.238,0.368543537745677
"PE_vs_NP","Met+Fun",303,0.239,0.369573942634905
"PE_vs_NP","Met+Fun",303,0.24,0.370604347524134
"PE_vs_NP","Met+Fun",303,0.241,0.371634752413362
"PE_vs_NP","Met+Fun",303,0.242,0.373083339120772
"PE_vs_NP","Met+Fun",303,0.243,0.374913744010001
"PE_vs_NP","Met+Fun",303,0.244,0.376744148899229
"PE_vs_NP","Met+Fun",303,0.245,0.378574553788458
"PE_vs_NP","Met+Fun",303,0.246,0.380404958677686
"PE_vs_NP","Met+Fun",303,0.247,0.382235363566914
"PE_vs_NP","Met+Fun",303,0.248,0.384065768456143
"PE_vs_NP","Met+Fun",303,0.249,0.385896173345371
"PE_vs_NP","Met+Fun",303,0.25,0.3877265782346
"PE_vs_NP","Met+Fun",303,0.251,0.390138801305646
"PE_vs_NP","Met+Fun",303,0.252,0.392551024376693
"PE_vs_NP","Met+Fun",303,0.253,0.394963247447739
"PE_vs_NP","Met+Fun",303,0.254,0.397375470518786
"PE_vs_NP","Met+Fun",303,0.255,0.399787693589833
"PE_vs_NP","Met+Fun",303,0.256,0.402199916660879
"PE_vs_NP","Met+Fun",303,0.257,0.404612139731926
"PE_vs_NP","Met+Fun",303,0.258,0.407024362802972
"PE_vs_NP","Met+Fun",303,0.259,0.409436585874019
"PE_vs_NP","Met+Fun",303,0.26,0.411848808945066
"PE_vs_NP","Met+Fun",303,0.261,0.414261032016112
"PE_vs_NP","Met+Fun",303,0.262,0.416673255087159
"PE_vs_NP","Met+Fun",303,0.263,0.419085478158206
"PE_vs_NP","Met+Fun",303,0.264,0.421497701229252
"PE_vs_NP","Met+Fun",303,0.265,0.423697803088177
"PE_vs_NP","Met+Fun",303,0.266,0.425843359492557
"PE_vs_NP","Met+Fun",303,0.267,0.427988915896937
"PE_vs_NP","Met+Fun",303,0.268,0.430874968169086
"PE_vs_NP","Met+Fun",303,0.269,0.433796282149223
"PE_vs_NP","Met+Fun",303,0.27,0.436717596129361
"PE_vs_NP","Met+Fun",303,0.271,0.439638910109498
"PE_vs_NP","Met+Fun",303,0.272,0.442560224089636
"PE_vs_NP","Met+Fun",303,0.273,0.445356862745098
"PE_vs_NP","Met+Fun",303,0.274,0.447821033868093
"PE_vs_NP","Met+Fun",303,0.275,0.450285204991087
"PE_vs_NP","Met+Fun",303,0.276,0.452288770053476
"PE_vs_NP","Met+Fun",303,0.277,0.453686274509804
"PE_vs_NP","Met+Fun",303,0.278,0.455083778966132
"PE_vs_NP","Met+Fun",303,0.279,0.45648128342246
"PE_vs_NP","Met+Fun",303,0.28,0.457878787878788
"PE_vs_NP","Met+Fun",303,0.281,0.459276292335116
"PE_vs_NP","Met+Fun",303,0.282,0.460370766488414
"PE_vs_NP","Met+Fun",303,0.283,0.461364230540701
"PE_vs_NP","Met+Fun",303,0.284,0.462357694592989
"PE_vs_NP","Met+Fun",303,0.285,0.463351158645276
"PE_vs_NP","Met+Fun",303,0.286,0.464344622697564
"PE_vs_NP","Met+Fun",303,0.287,0.465338086749851
"PE_vs_NP","Met+Fun",303,0.288,0.466331550802139
"PE_vs_NP","Met+Fun",303,0.289,0.467325014854427
"PE_vs_NP","Met+Fun",303,0.29,0.468318478906714
"PE_vs_NP","Met+Fun",303,0.291,0.469311942959002
"PE_vs_NP","Met+Fun",303,0.292,0.470305407011289
"PE_vs_NP","Met+Fun",303,0.293,0.471298871063577
"PE_vs_NP","Met+Fun",303,0.294,0.472292335115865
"PE_vs_NP","Met+Fun",303,0.295,0.473285799168152
"PE_vs_NP","Met+Fun",303,0.296,0.474125252525253
"PE_vs_NP","Met+Fun",303,0.297,0.474836363636364
"PE_vs_NP","Met+Fun",303,0.298,0.475547474747475
"PE_vs_NP","Met+Fun",303,0.299,0.476258585858586
"PE_vs_NP","Met+Fun",303,0.3,0.476969696969697
"PE_vs_NP","Met+Fun",303,0.301,0.477680808080808
"PE_vs_NP","Met+Fun",303,0.302,0.481155555555556
"PE_vs_NP","Met+Fun",303,0.303,0.485066666666666
"PE_vs_NP","Met+Fun",303,0.304,0.488977777777778
"PE_vs_NP","Met+Fun",303,0.305,0.492888888888889
"PE_vs_NP","Met+Fun",303,0.306,0.4968
"PE_vs_NP","Met+Fun",303,0.307,0.500290909090909
"PE_vs_NP","Met+Fun",303,0.308,0.501890909090909
"PE_vs_NP","Met+Fun",303,0.309,0.503490909090909
"PE_vs_NP","Met+Fun",303,0.31,0.505090909090909
"PE_vs_NP","Met+Fun",303,0.311,0.506690909090909
"PE_vs_NP","Met+Fun",303,0.312,0.508290909090909
"PE_vs_NP","Met+Fun",303,0.313,0.509090909090909
"PE_vs_NP","Met+Fun",303,0.314,0.509090909090909
"PE_vs_NP","Met+Fun",303,0.315,0.509090909090909
"PE_vs_NP","Met+Fun",303,0.316,0.509090909090909
"PE_vs_NP","Met+Fun",303,0.317,0.509090909090909
"PE_vs_NP","Met+Fun",303,0.318,0.509090909090909
"PE_vs_NP","Met+Fun",303,0.319,0.513890909090909
"PE_vs_NP","Met+Fun",303,0.32,0.519757575757576
"PE_vs_NP","Met+Fun",303,0.321,0.525624242424242
"PE_vs_NP","Met+Fun",303,0.322,0.528363636363636
"PE_vs_NP","Met+Fun",303,0.323,0.531030303030303
"PE_vs_NP","Met+Fun",303,0.324,0.533478787878788
"PE_vs_NP","Met+Fun",303,0.325,0.534545454545454
"PE_vs_NP","Met+Fun",303,0.326,0.535612121212121
"PE_vs_NP","Met+Fun",303,0.327,0.536363636363636
"PE_vs_NP","Met+Fun",303,0.328,0.536363636363636
"PE_vs_NP","Met+Fun",303,0.329,0.536363636363636
"PE_vs_NP","Met+Fun",303,0.33,0.536363636363636
"PE_vs_NP","Met+Fun",303,0.331,0.536363636363636
"PE_vs_NP","Met+Fun",303,0.332,0.536363636363636
"PE_vs_NP","Met+Fun",303,0.333,0.536363636363636
"PE_vs_NP","Met+Fun",303,0.334,0.536363636363636
"PE_vs_NP","Met+Fun",303,0.335,0.536363636363636
"PE_vs_NP","Met+Fun",303,0.336,0.536363636363636
"PE_vs_NP","Met+Fun",303,0.337,0.536363636363636
"PE_vs_NP","Met+Fun",303,0.338,0.536363636363636
"PE_vs_NP","Met+Fun",303,0.339,0.536363636363636
"PE_vs_NP","Met+Fun",303,0.34,0.536363636363636
"PE_vs_NP","Met+Fun",303,0.341,0.536363636363636
"PE_vs_NP","Met+Fun",303,0.342,0.536363636363636
"PE_vs_NP","Met+Fun",303,0.343,0.536363636363636
"PE_vs_NP","Met+Fun",303,0.344,0.536363636363636
"PE_vs_NP","Met+Fun",303,0.345,0.536363636363636
"PE_vs_NP","Met+Fun",303,0.346,0.536363636363636
"PE_vs_NP","Met+Fun",303,0.347,0.536625454545455
"PE_vs_NP","Met+Fun",303,0.348,0.537265454545455
"PE_vs_NP","Met+Fun",303,0.349,0.537905454545454
"PE_vs_NP","Met+Fun",303,0.35,0.538545454545455
"PE_vs_NP","Met+Fun",303,0.351,0.539185454545455
"PE_vs_NP","Met+Fun",303,0.352,0.539825454545454
"PE_vs_NP","Met+Fun",303,0.353,0.540465454545454
"PE_vs_NP","Met+Fun",303,0.354,0.541105454545454
"PE_vs_NP","Met+Fun",303,0.355,0.541745454545455
"PE_vs_NP","Met+Fun",303,0.356,0.542385454545455
"PE_vs_NP","Met+Fun",303,0.357,0.543025454545454
"PE_vs_NP","Met+Fun",303,0.358,0.543665454545454
"PE_vs_NP","Met+Fun",303,0.359,0.544305454545454
"PE_vs_NP","Met+Fun",303,0.36,0.544945454545455
"PE_vs_NP","Met+Fun",303,0.361,0.545454545454545
"PE_vs_NP","Met+Fun",303,0.362,0.545454545454545
"PE_vs_NP","Met+Fun",303,0.363,0.545454545454545
"PE_vs_NP","Met+Fun",303,0.364,0.545454545454545
"PE_vs_NP","Met+Fun",303,0.365,0.545454545454545
"PE_vs_NP","Met+Fun",303,0.366,0.545454545454545
"PE_vs_NP","Met+Fun",303,0.367,0.545454545454545
"PE_vs_NP","Met+Fun",303,0.368,0.545454545454545
"PE_vs_NP","Met+Fun",303,0.369,0.545454545454545
"PE_vs_NP","Met+Fun",303,0.37,0.545454545454545
"PE_vs_NP","Met+Fun",303,0.371,0.545454545454545
"PE_vs_NP","Met+Fun",303,0.372,0.545454545454545
"PE_vs_NP","Met+Fun",303,0.373,0.545454545454545
"PE_vs_NP","Met+Fun",303,0.374,0.545454545454545
"PE_vs_NP","Met+Fun",303,0.375,0.545454545454545
"PE_vs_NP","Met+Fun",303,0.376,0.545454545454545
"PE_vs_NP","Met+Fun",303,0.377,0.545454545454545
"PE_vs_NP","Met+Fun",303,0.378,0.545454545454545
"PE_vs_NP","Met+Fun",303,0.379,0.545454545454545
"PE_vs_NP","Met+Fun",303,0.38,0.545454545454545
"PE_vs_NP","Met+Fun",303,0.381,0.545454545454545
"PE_vs_NP","Met+Fun",303,0.382,0.545454545454545
"PE_vs_NP","Met+Fun",303,0.383,0.545454545454545
"PE_vs_NP","Met+Fun",303,0.384,0.545454545454545
"PE_vs_NP","Met+Fun",303,0.385,0.545454545454545
"PE_vs_NP","Met+Fun",303,0.386,0.545454545454545
"PE_vs_NP","Met+Fun",303,0.387,0.545454545454545
"PE_vs_NP","Met+Fun",303,0.388,0.545454545454545
"PE_vs_NP","Met+Fun",303,0.389,0.545454545454545
"PE_vs_NP","Met+Fun",303,0.39,0.545454545454545
"PE_vs_NP","Met+Fun",303,0.391,0.545454545454545
"PE_vs_NP","Met+Fun",303,0.392,0.545454545454545
"PE_vs_NP","Met+Fun",303,0.393,0.545454545454545
"PE_vs_NP","Met+Fun",303,0.394,0.545454545454545
"PE_vs_NP","Met+Fun",303,0.395,0.545454545454545
"PE_vs_NP","Met+Fun",303,0.396,0.545454545454545
"PE_vs_NP","Met+Fun",303,0.397,0.545454545454545
"PE_vs_NP","Met+Fun",303,0.398,0.545454545454545
"PE_vs_NP","Met+Fun",303,0.399,0.545454545454545
"PE_vs_NP","Met+Fun",303,0.4,0.545454545454545
"PE_vs_NP","Met+Fun",303,0.401,0.545454545454545
"PE_vs_NP","Met+Fun",303,0.402,0.545454545454545
"PE_vs_NP","Met+Fun",303,0.403,0.545454545454545
"PE_vs_NP","Met+Fun",303,0.404,0.545454545454545
"PE_vs_NP","Met+Fun",303,0.405,0.545454545454545
"PE_vs_NP","Met+Fun",303,0.406,0.545454545454545
"PE_vs_NP","Met+Fun",303,0.407,0.545454545454545
"PE_vs_NP","Met+Fun",303,0.408,0.545454545454545
"PE_vs_NP","Met+Fun",303,0.409,0.545454545454545
"PE_vs_NP","Met+Fun",303,0.41,0.545454545454545
"PE_vs_NP","Met+Fun",303,0.411,0.545454545454545
"PE_vs_NP","Met+Fun",303,0.412,0.545454545454545
"PE_vs_NP","Met+Fun",303,0.413,0.545454545454545
"PE_vs_NP","Met+Fun",303,0.414,0.545454545454545
"PE_vs_NP","Met+Fun",303,0.415,0.545454545454545
"PE_vs_NP","Met+Fun",303,0.416,0.545454545454545
"PE_vs_NP","Met+Fun",303,0.417,0.545454545454545
"PE_vs_NP","Met+Fun",303,0.418,0.545763636363636
"PE_vs_NP","Met+Fun",303,0.419,0.546563636363636
"PE_vs_NP","Met+Fun",303,0.42,0.547363636363636
"PE_vs_NP","Met+Fun",303,0.421,0.549909090909091
"PE_vs_NP","Met+Fun",303,0.422,0.553909090909091
"PE_vs_NP","Met+Fun",303,0.423,0.557909090909091
"PE_vs_NP","Met+Fun",303,0.424,0.56040606060606
"PE_vs_NP","Met+Fun",303,0.425,0.562272727272727
"PE_vs_NP","Met+Fun",303,0.426,0.564139393939394
"PE_vs_NP","Met+Fun",303,0.427,0.566006060606061
"PE_vs_NP","Met+Fun",303,0.428,0.567872727272727
"PE_vs_NP","Met+Fun",303,0.429,0.569745454545455
"PE_vs_NP","Met+Fun",303,0.43,0.571878787878788
"PE_vs_NP","Met+Fun",303,0.431,0.574012121212121
"PE_vs_NP","Met+Fun",303,0.432,0.575951515151515
"PE_vs_NP","Met+Fun",303,0.433,0.577018181818182
"PE_vs_NP","Met+Fun",303,0.434,0.578084848484848
"PE_vs_NP","Met+Fun",303,0.435,0.579151515151515
"PE_vs_NP","Met+Fun",303,0.436,0.580218181818182
"PE_vs_NP","Met+Fun",303,0.437,0.581284848484849
"PE_vs_NP","Met+Fun",303,0.438,0.581818181818182
"PE_vs_NP","Met+Fun",303,0.439,0.581818181818182
"PE_vs_NP","Met+Fun",303,0.44,0.581818181818182
"PE_vs_NP","Met+Fun",303,0.441,0.581818181818182
"PE_vs_NP","Met+Fun",303,0.442,0.581818181818182
"PE_vs_NP","Met+Fun",303,0.443,0.581818181818182
"PE_vs_NP","Met+Fun",303,0.444,0.581818181818182
"PE_vs_NP","Met+Fun",303,0.445,0.581818181818182
"PE_vs_NP","Met+Fun",303,0.446,0.581818181818182
"PE_vs_NP","Met+Fun",303,0.447,0.583381818181818
"PE_vs_NP","Met+Fun",303,0.448,0.584981818181818
"PE_vs_NP","Met+Fun",303,0.449,0.586581818181818
"PE_vs_NP","Met+Fun",303,0.45,0.588181818181818
"PE_vs_NP","Met+Fun",303,0.451,0.589781818181818
"PE_vs_NP","Met+Fun",303,0.452,0.590909090909091
"PE_vs_NP","Met+Fun",303,0.453,0.590909090909091
"PE_vs_NP","Met+Fun",303,0.454,0.590909090909091
"PE_vs_NP","Met+Fun",303,0.455,0.590909090909091
"PE_vs_NP","Met+Fun",303,0.456,0.590909090909091
"PE_vs_NP","Met+Fun",303,0.457,0.590909090909091
"PE_vs_NP","Met+Fun",303,0.458,0.590909090909091
"PE_vs_NP","Met+Fun",303,0.459,0.590909090909091
"PE_vs_NP","Met+Fun",303,0.46,0.590909090909091
"PE_vs_NP","Met+Fun",303,0.461,0.590909090909091
"PE_vs_NP","Met+Fun",303,0.462,0.590909090909091
"PE_vs_NP","Met+Fun",303,0.463,0.590909090909091
"PE_vs_NP","Met+Fun",303,0.464,0.590909090909091
"PE_vs_NP","Met+Fun",303,0.465,0.590909090909091
"PE_vs_NP","Met+Fun",303,0.466,0.590909090909091
"PE_vs_NP","Met+Fun",303,0.467,0.590909090909091
"PE_vs_NP","Met+Fun",303,0.468,0.590909090909091
"PE_vs_NP","Met+Fun",303,0.469,0.591709090909091
"PE_vs_NP","Met+Fun",303,0.47,0.594909090909091
"PE_vs_NP","Met+Fun",303,0.471,0.598109090909091
"PE_vs_NP","Met+Fun",303,0.472,0.601309090909091
"PE_vs_NP","Met+Fun",303,0.473,0.604509090909091
"PE_vs_NP","Met+Fun",303,0.474,0.607709090909091
"PE_vs_NP","Met+Fun",303,0.475,0.609090909090909
"PE_vs_NP","Met+Fun",303,0.476,0.609090909090909
"PE_vs_NP","Met+Fun",303,0.477,0.609090909090909
"PE_vs_NP","Met+Fun",303,0.478,0.609693070565798
"PE_vs_NP","Met+Fun",303,0.479,0.61052104259377
"PE_vs_NP","Met+Fun",303,0.48,0.611349014621742
"PE_vs_NP","Met+Fun",303,0.481,0.612176986649714
"PE_vs_NP","Met+Fun",303,0.482,0.613004958677686
"PE_vs_NP","Met+Fun",303,0.483,0.613832930705658
"PE_vs_NP","Met+Fun",303,0.484,0.61466090273363
"PE_vs_NP","Met+Fun",303,0.485,0.615488874761602
"PE_vs_NP","Met+Fun",303,0.486,0.616435855054037
"PE_vs_NP","Met+Fun",303,0.487,0.617845645263827
"PE_vs_NP","Met+Fun",303,0.488,0.619255435473617
"PE_vs_NP","Met+Fun",303,0.489,0.620665225683407
"PE_vs_NP","Met+Fun",303,0.49,0.622075015893198
"PE_vs_NP","Met+Fun",303,0.491,0.623484806102988
"PE_vs_NP","Met+Fun",303,0.492,0.624894596312778
"PE_vs_NP","Met+Fun",303,0.493,0.626304386522568
"PE_vs_NP","Met+Fun",303,0.494,0.627714176732359
"PE_vs_NP","Met+Fun",303,0.495,0.629123966942149
"PE_vs_NP","Met+Fun",303,0.496,0.630533757151939
"PE_vs_NP","Met+Fun",303,0.497,0.631943547361729
"PE_vs_NP","Met+Fun",303,0.498,0.633801822420004
"PE_vs_NP","Met+Fun",303,0.499,0.635744945963128
"PE_vs_NP","Met+Fun",303,0.5,0.637688069506251
"PE_vs_NP","Met+Fun",303,0.501,0.639631193049375
"PE_vs_NP","Met+Fun",303,0.502,0.641574316592498
"PE_vs_NP","Met+Fun",303,0.503,0.643517440135622
"PE_vs_NP","Met+Fun",303,0.504,0.645460563678745
"PE_vs_NP","Met+Fun",303,0.505,0.647403687221869
"PE_vs_NP","Met+Fun",303,0.506,0.649346810764993
"PE_vs_NP","Met+Fun",303,0.507,0.651289934308116
"PE_vs_NP","Met+Fun",303,0.508,0.65323305785124
"PE_vs_NP","Met+Fun",303,0.509,0.654972996552597
"PE_vs_NP","Met+Fun",303,0.51,0.656490399474878
"PE_vs_NP","Met+Fun",303,0.511,0.658007802397159
"PE_vs_NP","Met+Fun",303,0.512,0.65952520531944
"PE_vs_NP","Met+Fun",303,0.513,0.661042608241721
"PE_vs_NP","Met+Fun",303,0.514,0.662560011164002
"PE_vs_NP","Met+Fun",303,0.515,0.664517973526843
"PE_vs_NP","Met+Fun",303,0.516,0.66658922260297
"PE_vs_NP","Met+Fun",303,0.517,0.668660471679097
"PE_vs_NP","Met+Fun",303,0.518,0.670535707143168
"PE_vs_NP","Met+Fun",303,0.519,0.672401608625712
"PE_vs_NP","Met+Fun",303,0.52,0.674267510108256
"PE_vs_NP","Met+Fun",303,0.521,0.6761334115908
"PE_vs_NP","Met+Fun",303,0.522,0.677999313073345
"PE_vs_NP","Met+Fun",303,0.523,0.679865214555889
"PE_vs_NP","Met+Fun",303,0.524,0.681731116038433
"PE_vs_NP","Met+Fun",303,0.525,0.683597017520977
"PE_vs_NP","Met+Fun",303,0.526,0.685462919003522
"PE_vs_NP","Met+Fun",303,0.527,0.687328820486066
"PE_vs_NP","Met+Fun",303,0.528,0.68919472196861
"PE_vs_NP","Met+Fun",303,0.529,0.691060623451154
"PE_vs_NP","Met+Fun",303,0.53,0.692926524933699
"PE_vs_NP","Met+Fun",303,0.531,0.694792426416243
"PE_vs_NP","Met+Fun",303,0.532,0.696258327898787
"PE_vs_NP","Met+Fun",303,0.533,0.697590896047998
"PE_vs_NP","Met+Fun",303,0.534,0.698923464197209
"PE_vs_NP","Met+Fun",303,0.535,0.70025603234642
"PE_vs_NP","Met+Fun",303,0.536,0.701588600495631
"PE_vs_NP","Met+Fun",303,0.537,0.702883406407079
"PE_vs_NP","Met+Fun",303,0.538,0.703662128402444
"PE_vs_NP","Met+Fun",303,0.539,0.704440850397809
"PE_vs_NP","Met+Fun",303,0.54,0.705219572393174
"PE_vs_NP","Met+Fun",303,0.541,0.705998294388538
"PE_vs_NP","Met+Fun",303,0.542,0.706777016383903
"PE_vs_NP","Met+Fun",303,0.543,0.707555738379268
"PE_vs_NP","Met+Fun",303,0.544,0.708334460374633
"PE_vs_NP","Met+Fun",303,0.545,0.709113182369997
"PE_vs_NP","Met+Fun",303,0.546,0.709891904365362
"PE_vs_NP","Met+Fun",303,0.547,0.710670626360727
"PE_vs_NP","Met+Fun",303,0.548,0.711449348356092
"PE_vs_NP","Met+Fun",303,0.549,0.712228070351456
"PE_vs_NP","Met+Fun",303,0.55,0.713006792346821
"PE_vs_NP","Met+Fun",303,0.551,0.713785514342186
"PE_vs_NP","Met+Fun",303,0.552,0.714564236337551
"PE_vs_NP","Met+Fun",303,0.553,0.715342958332915
"PE_vs_NP","Met+Fun",303,0.554,0.71612168032828
"PE_vs_NP","Met+Fun",303,0.555,0.716900402323645
"PE_vs_NP","Met+Fun",303,0.556,0.71767912431901
"PE_vs_NP","Met+Fun",303,0.557,0.718457846314374
"PE_vs_NP","Met+Fun",303,0.558,0.719236568309739
"PE_vs_NP","Met+Fun",303,0.559,0.720015290305104
"PE_vs_NP","Met+Fun",303,0.56,0.720794012300469
"PE_vs_NP","Met+Fun",303,0.561,0.721572734295833
"PE_vs_NP","Met+Fun",303,0.562,0.722351456291198
"PE_vs_NP","Met+Fun",303,0.563,0.723130178286563
"PE_vs_NP","Met+Fun",303,0.564,0.723908900281928
"PE_vs_NP","Met+Fun",303,0.565,0.724687622277292
"PE_vs_NP","Met+Fun",303,0.566,0.725551230284478
"PE_vs_NP","Met+Fun",303,0.567,0.726458744849502
"PE_vs_NP","Met+Fun",303,0.568,0.727366259414526
"PE_vs_NP","Met+Fun",303,0.569,0.728480472544144
"PE_vs_NP","Met+Fun",303,0.57,0.729640618688116
"PE_vs_NP","Met+Fun",303,0.571,0.730800764832087
"PE_vs_NP","Met+Fun",303,0.572,0.731960910976059
"PE_vs_NP","Met+Fun",303,0.573,0.73312105712003
"PE_vs_NP","Met+Fun",303,0.574,0.734281203264002
"PE_vs_NP","Met+Fun",303,0.575,0.735441349407973
"PE_vs_NP","Met+Fun",303,0.576,0.736601495551945
"PE_vs_NP","Met+Fun",303,0.577,0.737761641695916
"PE_vs_NP","Met+Fun",303,0.578,0.738921787839888
"PE_vs_NP","Met+Fun",303,0.579,0.740081933983859
"PE_vs_NP","Met+Fun",303,0.58,0.741242080127831
"PE_vs_NP","Met+Fun",303,0.581,0.742402226271803
"PE_vs_NP","Met+Fun",303,0.582,0.743562372415774
"PE_vs_NP","Met+Fun",303,0.583,0.744722518559746
"PE_vs_NP","Met+Fun",303,0.584,0.745882664703717
"PE_vs_NP","Met+Fun",303,0.585,0.747042810847689
"PE_vs_NP","Met+Fun",303,0.586,0.74820295699166
"PE_vs_NP","Met+Fun",303,0.587,0.749363103135632
"PE_vs_NP","Met+Fun",303,0.588,0.750523249279604
"PE_vs_NP","Met+Fun",303,0.589,0.751683395423575
"PE_vs_NP","Met+Fun",303,0.59,0.752843541567547
"PE_vs_NP","Met+Fun",303,0.591,0.754003687711518
"PE_vs_NP","Met+Fun",303,0.592,0.75516383385549
"PE_vs_NP","Met+Fun",303,0.593,0.756323979999461
"PE_vs_NP","Met+Fun",303,0.594,0.757484126143433
"PE_vs_NP","Met+Fun",303,0.595,0.758644272287404
"PE_vs_NP","Met+Fun",303,0.596,0.759804418431376
"PE_vs_NP","Met+Fun",303,0.597,0.760964564575348
"PE_vs_NP","Met+Fun",303,0.598,0.762124710719319
"PE_vs_NP","Met+Fun",303,0.599,0.763284856863291
"PE_vs_NP","Met+Fun",303,0.6,0.764445003007262
"PE_vs_NP","Met+Fun",303,0.601,0.765605149151234
"PE_vs_NP","Met+Fun",303,0.602,0.766765295295205
"PE_vs_NP","Met+Fun",303,0.603,0.767925441439177
"PE_vs_NP","Met+Fun",303,0.604,0.769085587583149
"PE_vs_NP","Met+Fun",303,0.605,0.77024573372712
"PE_vs_NP","Met+Fun",303,0.606,0.771405879871092
"PE_vs_NP","Met+Fun",303,0.607,0.772566026015063
"PE_vs_NP","Met+Fun",303,0.608,0.773726172159035
"PE_vs_NP","Met+Fun",303,0.609,0.774886318303006
"PE_vs_NP","Met+Fun",303,0.61,0.776046464446978
"PE_vs_NP","Met+Fun",303,0.611,0.77720661059095
"PE_vs_NP","Met+Fun",303,0.612,0.778366756734921
"PE_vs_NP","Met+Fun",303,0.613,0.779526902878893
"PE_vs_NP","Met+Fun",303,0.614,0.780768232955211
"PE_vs_NP","Met+Fun",303,0.615,0.782151634913136
"PE_vs_NP","Met+Fun",303,0.616,0.783535036871061
"PE_vs_NP","Met+Fun",303,0.617,0.784918438828986
"PE_vs_NP","Met+Fun",303,0.618,0.786301840786911
"PE_vs_NP","Met+Fun",303,0.619,0.787685242744836
"PE_vs_NP","Met+Fun",303,0.62,0.788724147095106
"PE_vs_NP","Met+Fun",303,0.621,0.789602285895136
"PE_vs_NP","Met+Fun",303,0.622,0.790480424695166
"PE_vs_NP","Met+Fun",303,0.623,0.791358563495197
"PE_vs_NP","Met+Fun",303,0.624,0.792236702295227
"PE_vs_NP","Met+Fun",303,0.625,0.793114841095257
"PE_vs_NP","Met+Fun",303,0.626,0.794071028675775
"PE_vs_NP","Met+Fun",303,0.627,0.795027216256293
"PE_vs_NP","Met+Fun",303,0.628,0.795983403836812
"PE_vs_NP","Met+Fun",303,0.629,0.79693959141733
"PE_vs_NP","Met+Fun",303,0.63,0.797895778997848
"PE_vs_NP","Met+Fun",303,0.631,0.798851966578366
"PE_vs_NP","Met+Fun",303,0.632,0.799808154158884
"PE_vs_NP","Met+Fun",303,0.633,0.800764341739402
"PE_vs_NP","Met+Fun",303,0.634,0.80172052931992
"PE_vs_NP","Met+Fun",303,0.635,0.802676716900438
"PE_vs_NP","Met+Fun",303,0.636,0.803632904480957
"PE_vs_NP","Met+Fun",303,0.637,0.804589092061475
"PE_vs_NP","Met+Fun",303,0.638,0.805545279641993
"PE_vs_NP","Met+Fun",303,0.639,0.806501467222511
"PE_vs_NP","Met+Fun",303,0.64,0.807457654803029
"PE_vs_NP","Met+Fun",303,0.641,0.808413842383547
"PE_vs_NP","Met+Fun",303,0.642,0.809370029964065
"PE_vs_NP","Met+Fun",303,0.643,0.810326217544583
"PE_vs_NP","Met+Fun",303,0.644,0.811282405125102
"PE_vs_NP","Met+Fun",303,0.645,0.81223859270562
"PE_vs_NP","Met+Fun",303,0.646,0.813194780286138
"PE_vs_NP","Met+Fun",303,0.647,0.814150967866656
"PE_vs_NP","Met+Fun",303,0.648,0.815094568034587
"PE_vs_NP","Met+Fun",303,0.649,0.816004601768951
"PE_vs_NP","Met+Fun",303,0.65,0.816914635503315
"PE_vs_NP","Met+Fun",303,0.651,0.817824669237679
"PE_vs_NP","Met+Fun",303,0.652,0.818734702972044
"PE_vs_NP","Met+Fun",303,0.653,0.819644736706408
"PE_vs_NP","Met+Fun",303,0.654,0.820554770440772
"PE_vs_NP","Met+Fun",303,0.655,0.821464804175136
"PE_vs_NP","Met+Fun",303,0.656,0.822374837909501
"PE_vs_NP","Met+Fun",303,0.657,0.823284871643865
"PE_vs_NP","Met+Fun",303,0.658,0.824194905378229
"PE_vs_NP","Met+Fun",303,0.659,0.825104939112594
"PE_vs_NP","Met+Fun",303,0.66,0.826014972846958
"PE_vs_NP","Met+Fun",303,0.661,0.826925006581322
"PE_vs_NP","Met+Fun",303,0.662,0.827835040315686
"PE_vs_NP","Met+Fun",303,0.663,0.828745074050051
"PE_vs_NP","Met+Fun",303,0.664,0.829655107784415
"PE_vs_NP","Met+Fun",303,0.665,0.830565141518779
"PE_vs_NP","Met+Fun",303,0.666,0.831475175253144
"PE_vs_NP","Met+Fun",303,0.667,0.832385208987508
"PE_vs_NP","Met+Fun",303,0.668,0.833295242721872
"PE_vs_NP","Met+Fun",303,0.669,0.834205276456236
"PE_vs_NP","Met+Fun",303,0.67,0.835115310190601
"PE_vs_NP","Met+Fun",303,0.671,0.836025343924965
"PE_vs_NP","Met+Fun",303,0.672,0.836935377659329
"PE_vs_NP","Met+Fun",303,0.673,0.837845411393693
"PE_vs_NP","Met+Fun",303,0.674,0.838755445128058
"PE_vs_NP","Met+Fun",303,0.675,0.839665478862422
"PE_vs_NP","Met+Fun",303,0.676,0.840575512596786
"PE_vs_NP","Met+Fun",303,0.677,0.841392984347679
"PE_vs_NP","Met+Fun",303,0.678,0.842195841048551
"PE_vs_NP","Met+Fun",303,0.679,0.842998697749422
"PE_vs_NP","Met+Fun",303,0.68,0.843801554450294
"PE_vs_NP","Met+Fun",303,0.681,0.844604411151165
"PE_vs_NP","Met+Fun",303,0.682,0.845407267852037
"PE_vs_NP","Met+Fun",303,0.683,0.846210124552908
"PE_vs_NP","Met+Fun",303,0.684,0.84701298125378
"PE_vs_NP","Met+Fun",303,0.685,0.847815837954651
"PE_vs_NP","Met+Fun",303,0.686,0.848618694655522
"PE_vs_NP","Met+Fun",303,0.687,0.849421551356394
"PE_vs_NP","Met+Fun",303,0.688,0.850224408057265
"PE_vs_NP","Met+Fun",303,0.689,0.851027264758137
"PE_vs_NP","Met+Fun",303,0.69,0.851830121459008
"PE_vs_NP","Met+Fun",303,0.691,0.85263297815988
"PE_vs_NP","Met+Fun",303,0.692,0.853435834860751
"PE_vs_NP","Met+Fun",303,0.693,0.854238691561623
"PE_vs_NP","Met+Fun",303,0.694,0.855071851292797
"PE_vs_NP","Met+Fun",303,0.695,0.855911745030706
"PE_vs_NP","Met+Fun",303,0.696,0.856751638768614
"PE_vs_NP","Met+Fun",303,0.697,0.857591532506523
"PE_vs_NP","Met+Fun",303,0.698,0.858431426244431
"PE_vs_NP","Met+Fun",303,0.699,0.85927131998234
"PE_vs_NP","Met+Fun",303,0.7,0.860111213720248
"PE_vs_NP","Met+Fun",303,0.701,0.860951107458156
"PE_vs_NP","Met+Fun",303,0.702,0.861791001196065
"PE_vs_NP","Met+Fun",303,0.703,0.862630894933973
"PE_vs_NP","Met+Fun",303,0.704,0.863470788671882
"PE_vs_NP","Met+Fun",303,0.705,0.86431068240979
"PE_vs_NP","Met+Fun",303,0.706,0.865150576147699
"PE_vs_NP","Met+Fun",303,0.707,0.865990469885607
"PE_vs_NP","Met+Fun",303,0.708,0.866830363623516
"PE_vs_NP","Met+Fun",303,0.709,0.867670257361424
"PE_vs_NP","Met+Fun",303,0.71,0.868510151099333
"PE_vs_NP","Met+Fun",303,0.711,0.869350044837241
"PE_vs_NP","Met+Fun",303,0.712,0.87018993857515
"PE_vs_NP","Met+Fun",303,0.713,0.871029832313058
"PE_vs_NP","Met+Fun",303,0.714,0.871869726050967
"PE_vs_NP","Met+Fun",303,0.715,0.872709619788875
"PE_vs_NP","Met+Fun",303,0.716,0.873549513526784
"PE_vs_NP","Met+Fun",303,0.717,0.874389407264692
"PE_vs_NP","Met+Fun",303,0.718,0.875229301002601
"PE_vs_NP","Met+Fun",303,0.719,0.876069194740509
"PE_vs_NP","Met+Fun",303,0.72,0.876909088478418
"PE_vs_NP","Met+Fun",303,0.721,0.877748982216326
"PE_vs_NP","Met+Fun",303,0.722,0.878588875954235
"PE_vs_NP","Met+Fun",303,0.723,0.879428769692143
"PE_vs_NP","Met+Fun",303,0.724,0.880268663430052
"PE_vs_NP","Met+Fun",303,0.725,0.88110855716796
"PE_vs_NP","Met+Fun",303,0.726,0.881948450905868
"PE_vs_NP","Met+Fun",303,0.727,0.882788344643777
"PE_vs_NP","Met+Fun",303,0.728,0.883807259360706
"PE_vs_NP","Met+Fun",303,0.729,0.884893306944769
"PE_vs_NP","Met+Fun",303,0.73,0.885979354528831
"PE_vs_NP","Met+Fun",303,0.731,0.887065402112893
"PE_vs_NP","Met+Fun",303,0.732,0.888151449696956
"PE_vs_NP","Met+Fun",303,0.733,0.889237497281018
"PE_vs_NP","Met+Fun",303,0.734,0.89032354486508
"PE_vs_NP","Met+Fun",303,0.735,0.891409592449143
"PE_vs_NP","Met+Fun",303,0.736,0.892507728081955
"PE_vs_NP","Met+Fun",303,0.737,0.893652872793241
"PE_vs_NP","Met+Fun",303,0.738,0.894798017504526
"PE_vs_NP","Met+Fun",303,0.739,0.895890269653828
"PE_vs_NP","Met+Fun",303,0.74,0.896889959819659
"PE_vs_NP","Met+Fun",303,0.741,0.897889649985489
"PE_vs_NP","Met+Fun",303,0.742,0.898812154318037
"PE_vs_NP","Met+Fun",303,0.743,0.899664184628891
"PE_vs_NP","Met+Fun",303,0.744,0.900516214939744
"PE_vs_NP","Met+Fun",303,0.745,0.901368245250598
"PE_vs_NP","Met+Fun",303,0.746,0.902220275561452
"PE_vs_NP","Met+Fun",303,0.747,0.903072305872306
"PE_vs_NP","Met+Fun",303,0.748,0.90392433618316
"PE_vs_NP","Met+Fun",303,0.749,0.904776366494014
"PE_vs_NP","Met+Fun",303,0.75,0.905628396804867
"PE_vs_NP","Met+Fun",303,0.751,0.906480427115721
"PE_vs_NP","Met+Fun",303,0.752,0.907332457426575
"PE_vs_NP","Met+Fun",303,0.753,0.908184487737429
"PE_vs_NP","Met+Fun",303,0.754,0.909036518048283
"PE_vs_NP","Met+Fun",303,0.755,0.909888548359137
"PE_vs_NP","Met+Fun",303,0.756,0.91074057866999
"PE_vs_NP","Met+Fun",303,0.757,0.911592608980844
"PE_vs_NP","Met+Fun",303,0.758,0.912444639291698
"PE_vs_NP","Met+Fun",303,0.759,0.913296669602552
"PE_vs_NP","Met+Fun",303,0.76,0.914148699913406
"PE_vs_NP","Met+Fun",303,0.761,0.91500073022426
"PE_vs_NP","Met+Fun",303,0.762,0.915852760535113
"PE_vs_NP","Met+Fun",303,0.763,0.916704790845967
"PE_vs_NP","Met+Fun",303,0.764,0.917556821156821
"PE_vs_NP","Met+Fun",303,0.765,0.918213047271871
"PE_vs_NP","Met+Fun",303,0.766,0.918818923736571
"PE_vs_NP","Met+Fun",303,0.767,0.919424800201271
"PE_vs_NP","Met+Fun",303,0.768,0.920336131211425
"PE_vs_NP","Met+Fun",303,0.769,0.921262007676125
"PE_vs_NP","Met+Fun",303,0.77,0.922160948113889
"PE_vs_NP","Met+Fun",303,0.771,0.922849787541552
"PE_vs_NP","Met+Fun",303,0.772,0.923538626969215
"PE_vs_NP","Met+Fun",303,0.773,0.924227466396878
"PE_vs_NP","Met+Fun",303,0.774,0.924916305824541
"PE_vs_NP","Met+Fun",303,0.775,0.925605145252204
"PE_vs_NP","Met+Fun",303,0.776,0.926293984679867
"PE_vs_NP","Met+Fun",303,0.777,0.92698282410753
"PE_vs_NP","Met+Fun",303,0.778,0.927671663535193
"PE_vs_NP","Met+Fun",303,0.779,0.928360502962856
"PE_vs_NP","Met+Fun",303,0.78,0.929049342390519
"PE_vs_NP","Met+Fun",303,0.781,0.929738181818182
"PE_vs_NP","Met+Fun",303,0.782,0.930427021245845
"PE_vs_NP","Met+Fun",303,0.783,0.931115860673508
"PE_vs_NP","Met+Fun",303,0.784,0.931804700101171
"PE_vs_NP","Met+Fun",303,0.785,0.932493539528834
"PE_vs_NP","Met+Fun",303,0.786,0.933182378956497
"PE_vs_NP","Met+Fun",303,0.787,0.93387121838416
"PE_vs_NP","Met+Fun",303,0.788,0.934560057811823
"PE_vs_NP","Met+Fun",303,0.789,0.935248897239486
"PE_vs_NP","Met+Fun",303,0.79,0.935937736667148
"PE_vs_NP","Met+Fun",303,0.791,0.936626576094811
"PE_vs_NP","Met+Fun",303,0.792,0.937315415522474
"PE_vs_NP","Met+Fun",303,0.793,0.938004254950137
"PE_vs_NP","Met+Fun",303,0.794,0.9386930943778
"PE_vs_NP","Met+Fun",303,0.795,0.939381933805463
"PE_vs_NP","Met+Fun",303,0.796,0.939896227778581
"PE_vs_NP","Met+Fun",303,0.797,0.940265067206244
"PE_vs_NP","Met+Fun",303,0.798,0.940633906633907
"PE_vs_NP","Met+Fun",303,0.799,0.94100274606157
"PE_vs_NP","Met+Fun",303,0.8,0.941371585489233
"PE_vs_NP","Met+Fun",303,0.801,0.941740424916896
"PE_vs_NP","Met+Fun",303,0.802,0.942109264344558
"PE_vs_NP","Met+Fun",303,0.803,0.942478103772221
"PE_vs_NP","Met+Fun",303,0.804,0.942846943199884
"PE_vs_NP","Met+Fun",303,0.805,0.943215782627547
"PE_vs_NP","Met+Fun",303,0.806,0.94358462205521
"PE_vs_NP","Met+Fun",303,0.807,0.943953461482873
"PE_vs_NP","Met+Fun",303,0.808,0.944322300910536
"PE_vs_NP","Met+Fun",303,0.809,0.944691140338199
"PE_vs_NP","Met+Fun",303,0.81,0.945059979765862
"PE_vs_NP","Met+Fun",303,0.811,0.945428819193525
"PE_vs_NP","Met+Fun",303,0.812,0.945797658621188
"PE_vs_NP","Met+Fun",303,0.813,0.946166498048851
"PE_vs_NP","Met+Fun",303,0.814,0.946535337476514
"PE_vs_NP","Met+Fun",303,0.815,0.946904176904177
"PE_vs_NP","Met+Fun",303,0.816,0.94727301633184
"PE_vs_NP","Met+Fun",303,0.817,0.947641855759503
"PE_vs_NP","Met+Fun",303,0.818,0.948010695187166
"PE_vs_NP","Met+Fun",303,0.819,0.948379534614829
"PE_vs_NP","Met+Fun",303,0.82,0.948748374042492
"PE_vs_NP","Met+Fun",303,0.821,0.949117213470155
"PE_vs_NP","Met+Fun",303,0.822,0.949486052897818
"PE_vs_NP","Met+Fun",303,0.823,0.949854892325481
"PE_vs_NP","Met+Fun",303,0.824,0.950223731753144
"PE_vs_NP","Met+Fun",303,0.825,0.950592571180807
"PE_vs_NP","Met+Fun",303,0.826,0.95096141060847
"PE_vs_NP","Met+Fun",303,0.827,0.951330250036132
"PE_vs_NP","Met+Fun",303,0.828,0.951699089463795
"PE_vs_NP","Met+Fun",303,0.829,0.952067928891458
"PE_vs_NP","Met+Fun",303,0.83,0.952436768319121
"PE_vs_NP","Met+Fun",303,0.831,0.952805607746784
"PE_vs_NP","Met+Fun",303,0.832,0.953174447174447
"PE_vs_NP","Met+Fun",303,0.833,0.953445549045549
"PE_vs_NP","Met+Fun",303,0.834,0.953655112455112
"PE_vs_NP","Met+Fun",303,0.835,0.953864675864676
"PE_vs_NP","Met+Fun",303,0.836,0.954074239274239
"PE_vs_NP","Met+Fun",303,0.837,0.954283802683803
"PE_vs_NP","Met+Fun",303,0.838,0.954493366093366
"PE_vs_NP","Met+Fun",303,0.839,0.955199899199899
"PE_vs_NP","Met+Fun",303,0.84,0.955942795942796
"PE_vs_NP","Met+Fun",303,0.841,0.956685692685693
"PE_vs_NP","Met+Fun",303,0.842,0.957428589428589
"PE_vs_NP","Met+Fun",303,0.843,0.958171486171486
"PE_vs_NP","Met+Fun",303,0.844,0.958914382914383
"PE_vs_NP","Met+Fun",303,0.845,0.95965727965728
"PE_vs_NP","Met+Fun",303,0.846,0.960400176400176
"PE_vs_NP","Met+Fun",303,0.847,0.961145094905095
"PE_vs_NP","Met+Fun",303,0.848,0.961892933732934
"PE_vs_NP","Met+Fun",303,0.849,0.962640772560773
"PE_vs_NP","Met+Fun",303,0.85,0.963388611388611
"PE_vs_NP","Met+Fun",303,0.851,0.96413645021645
"PE_vs_NP","Met+Fun",303,0.852,0.964884289044289
"PE_vs_NP","Met+Fun",303,0.853,0.965632127872128
"PE_vs_NP","Met+Fun",303,0.854,0.966379966699967
"PE_vs_NP","Met+Fun",303,0.855,0.967127805527806
"PE_vs_NP","Met+Fun",303,0.856,0.967402917082917
"PE_vs_NP","Met+Fun",303,0.857,0.967617422577423
"PE_vs_NP","Met+Fun",303,0.858,0.967831928071928
"PE_vs_NP","Met+Fun",303,0.859,0.968046433566434
"PE_vs_NP","Met+Fun",303,0.86,0.968260939060939
"PE_vs_NP","Met+Fun",303,0.861,0.968475444555445
"PE_vs_NP","Met+Fun",303,0.862,0.96868995004995
"PE_vs_NP","Met+Fun",303,0.863,0.968904455544456
"PE_vs_NP","Met+Fun",303,0.864,0.969118961038961
"PE_vs_NP","Met+Fun",303,0.865,0.969333466533467
"PE_vs_NP","Met+Fun",303,0.866,0.969547972027972
"PE_vs_NP","Met+Fun",303,0.867,0.969762477522477
"PE_vs_NP","Met+Fun",303,0.868,0.969976983016983
"PE_vs_NP","Met+Fun",303,0.869,0.970191488511489
"PE_vs_NP","Met+Fun",303,0.87,0.970405994005994
"PE_vs_NP","Met+Fun",303,0.871,0.9706204995005
"PE_vs_NP","Met+Fun",303,0.872,0.970835004995005
"PE_vs_NP","Met+Fun",303,0.873,0.97104951048951
"PE_vs_NP","Met+Fun",303,0.874,0.971264015984016
"PE_vs_NP","Met+Fun",303,0.875,0.971478521478522
"PE_vs_NP","Met+Fun",303,0.876,0.971693026973027
"PE_vs_NP","Met+Fun",303,0.877,0.971907532467532
"PE_vs_NP","Met+Fun",303,0.878,0.972122037962038
"PE_vs_NP","Met+Fun",303,0.879,0.972336543456543
"PE_vs_NP","Met+Fun",303,0.88,0.972551048951049
"PE_vs_NP","Met+Fun",303,0.881,0.972765554445554
"PE_vs_NP","Met+Fun",303,0.882,0.97298005994006
"PE_vs_NP","Met+Fun",303,0.883,0.973194565434565
"PE_vs_NP","Met+Fun",303,0.884,0.973409070929071
"PE_vs_NP","Met+Fun",303,0.885,0.973623576423576
"PE_vs_NP","Met+Fun",303,0.886,0.973838081918082
"PE_vs_NP","Met+Fun",303,0.887,0.974052587412587
"PE_vs_NP","Met+Fun",303,0.888,0.974267092907093
"PE_vs_NP","Met+Fun",303,0.889,0.974481598401598
"PE_vs_NP","Met+Fun",303,0.89,0.974696103896104
"PE_vs_NP","Met+Fun",303,0.891,0.974910609390609
"PE_vs_NP","Met+Fun",303,0.892,0.975125114885115
"PE_vs_NP","Met+Fun",303,0.893,0.97533962037962
"PE_vs_NP","Met+Fun",303,0.894,0.975554125874126
"PE_vs_NP","Met+Fun",303,0.895,0.975768631368631
"PE_vs_NP","Met+Fun",303,0.896,0.975983136863137
"PE_vs_NP","Met+Fun",303,0.897,0.976197642357642
"PE_vs_NP","Met+Fun",303,0.898,0.976412147852148
"PE_vs_NP","Met+Fun",303,0.899,0.976626653346653
"PE_vs_NP","Met+Fun",303,0.9,0.976841158841159
"PE_vs_NP","Met+Fun",303,0.901,0.977055664335664
"PE_vs_NP","Met+Fun",303,0.902,0.97727016983017
"PE_vs_NP","Met+Fun",303,0.903,0.977484675324675
"PE_vs_NP","Met+Fun",303,0.904,0.977699180819181
"PE_vs_NP","Met+Fun",303,0.905,0.977913686313686
"PE_vs_NP","Met+Fun",303,0.906,0.978128191808192
"PE_vs_NP","Met+Fun",303,0.907,0.978391566080978
"PE_vs_NP","Met+Fun",303,0.908,0.978671229946524
"PE_vs_NP","Met+Fun",303,0.909,0.97895089381207
"PE_vs_NP","Met+Fun",303,0.91,0.979230557677616
"PE_vs_NP","Met+Fun",303,0.911,0.979510221543163
"PE_vs_NP","Met+Fun",303,0.912,0.979789885408709
"PE_vs_NP","Met+Fun",303,0.913,0.980069549274255
"PE_vs_NP","Met+Fun",303,0.914,0.980349213139801
"PE_vs_NP","Met+Fun",303,0.915,0.980628877005348
"PE_vs_NP","Met+Fun",303,0.916,0.980908540870894
"PE_vs_NP","Met+Fun",303,0.917,0.98118820473644
"PE_vs_NP","Met+Fun",303,0.918,0.981467868601986
"PE_vs_NP","Met+Fun",303,0.919,0.981747532467532
"PE_vs_NP","Met+Fun",303,0.92,0.982027196333079
"PE_vs_NP","Met+Fun",303,0.921,0.982306860198625
"PE_vs_NP","Met+Fun",303,0.922,0.982586524064171
"PE_vs_NP","Met+Fun",303,0.923,0.982866187929717
"PE_vs_NP","Met+Fun",303,0.924,0.983145851795264
"PE_vs_NP","Met+Fun",303,0.925,0.98342551566081
"PE_vs_NP","Met+Fun",303,0.926,0.983705179526356
"PE_vs_NP","Met+Fun",303,0.927,0.983984843391902
"PE_vs_NP","Met+Fun",303,0.928,0.984264507257448
"PE_vs_NP","Met+Fun",303,0.929,0.984544171122995
"PE_vs_NP","Met+Fun",303,0.93,0.984823834988541
"PE_vs_NP","Met+Fun",303,0.931,0.985103498854087
"PE_vs_NP","Met+Fun",303,0.932,0.985383162719633
"PE_vs_NP","Met+Fun",303,0.933,0.98566282658518
"PE_vs_NP","Met+Fun",303,0.934,0.985942490450726
"PE_vs_NP","Met+Fun",303,0.935,0.986222154316272
"PE_vs_NP","Met+Fun",303,0.936,0.986501818181818
"PE_vs_NP","Met+Fun",303,0.937,0.986781482047364
"PE_vs_NP","Met+Fun",303,0.938,0.987061145912911
"PE_vs_NP","Met+Fun",303,0.939,0.987340809778457
"PE_vs_NP","Met+Fun",303,0.94,0.987620473644003
"PE_vs_NP","Met+Fun",303,0.941,0.987900137509549
"PE_vs_NP","Met+Fun",303,0.942,0.988179801375096
"PE_vs_NP","Met+Fun",303,0.943,0.988459465240642
"PE_vs_NP","Met+Fun",303,0.944,0.988739129106188
"PE_vs_NP","Met+Fun",303,0.945,0.989018792971734
"PE_vs_NP","Met+Fun",303,0.946,0.98929845683728
"PE_vs_NP","Met+Fun",303,0.947,0.989488770053476
"PE_vs_NP","Met+Fun",303,0.948,0.989677005347594
"PE_vs_NP","Met+Fun",303,0.949,0.989865240641711
"PE_vs_NP","Met+Fun",303,0.95,0.990053475935829
"PE_vs_NP","Met+Fun",303,0.951,0.990241711229947
"PE_vs_NP","Met+Fun",303,0.952,0.990429946524064
"PE_vs_NP","Met+Fun",303,0.953,0.990618181818182
"PE_vs_NP","Met+Fun",303,0.954,0.990806417112299
"PE_vs_NP","Met+Fun",303,0.955,0.991151515151515
"PE_vs_NP","Met+Fun",303,0.956,0.991684848484849
"PE_vs_NP","Met+Fun",303,0.957,0.992218181818182
"PE_vs_NP","Met+Fun",303,0.958,0.992751515151515
"PE_vs_NP","Met+Fun",303,0.959,0.993284848484849
"PE_vs_NP","Met+Fun",303,0.96,0.993818181818182
"PE_vs_NP","Met+Fun",303,0.961,0.994351515151515
"PE_vs_NP","Met+Fun",303,0.962,0.994884848484848
"PE_vs_NP","Met+Fun",303,0.963,0.995418181818182
"PE_vs_NP","Met+Fun",303,0.964,0.995951515151515
"PE_vs_NP","Met+Fun",303,0.965,0.996484848484848
"PE_vs_NP","Met+Fun",303,0.966,0.997018181818182
"PE_vs_NP","Met+Fun",303,0.967,0.997551515151515
"PE_vs_NP","Met+Fun",303,0.968,0.998084848484848
"PE_vs_NP","Met+Fun",303,0.969,0.998618181818182
"PE_vs_NP","Met+Fun",303,0.97,0.999151515151515
"PE_vs_NP","Met+Fun",303,0.971,0.999684848484849
"PE_vs_NP","Met+Fun",303,0.972,1
"PE_vs_NP","Met+Fun",303,0.973,1
"PE_vs_NP","Met+Fun",303,0.974,1
"PE_vs_NP","Met+Fun",303,0.975,1
"PE_vs_NP","Met+Fun",303,0.976,1
"PE_vs_NP","Met+Fun",303,0.977,1
"PE_vs_NP","Met+Fun",303,0.978,1
"PE_vs_NP","Met+Fun",303,0.979,1
"PE_vs_NP","Met+Fun",303,0.98,1
"PE_vs_NP","Met+Fun",303,0.981,1
"PE_vs_NP","Met+Fun",303,0.982,1
"PE_vs_NP","Met+Fun",303,0.983,1
"PE_vs_NP","Met+Fun",303,0.984,1
"PE_vs_NP","Met+Fun",303,0.985,1
"PE_vs_NP","Met+Fun",303,0.986,1
"PE_vs_NP","Met+Fun",303,0.987,1
"PE_vs_NP","Met+Fun",303,0.988,1
"PE_vs_NP","Met+Fun",303,0.989,1
"PE_vs_NP","Met+Fun",303,0.99,1
"PE_vs_NP","Met+Fun",303,0.991,1
"PE_vs_NP","Met+Fun",303,0.992,1
"PE_vs_NP","Met+Fun",303,0.993,1
"PE_vs_NP","Met+Fun",303,0.994,1
"PE_vs_NP","Met+Fun",303,0.995,1
"PE_vs_NP","Met+Fun",303,0.996,1
"PE_vs_NP","Met+Fun",303,0.997,1
"PE_vs_NP","Met+Fun",303,0.998,1
"PE_vs_NP","Met+Fun",303,0.999,1
"PE_vs_NP","Met+Fun",303,1,1
"PE_vs_NP","Met+Bac",303,0,0
"PE_vs_NP","Met+Bac",303,0.001,0
"PE_vs_NP","Met+Bac",303,0.002,0
"PE_vs_NP","Met+Bac",303,0.003,0
"PE_vs_NP","Met+Bac",303,0.004,0
"PE_vs_NP","Met+Bac",303,0.005,0
"PE_vs_NP","Met+Bac",303,0.006,0
"PE_vs_NP","Met+Bac",303,0.007,0
"PE_vs_NP","Met+Bac",303,0.008,0
"PE_vs_NP","Met+Bac",303,0.009,0
"PE_vs_NP","Met+Bac",303,0.01,0
"PE_vs_NP","Met+Bac",303,0.011,0
"PE_vs_NP","Met+Bac",303,0.012,0
"PE_vs_NP","Met+Bac",303,0.013,0
"PE_vs_NP","Met+Bac",303,0.014,0
"PE_vs_NP","Met+Bac",303,0.015,0.0272727272727273
"PE_vs_NP","Met+Bac",303,0.016,0.0272727272727273
"PE_vs_NP","Met+Bac",303,0.017,0.0272727272727273
"PE_vs_NP","Met+Bac",303,0.018,0.0272727272727273
"PE_vs_NP","Met+Bac",303,0.019,0.0272727272727273
"PE_vs_NP","Met+Bac",303,0.02,0.0363636363636364
"PE_vs_NP","Met+Bac",303,0.021,0.0363636363636364
"PE_vs_NP","Met+Bac",303,0.022,0.0363636363636364
"PE_vs_NP","Met+Bac",303,0.023,0.0454545454545455
"PE_vs_NP","Met+Bac",303,0.024,0.0454545454545455
"PE_vs_NP","Met+Bac",303,0.025,0.0454545454545455
"PE_vs_NP","Met+Bac",303,0.026,0.0545454545454545
"PE_vs_NP","Met+Bac",303,0.027,0.0545454545454545
"PE_vs_NP","Met+Bac",303,0.028,0.0545454545454545
"PE_vs_NP","Met+Bac",303,0.029,0.0636363636363636
"PE_vs_NP","Met+Bac",303,0.03,0.0636363636363636
"PE_vs_NP","Met+Bac",303,0.031,0.0636363636363636
"PE_vs_NP","Met+Bac",303,0.032,0.0636363636363636
"PE_vs_NP","Met+Bac",303,0.033,0.0636363636363636
"PE_vs_NP","Met+Bac",303,0.034,0.0636363636363636
"PE_vs_NP","Met+Bac",303,0.035,0.0636363636363636
"PE_vs_NP","Met+Bac",303,0.036,0.0636363636363636
"PE_vs_NP","Met+Bac",303,0.037,0.0638545454545454
"PE_vs_NP","Met+Bac",303,0.038,0.0670545454545454
"PE_vs_NP","Met+Bac",303,0.039,0.0702545454545455
"PE_vs_NP","Met+Bac",303,0.04,0.0730909090909091
"PE_vs_NP","Met+Bac",303,0.041,0.0746909090909091
"PE_vs_NP","Met+Bac",303,0.042,0.0762909090909092
"PE_vs_NP","Met+Bac",303,0.043,0.105163636363636
"PE_vs_NP","Met+Bac",303,0.044,0.106763636363636
"PE_vs_NP","Met+Bac",303,0.045,0.108363636363636
"PE_vs_NP","Met+Bac",303,0.046,0.110836363636364
"PE_vs_NP","Met+Bac",303,0.047,0.114036363636364
"PE_vs_NP","Met+Bac",303,0.048,0.117236363636364
"PE_vs_NP","Met+Bac",303,0.049,0.122690909090909
"PE_vs_NP","Met+Bac",303,0.05,0.129090909090909
"PE_vs_NP","Met+Bac",303,0.051,0.135490909090909
"PE_vs_NP","Met+Bac",303,0.052,0.138436363636364
"PE_vs_NP","Met+Bac",303,0.053,0.140836363636364
"PE_vs_NP","Met+Bac",303,0.054,0.143236363636364
"PE_vs_NP","Met+Bac",303,0.055,0.145636363636364
"PE_vs_NP","Met+Bac",303,0.056,0.148036363636364
"PE_vs_NP","Met+Bac",303,0.057,0.168701298701299
"PE_vs_NP","Met+Bac",303,0.058,0.171558441558442
"PE_vs_NP","Met+Bac",303,0.059,0.174415584415585
"PE_vs_NP","Met+Bac",303,0.06,0.177272727272727
"PE_vs_NP","Met+Bac",303,0.061,0.18012987012987
"PE_vs_NP","Met+Bac",303,0.062,0.182987012987013
"PE_vs_NP","Met+Bac",303,0.063,0.184644155844156
"PE_vs_NP","Met+Bac",303,0.064,0.185101298701299
"PE_vs_NP","Met+Bac",303,0.065,0.185558441558442
"PE_vs_NP","Met+Bac",303,0.066,0.186015584415584
"PE_vs_NP","Met+Bac",303,0.067,0.186472727272727
"PE_vs_NP","Met+Bac",303,0.068,0.18692987012987
"PE_vs_NP","Met+Bac",303,0.069,0.209496103896103
"PE_vs_NP","Met+Bac",303,0.07,0.214753246753247
"PE_vs_NP","Met+Bac",303,0.071,0.220010389610389
"PE_vs_NP","Met+Bac",303,0.072,0.225267532467533
"PE_vs_NP","Met+Bac",303,0.073,0.230524675324675
"PE_vs_NP","Met+Bac",303,0.074,0.244327272727273
"PE_vs_NP","Met+Bac",303,0.075,0.245584415584416
"PE_vs_NP","Met+Bac",303,0.076,0.246841558441558
"PE_vs_NP","Met+Bac",303,0.077,0.249665454545454
"PE_vs_NP","Met+Bac",303,0.078,0.256225454545454
"PE_vs_NP","Met+Bac",303,0.079,0.262785454545454
"PE_vs_NP","Met+Bac",303,0.08,0.278436363636363
"PE_vs_NP","Met+Bac",303,0.081,0.284996363636363
"PE_vs_NP","Met+Bac",303,0.082,0.291556363636363
"PE_vs_NP","Met+Bac",303,0.083,0.296152727272727
"PE_vs_NP","Met+Bac",303,0.084,0.299512727272727
"PE_vs_NP","Met+Bac",303,0.085,0.302872727272727
"PE_vs_NP","Met+Bac",303,0.086,0.305614545454545
"PE_vs_NP","Met+Bac",303,0.087,0.308174545454545
"PE_vs_NP","Met+Bac",303,0.088,0.310734545454545
"PE_vs_NP","Met+Bac",303,0.089,0.313294545454545
"PE_vs_NP","Met+Bac",303,0.09,0.315854545454545
"PE_vs_NP","Met+Bac",303,0.091,0.318181818181818
"PE_vs_NP","Met+Bac",303,0.092,0.318181818181818
"PE_vs_NP","Met+Bac",303,0.093,0.318181818181818
"PE_vs_NP","Met+Bac",303,0.094,0.318181818181818
"PE_vs_NP","Met+Bac",303,0.095,0.318181818181818
"PE_vs_NP","Met+Bac",303,0.096,0.318181818181818
"PE_vs_NP","Met+Bac",303,0.097,0.327272727272727
"PE_vs_NP","Met+Bac",303,0.098,0.327272727272727
"PE_vs_NP","Met+Bac",303,0.099,0.327272727272727
"PE_vs_NP","Met+Bac",303,0.1,0.327272727272727
"PE_vs_NP","Met+Bac",303,0.101,0.327272727272727
"PE_vs_NP","Met+Bac",303,0.102,0.327272727272727
"PE_vs_NP","Met+Bac",303,0.103,0.327272727272727
"PE_vs_NP","Met+Bac",303,0.104,0.327272727272727
"PE_vs_NP","Met+Bac",303,0.105,0.327272727272727
"PE_vs_NP","Met+Bac",303,0.106,0.327272727272727
"PE_vs_NP","Met+Bac",303,0.107,0.327272727272727
"PE_vs_NP","Met+Bac",303,0.108,0.327272727272727
"PE_vs_NP","Met+Bac",303,0.109,0.327272727272727
"PE_vs_NP","Met+Bac",303,0.11,0.327272727272727
"PE_vs_NP","Met+Bac",303,0.111,0.3276
"PE_vs_NP","Met+Bac",303,0.112,0.3292
"PE_vs_NP","Met+Bac",303,0.113,0.3308
"PE_vs_NP","Met+Bac",303,0.114,0.3324
"PE_vs_NP","Met+Bac",303,0.115,0.334
"PE_vs_NP","Met+Bac",303,0.116,0.3356
"PE_vs_NP","Met+Bac",303,0.117,0.336363636363636
"PE_vs_NP","Met+Bac",303,0.118,0.336363636363636
"PE_vs_NP","Met+Bac",303,0.119,0.336363636363636
"PE_vs_NP","Met+Bac",303,0.12,0.336363636363636
"PE_vs_NP","Met+Bac",303,0.121,0.336363636363636
"PE_vs_NP","Met+Bac",303,0.122,0.336363636363636
"PE_vs_NP","Met+Bac",303,0.123,0.336363636363636
"PE_vs_NP","Met+Bac",303,0.124,0.336363636363636
"PE_vs_NP","Met+Bac",303,0.125,0.336363636363636
"PE_vs_NP","Met+Bac",303,0.126,0.336363636363636
"PE_vs_NP","Met+Bac",303,0.127,0.336363636363636
"PE_vs_NP","Met+Bac",303,0.128,0.336363636363636
"PE_vs_NP","Met+Bac",303,0.129,0.336363636363636
"PE_vs_NP","Met+Bac",303,0.13,0.336363636363636
"PE_vs_NP","Met+Bac",303,0.131,0.337042424242424
"PE_vs_NP","Met+Bac",303,0.132,0.339175757575758
"PE_vs_NP","Met+Bac",303,0.133,0.341309090909091
"PE_vs_NP","Met+Bac",303,0.134,0.343442424242424
"PE_vs_NP","Met+Bac",303,0.135,0.345575757575758
"PE_vs_NP","Met+Bac",303,0.136,0.347709090909091
"PE_vs_NP","Met+Bac",303,0.137,0.349842424242424
"PE_vs_NP","Met+Bac",303,0.138,0.351975757575758
"PE_vs_NP","Met+Bac",303,0.139,0.354109090909091
"PE_vs_NP","Met+Bac",303,0.14,0.354545454545455
"PE_vs_NP","Met+Bac",303,0.141,0.354545454545455
"PE_vs_NP","Met+Bac",303,0.142,0.354545454545455
"PE_vs_NP","Met+Bac",303,0.143,0.354545454545455
"PE_vs_NP","Met+Bac",303,0.144,0.354545454545455
"PE_vs_NP","Met+Bac",303,0.145,0.354545454545455
"PE_vs_NP","Met+Bac",303,0.146,0.354545454545455
"PE_vs_NP","Met+Bac",303,0.147,0.354545454545455
"PE_vs_NP","Met+Bac",303,0.148,0.354894545454546
"PE_vs_NP","Met+Bac",303,0.149,0.356174545454546
"PE_vs_NP","Met+Bac",303,0.15,0.357454545454546
"PE_vs_NP","Met+Bac",303,0.151,0.358734545454545
"PE_vs_NP","Met+Bac",303,0.152,0.360014545454545
"PE_vs_NP","Met+Bac",303,0.153,0.361294545454545
"PE_vs_NP","Met+Bac",303,0.154,0.36352
"PE_vs_NP","Met+Bac",303,0.155,0.3664
"PE_vs_NP","Met+Bac",303,0.156,0.36928
"PE_vs_NP","Met+Bac",303,0.157,0.37216
"PE_vs_NP","Met+Bac",303,0.158,0.37504
"PE_vs_NP","Met+Bac",303,0.159,0.37792
"PE_vs_NP","Met+Bac",303,0.16,0.379345454545455
"PE_vs_NP","Met+Bac",303,0.161,0.380625454545455
"PE_vs_NP","Met+Bac",303,0.162,0.381818181818182
"PE_vs_NP","Met+Bac",303,0.163,0.381818181818182
"PE_vs_NP","Met+Bac",303,0.164,0.381818181818182
"PE_vs_NP","Met+Bac",303,0.165,0.381818181818182
"PE_vs_NP","Met+Bac",303,0.166,0.381818181818182
"PE_vs_NP","Met+Bac",303,0.167,0.381818181818182
"PE_vs_NP","Met+Bac",303,0.168,0.381818181818182
"PE_vs_NP","Met+Bac",303,0.169,0.381818181818182
"PE_vs_NP","Met+Bac",303,0.17,0.381818181818182
"PE_vs_NP","Met+Bac",303,0.171,0.381818181818182
"PE_vs_NP","Met+Bac",303,0.172,0.381818181818182
"PE_vs_NP","Met+Bac",303,0.173,0.381818181818182
"PE_vs_NP","Met+Bac",303,0.174,0.39136
"PE_vs_NP","Met+Bac",303,0.175,0.392
"PE_vs_NP","Met+Bac",303,0.176,0.39264
"PE_vs_NP","Met+Bac",303,0.177,0.39328
"PE_vs_NP","Met+Bac",303,0.178,0.39392
"PE_vs_NP","Met+Bac",303,0.179,0.39456
"PE_vs_NP","Met+Bac",303,0.18,0.3952
"PE_vs_NP","Met+Bac",303,0.181,0.39584
"PE_vs_NP","Met+Bac",303,0.182,0.39648
"PE_vs_NP","Met+Bac",303,0.183,0.39712
"PE_vs_NP","Met+Bac",303,0.184,0.39776
"PE_vs_NP","Met+Bac",303,0.185,0.3984
"PE_vs_NP","Met+Bac",303,0.186,0.39904
"PE_vs_NP","Met+Bac",303,0.187,0.39968
"PE_vs_NP","Met+Bac",303,0.188,0.4
"PE_vs_NP","Met+Bac",303,0.189,0.4
"PE_vs_NP","Met+Bac",303,0.19,0.4
"PE_vs_NP","Met+Bac",303,0.191,0.4
"PE_vs_NP","Met+Bac",303,0.192,0.4
"PE_vs_NP","Met+Bac",303,0.193,0.4
"PE_vs_NP","Met+Bac",303,0.194,0.401309090909091
"PE_vs_NP","Met+Bac",303,0.195,0.402909090909091
"PE_vs_NP","Met+Bac",303,0.196,0.404509090909091
"PE_vs_NP","Met+Bac",303,0.197,0.406109090909091
"PE_vs_NP","Met+Bac",303,0.198,0.407709090909091
"PE_vs_NP","Met+Bac",303,0.199,0.4092
"PE_vs_NP","Met+Bac",303,0.2,0.41
"PE_vs_NP","Met+Bac",303,0.201,0.4108
"PE_vs_NP","Met+Bac",303,0.202,0.421006060606061
"PE_vs_NP","Met+Bac",303,0.203,0.422872727272727
"PE_vs_NP","Met+Bac",303,0.204,0.424739393939394
"PE_vs_NP","Met+Bac",303,0.205,0.426606060606061
"PE_vs_NP","Met+Bac",303,0.206,0.428472727272727
"PE_vs_NP","Met+Bac",303,0.207,0.430339393939394
"PE_vs_NP","Met+Bac",303,0.208,0.433187878787879
"PE_vs_NP","Met+Bac",303,0.209,0.436654545454545
"PE_vs_NP","Met+Bac",303,0.21,0.440121212121212
"PE_vs_NP","Met+Bac",303,0.211,0.44264
"PE_vs_NP","Met+Bac",303,0.212,0.44488
"PE_vs_NP","Met+Bac",303,0.213,0.44712
"PE_vs_NP","Met+Bac",303,0.214,0.447869090909091
"PE_vs_NP","Met+Bac",303,0.215,0.448509090909091
"PE_vs_NP","Met+Bac",303,0.216,0.449171468531468
"PE_vs_NP","Met+Bac",303,0.217,0.450057622377622
"PE_vs_NP","Met+Bac",303,0.218,0.450943776223776
"PE_vs_NP","Met+Bac",303,0.219,0.45182993006993
"PE_vs_NP","Met+Bac",303,0.22,0.452716083916084
"PE_vs_NP","Met+Bac",303,0.221,0.453602237762238
"PE_vs_NP","Met+Bac",303,0.222,0.454488391608392
"PE_vs_NP","Met+Bac",303,0.223,0.455374545454545
"PE_vs_NP","Met+Bac",303,0.224,0.456260699300699
"PE_vs_NP","Met+Bac",303,0.225,0.458601398601398
"PE_vs_NP","Met+Bac",303,0.226,0.462047552447552
"PE_vs_NP","Met+Bac",303,0.227,0.465493706293706
"PE_vs_NP","Met+Bac",303,0.228,0.46893986013986
"PE_vs_NP","Met+Bac",303,0.229,0.472386013986014
"PE_vs_NP","Met+Bac",303,0.23,0.475832167832168
"PE_vs_NP","Met+Bac",303,0.231,0.486478321678322
"PE_vs_NP","Met+Bac",303,0.232,0.487791142191142
"PE_vs_NP","Met+Bac",303,0.233,0.48917668997669
"PE_vs_NP","Met+Bac",303,0.234,0.49208951048951
"PE_vs_NP","Met+Bac",303,0.235,0.495002331002331
"PE_vs_NP","Met+Bac",303,0.236,0.497915151515151
"PE_vs_NP","Met+Bac",303,0.237,0.500827972027972
"PE_vs_NP","Met+Bac",303,0.238,0.503740792540793
"PE_vs_NP","Met+Bac",303,0.239,0.505683916083916
"PE_vs_NP","Met+Bac",303,0.24,0.50593006993007
"PE_vs_NP","Met+Bac",303,0.241,0.506176223776224
"PE_vs_NP","Met+Bac",303,0.242,0.506422377622378
"PE_vs_NP","Met+Bac",303,0.243,0.506668531468531
"PE_vs_NP","Met+Bac",303,0.244,0.506914685314685
"PE_vs_NP","Met+Bac",303,0.245,0.507160839160839
"PE_vs_NP","Met+Bac",303,0.246,0.507406993006993
"PE_vs_NP","Met+Bac",303,0.247,0.507653146853147
"PE_vs_NP","Met+Bac",303,0.248,0.508283716283716
"PE_vs_NP","Met+Bac",303,0.249,0.508987012987013
"PE_vs_NP","Met+Bac",303,0.25,0.518781218781219
"PE_vs_NP","Met+Bac",303,0.251,0.522684515484515
"PE_vs_NP","Met+Bac",303,0.252,0.526587812187812
"PE_vs_NP","Met+Bac",303,0.253,0.53007012987013
"PE_vs_NP","Met+Bac",303,0.254,0.531327272727273
"PE_vs_NP","Met+Bac",303,0.255,0.532584415584416
"PE_vs_NP","Met+Bac",303,0.256,0.533841558441558
"PE_vs_NP","Met+Bac",303,0.257,0.535098701298701
"PE_vs_NP","Met+Bac",303,0.258,0.536355844155844
"PE_vs_NP","Met+Bac",303,0.259,0.538223896103896
"PE_vs_NP","Met+Bac",303,0.26,0.540761038961039
"PE_vs_NP","Met+Bac",303,0.261,0.543298181818182
"PE_vs_NP","Met+Bac",303,0.262,0.546514112554113
"PE_vs_NP","Met+Bac",303,0.263,0.550117922077922
"PE_vs_NP","Met+Bac",303,0.264,0.553721731601732
"PE_vs_NP","Met+Bac",303,0.265,0.556689177489177
"PE_vs_NP","Met+Bac",303,0.266,0.559492987012987
"PE_vs_NP","Met+Bac",303,0.267,0.562296796536797
"PE_vs_NP","Met+Bac",303,0.268,0.565682424242424
"PE_vs_NP","Met+Bac",303,0.269,0.569095757575758
"PE_vs_NP","Met+Bac",303,0.27,0.572387878787879
"PE_vs_NP","Met+Bac",303,0.271,0.574734545454545
"PE_vs_NP","Met+Bac",303,0.272,0.577081212121212
"PE_vs_NP","Met+Bac",303,0.273,0.579078787878788
"PE_vs_NP","Met+Bac",303,0.274,0.580145454545455
"PE_vs_NP","Met+Bac",303,0.275,0.581212121212121
"PE_vs_NP","Met+Bac",303,0.276,0.582163636363636
"PE_vs_NP","Met+Bac",303,0.277,0.582963636363636
"PE_vs_NP","Met+Bac",303,0.278,0.583763636363636
"PE_vs_NP","Met+Bac",303,0.279,0.584563636363636
"PE_vs_NP","Met+Bac",303,0.28,0.585363636363636
"PE_vs_NP","Met+Bac",303,0.281,0.586163636363636
"PE_vs_NP","Met+Bac",303,0.282,0.589363636363637
"PE_vs_NP","Met+Bac",303,0.283,0.593363636363637
"PE_vs_NP","Met+Bac",303,0.284,0.597363636363637
"PE_vs_NP","Met+Bac",303,0.285,0.59887012987013
"PE_vs_NP","Met+Bac",303,0.286,0.600127272727273
"PE_vs_NP","Met+Bac",303,0.287,0.610493506493507
"PE_vs_NP","Met+Bac",303,0.288,0.612017316017316
"PE_vs_NP","Met+Bac",303,0.289,0.613541125541125
"PE_vs_NP","Met+Bac",303,0.29,0.615064935064935
"PE_vs_NP","Met+Bac",303,0.291,0.616588744588744
"PE_vs_NP","Met+Bac",303,0.292,0.618112554112554
"PE_vs_NP","Met+Bac",303,0.293,0.619636363636364
"PE_vs_NP","Met+Bac",303,0.294,0.621160173160173
"PE_vs_NP","Met+Bac",303,0.295,0.622683982683983
"PE_vs_NP","Met+Bac",303,0.296,0.623625974025974
"PE_vs_NP","Met+Bac",303,0.297,0.624083116883117
"PE_vs_NP","Met+Bac",303,0.298,0.62454025974026
"PE_vs_NP","Met+Bac",303,0.299,0.624997402597403
"PE_vs_NP","Met+Bac",303,0.3,0.625454545454545
"PE_vs_NP","Met+Bac",303,0.301,0.625911688311688
"PE_vs_NP","Met+Bac",303,0.302,0.62775064935065
"PE_vs_NP","Met+Bac",303,0.303,0.629807792207792
"PE_vs_NP","Met+Bac",303,0.304,0.631854545454546
"PE_vs_NP","Met+Bac",303,0.305,0.633454545454545
"PE_vs_NP","Met+Bac",303,0.306,0.635054545454546
"PE_vs_NP","Met+Bac",303,0.307,0.636363636363636
"PE_vs_NP","Met+Bac",303,0.308,0.636363636363636
"PE_vs_NP","Met+Bac",303,0.309,0.636363636363636
"PE_vs_NP","Met+Bac",303,0.31,0.636363636363636
"PE_vs_NP","Met+Bac",303,0.311,0.636363636363636
"PE_vs_NP","Met+Bac",303,0.312,0.636363636363636
"PE_vs_NP","Met+Bac",303,0.313,0.636363636363636
"PE_vs_NP","Met+Bac",303,0.314,0.636363636363636
"PE_vs_NP","Met+Bac",303,0.315,0.636363636363636
"PE_vs_NP","Met+Bac",303,0.316,0.636363636363636
"PE_vs_NP","Met+Bac",303,0.317,0.636363636363636
"PE_vs_NP","Met+Bac",303,0.318,0.636363636363636
"PE_vs_NP","Met+Bac",303,0.319,0.636363636363636
"PE_vs_NP","Met+Bac",303,0.32,0.636363636363636
"PE_vs_NP","Met+Bac",303,0.321,0.636363636363636
"PE_vs_NP","Met+Bac",303,0.322,0.636363636363636
"PE_vs_NP","Met+Bac",303,0.323,0.636363636363636
"PE_vs_NP","Met+Bac",303,0.324,0.636363636363636
"PE_vs_NP","Met+Bac",303,0.325,0.636363636363636
"PE_vs_NP","Met+Bac",303,0.326,0.636363636363636
"PE_vs_NP","Met+Bac",303,0.327,0.636363636363636
"PE_vs_NP","Met+Bac",303,0.328,0.636363636363636
"PE_vs_NP","Met+Bac",303,0.329,0.636363636363636
"PE_vs_NP","Met+Bac",303,0.33,0.636363636363636
"PE_vs_NP","Met+Bac",303,0.331,0.636363636363636
"PE_vs_NP","Met+Bac",303,0.332,0.636363636363636
"PE_vs_NP","Met+Bac",303,0.333,0.636363636363636
"PE_vs_NP","Met+Bac",303,0.334,0.636363636363636
"PE_vs_NP","Met+Bac",303,0.335,0.636363636363636
"PE_vs_NP","Met+Bac",303,0.336,0.636363636363636
"PE_vs_NP","Met+Bac",303,0.337,0.636363636363636
"PE_vs_NP","Met+Bac",303,0.338,0.636363636363636
"PE_vs_NP","Met+Bac",303,0.339,0.636363636363636
"PE_vs_NP","Met+Bac",303,0.34,0.636363636363636
"PE_vs_NP","Met+Bac",303,0.341,0.636363636363636
"PE_vs_NP","Met+Bac",303,0.342,0.636363636363636
"PE_vs_NP","Met+Bac",303,0.343,0.636363636363636
"PE_vs_NP","Met+Bac",303,0.344,0.636363636363636
"PE_vs_NP","Met+Bac",303,0.345,0.636363636363636
"PE_vs_NP","Met+Bac",303,0.346,0.636363636363636
"PE_vs_NP","Met+Bac",303,0.347,0.636363636363636
"PE_vs_NP","Met+Bac",303,0.348,0.636363636363636
"PE_vs_NP","Met+Bac",303,0.349,0.636363636363636
"PE_vs_NP","Met+Bac",303,0.35,0.636363636363636
"PE_vs_NP","Met+Bac",303,0.351,0.636363636363636
"PE_vs_NP","Met+Bac",303,0.352,0.636363636363636
"PE_vs_NP","Met+Bac",303,0.353,0.636363636363636
"PE_vs_NP","Met+Bac",303,0.354,0.636363636363636
"PE_vs_NP","Met+Bac",303,0.355,0.636363636363636
"PE_vs_NP","Met+Bac",303,0.356,0.636363636363636
"PE_vs_NP","Met+Bac",303,0.357,0.636363636363636
"PE_vs_NP","Met+Bac",303,0.358,0.636363636363636
"PE_vs_NP","Met+Bac",303,0.359,0.636363636363636
"PE_vs_NP","Met+Bac",303,0.36,0.636363636363636
"PE_vs_NP","Met+Bac",303,0.361,0.636363636363636
"PE_vs_NP","Met+Bac",303,0.362,0.636363636363636
"PE_vs_NP","Met+Bac",303,0.363,0.636363636363636
"PE_vs_NP","Met+Bac",303,0.364,0.636363636363636
"PE_vs_NP","Met+Bac",303,0.365,0.636363636363636
"PE_vs_NP","Met+Bac",303,0.366,0.636363636363636
"PE_vs_NP","Met+Bac",303,0.367,0.636363636363636
"PE_vs_NP","Met+Bac",303,0.368,0.636363636363636
"PE_vs_NP","Met+Bac",303,0.369,0.636363636363636
"PE_vs_NP","Met+Bac",303,0.37,0.636363636363636
"PE_vs_NP","Met+Bac",303,0.371,0.636363636363636
"PE_vs_NP","Met+Bac",303,0.372,0.636363636363636
"PE_vs_NP","Met+Bac",303,0.373,0.636363636363636
"PE_vs_NP","Met+Bac",303,0.374,0.636363636363636
"PE_vs_NP","Met+Bac",303,0.375,0.636363636363636
"PE_vs_NP","Met+Bac",303,0.376,0.636363636363636
"PE_vs_NP","Met+Bac",303,0.377,0.636363636363636
"PE_vs_NP","Met+Bac",303,0.378,0.636363636363636
"PE_vs_NP","Met+Bac",303,0.379,0.636363636363636
"PE_vs_NP","Met+Bac",303,0.38,0.636363636363636
"PE_vs_NP","Met+Bac",303,0.381,0.636363636363636
"PE_vs_NP","Met+Bac",303,0.382,0.636363636363636
"PE_vs_NP","Met+Bac",303,0.383,0.636363636363636
"PE_vs_NP","Met+Bac",303,0.384,0.636363636363636
"PE_vs_NP","Met+Bac",303,0.385,0.636363636363636
"PE_vs_NP","Met+Bac",303,0.386,0.636363636363636
"PE_vs_NP","Met+Bac",303,0.387,0.636363636363636
"PE_vs_NP","Met+Bac",303,0.388,0.636363636363636
"PE_vs_NP","Met+Bac",303,0.389,0.636363636363636
"PE_vs_NP","Met+Bac",303,0.39,0.636363636363636
"PE_vs_NP","Met+Bac",303,0.391,0.636363636363636
"PE_vs_NP","Met+Bac",303,0.392,0.636363636363636
"PE_vs_NP","Met+Bac",303,0.393,0.636363636363636
"PE_vs_NP","Met+Bac",303,0.394,0.636363636363636
"PE_vs_NP","Met+Bac",303,0.395,0.636363636363636
"PE_vs_NP","Met+Bac",303,0.396,0.636363636363636
"PE_vs_NP","Met+Bac",303,0.397,0.636363636363636
"PE_vs_NP","Met+Bac",303,0.398,0.636363636363636
"PE_vs_NP","Met+Bac",303,0.399,0.636363636363636
"PE_vs_NP","Met+Bac",303,0.4,0.636363636363636
"PE_vs_NP","Met+Bac",303,0.401,0.636363636363636
"PE_vs_NP","Met+Bac",303,0.402,0.636363636363636
"PE_vs_NP","Met+Bac",303,0.403,0.636363636363636
"PE_vs_NP","Met+Bac",303,0.404,0.636363636363636
"PE_vs_NP","Met+Bac",303,0.405,0.636363636363636
"PE_vs_NP","Met+Bac",303,0.406,0.636363636363636
"PE_vs_NP","Met+Bac",303,0.407,0.636363636363636
"PE_vs_NP","Met+Bac",303,0.408,0.636363636363636
"PE_vs_NP","Met+Bac",303,0.409,0.636363636363636
"PE_vs_NP","Met+Bac",303,0.41,0.636363636363636
"PE_vs_NP","Met+Bac",303,0.411,0.636363636363636
"PE_vs_NP","Met+Bac",303,0.412,0.636363636363636
"PE_vs_NP","Met+Bac",303,0.413,0.636363636363636
"PE_vs_NP","Met+Bac",303,0.414,0.636363636363636
"PE_vs_NP","Met+Bac",303,0.415,0.636363636363636
"PE_vs_NP","Met+Bac",303,0.416,0.636363636363636
"PE_vs_NP","Met+Bac",303,0.417,0.636363636363636
"PE_vs_NP","Met+Bac",303,0.418,0.636363636363636
"PE_vs_NP","Met+Bac",303,0.419,0.636363636363636
"PE_vs_NP","Met+Bac",303,0.42,0.636363636363636
"PE_vs_NP","Met+Bac",303,0.421,0.636363636363636
"PE_vs_NP","Met+Bac",303,0.422,0.636363636363636
"PE_vs_NP","Met+Bac",303,0.423,0.636363636363636
"PE_vs_NP","Met+Bac",303,0.424,0.636363636363636
"PE_vs_NP","Met+Bac",303,0.425,0.636363636363636
"PE_vs_NP","Met+Bac",303,0.426,0.636363636363636
"PE_vs_NP","Met+Bac",303,0.427,0.636363636363636
"PE_vs_NP","Met+Bac",303,0.428,0.636363636363636
"PE_vs_NP","Met+Bac",303,0.429,0.636363636363636
"PE_vs_NP","Met+Bac",303,0.43,0.636363636363636
"PE_vs_NP","Met+Bac",303,0.431,0.636363636363636
"PE_vs_NP","Met+Bac",303,0.432,0.636363636363636
"PE_vs_NP","Met+Bac",303,0.433,0.636363636363636
"PE_vs_NP","Met+Bac",303,0.434,0.636363636363636
"PE_vs_NP","Met+Bac",303,0.435,0.636363636363636
"PE_vs_NP","Met+Bac",303,0.436,0.636363636363636
"PE_vs_NP","Met+Bac",303,0.437,0.636363636363636
"PE_vs_NP","Met+Bac",303,0.438,0.636363636363636
"PE_vs_NP","Met+Bac",303,0.439,0.636363636363636
"PE_vs_NP","Met+Bac",303,0.44,0.636363636363636
"PE_vs_NP","Met+Bac",303,0.441,0.636363636363636
"PE_vs_NP","Met+Bac",303,0.442,0.636363636363636
"PE_vs_NP","Met+Bac",303,0.443,0.636363636363636
"PE_vs_NP","Met+Bac",303,0.444,0.636363636363636
"PE_vs_NP","Met+Bac",303,0.445,0.636363636363636
"PE_vs_NP","Met+Bac",303,0.446,0.636363636363636
"PE_vs_NP","Met+Bac",303,0.447,0.636363636363636
"PE_vs_NP","Met+Bac",303,0.448,0.636363636363636
"PE_vs_NP","Met+Bac",303,0.449,0.636363636363636
"PE_vs_NP","Met+Bac",303,0.45,0.636363636363636
"PE_vs_NP","Met+Bac",303,0.451,0.636363636363636
"PE_vs_NP","Met+Bac",303,0.452,0.636363636363636
"PE_vs_NP","Met+Bac",303,0.453,0.636363636363636
"PE_vs_NP","Met+Bac",303,0.454,0.636363636363636
"PE_vs_NP","Met+Bac",303,0.455,0.636363636363636
"PE_vs_NP","Met+Bac",303,0.456,0.636363636363636
"PE_vs_NP","Met+Bac",303,0.457,0.636363636363636
"PE_vs_NP","Met+Bac",303,0.458,0.636363636363636
"PE_vs_NP","Met+Bac",303,0.459,0.636363636363636
"PE_vs_NP","Met+Bac",303,0.46,0.636363636363636
"PE_vs_NP","Met+Bac",303,0.461,0.636363636363636
"PE_vs_NP","Met+Bac",303,0.462,0.636363636363636
"PE_vs_NP","Met+Bac",303,0.463,0.636363636363636
"PE_vs_NP","Met+Bac",303,0.464,0.636363636363636
"PE_vs_NP","Met+Bac",303,0.465,0.636363636363636
"PE_vs_NP","Met+Bac",303,0.466,0.636363636363636
"PE_vs_NP","Met+Bac",303,0.467,0.636363636363636
"PE_vs_NP","Met+Bac",303,0.468,0.636363636363636
"PE_vs_NP","Met+Bac",303,0.469,0.636363636363636
"PE_vs_NP","Met+Bac",303,0.47,0.636363636363636
"PE_vs_NP","Met+Bac",303,0.471,0.636363636363636
"PE_vs_NP","Met+Bac",303,0.472,0.636363636363636
"PE_vs_NP","Met+Bac",303,0.473,0.636363636363636
"PE_vs_NP","Met+Bac",303,0.474,0.636363636363636
"PE_vs_NP","Met+Bac",303,0.475,0.636363636363636
"PE_vs_NP","Met+Bac",303,0.476,0.636363636363636
"PE_vs_NP","Met+Bac",303,0.477,0.636363636363636
"PE_vs_NP","Met+Bac",303,0.478,0.636363636363636
"PE_vs_NP","Met+Bac",303,0.479,0.636363636363636
"PE_vs_NP","Met+Bac",303,0.48,0.636363636363636
"PE_vs_NP","Met+Bac",303,0.481,0.636363636363636
"PE_vs_NP","Met+Bac",303,0.482,0.636363636363636
"PE_vs_NP","Met+Bac",303,0.483,0.636436363636364
"PE_vs_NP","Met+Bac",303,0.484,0.638036363636364
"PE_vs_NP","Met+Bac",303,0.485,0.639636363636364
"PE_vs_NP","Met+Bac",303,0.486,0.641236363636364
"PE_vs_NP","Met+Bac",303,0.487,0.642836363636364
"PE_vs_NP","Met+Bac",303,0.488,0.644436363636364
"PE_vs_NP","Met+Bac",303,0.489,0.645454545454545
"PE_vs_NP","Met+Bac",303,0.49,0.645454545454545
"PE_vs_NP","Met+Bac",303,0.491,0.645454545454545
"PE_vs_NP","Met+Bac",303,0.492,0.645454545454545
"PE_vs_NP","Met+Bac",303,0.493,0.645454545454545
"PE_vs_NP","Met+Bac",303,0.494,0.645454545454545
"PE_vs_NP","Met+Bac",303,0.495,0.645454545454545
"PE_vs_NP","Met+Bac",303,0.496,0.645454545454545
"PE_vs_NP","Met+Bac",303,0.497,0.645454545454545
"PE_vs_NP","Met+Bac",303,0.498,0.645454545454545
"PE_vs_NP","Met+Bac",303,0.499,0.645454545454545
"PE_vs_NP","Met+Bac",303,0.5,0.645454545454545
"PE_vs_NP","Met+Bac",303,0.501,0.645454545454545
"PE_vs_NP","Met+Bac",303,0.502,0.645454545454545
"PE_vs_NP","Met+Bac",303,0.503,0.645454545454545
"PE_vs_NP","Met+Bac",303,0.504,0.645454545454545
"PE_vs_NP","Met+Bac",303,0.505,0.645454545454545
"PE_vs_NP","Met+Bac",303,0.506,0.645454545454545
"PE_vs_NP","Met+Bac",303,0.507,0.645454545454545
"PE_vs_NP","Met+Bac",303,0.508,0.645454545454545
"PE_vs_NP","Met+Bac",303,0.509,0.645454545454545
"PE_vs_NP","Met+Bac",303,0.51,0.645454545454545
"PE_vs_NP","Met+Bac",303,0.511,0.645454545454545
"PE_vs_NP","Met+Bac",303,0.512,0.646472727272727
"PE_vs_NP","Met+Bac",303,0.513,0.648072727272727
"PE_vs_NP","Met+Bac",303,0.514,0.649672727272727
"PE_vs_NP","Met+Bac",303,0.515,0.651272727272727
"PE_vs_NP","Met+Bac",303,0.516,0.652872727272727
"PE_vs_NP","Met+Bac",303,0.517,0.654472727272727
"PE_vs_NP","Met+Bac",303,0.518,0.654545454545455
"PE_vs_NP","Met+Bac",303,0.519,0.654545454545455
"PE_vs_NP","Met+Bac",303,0.52,0.654545454545455
"PE_vs_NP","Met+Bac",303,0.521,0.654545454545455
"PE_vs_NP","Met+Bac",303,0.522,0.654545454545455
"PE_vs_NP","Met+Bac",303,0.523,0.664509090909091
"PE_vs_NP","Met+Bac",303,0.524,0.667709090909091
"PE_vs_NP","Met+Bac",303,0.525,0.670909090909091
"PE_vs_NP","Met+Bac",303,0.526,0.690909090909091
"PE_vs_NP","Met+Bac",303,0.527,0.690909090909091
"PE_vs_NP","Met+Bac",303,0.528,0.690909090909091
"PE_vs_NP","Met+Bac",303,0.529,0.690909090909091
"PE_vs_NP","Met+Bac",303,0.53,0.690909090909091
"PE_vs_NP","Met+Bac",303,0.531,0.690909090909091
"PE_vs_NP","Met+Bac",303,0.532,0.7008
"PE_vs_NP","Met+Bac",303,0.533,0.701866666666667
"PE_vs_NP","Met+Bac",303,0.534,0.702933333333333
"PE_vs_NP","Met+Bac",303,0.535,0.704
"PE_vs_NP","Met+Bac",303,0.536,0.705066666666667
"PE_vs_NP","Met+Bac",303,0.537,0.706133333333333
"PE_vs_NP","Met+Bac",303,0.538,0.7072
"PE_vs_NP","Met+Bac",303,0.539,0.708266666666667
"PE_vs_NP","Met+Bac",303,0.54,0.709090909090909
"PE_vs_NP","Met+Bac",303,0.541,0.709090909090909
"PE_vs_NP","Met+Bac",303,0.542,0.709090909090909
"PE_vs_NP","Met+Bac",303,0.543,0.709090909090909
"PE_vs_NP","Met+Bac",303,0.544,0.709090909090909
"PE_vs_NP","Met+Bac",303,0.545,0.709090909090909
"PE_vs_NP","Met+Bac",303,0.546,0.709090909090909
"PE_vs_NP","Met+Bac",303,0.547,0.709090909090909
"PE_vs_NP","Met+Bac",303,0.548,0.709090909090909
"PE_vs_NP","Met+Bac",303,0.549,0.710218181818182
"PE_vs_NP","Met+Bac",303,0.55,0.711818181818182
"PE_vs_NP","Met+Bac",303,0.551,0.713418181818182
"PE_vs_NP","Met+Bac",303,0.552,0.715018181818182
"PE_vs_NP","Met+Bac",303,0.553,0.716618181818182
"PE_vs_NP","Met+Bac",303,0.554,0.718181818181818
"PE_vs_NP","Met+Bac",303,0.555,0.718181818181818
"PE_vs_NP","Met+Bac",303,0.556,0.718181818181818
"PE_vs_NP","Met+Bac",303,0.557,0.727272727272727
"PE_vs_NP","Met+Bac",303,0.558,0.727272727272727
"PE_vs_NP","Met+Bac",303,0.559,0.727272727272727
"PE_vs_NP","Met+Bac",303,0.56,0.727272727272727
"PE_vs_NP","Met+Bac",303,0.561,0.727272727272727
"PE_vs_NP","Met+Bac",303,0.562,0.727272727272727
"PE_vs_NP","Met+Bac",303,0.563,0.727272727272727
"PE_vs_NP","Met+Bac",303,0.564,0.727272727272727
"PE_vs_NP","Met+Bac",303,0.565,0.727272727272727
"PE_vs_NP","Met+Bac",303,0.566,0.736363636363636
"PE_vs_NP","Met+Bac",303,0.567,0.736363636363636
"PE_vs_NP","Met+Bac",303,0.568,0.736363636363636
"PE_vs_NP","Met+Bac",303,0.569,0.757163636363637
"PE_vs_NP","Met+Bac",303,0.57,0.760363636363636
"PE_vs_NP","Met+Bac",303,0.571,0.763563636363636
"PE_vs_NP","Met+Bac",303,0.572,0.763636363636364
"PE_vs_NP","Met+Bac",303,0.573,0.763636363636364
"PE_vs_NP","Met+Bac",303,0.574,0.763636363636364
"PE_vs_NP","Met+Bac",303,0.575,0.763636363636364
"PE_vs_NP","Met+Bac",303,0.576,0.763636363636364
"PE_vs_NP","Met+Bac",303,0.577,0.763636363636364
"PE_vs_NP","Met+Bac",303,0.578,0.763636363636364
"PE_vs_NP","Met+Bac",303,0.579,0.763636363636364
"PE_vs_NP","Met+Bac",303,0.58,0.763636363636364
"PE_vs_NP","Met+Bac",303,0.581,0.763636363636364
"PE_vs_NP","Met+Bac",303,0.582,0.763636363636364
"PE_vs_NP","Met+Bac",303,0.583,0.763636363636364
"PE_vs_NP","Met+Bac",303,0.584,0.763636363636364
"PE_vs_NP","Met+Bac",303,0.585,0.763636363636364
"PE_vs_NP","Met+Bac",303,0.586,0.763636363636364
"PE_vs_NP","Met+Bac",303,0.587,0.763636363636364
"PE_vs_NP","Met+Bac",303,0.588,0.763636363636364
"PE_vs_NP","Met+Bac",303,0.589,0.763636363636364
"PE_vs_NP","Met+Bac",303,0.59,0.763636363636364
"PE_vs_NP","Met+Bac",303,0.591,0.763636363636364
"PE_vs_NP","Met+Bac",303,0.592,0.763636363636364
"PE_vs_NP","Met+Bac",303,0.593,0.763636363636364
"PE_vs_NP","Met+Bac",303,0.594,0.763636363636364
"PE_vs_NP","Met+Bac",303,0.595,0.763636363636364
"PE_vs_NP","Met+Bac",303,0.596,0.763636363636364
"PE_vs_NP","Met+Bac",303,0.597,0.763636363636364
"PE_vs_NP","Met+Bac",303,0.598,0.763636363636364
"PE_vs_NP","Met+Bac",303,0.599,0.763636363636364
"PE_vs_NP","Met+Bac",303,0.6,0.763636363636364
"PE_vs_NP","Met+Bac",303,0.601,0.763636363636364
"PE_vs_NP","Met+Bac",303,0.602,0.763636363636364
"PE_vs_NP","Met+Bac",303,0.603,0.763636363636364
"PE_vs_NP","Met+Bac",303,0.604,0.763636363636364
"PE_vs_NP","Met+Bac",303,0.605,0.763636363636364
"PE_vs_NP","Met+Bac",303,0.606,0.763636363636364
"PE_vs_NP","Met+Bac",303,0.607,0.763636363636364
"PE_vs_NP","Met+Bac",303,0.608,0.763636363636364
"PE_vs_NP","Met+Bac",303,0.609,0.763636363636364
"PE_vs_NP","Met+Bac",303,0.61,0.763636363636364
"PE_vs_NP","Met+Bac",303,0.611,0.763636363636364
"PE_vs_NP","Met+Bac",303,0.612,0.763636363636364
"PE_vs_NP","Met+Bac",303,0.613,0.763636363636364
"PE_vs_NP","Met+Bac",303,0.614,0.763869090909091
"PE_vs_NP","Met+Bac",303,0.615,0.764509090909091
"PE_vs_NP","Met+Bac",303,0.616,0.765149090909091
"PE_vs_NP","Met+Bac",303,0.617,0.765789090909091
"PE_vs_NP","Met+Bac",303,0.618,0.766429090909091
"PE_vs_NP","Met+Bac",303,0.619,0.767069090909091
"PE_vs_NP","Met+Bac",303,0.62,0.767709090909091
"PE_vs_NP","Met+Bac",303,0.621,0.768349090909091
"PE_vs_NP","Met+Bac",303,0.622,0.768989090909091
"PE_vs_NP","Met+Bac",303,0.623,0.769629090909091
"PE_vs_NP","Met+Bac",303,0.624,0.770269090909091
"PE_vs_NP","Met+Bac",303,0.625,0.770909090909091
"PE_vs_NP","Met+Bac",303,0.626,0.771549090909091
"PE_vs_NP","Met+Bac",303,0.627,0.772189090909091
"PE_vs_NP","Met+Bac",303,0.628,0.772727272727273
"PE_vs_NP","Met+Bac",303,0.629,0.772727272727273
"PE_vs_NP","Met+Bac",303,0.63,0.772727272727273
"PE_vs_NP","Met+Bac",303,0.631,0.772727272727273
"PE_vs_NP","Met+Bac",303,0.632,0.772727272727273
"PE_vs_NP","Met+Bac",303,0.633,0.772727272727273
"PE_vs_NP","Met+Bac",303,0.634,0.772727272727273
"PE_vs_NP","Met+Bac",303,0.635,0.772727272727273
"PE_vs_NP","Met+Bac",303,0.636,0.772727272727273
"PE_vs_NP","Met+Bac",303,0.637,0.772727272727273
"PE_vs_NP","Met+Bac",303,0.638,0.772727272727273
"PE_vs_NP","Met+Bac",303,0.639,0.772727272727273
"PE_vs_NP","Met+Bac",303,0.64,0.772727272727273
"PE_vs_NP","Met+Bac",303,0.641,0.772727272727273
"PE_vs_NP","Met+Bac",303,0.642,0.772727272727273
"PE_vs_NP","Met+Bac",303,0.643,0.772727272727273
"PE_vs_NP","Met+Bac",303,0.644,0.772727272727273
"PE_vs_NP","Met+Bac",303,0.645,0.772727272727273
"PE_vs_NP","Met+Bac",303,0.646,0.772727272727273
"PE_vs_NP","Met+Bac",303,0.647,0.772727272727273
"PE_vs_NP","Met+Bac",303,0.648,0.781818181818182
"PE_vs_NP","Met+Bac",303,0.649,0.781818181818182
"PE_vs_NP","Met+Bac",303,0.65,0.781818181818182
"PE_vs_NP","Met+Bac",303,0.651,0.8
"PE_vs_NP","Met+Bac",303,0.652,0.8
"PE_vs_NP","Met+Bac",303,0.653,0.8
"PE_vs_NP","Met+Bac",303,0.654,0.8
"PE_vs_NP","Met+Bac",303,0.655,0.8
"PE_vs_NP","Met+Bac",303,0.656,0.8
"PE_vs_NP","Met+Bac",303,0.657,0.8024
"PE_vs_NP","Met+Bac",303,0.658,0.8056
"PE_vs_NP","Met+Bac",303,0.659,0.8088
"PE_vs_NP","Met+Bac",303,0.66,0.818181818181818
"PE_vs_NP","Met+Bac",303,0.661,0.818181818181818
"PE_vs_NP","Met+Bac",303,0.662,0.818181818181818
"PE_vs_NP","Met+Bac",303,0.663,0.818181818181818
"PE_vs_NP","Met+Bac",303,0.664,0.818181818181818
"PE_vs_NP","Met+Bac",303,0.665,0.818181818181818
"PE_vs_NP","Met+Bac",303,0.666,0.818181818181818
"PE_vs_NP","Met+Bac",303,0.667,0.818181818181818
"PE_vs_NP","Met+Bac",303,0.668,0.818181818181818
"PE_vs_NP","Met+Bac",303,0.669,0.818181818181818
"PE_vs_NP","Met+Bac",303,0.67,0.818181818181818
"PE_vs_NP","Met+Bac",303,0.671,0.818181818181818
"PE_vs_NP","Met+Bac",303,0.672,0.818181818181818
"PE_vs_NP","Met+Bac",303,0.673,0.818181818181818
"PE_vs_NP","Met+Bac",303,0.674,0.818181818181818
"PE_vs_NP","Met+Bac",303,0.675,0.818181818181818
"PE_vs_NP","Met+Bac",303,0.676,0.818181818181818
"PE_vs_NP","Met+Bac",303,0.677,0.818181818181818
"PE_vs_NP","Met+Bac",303,0.678,0.818181818181818
"PE_vs_NP","Met+Bac",303,0.679,0.818181818181818
"PE_vs_NP","Met+Bac",303,0.68,0.818181818181818
"PE_vs_NP","Met+Bac",303,0.681,0.818181818181818
"PE_vs_NP","Met+Bac",303,0.682,0.818181818181818
"PE_vs_NP","Met+Bac",303,0.683,0.818181818181818
"PE_vs_NP","Met+Bac",303,0.684,0.818181818181818
"PE_vs_NP","Met+Bac",303,0.685,0.818181818181818
"PE_vs_NP","Met+Bac",303,0.686,0.818181818181818
"PE_vs_NP","Met+Bac",303,0.687,0.818181818181818
"PE_vs_NP","Met+Bac",303,0.688,0.818181818181818
"PE_vs_NP","Met+Bac",303,0.689,0.818181818181818
"PE_vs_NP","Met+Bac",303,0.69,0.818181818181818
"PE_vs_NP","Met+Bac",303,0.691,0.818181818181818
"PE_vs_NP","Met+Bac",303,0.692,0.818181818181818
"PE_vs_NP","Met+Bac",303,0.693,0.818181818181818
"PE_vs_NP","Met+Bac",303,0.694,0.818181818181818
"PE_vs_NP","Met+Bac",303,0.695,0.818181818181818
"PE_vs_NP","Met+Bac",303,0.696,0.818181818181818
"PE_vs_NP","Met+Bac",303,0.697,0.818181818181818
"PE_vs_NP","Met+Bac",303,0.698,0.818181818181818
"PE_vs_NP","Met+Bac",303,0.699,0.818181818181818
"PE_vs_NP","Met+Bac",303,0.7,0.818181818181818
"PE_vs_NP","Met+Bac",303,0.701,0.818181818181818
"PE_vs_NP","Met+Bac",303,0.702,0.818181818181818
"PE_vs_NP","Met+Bac",303,0.703,0.818181818181818
"PE_vs_NP","Met+Bac",303,0.704,0.818181818181818
"PE_vs_NP","Met+Bac",303,0.705,0.818181818181818
"PE_vs_NP","Met+Bac",303,0.706,0.818181818181818
"PE_vs_NP","Met+Bac",303,0.707,0.818181818181818
"PE_vs_NP","Met+Bac",303,0.708,0.818181818181818
"PE_vs_NP","Met+Bac",303,0.709,0.818181818181818
"PE_vs_NP","Met+Bac",303,0.71,0.818181818181818
"PE_vs_NP","Met+Bac",303,0.711,0.818181818181818
"PE_vs_NP","Met+Bac",303,0.712,0.818181818181818
"PE_vs_NP","Met+Bac",303,0.713,0.818181818181818
"PE_vs_NP","Met+Bac",303,0.714,0.818181818181818
"PE_vs_NP","Met+Bac",303,0.715,0.818181818181818
"PE_vs_NP","Met+Bac",303,0.716,0.818181818181818
"PE_vs_NP","Met+Bac",303,0.717,0.818181818181818
"PE_vs_NP","Met+Bac",303,0.718,0.818181818181818
"PE_vs_NP","Met+Bac",303,0.719,0.818181818181818
"PE_vs_NP","Met+Bac",303,0.72,0.818181818181818
"PE_vs_NP","Met+Bac",303,0.721,0.818181818181818
"PE_vs_NP","Met+Bac",303,0.722,0.818181818181818
"PE_vs_NP","Met+Bac",303,0.723,0.818181818181818
"PE_vs_NP","Met+Bac",303,0.724,0.818181818181818
"PE_vs_NP","Met+Bac",303,0.725,0.818181818181818
"PE_vs_NP","Met+Bac",303,0.726,0.818181818181818
"PE_vs_NP","Met+Bac",303,0.727,0.818181818181818
"PE_vs_NP","Met+Bac",303,0.728,0.820509090909091
"PE_vs_NP","Met+Bac",303,0.729,0.823709090909091
"PE_vs_NP","Met+Bac",303,0.73,0.826909090909091
"PE_vs_NP","Met+Bac",303,0.731,0.827272727272727
"PE_vs_NP","Met+Bac",303,0.732,0.827272727272727
"PE_vs_NP","Met+Bac",303,0.733,0.827272727272727
"PE_vs_NP","Met+Bac",303,0.734,0.827272727272727
"PE_vs_NP","Met+Bac",303,0.735,0.827272727272727
"PE_vs_NP","Met+Bac",303,0.736,0.827272727272727
"PE_vs_NP","Met+Bac",303,0.737,0.827272727272727
"PE_vs_NP","Met+Bac",303,0.738,0.827272727272727
"PE_vs_NP","Met+Bac",303,0.739,0.828436363636364
"PE_vs_NP","Met+Bac",303,0.74,0.831636363636364
"PE_vs_NP","Met+Bac",303,0.741,0.834836363636364
"PE_vs_NP","Met+Bac",303,0.742,0.845454545454545
"PE_vs_NP","Met+Bac",303,0.743,0.845454545454545
"PE_vs_NP","Met+Bac",303,0.744,0.845454545454545
"PE_vs_NP","Met+Bac",303,0.745,0.846618181818182
"PE_vs_NP","Met+Bac",303,0.746,0.848324848484848
"PE_vs_NP","Met+Bac",303,0.747,0.850031515151515
"PE_vs_NP","Met+Bac",303,0.748,0.852635151515152
"PE_vs_NP","Met+Bac",303,0.749,0.855408484848485
"PE_vs_NP","Met+Bac",303,0.75,0.858181818181818
"PE_vs_NP","Met+Bac",303,0.751,0.860955151515152
"PE_vs_NP","Met+Bac",303,0.752,0.863728484848485
"PE_vs_NP","Met+Bac",303,0.753,0.866332121212121
"PE_vs_NP","Met+Bac",303,0.754,0.868038787878788
"PE_vs_NP","Met+Bac",303,0.755,0.869745454545455
"PE_vs_NP","Met+Bac",303,0.756,0.871112727272727
"PE_vs_NP","Met+Bac",303,0.757,0.871752727272727
"PE_vs_NP","Met+Bac",303,0.758,0.872392727272727
"PE_vs_NP","Met+Bac",303,0.759,0.872727272727273
"PE_vs_NP","Met+Bac",303,0.76,0.872727272727273
"PE_vs_NP","Met+Bac",303,0.761,0.872727272727273
"PE_vs_NP","Met+Bac",303,0.762,0.872727272727273
"PE_vs_NP","Met+Bac",303,0.763,0.872727272727273
"PE_vs_NP","Met+Bac",303,0.764,0.872727272727273
"PE_vs_NP","Met+Bac",303,0.765,0.874
"PE_vs_NP","Met+Bac",303,0.766,0.8756
"PE_vs_NP","Met+Bac",303,0.767,0.8772
"PE_vs_NP","Met+Bac",303,0.768,0.879818181818182
"PE_vs_NP","Met+Bac",303,0.769,0.882484848484849
"PE_vs_NP","Met+Bac",303,0.77,0.884969696969697
"PE_vs_NP","Met+Bac",303,0.771,0.886036363636364
"PE_vs_NP","Met+Bac",303,0.772,0.88710303030303
"PE_vs_NP","Met+Bac",303,0.773,0.888169696969697
"PE_vs_NP","Met+Bac",303,0.774,0.889236363636364
"PE_vs_NP","Met+Bac",303,0.775,0.89030303030303
"PE_vs_NP","Met+Bac",303,0.776,0.890909090909091
"PE_vs_NP","Met+Bac",303,0.777,0.890909090909091
"PE_vs_NP","Met+Bac",303,0.778,0.890909090909091
"PE_vs_NP","Met+Bac",303,0.779,0.890909090909091
"PE_vs_NP","Met+Bac",303,0.78,0.890909090909091
"PE_vs_NP","Met+Bac",303,0.781,0.890909090909091
"PE_vs_NP","Met+Bac",303,0.782,0.890909090909091
"PE_vs_NP","Met+Bac",303,0.783,0.890909090909091
"PE_vs_NP","Met+Bac",303,0.784,0.890909090909091
"PE_vs_NP","Met+Bac",303,0.785,0.890909090909091
"PE_vs_NP","Met+Bac",303,0.786,0.890909090909091
"PE_vs_NP","Met+Bac",303,0.787,0.8912
"PE_vs_NP","Met+Bac",303,0.788,0.895466666666667
"PE_vs_NP","Met+Bac",303,0.789,0.899733333333333
"PE_vs_NP","Met+Bac",303,0.79,0.912363636363636
"PE_vs_NP","Met+Bac",303,0.791,0.913430303030303
"PE_vs_NP","Met+Bac",303,0.792,0.91449696969697
"PE_vs_NP","Met+Bac",303,0.793,0.915563636363636
"PE_vs_NP","Met+Bac",303,0.794,0.916630303030303
"PE_vs_NP","Met+Bac",303,0.795,0.91769696969697
"PE_vs_NP","Met+Bac",303,0.796,0.918181818181818
"PE_vs_NP","Met+Bac",303,0.797,0.918181818181818
"PE_vs_NP","Met+Bac",303,0.798,0.918181818181818
"PE_vs_NP","Met+Bac",303,0.799,0.918181818181818
"PE_vs_NP","Met+Bac",303,0.8,0.918181818181818
"PE_vs_NP","Met+Bac",303,0.801,0.918181818181818
"PE_vs_NP","Met+Bac",303,0.802,0.936363636363636
"PE_vs_NP","Met+Bac",303,0.803,0.936363636363636
"PE_vs_NP","Met+Bac",303,0.804,0.936363636363636
"PE_vs_NP","Met+Bac",303,0.805,0.936363636363636
"PE_vs_NP","Met+Bac",303,0.806,0.936363636363636
"PE_vs_NP","Met+Bac",303,0.807,0.936654545454546
"PE_vs_NP","Met+Bac",303,0.808,0.938254545454546
"PE_vs_NP","Met+Bac",303,0.809,0.939854545454545
"PE_vs_NP","Met+Bac",303,0.81,0.941454545454546
"PE_vs_NP","Met+Bac",303,0.811,0.943054545454546
"PE_vs_NP","Met+Bac",303,0.812,0.944654545454546
"PE_vs_NP","Met+Bac",303,0.813,0.945454545454545
"PE_vs_NP","Met+Bac",303,0.814,0.945454545454545
"PE_vs_NP","Met+Bac",303,0.815,0.945454545454545
"PE_vs_NP","Met+Bac",303,0.816,0.954545454545455
"PE_vs_NP","Met+Bac",303,0.817,0.954545454545455
"PE_vs_NP","Met+Bac",303,0.818,0.954545454545455
"PE_vs_NP","Met+Bac",303,0.819,0.954545454545455
"PE_vs_NP","Met+Bac",303,0.82,0.954545454545455
"PE_vs_NP","Met+Bac",303,0.821,0.954545454545455
"PE_vs_NP","Met+Bac",303,0.822,0.954545454545455
"PE_vs_NP","Met+Bac",303,0.823,0.954545454545455
"PE_vs_NP","Met+Bac",303,0.824,0.954545454545455
"PE_vs_NP","Met+Bac",303,0.825,0.954545454545455
"PE_vs_NP","Met+Bac",303,0.826,0.954545454545455
"PE_vs_NP","Met+Bac",303,0.827,0.954545454545455
"PE_vs_NP","Met+Bac",303,0.828,0.954545454545455
"PE_vs_NP","Met+Bac",303,0.829,0.954545454545455
"PE_vs_NP","Met+Bac",303,0.83,0.954545454545455
"PE_vs_NP","Met+Bac",303,0.831,0.954545454545455
"PE_vs_NP","Met+Bac",303,0.832,0.954545454545455
"PE_vs_NP","Met+Bac",303,0.833,0.954545454545455
"PE_vs_NP","Met+Bac",303,0.834,0.954545454545455
"PE_vs_NP","Met+Bac",303,0.835,0.954545454545455
"PE_vs_NP","Met+Bac",303,0.836,0.954545454545455
"PE_vs_NP","Met+Bac",303,0.837,0.954545454545455
"PE_vs_NP","Met+Bac",303,0.838,0.954545454545455
"PE_vs_NP","Met+Bac",303,0.839,0.954545454545455
"PE_vs_NP","Met+Bac",303,0.84,0.954545454545455
"PE_vs_NP","Met+Bac",303,0.841,0.954545454545455
"PE_vs_NP","Met+Bac",303,0.842,0.954545454545455
"PE_vs_NP","Met+Bac",303,0.843,0.954545454545455
"PE_vs_NP","Met+Bac",303,0.844,0.954545454545455
"PE_vs_NP","Met+Bac",303,0.845,0.954545454545455
"PE_vs_NP","Met+Bac",303,0.846,0.954545454545455
"PE_vs_NP","Met+Bac",303,0.847,0.954545454545455
"PE_vs_NP","Met+Bac",303,0.848,0.954545454545455
"PE_vs_NP","Met+Bac",303,0.849,0.954545454545455
"PE_vs_NP","Met+Bac",303,0.85,0.963636363636364
"PE_vs_NP","Met+Bac",303,0.851,0.963636363636364
"PE_vs_NP","Met+Bac",303,0.852,0.963636363636364
"PE_vs_NP","Met+Bac",303,0.853,0.972727272727273
"PE_vs_NP","Met+Bac",303,0.854,0.972727272727273
"PE_vs_NP","Met+Bac",303,0.855,0.972727272727273
"PE_vs_NP","Met+Bac",303,0.856,0.972727272727273
"PE_vs_NP","Met+Bac",303,0.857,0.972727272727273
"PE_vs_NP","Met+Bac",303,0.858,0.972872727272727
"PE_vs_NP","Met+Bac",303,0.859,0.976072727272727
"PE_vs_NP","Met+Bac",303,0.86,0.979272727272727
"PE_vs_NP","Met+Bac",303,0.861,0.982145454545455
"PE_vs_NP","Met+Bac",303,0.862,0.983745454545454
"PE_vs_NP","Met+Bac",303,0.863,0.985345454545455
"PE_vs_NP","Met+Bac",303,0.864,0.986945454545455
"PE_vs_NP","Met+Bac",303,0.865,0.988545454545455
"PE_vs_NP","Met+Bac",303,0.866,0.990145454545455
"PE_vs_NP","Met+Bac",303,0.867,0.990909090909091
"PE_vs_NP","Met+Bac",303,0.868,0.990909090909091
"PE_vs_NP","Met+Bac",303,0.869,0.990909090909091
"PE_vs_NP","Met+Bac",303,0.87,0.993090909090909
"PE_vs_NP","Met+Bac",303,0.871,0.996290909090909
"PE_vs_NP","Met+Bac",303,0.872,0.999490909090909
"PE_vs_NP","Met+Bac",303,0.873,1
"PE_vs_NP","Met+Bac",303,0.874,1
"PE_vs_NP","Met+Bac",303,0.875,1
"PE_vs_NP","Met+Bac",303,0.876,1
"PE_vs_NP","Met+Bac",303,0.877,1
"PE_vs_NP","Met+Bac",303,0.878,1
"PE_vs_NP","Met+Bac",303,0.879,1
"PE_vs_NP","Met+Bac",303,0.88,1
"PE_vs_NP","Met+Bac",303,0.881,1
"PE_vs_NP","Met+Bac",303,0.882,1
"PE_vs_NP","Met+Bac",303,0.883,1
"PE_vs_NP","Met+Bac",303,0.884,1
"PE_vs_NP","Met+Bac",303,0.885,1
"PE_vs_NP","Met+Bac",303,0.886,1
"PE_vs_NP","Met+Bac",303,0.887,1
"PE_vs_NP","Met+Bac",303,0.888,1
"PE_vs_NP","Met+Bac",303,0.889,1
"PE_vs_NP","Met+Bac",303,0.89,1
"PE_vs_NP","Met+Bac",303,0.891,1
"PE_vs_NP","Met+Bac",303,0.892,1
"PE_vs_NP","Met+Bac",303,0.893,1
"PE_vs_NP","Met+Bac",303,0.894,1
"PE_vs_NP","Met+Bac",303,0.895,1
"PE_vs_NP","Met+Bac",303,0.896,1
"PE_vs_NP","Met+Bac",303,0.897,1
"PE_vs_NP","Met+Bac",303,0.898,1
"PE_vs_NP","Met+Bac",303,0.899,1
"PE_vs_NP","Met+Bac",303,0.9,1
"PE_vs_NP","Met+Bac",303,0.901,1
"PE_vs_NP","Met+Bac",303,0.902,1
"PE_vs_NP","Met+Bac",303,0.903,1
"PE_vs_NP","Met+Bac",303,0.904,1
"PE_vs_NP","Met+Bac",303,0.905,1
"PE_vs_NP","Met+Bac",303,0.906,1
"PE_vs_NP","Met+Bac",303,0.907,1
"PE_vs_NP","Met+Bac",303,0.908,1
"PE_vs_NP","Met+Bac",303,0.909,1
"PE_vs_NP","Met+Bac",303,0.91,1
"PE_vs_NP","Met+Bac",303,0.911,1
"PE_vs_NP","Met+Bac",303,0.912,1
"PE_vs_NP","Met+Bac",303,0.913,1
"PE_vs_NP","Met+Bac",303,0.914,1
"PE_vs_NP","Met+Bac",303,0.915,1
"PE_vs_NP","Met+Bac",303,0.916,1
"PE_vs_NP","Met+Bac",303,0.917,1
"PE_vs_NP","Met+Bac",303,0.918,1
"PE_vs_NP","Met+Bac",303,0.919,1
"PE_vs_NP","Met+Bac",303,0.92,1
"PE_vs_NP","Met+Bac",303,0.921,1
"PE_vs_NP","Met+Bac",303,0.922,1
"PE_vs_NP","Met+Bac",303,0.923,1
"PE_vs_NP","Met+Bac",303,0.924,1
"PE_vs_NP","Met+Bac",303,0.925,1
"PE_vs_NP","Met+Bac",303,0.926,1
"PE_vs_NP","Met+Bac",303,0.927,1
"PE_vs_NP","Met+Bac",303,0.928,1
"PE_vs_NP","Met+Bac",303,0.929,1
"PE_vs_NP","Met+Bac",303,0.93,1
"PE_vs_NP","Met+Bac",303,0.931,1
"PE_vs_NP","Met+Bac",303,0.932,1
"PE_vs_NP","Met+Bac",303,0.933,1
"PE_vs_NP","Met+Bac",303,0.934,1
"PE_vs_NP","Met+Bac",303,0.935,1
"PE_vs_NP","Met+Bac",303,0.936,1
"PE_vs_NP","Met+Bac",303,0.937,1
"PE_vs_NP","Met+Bac",303,0.938,1
"PE_vs_NP","Met+Bac",303,0.939,1
"PE_vs_NP","Met+Bac",303,0.94,1
"PE_vs_NP","Met+Bac",303,0.941,1
"PE_vs_NP","Met+Bac",303,0.942,1
"PE_vs_NP","Met+Bac",303,0.943,1
"PE_vs_NP","Met+Bac",303,0.944,1
"PE_vs_NP","Met+Bac",303,0.945,1
"PE_vs_NP","Met+Bac",303,0.946,1
"PE_vs_NP","Met+Bac",303,0.947,1
"PE_vs_NP","Met+Bac",303,0.948,1
"PE_vs_NP","Met+Bac",303,0.949,1
"PE_vs_NP","Met+Bac",303,0.95,1
"PE_vs_NP","Met+Bac",303,0.951,1
"PE_vs_NP","Met+Bac",303,0.952,1
"PE_vs_NP","Met+Bac",303,0.953,1
"PE_vs_NP","Met+Bac",303,0.954,1
"PE_vs_NP","Met+Bac",303,0.955,1
"PE_vs_NP","Met+Bac",303,0.956,1
"PE_vs_NP","Met+Bac",303,0.957,1
"PE_vs_NP","Met+Bac",303,0.958,1
"PE_vs_NP","Met+Bac",303,0.959,1
"PE_vs_NP","Met+Bac",303,0.96,1
"PE_vs_NP","Met+Bac",303,0.961,1
"PE_vs_NP","Met+Bac",303,0.962,1
"PE_vs_NP","Met+Bac",303,0.963,1
"PE_vs_NP","Met+Bac",303,0.964,1
"PE_vs_NP","Met+Bac",303,0.965,1
"PE_vs_NP","Met+Bac",303,0.966,1
"PE_vs_NP","Met+Bac",303,0.967,1
"PE_vs_NP","Met+Bac",303,0.968,1
"PE_vs_NP","Met+Bac",303,0.969,1
"PE_vs_NP","Met+Bac",303,0.97,1
"PE_vs_NP","Met+Bac",303,0.971,1
"PE_vs_NP","Met+Bac",303,0.972,1
"PE_vs_NP","Met+Bac",303,0.973,1
"PE_vs_NP","Met+Bac",303,0.974,1
"PE_vs_NP","Met+Bac",303,0.975,1
"PE_vs_NP","Met+Bac",303,0.976,1
"PE_vs_NP","Met+Bac",303,0.977,1
"PE_vs_NP","Met+Bac",303,0.978,1
"PE_vs_NP","Met+Bac",303,0.979,1
"PE_vs_NP","Met+Bac",303,0.98,1
"PE_vs_NP","Met+Bac",303,0.981,1
"PE_vs_NP","Met+Bac",303,0.982,1
"PE_vs_NP","Met+Bac",303,0.983,1
"PE_vs_NP","Met+Bac",303,0.984,1
"PE_vs_NP","Met+Bac",303,0.985,1
"PE_vs_NP","Met+Bac",303,0.986,1
"PE_vs_NP","Met+Bac",303,0.987,1
"PE_vs_NP","Met+Bac",303,0.988,1
"PE_vs_NP","Met+Bac",303,0.989,1
"PE_vs_NP","Met+Bac",303,0.99,1
"PE_vs_NP","Met+Bac",303,0.991,1
"PE_vs_NP","Met+Bac",303,0.992,1
"PE_vs_NP","Met+Bac",303,0.993,1
"PE_vs_NP","Met+Bac",303,0.994,1
"PE_vs_NP","Met+Bac",303,0.995,1
"PE_vs_NP","Met+Bac",303,0.996,1
"PE_vs_NP","Met+Bac",303,0.997,1
"PE_vs_NP","Met+Bac",303,0.998,1
"PE_vs_NP","Met+Bac",303,0.999,1
"PE_vs_NP","Met+Bac",303,1,1
"PE_vs_NP","Multi-Omics",303,0,0
"PE_vs_NP","Multi-Omics",303,0.001,0.00320000000000004
"PE_vs_NP","Multi-Omics",303,0.002,0.00640000000000007
"PE_vs_NP","Multi-Omics",303,0.003,0.00909090909090909
"PE_vs_NP","Multi-Omics",303,0.004,0.00909090909090909
"PE_vs_NP","Multi-Omics",303,0.005,0.00909090909090909
"PE_vs_NP","Multi-Omics",303,0.006,0.0101090909090908
"PE_vs_NP","Multi-Omics",303,0.007,0.0133090909090908
"PE_vs_NP","Multi-Omics",303,0.008,0.0165090909090908
"PE_vs_NP","Multi-Omics",303,0.009,0.0181818181818182
"PE_vs_NP","Multi-Omics",303,0.01,0.0181818181818182
"PE_vs_NP","Multi-Omics",303,0.011,0.0181818181818182
"PE_vs_NP","Multi-Omics",303,0.012,0.0181818181818182
"PE_vs_NP","Multi-Omics",303,0.013,0.0181818181818182
"PE_vs_NP","Multi-Omics",303,0.014,0.0181818181818182
"PE_vs_NP","Multi-Omics",303,0.015,0.0272727272727273
"PE_vs_NP","Multi-Omics",303,0.016,0.0272727272727273
"PE_vs_NP","Multi-Omics",303,0.017,0.0272727272727273
"PE_vs_NP","Multi-Omics",303,0.018,0.0272727272727273
"PE_vs_NP","Multi-Omics",303,0.019,0.0272727272727273
"PE_vs_NP","Multi-Omics",303,0.02,0.0363636363636364
"PE_vs_NP","Multi-Omics",303,0.021,0.0363636363636364
"PE_vs_NP","Multi-Omics",303,0.022,0.0363636363636364
"PE_vs_NP","Multi-Omics",303,0.023,0.0454545454545455
"PE_vs_NP","Multi-Omics",303,0.024,0.0454545454545455
"PE_vs_NP","Multi-Omics",303,0.025,0.0454545454545455
"PE_vs_NP","Multi-Omics",303,0.026,0.0454545454545455
"PE_vs_NP","Multi-Omics",303,0.027,0.0454545454545455
"PE_vs_NP","Multi-Omics",303,0.028,0.0454545454545455
"PE_vs_NP","Multi-Omics",303,0.029,0.0636363636363636
"PE_vs_NP","Multi-Omics",303,0.03,0.0636363636363636
"PE_vs_NP","Multi-Omics",303,0.031,0.0636363636363636
"PE_vs_NP","Multi-Omics",303,0.032,0.0652363636363637
"PE_vs_NP","Multi-Omics",303,0.033,0.067369696969697
"PE_vs_NP","Multi-Omics",303,0.034,0.0695030303030304
"PE_vs_NP","Multi-Omics",303,0.035,0.0716363636363637
"PE_vs_NP","Multi-Omics",303,0.036,0.073769696969697
"PE_vs_NP","Multi-Omics",303,0.037,0.0761212121212121
"PE_vs_NP","Multi-Omics",303,0.038,0.0814545454545455
"PE_vs_NP","Multi-Omics",303,0.039,0.0867878787878788
"PE_vs_NP","Multi-Omics",303,0.04,0.0911515151515152
"PE_vs_NP","Multi-Omics",303,0.041,0.0922181818181818
"PE_vs_NP","Multi-Omics",303,0.042,0.0932848484848485
"PE_vs_NP","Multi-Omics",303,0.043,0.0960000000000002
"PE_vs_NP","Multi-Omics",303,0.044,0.101333333333334
"PE_vs_NP","Multi-Omics",303,0.045,0.106666666666667
"PE_vs_NP","Multi-Omics",303,0.046,0.1224
"PE_vs_NP","Multi-Omics",303,0.047,0.130133333333334
"PE_vs_NP","Multi-Omics",303,0.048,0.137866666666667
"PE_vs_NP","Multi-Omics",303,0.049,0.153939393939394
"PE_vs_NP","Multi-Omics",303,0.05,0.160606060606061
"PE_vs_NP","Multi-Omics",303,0.051,0.167272727272728
"PE_vs_NP","Multi-Omics",303,0.052,0.17209696969697
"PE_vs_NP","Multi-Omics",303,0.053,0.176630303030303
"PE_vs_NP","Multi-Omics",303,0.054,0.181236363636364
"PE_vs_NP","Multi-Omics",303,0.055,0.188969696969697
"PE_vs_NP","Multi-Omics",303,0.056,0.196703030303031
"PE_vs_NP","Multi-Omics",303,0.057,0.204872727272728
"PE_vs_NP","Multi-Omics",303,0.058,0.215006060606061
"PE_vs_NP","Multi-Omics",303,0.059,0.225139393939394
"PE_vs_NP","Multi-Omics",303,0.06,0.234181818181819
"PE_vs_NP","Multi-Omics",303,0.061,0.241115151515151
"PE_vs_NP","Multi-Omics",303,0.062,0.248048484848485
"PE_vs_NP","Multi-Omics",303,0.063,0.252581818181818
"PE_vs_NP","Multi-Omics",303,0.064,0.254715151515152
"PE_vs_NP","Multi-Omics",303,0.065,0.256848484848485
"PE_vs_NP","Multi-Omics",303,0.066,0.258981818181818
"PE_vs_NP","Multi-Omics",303,0.067,0.261115151515151
"PE_vs_NP","Multi-Omics",303,0.068,0.263248484848485
"PE_vs_NP","Multi-Omics",303,0.069,0.272727272727273
"PE_vs_NP","Multi-Omics",303,0.07,0.272727272727273
"PE_vs_NP","Multi-Omics",303,0.071,0.272727272727273
"PE_vs_NP","Multi-Omics",303,0.072,0.272727272727273
"PE_vs_NP","Multi-Omics",303,0.073,0.272727272727273
"PE_vs_NP","Multi-Omics",303,0.074,0.273163636363636
"PE_vs_NP","Multi-Omics",303,0.075,0.276363636363636
"PE_vs_NP","Multi-Omics",303,0.076,0.279563636363636
"PE_vs_NP","Multi-Omics",303,0.077,0.283709090909091
"PE_vs_NP","Multi-Omics",303,0.078,0.290109090909091
"PE_vs_NP","Multi-Omics",303,0.079,0.296509090909091
"PE_vs_NP","Multi-Omics",303,0.08,0.309818181818182
"PE_vs_NP","Multi-Omics",303,0.081,0.311418181818182
"PE_vs_NP","Multi-Omics",303,0.082,0.313018181818182
"PE_vs_NP","Multi-Omics",303,0.083,0.314618181818182
"PE_vs_NP","Multi-Omics",303,0.084,0.316218181818182
"PE_vs_NP","Multi-Omics",303,0.085,0.317818181818182
"PE_vs_NP","Multi-Omics",303,0.086,0.318181818181818
"PE_vs_NP","Multi-Omics",303,0.087,0.318181818181818
"PE_vs_NP","Multi-Omics",303,0.088,0.318181818181818
"PE_vs_NP","Multi-Omics",303,0.089,0.318181818181818
"PE_vs_NP","Multi-Omics",303,0.09,0.318181818181818
"PE_vs_NP","Multi-Omics",303,0.091,0.318181818181818
"PE_vs_NP","Multi-Omics",303,0.092,0.318181818181818
"PE_vs_NP","Multi-Omics",303,0.093,0.318181818181818
"PE_vs_NP","Multi-Omics",303,0.094,0.318181818181818
"PE_vs_NP","Multi-Omics",303,0.095,0.318181818181818
"PE_vs_NP","Multi-Omics",303,0.096,0.318181818181818
"PE_vs_NP","Multi-Omics",303,0.097,0.318181818181818
"PE_vs_NP","Multi-Omics",303,0.098,0.318181818181818
"PE_vs_NP","Multi-Omics",303,0.099,0.318181818181818
"PE_vs_NP","Multi-Omics",303,0.1,0.318181818181818
"PE_vs_NP","Multi-Omics",303,0.101,0.318181818181818
"PE_vs_NP","Multi-Omics",303,0.102,0.318181818181818
"PE_vs_NP","Multi-Omics",303,0.103,0.322836363636363
"PE_vs_NP","Multi-Omics",303,0.104,0.329236363636363
"PE_vs_NP","Multi-Omics",303,0.105,0.335636363636364
"PE_vs_NP","Multi-Omics",303,0.106,0.336363636363636
"PE_vs_NP","Multi-Omics",303,0.107,0.336363636363636
"PE_vs_NP","Multi-Omics",303,0.108,0.336363636363636
"PE_vs_NP","Multi-Omics",303,0.109,0.336363636363636
"PE_vs_NP","Multi-Omics",303,0.11,0.336363636363636
"PE_vs_NP","Multi-Omics",303,0.111,0.336363636363636
"PE_vs_NP","Multi-Omics",303,0.112,0.336363636363636
"PE_vs_NP","Multi-Omics",303,0.113,0.336363636363636
"PE_vs_NP","Multi-Omics",303,0.114,0.337527272727273
"PE_vs_NP","Multi-Omics",303,0.115,0.340727272727273
"PE_vs_NP","Multi-Omics",303,0.116,0.343927272727273
"PE_vs_NP","Multi-Omics",303,0.117,0.345454545454545
"PE_vs_NP","Multi-Omics",303,0.118,0.345454545454545
"PE_vs_NP","Multi-Omics",303,0.119,0.345454545454545
"PE_vs_NP","Multi-Omics",303,0.12,0.345454545454545
"PE_vs_NP","Multi-Omics",303,0.121,0.345454545454545
"PE_vs_NP","Multi-Omics",303,0.122,0.345454545454545
"PE_vs_NP","Multi-Omics",303,0.123,0.345454545454545
"PE_vs_NP","Multi-Omics",303,0.124,0.345454545454545
"PE_vs_NP","Multi-Omics",303,0.125,0.345454545454545
"PE_vs_NP","Multi-Omics",303,0.126,0.345454545454545
"PE_vs_NP","Multi-Omics",303,0.127,0.345454545454545
"PE_vs_NP","Multi-Omics",303,0.128,0.345454545454545
"PE_vs_NP","Multi-Omics",303,0.129,0.345454545454545
"PE_vs_NP","Multi-Omics",303,0.13,0.345454545454545
"PE_vs_NP","Multi-Omics",303,0.131,0.345454545454545
"PE_vs_NP","Multi-Omics",303,0.132,0.345454545454545
"PE_vs_NP","Multi-Omics",303,0.133,0.345454545454545
"PE_vs_NP","Multi-Omics",303,0.134,0.345454545454545
"PE_vs_NP","Multi-Omics",303,0.135,0.345454545454545
"PE_vs_NP","Multi-Omics",303,0.136,0.345454545454545
"PE_vs_NP","Multi-Omics",303,0.137,0.345454545454545
"PE_vs_NP","Multi-Omics",303,0.138,0.345454545454545
"PE_vs_NP","Multi-Omics",303,0.139,0.345454545454545
"PE_vs_NP","Multi-Omics",303,0.14,0.345454545454545
"PE_vs_NP","Multi-Omics",303,0.141,0.345454545454545
"PE_vs_NP","Multi-Omics",303,0.142,0.345454545454545
"PE_vs_NP","Multi-Omics",303,0.143,0.345454545454545
"PE_vs_NP","Multi-Omics",303,0.144,0.345454545454545
"PE_vs_NP","Multi-Omics",303,0.145,0.345454545454545
"PE_vs_NP","Multi-Omics",303,0.146,0.345454545454545
"PE_vs_NP","Multi-Omics",303,0.147,0.345454545454545
"PE_vs_NP","Multi-Omics",303,0.148,0.345454545454545
"PE_vs_NP","Multi-Omics",303,0.149,0.345454545454545
"PE_vs_NP","Multi-Omics",303,0.15,0.345454545454545
"PE_vs_NP","Multi-Omics",303,0.151,0.345915151515152
"PE_vs_NP","Multi-Omics",303,0.152,0.346981818181818
"PE_vs_NP","Multi-Omics",303,0.153,0.348048484848485
"PE_vs_NP","Multi-Omics",303,0.154,0.349115151515152
"PE_vs_NP","Multi-Omics",303,0.155,0.350181818181818
"PE_vs_NP","Multi-Omics",303,0.156,0.351248484848485
"PE_vs_NP","Multi-Omics",303,0.157,0.352315151515152
"PE_vs_NP","Multi-Omics",303,0.158,0.353381818181818
"PE_vs_NP","Multi-Omics",303,0.159,0.354448484848485
"PE_vs_NP","Multi-Omics",303,0.16,0.354545454545455
"PE_vs_NP","Multi-Omics",303,0.161,0.354545454545455
"PE_vs_NP","Multi-Omics",303,0.162,0.354545454545455
"PE_vs_NP","Multi-Omics",303,0.163,0.354545454545455
"PE_vs_NP","Multi-Omics",303,0.164,0.354545454545455
"PE_vs_NP","Multi-Omics",303,0.165,0.354545454545455
"PE_vs_NP","Multi-Omics",303,0.166,0.354545454545455
"PE_vs_NP","Multi-Omics",303,0.167,0.354545454545455
"PE_vs_NP","Multi-Omics",303,0.168,0.354545454545455
"PE_vs_NP","Multi-Omics",303,0.169,0.354545454545455
"PE_vs_NP","Multi-Omics",303,0.17,0.354545454545455
"PE_vs_NP","Multi-Omics",303,0.171,0.354545454545455
"PE_vs_NP","Multi-Omics",303,0.172,0.354545454545455
"PE_vs_NP","Multi-Omics",303,0.173,0.354545454545455
"PE_vs_NP","Multi-Omics",303,0.174,0.354545454545455
"PE_vs_NP","Multi-Omics",303,0.175,0.354545454545455
"PE_vs_NP","Multi-Omics",303,0.176,0.354545454545455
"PE_vs_NP","Multi-Omics",303,0.177,0.364557575757576
"PE_vs_NP","Multi-Omics",303,0.178,0.365624242424242
"PE_vs_NP","Multi-Omics",303,0.179,0.366705454545455
"PE_vs_NP","Multi-Omics",303,0.18,0.368412121212121
"PE_vs_NP","Multi-Omics",303,0.181,0.370118787878788
"PE_vs_NP","Multi-Omics",303,0.182,0.371825454545454
"PE_vs_NP","Multi-Omics",303,0.183,0.373532121212121
"PE_vs_NP","Multi-Omics",303,0.184,0.375238787878788
"PE_vs_NP","Multi-Omics",303,0.185,0.378218181818182
"PE_vs_NP","Multi-Omics",303,0.186,0.383658181818181
"PE_vs_NP","Multi-Omics",303,0.187,0.389098181818182
"PE_vs_NP","Multi-Omics",303,0.188,0.392938181818182
"PE_vs_NP","Multi-Omics",303,0.189,0.395178181818182
"PE_vs_NP","Multi-Omics",303,0.19,0.397418181818182
"PE_vs_NP","Multi-Omics",303,0.191,0.399130909090909
"PE_vs_NP","Multi-Omics",303,0.192,0.400570909090909
"PE_vs_NP","Multi-Omics",303,0.193,0.402010909090909
"PE_vs_NP","Multi-Omics",303,0.194,0.402927272727273
"PE_vs_NP","Multi-Omics",303,0.195,0.403727272727273
"PE_vs_NP","Multi-Omics",303,0.196,0.404527272727273
"PE_vs_NP","Multi-Omics",303,0.197,0.405327272727273
"PE_vs_NP","Multi-Omics",303,0.198,0.406127272727273
"PE_vs_NP","Multi-Omics",303,0.199,0.407145454545455
"PE_vs_NP","Multi-Omics",303,0.2,0.409545454545454
"PE_vs_NP","Multi-Omics",303,0.201,0.411945454545455
"PE_vs_NP","Multi-Omics",303,0.202,0.4232
"PE_vs_NP","Multi-Omics",303,0.203,0.4248
"PE_vs_NP","Multi-Omics",303,0.204,0.4264
"PE_vs_NP","Multi-Omics",303,0.205,0.427272727272727
"PE_vs_NP","Multi-Omics",303,0.206,0.427272727272727
"PE_vs_NP","Multi-Omics",303,0.207,0.427272727272727
"PE_vs_NP","Multi-Omics",303,0.208,0.427272727272727
"PE_vs_NP","Multi-Omics",303,0.209,0.427272727272727
"PE_vs_NP","Multi-Omics",303,0.21,0.427272727272727
"PE_vs_NP","Multi-Omics",303,0.211,0.427272727272727
"PE_vs_NP","Multi-Omics",303,0.212,0.427272727272727
"PE_vs_NP","Multi-Omics",303,0.213,0.427272727272727
"PE_vs_NP","Multi-Omics",303,0.214,0.428266666666667
"PE_vs_NP","Multi-Omics",303,0.215,0.429333333333333
"PE_vs_NP","Multi-Omics",303,0.216,0.430981818181818
"PE_vs_NP","Multi-Omics",303,0.217,0.438448484848485
"PE_vs_NP","Multi-Omics",303,0.218,0.445915151515151
"PE_vs_NP","Multi-Omics",303,0.219,0.460872727272727
"PE_vs_NP","Multi-Omics",303,0.22,0.461939393939394
"PE_vs_NP","Multi-Omics",303,0.221,0.463006060606061
"PE_vs_NP","Multi-Omics",303,0.222,0.463636363636364
"PE_vs_NP","Multi-Omics",303,0.223,0.463636363636364
"PE_vs_NP","Multi-Omics",303,0.224,0.463636363636364
"PE_vs_NP","Multi-Omics",303,0.225,0.464545454545454
"PE_vs_NP","Multi-Omics",303,0.226,0.466145454545454
"PE_vs_NP","Multi-Omics",303,0.227,0.467745454545454
"PE_vs_NP","Multi-Omics",303,0.228,0.469345454545455
"PE_vs_NP","Multi-Omics",303,0.229,0.470945454545455
"PE_vs_NP","Multi-Omics",303,0.23,0.472545454545455
"PE_vs_NP","Multi-Omics",303,0.231,0.500354545454545
"PE_vs_NP","Multi-Omics",303,0.232,0.500754545454545
"PE_vs_NP","Multi-Omics",303,0.233,0.501154545454545
"PE_vs_NP","Multi-Omics",303,0.234,0.501554545454545
"PE_vs_NP","Multi-Omics",303,0.235,0.501954545454545
"PE_vs_NP","Multi-Omics",303,0.236,0.502354545454545
"PE_vs_NP","Multi-Omics",303,0.237,0.502754545454545
"PE_vs_NP","Multi-Omics",303,0.238,0.503154545454545
"PE_vs_NP","Multi-Omics",303,0.239,0.503554545454545
"PE_vs_NP","Multi-Omics",303,0.24,0.503954545454545
"PE_vs_NP","Multi-Omics",303,0.241,0.504354545454545
"PE_vs_NP","Multi-Omics",303,0.242,0.504754545454545
"PE_vs_NP","Multi-Omics",303,0.243,0.505154545454545
"PE_vs_NP","Multi-Omics",303,0.244,0.505554545454545
"PE_vs_NP","Multi-Omics",303,0.245,0.505954545454545
"PE_vs_NP","Multi-Omics",303,0.246,0.506354545454546
"PE_vs_NP","Multi-Omics",303,0.247,0.506754545454545
"PE_vs_NP","Multi-Omics",303,0.248,0.520281818181818
"PE_vs_NP","Multi-Omics",303,0.249,0.525481818181818
"PE_vs_NP","Multi-Omics",303,0.25,0.530681818181818
"PE_vs_NP","Multi-Omics",303,0.251,0.532681818181818
"PE_vs_NP","Multi-Omics",303,0.252,0.534681818181818
"PE_vs_NP","Multi-Omics",303,0.253,0.545454545454545
"PE_vs_NP","Multi-Omics",303,0.254,0.545454545454545
"PE_vs_NP","Multi-Omics",303,0.255,0.545454545454545
"PE_vs_NP","Multi-Omics",303,0.256,0.554545454545455
"PE_vs_NP","Multi-Omics",303,0.257,0.554545454545455
"PE_vs_NP","Multi-Omics",303,0.258,0.554545454545455
"PE_vs_NP","Multi-Omics",303,0.259,0.555309090909091
"PE_vs_NP","Multi-Omics",303,0.26,0.556909090909091
"PE_vs_NP","Multi-Omics",303,0.261,0.558509090909091
"PE_vs_NP","Multi-Omics",303,0.262,0.560109090909091
"PE_vs_NP","Multi-Omics",303,0.263,0.561709090909091
"PE_vs_NP","Multi-Omics",303,0.264,0.563309090909091
"PE_vs_NP","Multi-Omics",303,0.265,0.564484848484848
"PE_vs_NP","Multi-Omics",303,0.266,0.565551515151515
"PE_vs_NP","Multi-Omics",303,0.267,0.566618181818182
"PE_vs_NP","Multi-Omics",303,0.268,0.56870303030303
"PE_vs_NP","Multi-Omics",303,0.269,0.570836363636364
"PE_vs_NP","Multi-Omics",303,0.27,0.572969696969697
"PE_vs_NP","Multi-Omics",303,0.271,0.57510303030303
"PE_vs_NP","Multi-Omics",303,0.272,0.577236363636364
"PE_vs_NP","Multi-Omics",303,0.273,0.579369696969697
"PE_vs_NP","Multi-Omics",303,0.274,0.58150303030303
"PE_vs_NP","Multi-Omics",303,0.275,0.583636363636364
"PE_vs_NP","Multi-Omics",303,0.276,0.586690909090909
"PE_vs_NP","Multi-Omics",303,0.277,0.590957575757576
"PE_vs_NP","Multi-Omics",303,0.278,0.595224242424242
"PE_vs_NP","Multi-Omics",303,0.279,0.598072727272727
"PE_vs_NP","Multi-Omics",303,0.28,0.599939393939394
"PE_vs_NP","Multi-Omics",303,0.281,0.601806060606061
"PE_vs_NP","Multi-Omics",303,0.282,0.602872727272727
"PE_vs_NP","Multi-Omics",303,0.283,0.603672727272727
"PE_vs_NP","Multi-Omics",303,0.284,0.604472727272727
"PE_vs_NP","Multi-Omics",303,0.285,0.605272727272727
"PE_vs_NP","Multi-Omics",303,0.286,0.606072727272727
"PE_vs_NP","Multi-Omics",303,0.287,0.606872727272727
"PE_vs_NP","Multi-Omics",303,0.288,0.607672727272727
"PE_vs_NP","Multi-Omics",303,0.289,0.608472727272727
"PE_vs_NP","Multi-Omics",303,0.29,0.609090909090909
"PE_vs_NP","Multi-Omics",303,0.291,0.609090909090909
"PE_vs_NP","Multi-Omics",303,0.292,0.609090909090909
"PE_vs_NP","Multi-Omics",303,0.293,0.6094
"PE_vs_NP","Multi-Omics",303,0.294,0.6102
"PE_vs_NP","Multi-Omics",303,0.295,0.611
"PE_vs_NP","Multi-Omics",303,0.296,0.6118
"PE_vs_NP","Multi-Omics",303,0.297,0.6126
"PE_vs_NP","Multi-Omics",303,0.298,0.6134
"PE_vs_NP","Multi-Omics",303,0.299,0.623290909090909
"PE_vs_NP","Multi-Omics",303,0.3,0.624090909090909
"PE_vs_NP","Multi-Omics",303,0.301,0.624890909090909
"PE_vs_NP","Multi-Omics",303,0.302,0.625690909090909
"PE_vs_NP","Multi-Omics",303,0.303,0.626490909090909
"PE_vs_NP","Multi-Omics",303,0.304,0.627272727272727
"PE_vs_NP","Multi-Omics",303,0.305,0.627272727272727
"PE_vs_NP","Multi-Omics",303,0.306,0.627272727272727
"PE_vs_NP","Multi-Omics",303,0.307,0.627272727272727
"PE_vs_NP","Multi-Omics",303,0.308,0.627272727272727
"PE_vs_NP","Multi-Omics",303,0.309,0.627272727272727
"PE_vs_NP","Multi-Omics",303,0.31,0.627272727272727
"PE_vs_NP","Multi-Omics",303,0.311,0.627272727272727
"PE_vs_NP","Multi-Omics",303,0.312,0.627272727272727
"PE_vs_NP","Multi-Omics",303,0.313,0.627272727272727
"PE_vs_NP","Multi-Omics",303,0.314,0.627272727272727
"PE_vs_NP","Multi-Omics",303,0.315,0.627272727272727
"PE_vs_NP","Multi-Omics",303,0.316,0.627272727272727
"PE_vs_NP","Multi-Omics",303,0.317,0.627272727272727
"PE_vs_NP","Multi-Omics",303,0.318,0.627272727272727
"PE_vs_NP","Multi-Omics",303,0.319,0.627272727272727
"PE_vs_NP","Multi-Omics",303,0.32,0.627272727272727
"PE_vs_NP","Multi-Omics",303,0.321,0.627272727272727
"PE_vs_NP","Multi-Omics",303,0.322,0.628836363636364
"PE_vs_NP","Multi-Omics",303,0.323,0.630436363636364
"PE_vs_NP","Multi-Omics",303,0.324,0.632036363636364
"PE_vs_NP","Multi-Omics",303,0.325,0.633636363636364
"PE_vs_NP","Multi-Omics",303,0.326,0.635236363636364
"PE_vs_NP","Multi-Omics",303,0.327,0.636363636363636
"PE_vs_NP","Multi-Omics",303,0.328,0.636363636363636
"PE_vs_NP","Multi-Omics",303,0.329,0.636363636363636
"PE_vs_NP","Multi-Omics",303,0.33,0.636363636363636
"PE_vs_NP","Multi-Omics",303,0.331,0.636363636363636
"PE_vs_NP","Multi-Omics",303,0.332,0.636363636363636
"PE_vs_NP","Multi-Omics",303,0.333,0.636363636363636
"PE_vs_NP","Multi-Omics",303,0.334,0.636363636363636
"PE_vs_NP","Multi-Omics",303,0.335,0.636363636363636
"PE_vs_NP","Multi-Omics",303,0.336,0.636363636363636
"PE_vs_NP","Multi-Omics",303,0.337,0.636363636363636
"PE_vs_NP","Multi-Omics",303,0.338,0.636363636363636
"PE_vs_NP","Multi-Omics",303,0.339,0.636363636363636
"PE_vs_NP","Multi-Omics",303,0.34,0.636363636363636
"PE_vs_NP","Multi-Omics",303,0.341,0.636363636363636
"PE_vs_NP","Multi-Omics",303,0.342,0.636363636363636
"PE_vs_NP","Multi-Omics",303,0.343,0.636363636363636
"PE_vs_NP","Multi-Omics",303,0.344,0.636363636363636
"PE_vs_NP","Multi-Omics",303,0.345,0.636363636363636
"PE_vs_NP","Multi-Omics",303,0.346,0.636363636363636
"PE_vs_NP","Multi-Omics",303,0.347,0.636363636363636
"PE_vs_NP","Multi-Omics",303,0.348,0.636363636363636
"PE_vs_NP","Multi-Omics",303,0.349,0.636363636363636
"PE_vs_NP","Multi-Omics",303,0.35,0.636363636363636
"PE_vs_NP","Multi-Omics",303,0.351,0.636363636363636
"PE_vs_NP","Multi-Omics",303,0.352,0.636363636363636
"PE_vs_NP","Multi-Omics",303,0.353,0.636363636363636
"PE_vs_NP","Multi-Omics",303,0.354,0.636363636363636
"PE_vs_NP","Multi-Omics",303,0.355,0.636363636363636
"PE_vs_NP","Multi-Omics",303,0.356,0.636363636363636
"PE_vs_NP","Multi-Omics",303,0.357,0.636363636363636
"PE_vs_NP","Multi-Omics",303,0.358,0.636363636363636
"PE_vs_NP","Multi-Omics",303,0.359,0.636363636363636
"PE_vs_NP","Multi-Omics",303,0.36,0.636363636363636
"PE_vs_NP","Multi-Omics",303,0.361,0.636363636363636
"PE_vs_NP","Multi-Omics",303,0.362,0.636363636363636
"PE_vs_NP","Multi-Omics",303,0.363,0.636363636363636
"PE_vs_NP","Multi-Omics",303,0.364,0.636363636363636
"PE_vs_NP","Multi-Omics",303,0.365,0.636363636363636
"PE_vs_NP","Multi-Omics",303,0.366,0.636363636363636
"PE_vs_NP","Multi-Omics",303,0.367,0.636363636363636
"PE_vs_NP","Multi-Omics",303,0.368,0.636363636363636
"PE_vs_NP","Multi-Omics",303,0.369,0.636363636363636
"PE_vs_NP","Multi-Omics",303,0.37,0.636363636363636
"PE_vs_NP","Multi-Omics",303,0.371,0.636363636363636
"PE_vs_NP","Multi-Omics",303,0.372,0.636363636363636
"PE_vs_NP","Multi-Omics",303,0.373,0.636363636363636
"PE_vs_NP","Multi-Omics",303,0.374,0.636363636363636
"PE_vs_NP","Multi-Omics",303,0.375,0.636363636363636
"PE_vs_NP","Multi-Omics",303,0.376,0.636363636363636
"PE_vs_NP","Multi-Omics",303,0.377,0.636363636363636
"PE_vs_NP","Multi-Omics",303,0.378,0.636363636363636
"PE_vs_NP","Multi-Omics",303,0.379,0.636363636363636
"PE_vs_NP","Multi-Omics",303,0.38,0.636363636363636
"PE_vs_NP","Multi-Omics",303,0.381,0.636363636363636
"PE_vs_NP","Multi-Omics",303,0.382,0.636363636363636
"PE_vs_NP","Multi-Omics",303,0.383,0.636363636363636
"PE_vs_NP","Multi-Omics",303,0.384,0.636363636363636
"PE_vs_NP","Multi-Omics",303,0.385,0.636363636363636
"PE_vs_NP","Multi-Omics",303,0.386,0.636363636363636
"PE_vs_NP","Multi-Omics",303,0.387,0.636363636363636
"PE_vs_NP","Multi-Omics",303,0.388,0.636363636363636
"PE_vs_NP","Multi-Omics",303,0.389,0.636363636363636
"PE_vs_NP","Multi-Omics",303,0.39,0.636363636363636
"PE_vs_NP","Multi-Omics",303,0.391,0.636363636363636
"PE_vs_NP","Multi-Omics",303,0.392,0.636363636363636
"PE_vs_NP","Multi-Omics",303,0.393,0.636363636363636
"PE_vs_NP","Multi-Omics",303,0.394,0.636363636363636
"PE_vs_NP","Multi-Omics",303,0.395,0.636363636363636
"PE_vs_NP","Multi-Omics",303,0.396,0.636363636363636
"PE_vs_NP","Multi-Omics",303,0.397,0.636363636363636
"PE_vs_NP","Multi-Omics",303,0.398,0.636363636363636
"PE_vs_NP","Multi-Omics",303,0.399,0.636363636363636
"PE_vs_NP","Multi-Omics",303,0.4,0.636363636363636
"PE_vs_NP","Multi-Omics",303,0.401,0.636363636363636
"PE_vs_NP","Multi-Omics",303,0.402,0.636363636363636
"PE_vs_NP","Multi-Omics",303,0.403,0.636363636363636
"PE_vs_NP","Multi-Omics",303,0.404,0.636363636363636
"PE_vs_NP","Multi-Omics",303,0.405,0.636363636363636
"PE_vs_NP","Multi-Omics",303,0.406,0.636363636363636
"PE_vs_NP","Multi-Omics",303,0.407,0.636363636363636
"PE_vs_NP","Multi-Omics",303,0.408,0.636363636363636
"PE_vs_NP","Multi-Omics",303,0.409,0.636363636363636
"PE_vs_NP","Multi-Omics",303,0.41,0.636363636363636
"PE_vs_NP","Multi-Omics",303,0.411,0.636363636363636
"PE_vs_NP","Multi-Omics",303,0.412,0.636363636363636
"PE_vs_NP","Multi-Omics",303,0.413,0.636363636363636
"PE_vs_NP","Multi-Omics",303,0.414,0.636363636363636
"PE_vs_NP","Multi-Omics",303,0.415,0.636363636363636
"PE_vs_NP","Multi-Omics",303,0.416,0.636363636363636
"PE_vs_NP","Multi-Omics",303,0.417,0.636363636363636
"PE_vs_NP","Multi-Omics",303,0.418,0.636363636363636
"PE_vs_NP","Multi-Omics",303,0.419,0.636363636363636
"PE_vs_NP","Multi-Omics",303,0.42,0.636363636363636
"PE_vs_NP","Multi-Omics",303,0.421,0.636945454545455
"PE_vs_NP","Multi-Omics",303,0.422,0.638012121212121
"PE_vs_NP","Multi-Omics",303,0.423,0.639078787878788
"PE_vs_NP","Multi-Omics",303,0.424,0.640145454545454
"PE_vs_NP","Multi-Omics",303,0.425,0.641212121212121
"PE_vs_NP","Multi-Omics",303,0.426,0.642278787878788
"PE_vs_NP","Multi-Omics",303,0.427,0.643345454545455
"PE_vs_NP","Multi-Omics",303,0.428,0.644412121212121
"PE_vs_NP","Multi-Omics",303,0.429,0.645454545454545
"PE_vs_NP","Multi-Omics",303,0.43,0.645454545454545
"PE_vs_NP","Multi-Omics",303,0.431,0.645454545454545
"PE_vs_NP","Multi-Omics",303,0.432,0.645454545454545
"PE_vs_NP","Multi-Omics",303,0.433,0.645454545454545
"PE_vs_NP","Multi-Omics",303,0.434,0.645454545454545
"PE_vs_NP","Multi-Omics",303,0.435,0.645454545454545
"PE_vs_NP","Multi-Omics",303,0.436,0.645454545454545
"PE_vs_NP","Multi-Omics",303,0.437,0.645454545454545
"PE_vs_NP","Multi-Omics",303,0.438,0.645454545454545
"PE_vs_NP","Multi-Omics",303,0.439,0.645454545454545
"PE_vs_NP","Multi-Omics",303,0.44,0.645454545454545
"PE_vs_NP","Multi-Omics",303,0.441,0.645454545454545
"PE_vs_NP","Multi-Omics",303,0.442,0.645454545454545
"PE_vs_NP","Multi-Omics",303,0.443,0.645454545454545
"PE_vs_NP","Multi-Omics",303,0.444,0.645454545454545
"PE_vs_NP","Multi-Omics",303,0.445,0.645454545454545
"PE_vs_NP","Multi-Omics",303,0.446,0.645454545454545
"PE_vs_NP","Multi-Omics",303,0.447,0.645454545454545
"PE_vs_NP","Multi-Omics",303,0.448,0.645454545454545
"PE_vs_NP","Multi-Omics",303,0.449,0.645454545454545
"PE_vs_NP","Multi-Omics",303,0.45,0.645454545454545
"PE_vs_NP","Multi-Omics",303,0.451,0.645454545454545
"PE_vs_NP","Multi-Omics",303,0.452,0.645454545454545
"PE_vs_NP","Multi-Omics",303,0.453,0.645454545454545
"PE_vs_NP","Multi-Omics",303,0.454,0.645454545454545
"PE_vs_NP","Multi-Omics",303,0.455,0.645454545454545
"PE_vs_NP","Multi-Omics",303,0.456,0.645454545454545
"PE_vs_NP","Multi-Omics",303,0.457,0.645454545454545
"PE_vs_NP","Multi-Omics",303,0.458,0.645454545454545
"PE_vs_NP","Multi-Omics",303,0.459,0.645454545454545
"PE_vs_NP","Multi-Omics",303,0.46,0.645454545454545
"PE_vs_NP","Multi-Omics",303,0.461,0.645454545454545
"PE_vs_NP","Multi-Omics",303,0.462,0.645454545454545
"PE_vs_NP","Multi-Omics",303,0.463,0.645454545454545
"PE_vs_NP","Multi-Omics",303,0.464,0.645454545454545
"PE_vs_NP","Multi-Omics",303,0.465,0.645454545454545
"PE_vs_NP","Multi-Omics",303,0.466,0.645454545454545
"PE_vs_NP","Multi-Omics",303,0.467,0.645454545454545
"PE_vs_NP","Multi-Omics",303,0.468,0.645454545454545
"PE_vs_NP","Multi-Omics",303,0.469,0.645454545454545
"PE_vs_NP","Multi-Omics",303,0.47,0.645454545454545
"PE_vs_NP","Multi-Omics",303,0.471,0.645454545454545
"PE_vs_NP","Multi-Omics",303,0.472,0.645454545454545
"PE_vs_NP","Multi-Omics",303,0.473,0.645454545454545
"PE_vs_NP","Multi-Omics",303,0.474,0.645454545454545
"PE_vs_NP","Multi-Omics",303,0.475,0.645454545454545
"PE_vs_NP","Multi-Omics",303,0.476,0.645454545454545
"PE_vs_NP","Multi-Omics",303,0.477,0.645454545454545
"PE_vs_NP","Multi-Omics",303,0.478,0.645454545454545
"PE_vs_NP","Multi-Omics",303,0.479,0.645454545454545
"PE_vs_NP","Multi-Omics",303,0.48,0.645454545454545
"PE_vs_NP","Multi-Omics",303,0.481,0.645454545454545
"PE_vs_NP","Multi-Omics",303,0.482,0.645454545454545
"PE_vs_NP","Multi-Omics",303,0.483,0.645454545454545
"PE_vs_NP","Multi-Omics",303,0.484,0.645454545454545
"PE_vs_NP","Multi-Omics",303,0.485,0.645454545454545
"PE_vs_NP","Multi-Omics",303,0.486,0.645454545454545
"PE_vs_NP","Multi-Omics",303,0.487,0.645454545454545
"PE_vs_NP","Multi-Omics",303,0.488,0.645454545454545
"PE_vs_NP","Multi-Omics",303,0.489,0.645454545454545
"PE_vs_NP","Multi-Omics",303,0.49,0.645454545454545
"PE_vs_NP","Multi-Omics",303,0.491,0.645454545454545
"PE_vs_NP","Multi-Omics",303,0.492,0.645454545454545
"PE_vs_NP","Multi-Omics",303,0.493,0.645454545454545
"PE_vs_NP","Multi-Omics",303,0.494,0.645454545454545
"PE_vs_NP","Multi-Omics",303,0.495,0.645454545454545
"PE_vs_NP","Multi-Omics",303,0.496,0.645454545454545
"PE_vs_NP","Multi-Omics",303,0.497,0.645454545454545
"PE_vs_NP","Multi-Omics",303,0.498,0.645454545454545
"PE_vs_NP","Multi-Omics",303,0.499,0.645454545454545
"PE_vs_NP","Multi-Omics",303,0.5,0.645454545454545
"PE_vs_NP","Multi-Omics",303,0.501,0.645454545454545
"PE_vs_NP","Multi-Omics",303,0.502,0.645454545454545
"PE_vs_NP","Multi-Omics",303,0.503,0.645624242424242
"PE_vs_NP","Multi-Omics",303,0.504,0.646690909090909
"PE_vs_NP","Multi-Omics",303,0.505,0.647757575757576
"PE_vs_NP","Multi-Omics",303,0.506,0.648824242424242
"PE_vs_NP","Multi-Omics",303,0.507,0.649890909090909
"PE_vs_NP","Multi-Omics",303,0.508,0.650957575757576
"PE_vs_NP","Multi-Omics",303,0.509,0.652533333333333
"PE_vs_NP","Multi-Omics",303,0.51,0.654666666666667
"PE_vs_NP","Multi-Omics",303,0.511,0.6568
"PE_vs_NP","Multi-Omics",303,0.512,0.658254545454545
"PE_vs_NP","Multi-Omics",303,0.513,0.659321212121212
"PE_vs_NP","Multi-Omics",303,0.514,0.660387878787879
"PE_vs_NP","Multi-Omics",303,0.515,0.661454545454545
"PE_vs_NP","Multi-Omics",303,0.516,0.662521212121212
"PE_vs_NP","Multi-Omics",303,0.517,0.663587878787879
"PE_vs_NP","Multi-Omics",303,0.518,0.663636363636364
"PE_vs_NP","Multi-Omics",303,0.519,0.663636363636364
"PE_vs_NP","Multi-Omics",303,0.52,0.663636363636364
"PE_vs_NP","Multi-Omics",303,0.521,0.663636363636364
"PE_vs_NP","Multi-Omics",303,0.522,0.663636363636364
"PE_vs_NP","Multi-Omics",303,0.523,0.663927272727273
"PE_vs_NP","Multi-Omics",303,0.524,0.664993939393939
"PE_vs_NP","Multi-Omics",303,0.525,0.666060606060606
"PE_vs_NP","Multi-Omics",303,0.526,0.667127272727273
"PE_vs_NP","Multi-Omics",303,0.527,0.668193939393939
"PE_vs_NP","Multi-Omics",303,0.528,0.669260606060606
"PE_vs_NP","Multi-Omics",303,0.529,0.679418181818182
"PE_vs_NP","Multi-Omics",303,0.53,0.680484848484848
"PE_vs_NP","Multi-Omics",303,0.531,0.681551515151515
"PE_vs_NP","Multi-Omics",303,0.532,0.681818181818182
"PE_vs_NP","Multi-Omics",303,0.533,0.681818181818182
"PE_vs_NP","Multi-Omics",303,0.534,0.681818181818182
"PE_vs_NP","Multi-Omics",303,0.535,0.681818181818182
"PE_vs_NP","Multi-Omics",303,0.536,0.681818181818182
"PE_vs_NP","Multi-Omics",303,0.537,0.681818181818182
"PE_vs_NP","Multi-Omics",303,0.538,0.681818181818182
"PE_vs_NP","Multi-Omics",303,0.539,0.681818181818182
"PE_vs_NP","Multi-Omics",303,0.54,0.681818181818182
"PE_vs_NP","Multi-Omics",303,0.541,0.681818181818182
"PE_vs_NP","Multi-Omics",303,0.542,0.681818181818182
"PE_vs_NP","Multi-Omics",303,0.543,0.682127272727273
"PE_vs_NP","Multi-Omics",303,0.544,0.682927272727273
"PE_vs_NP","Multi-Omics",303,0.545,0.683727272727273
"PE_vs_NP","Multi-Omics",303,0.546,0.685109090909091
"PE_vs_NP","Multi-Omics",303,0.547,0.686975757575758
"PE_vs_NP","Multi-Omics",303,0.548,0.688842424242424
"PE_vs_NP","Multi-Omics",303,0.549,0.691272727272727
"PE_vs_NP","Multi-Omics",303,0.55,0.693939393939394
"PE_vs_NP","Multi-Omics",303,0.551,0.696606060606061
"PE_vs_NP","Multi-Omics",303,0.552,0.699272727272727
"PE_vs_NP","Multi-Omics",303,0.553,0.701939393939394
"PE_vs_NP","Multi-Omics",303,0.554,0.704660606060606
"PE_vs_NP","Multi-Omics",303,0.555,0.709727272727273
"PE_vs_NP","Multi-Omics",303,0.556,0.71479393939394
"PE_vs_NP","Multi-Omics",303,0.557,0.719860606060606
"PE_vs_NP","Multi-Omics",303,0.558,0.724927272727273
"PE_vs_NP","Multi-Omics",303,0.559,0.72999393939394
"PE_vs_NP","Multi-Omics",303,0.56,0.742943722943723
"PE_vs_NP","Multi-Omics",303,0.561,0.744467532467533
"PE_vs_NP","Multi-Omics",303,0.562,0.745991341991342
"PE_vs_NP","Multi-Omics",303,0.563,0.746981818181818
"PE_vs_NP","Multi-Omics",303,0.564,0.747438961038961
"PE_vs_NP","Multi-Omics",303,0.565,0.747896103896104
"PE_vs_NP","Multi-Omics",303,0.566,0.750462337662338
"PE_vs_NP","Multi-Omics",303,0.567,0.754119480519481
"PE_vs_NP","Multi-Omics",303,0.568,0.757776623376624
"PE_vs_NP","Multi-Omics",303,0.569,0.760124675324675
"PE_vs_NP","Multi-Omics",303,0.57,0.762181818181818
"PE_vs_NP","Multi-Omics",303,0.571,0.764238961038961
"PE_vs_NP","Multi-Omics",303,0.572,0.766296103896104
"PE_vs_NP","Multi-Omics",303,0.573,0.768353246753247
"PE_vs_NP","Multi-Omics",303,0.574,0.770192207792208
"PE_vs_NP","Multi-Omics",303,0.575,0.770649350649351
"PE_vs_NP","Multi-Omics",303,0.576,0.771106493506494
"PE_vs_NP","Multi-Omics",303,0.577,0.771563636363636
"PE_vs_NP","Multi-Omics",303,0.578,0.772020779220779
"PE_vs_NP","Multi-Omics",303,0.579,0.772477922077922
"PE_vs_NP","Multi-Omics",303,0.58,0.772727272727273
"PE_vs_NP","Multi-Omics",303,0.581,0.772727272727273
"PE_vs_NP","Multi-Omics",303,0.582,0.772727272727273
"PE_vs_NP","Multi-Omics",303,0.583,0.772727272727273
"PE_vs_NP","Multi-Omics",303,0.584,0.772727272727273
"PE_vs_NP","Multi-Omics",303,0.585,0.772727272727273
"PE_vs_NP","Multi-Omics",303,0.586,0.772727272727273
"PE_vs_NP","Multi-Omics",303,0.587,0.772727272727273
"PE_vs_NP","Multi-Omics",303,0.588,0.772727272727273
"PE_vs_NP","Multi-Omics",303,0.589,0.772727272727273
"PE_vs_NP","Multi-Omics",303,0.59,0.772727272727273
"PE_vs_NP","Multi-Omics",303,0.591,0.772727272727273
"PE_vs_NP","Multi-Omics",303,0.592,0.772727272727273
"PE_vs_NP","Multi-Omics",303,0.593,0.772727272727273
"PE_vs_NP","Multi-Omics",303,0.594,0.772727272727273
"PE_vs_NP","Multi-Omics",303,0.595,0.772727272727273
"PE_vs_NP","Multi-Omics",303,0.596,0.772727272727273
"PE_vs_NP","Multi-Omics",303,0.597,0.772727272727273
"PE_vs_NP","Multi-Omics",303,0.598,0.772727272727273
"PE_vs_NP","Multi-Omics",303,0.599,0.772727272727273
"PE_vs_NP","Multi-Omics",303,0.6,0.772727272727273
"PE_vs_NP","Multi-Omics",303,0.601,0.772727272727273
"PE_vs_NP","Multi-Omics",303,0.602,0.772727272727273
"PE_vs_NP","Multi-Omics",303,0.603,0.772727272727273
"PE_vs_NP","Multi-Omics",303,0.604,0.772727272727273
"PE_vs_NP","Multi-Omics",303,0.605,0.772727272727273
"PE_vs_NP","Multi-Omics",303,0.606,0.772727272727273
"PE_vs_NP","Multi-Omics",303,0.607,0.772727272727273
"PE_vs_NP","Multi-Omics",303,0.608,0.772727272727273
"PE_vs_NP","Multi-Omics",303,0.609,0.772727272727273
"PE_vs_NP","Multi-Omics",303,0.61,0.772727272727273
"PE_vs_NP","Multi-Omics",303,0.611,0.772727272727273
"PE_vs_NP","Multi-Omics",303,0.612,0.772727272727273
"PE_vs_NP","Multi-Omics",303,0.613,0.772727272727273
"PE_vs_NP","Multi-Omics",303,0.614,0.772727272727273
"PE_vs_NP","Multi-Omics",303,0.615,0.772727272727273
"PE_vs_NP","Multi-Omics",303,0.616,0.772727272727273
"PE_vs_NP","Multi-Omics",303,0.617,0.772727272727273
"PE_vs_NP","Multi-Omics",303,0.618,0.772727272727273
"PE_vs_NP","Multi-Omics",303,0.619,0.772727272727273
"PE_vs_NP","Multi-Omics",303,0.62,0.772727272727273
"PE_vs_NP","Multi-Omics",303,0.621,0.772727272727273
"PE_vs_NP","Multi-Omics",303,0.622,0.772727272727273
"PE_vs_NP","Multi-Omics",303,0.623,0.772727272727273
"PE_vs_NP","Multi-Omics",303,0.624,0.772727272727273
"PE_vs_NP","Multi-Omics",303,0.625,0.772727272727273
"PE_vs_NP","Multi-Omics",303,0.626,0.772727272727273
"PE_vs_NP","Multi-Omics",303,0.627,0.772727272727273
"PE_vs_NP","Multi-Omics",303,0.628,0.772727272727273
"PE_vs_NP","Multi-Omics",303,0.629,0.772727272727273
"PE_vs_NP","Multi-Omics",303,0.63,0.772727272727273
"PE_vs_NP","Multi-Omics",303,0.631,0.772727272727273
"PE_vs_NP","Multi-Omics",303,0.632,0.772727272727273
"PE_vs_NP","Multi-Omics",303,0.633,0.772727272727273
"PE_vs_NP","Multi-Omics",303,0.634,0.772727272727273
"PE_vs_NP","Multi-Omics",303,0.635,0.772727272727273
"PE_vs_NP","Multi-Omics",303,0.636,0.772727272727273
"PE_vs_NP","Multi-Omics",303,0.637,0.772727272727273
"PE_vs_NP","Multi-Omics",303,0.638,0.772727272727273
"PE_vs_NP","Multi-Omics",303,0.639,0.772727272727273
"PE_vs_NP","Multi-Omics",303,0.64,0.772727272727273
"PE_vs_NP","Multi-Omics",303,0.641,0.772727272727273
"PE_vs_NP","Multi-Omics",303,0.642,0.772727272727273
"PE_vs_NP","Multi-Omics",303,0.643,0.772727272727273
"PE_vs_NP","Multi-Omics",303,0.644,0.772727272727273
"PE_vs_NP","Multi-Omics",303,0.645,0.772727272727273
"PE_vs_NP","Multi-Omics",303,0.646,0.772727272727273
"PE_vs_NP","Multi-Omics",303,0.647,0.772727272727273
"PE_vs_NP","Multi-Omics",303,0.648,0.772727272727273
"PE_vs_NP","Multi-Omics",303,0.649,0.772727272727273
"PE_vs_NP","Multi-Omics",303,0.65,0.772727272727273
"PE_vs_NP","Multi-Omics",303,0.651,0.8
"PE_vs_NP","Multi-Omics",303,0.652,0.8
"PE_vs_NP","Multi-Omics",303,0.653,0.8
"PE_vs_NP","Multi-Omics",303,0.654,0.809090909090909
"PE_vs_NP","Multi-Omics",303,0.655,0.809090909090909
"PE_vs_NP","Multi-Omics",303,0.656,0.809090909090909
"PE_vs_NP","Multi-Omics",303,0.657,0.811490909090909
"PE_vs_NP","Multi-Omics",303,0.658,0.814690909090909
"PE_vs_NP","Multi-Omics",303,0.659,0.817890909090909
"PE_vs_NP","Multi-Omics",303,0.66,0.818181818181818
"PE_vs_NP","Multi-Omics",303,0.661,0.818181818181818
"PE_vs_NP","Multi-Omics",303,0.662,0.818181818181818
"PE_vs_NP","Multi-Omics",303,0.663,0.818181818181818
"PE_vs_NP","Multi-Omics",303,0.664,0.818181818181818
"PE_vs_NP","Multi-Omics",303,0.665,0.818181818181818
"PE_vs_NP","Multi-Omics",303,0.666,0.818181818181818
"PE_vs_NP","Multi-Omics",303,0.667,0.818181818181818
"PE_vs_NP","Multi-Omics",303,0.668,0.818181818181818
"PE_vs_NP","Multi-Omics",303,0.669,0.818181818181818
"PE_vs_NP","Multi-Omics",303,0.67,0.818181818181818
"PE_vs_NP","Multi-Omics",303,0.671,0.818181818181818
"PE_vs_NP","Multi-Omics",303,0.672,0.818181818181818
"PE_vs_NP","Multi-Omics",303,0.673,0.818181818181818
"PE_vs_NP","Multi-Omics",303,0.674,0.818181818181818
"PE_vs_NP","Multi-Omics",303,0.675,0.818181818181818
"PE_vs_NP","Multi-Omics",303,0.676,0.818181818181818
"PE_vs_NP","Multi-Omics",303,0.677,0.818181818181818
"PE_vs_NP","Multi-Omics",303,0.678,0.818181818181818
"PE_vs_NP","Multi-Omics",303,0.679,0.818181818181818
"PE_vs_NP","Multi-Omics",303,0.68,0.818181818181818
"PE_vs_NP","Multi-Omics",303,0.681,0.818181818181818
"PE_vs_NP","Multi-Omics",303,0.682,0.818181818181818
"PE_vs_NP","Multi-Omics",303,0.683,0.818181818181818
"PE_vs_NP","Multi-Omics",303,0.684,0.818181818181818
"PE_vs_NP","Multi-Omics",303,0.685,0.818181818181818
"PE_vs_NP","Multi-Omics",303,0.686,0.818181818181818
"PE_vs_NP","Multi-Omics",303,0.687,0.818181818181818
"PE_vs_NP","Multi-Omics",303,0.688,0.818181818181818
"PE_vs_NP","Multi-Omics",303,0.689,0.818181818181818
"PE_vs_NP","Multi-Omics",303,0.69,0.818181818181818
"PE_vs_NP","Multi-Omics",303,0.691,0.818181818181818
"PE_vs_NP","Multi-Omics",303,0.692,0.818181818181818
"PE_vs_NP","Multi-Omics",303,0.693,0.818181818181818
"PE_vs_NP","Multi-Omics",303,0.694,0.818181818181818
"PE_vs_NP","Multi-Omics",303,0.695,0.818181818181818
"PE_vs_NP","Multi-Omics",303,0.696,0.818181818181818
"PE_vs_NP","Multi-Omics",303,0.697,0.818181818181818
"PE_vs_NP","Multi-Omics",303,0.698,0.818181818181818
"PE_vs_NP","Multi-Omics",303,0.699,0.818181818181818
"PE_vs_NP","Multi-Omics",303,0.7,0.818181818181818
"PE_vs_NP","Multi-Omics",303,0.701,0.818181818181818
"PE_vs_NP","Multi-Omics",303,0.702,0.818181818181818
"PE_vs_NP","Multi-Omics",303,0.703,0.818181818181818
"PE_vs_NP","Multi-Omics",303,0.704,0.818181818181818
"PE_vs_NP","Multi-Omics",303,0.705,0.818909090909091
"PE_vs_NP","Multi-Omics",303,0.706,0.820509090909091
"PE_vs_NP","Multi-Omics",303,0.707,0.822109090909091
"PE_vs_NP","Multi-Omics",303,0.708,0.823709090909091
"PE_vs_NP","Multi-Omics",303,0.709,0.825309090909091
"PE_vs_NP","Multi-Omics",303,0.71,0.826909090909091
"PE_vs_NP","Multi-Omics",303,0.711,0.827272727272727
"PE_vs_NP","Multi-Omics",303,0.712,0.827272727272727
"PE_vs_NP","Multi-Omics",303,0.713,0.827272727272727
"PE_vs_NP","Multi-Omics",303,0.714,0.828763636363636
"PE_vs_NP","Multi-Omics",303,0.715,0.830363636363636
"PE_vs_NP","Multi-Omics",303,0.716,0.831963636363636
"PE_vs_NP","Multi-Omics",303,0.717,0.833563636363636
"PE_vs_NP","Multi-Omics",303,0.718,0.835163636363636
"PE_vs_NP","Multi-Omics",303,0.719,0.836363636363636
"PE_vs_NP","Multi-Omics",303,0.72,0.836363636363636
"PE_vs_NP","Multi-Omics",303,0.721,0.836363636363636
"PE_vs_NP","Multi-Omics",303,0.722,0.836363636363636
"PE_vs_NP","Multi-Omics",303,0.723,0.836363636363636
"PE_vs_NP","Multi-Omics",303,0.724,0.836363636363636
"PE_vs_NP","Multi-Omics",303,0.725,0.845454545454545
"PE_vs_NP","Multi-Omics",303,0.726,0.845454545454545
"PE_vs_NP","Multi-Omics",303,0.727,0.845454545454545
"PE_vs_NP","Multi-Omics",303,0.728,0.845454545454545
"PE_vs_NP","Multi-Omics",303,0.729,0.845454545454545
"PE_vs_NP","Multi-Omics",303,0.73,0.845454545454545
"PE_vs_NP","Multi-Omics",303,0.731,0.845454545454545
"PE_vs_NP","Multi-Omics",303,0.732,0.845454545454545
"PE_vs_NP","Multi-Omics",303,0.733,0.845454545454545
"PE_vs_NP","Multi-Omics",303,0.734,0.845454545454545
"PE_vs_NP","Multi-Omics",303,0.735,0.845454545454545
"PE_vs_NP","Multi-Omics",303,0.736,0.854545454545455
"PE_vs_NP","Multi-Omics",303,0.737,0.854545454545455
"PE_vs_NP","Multi-Omics",303,0.738,0.854545454545455
"PE_vs_NP","Multi-Omics",303,0.739,0.854545454545455
"PE_vs_NP","Multi-Omics",303,0.74,0.854545454545455
"PE_vs_NP","Multi-Omics",303,0.741,0.854545454545455
"PE_vs_NP","Multi-Omics",303,0.742,0.863636363636364
"PE_vs_NP","Multi-Omics",303,0.743,0.863636363636364
"PE_vs_NP","Multi-Omics",303,0.744,0.863636363636364
"PE_vs_NP","Multi-Omics",303,0.745,0.863636363636364
"PE_vs_NP","Multi-Omics",303,0.746,0.863636363636364
"PE_vs_NP","Multi-Omics",303,0.747,0.863636363636364
"PE_vs_NP","Multi-Omics",303,0.748,0.866327272727273
"PE_vs_NP","Multi-Omics",303,0.749,0.869527272727273
"PE_vs_NP","Multi-Omics",303,0.75,0.872727272727273
"PE_vs_NP","Multi-Omics",303,0.751,0.875927272727273
"PE_vs_NP","Multi-Omics",303,0.752,0.879127272727273
"PE_vs_NP","Multi-Omics",303,0.753,0.881818181818182
"PE_vs_NP","Multi-Omics",303,0.754,0.881818181818182
"PE_vs_NP","Multi-Omics",303,0.755,0.881818181818182
"PE_vs_NP","Multi-Omics",303,0.756,0.882836363636364
"PE_vs_NP","Multi-Omics",303,0.757,0.886036363636364
"PE_vs_NP","Multi-Omics",303,0.758,0.889236363636364
"PE_vs_NP","Multi-Omics",303,0.759,0.890909090909091
"PE_vs_NP","Multi-Omics",303,0.76,0.890909090909091
"PE_vs_NP","Multi-Omics",303,0.761,0.890909090909091
"PE_vs_NP","Multi-Omics",303,0.762,0.890909090909091
"PE_vs_NP","Multi-Omics",303,0.763,0.890909090909091
"PE_vs_NP","Multi-Omics",303,0.764,0.890909090909091
"PE_vs_NP","Multi-Omics",303,0.765,0.890909090909091
"PE_vs_NP","Multi-Omics",303,0.766,0.890909090909091
"PE_vs_NP","Multi-Omics",303,0.767,0.890909090909091
"PE_vs_NP","Multi-Omics",303,0.768,0.890909090909091
"PE_vs_NP","Multi-Omics",303,0.769,0.890909090909091
"PE_vs_NP","Multi-Omics",303,0.77,0.891454545454545
"PE_vs_NP","Multi-Omics",303,0.771,0.896254545454546
"PE_vs_NP","Multi-Omics",303,0.772,0.901054545454545
"PE_vs_NP","Multi-Omics",303,0.773,0.904981818181818
"PE_vs_NP","Multi-Omics",303,0.774,0.906581818181818
"PE_vs_NP","Multi-Omics",303,0.775,0.908181818181818
"PE_vs_NP","Multi-Omics",303,0.776,0.910242424242424
"PE_vs_NP","Multi-Omics",303,0.777,0.912909090909091
"PE_vs_NP","Multi-Omics",303,0.778,0.915575757575758
"PE_vs_NP","Multi-Omics",303,0.779,0.918242424242424
"PE_vs_NP","Multi-Omics",303,0.78,0.920909090909091
"PE_vs_NP","Multi-Omics",303,0.781,0.923575757575758
"PE_vs_NP","Multi-Omics",303,0.782,0.925042424242424
"PE_vs_NP","Multi-Omics",303,0.783,0.926109090909091
"PE_vs_NP","Multi-Omics",303,0.784,0.927175757575758
"PE_vs_NP","Multi-Omics",303,0.785,0.927272727272727
"PE_vs_NP","Multi-Omics",303,0.786,0.927272727272727
"PE_vs_NP","Multi-Omics",303,0.787,0.927272727272727
"PE_vs_NP","Multi-Omics",303,0.788,0.927272727272727
"PE_vs_NP","Multi-Omics",303,0.789,0.927272727272727
"PE_vs_NP","Multi-Omics",303,0.79,0.927636363636364
"PE_vs_NP","Multi-Omics",303,0.791,0.929236363636364
"PE_vs_NP","Multi-Omics",303,0.792,0.930836363636364
"PE_vs_NP","Multi-Omics",303,0.793,0.941527272727273
"PE_vs_NP","Multi-Omics",303,0.794,0.943127272727273
"PE_vs_NP","Multi-Omics",303,0.795,0.944727272727273
"PE_vs_NP","Multi-Omics",303,0.796,0.945745454545455
"PE_vs_NP","Multi-Omics",303,0.797,0.946278787878788
"PE_vs_NP","Multi-Omics",303,0.798,0.946812121212121
"PE_vs_NP","Multi-Omics",303,0.799,0.947345454545455
"PE_vs_NP","Multi-Omics",303,0.8,0.947878787878788
"PE_vs_NP","Multi-Omics",303,0.801,0.948412121212121
"PE_vs_NP","Multi-Omics",303,0.802,0.948945454545455
"PE_vs_NP","Multi-Omics",303,0.803,0.949478787878788
"PE_vs_NP","Multi-Omics",303,0.804,0.950012121212121
"PE_vs_NP","Multi-Omics",303,0.805,0.950545454545455
"PE_vs_NP","Multi-Omics",303,0.806,0.951078787878788
"PE_vs_NP","Multi-Omics",303,0.807,0.951612121212121
"PE_vs_NP","Multi-Omics",303,0.808,0.952145454545455
"PE_vs_NP","Multi-Omics",303,0.809,0.952678787878788
"PE_vs_NP","Multi-Omics",303,0.81,0.953212121212121
"PE_vs_NP","Multi-Omics",303,0.811,0.953745454545455
"PE_vs_NP","Multi-Omics",303,0.812,0.954278787878788
"PE_vs_NP","Multi-Omics",303,0.813,0.954545454545455
"PE_vs_NP","Multi-Omics",303,0.814,0.954545454545455
"PE_vs_NP","Multi-Omics",303,0.815,0.954545454545455
"PE_vs_NP","Multi-Omics",303,0.816,0.954545454545455
"PE_vs_NP","Multi-Omics",303,0.817,0.954545454545455
"PE_vs_NP","Multi-Omics",303,0.818,0.954545454545455
"PE_vs_NP","Multi-Omics",303,0.819,0.954545454545455
"PE_vs_NP","Multi-Omics",303,0.82,0.954545454545455
"PE_vs_NP","Multi-Omics",303,0.821,0.954545454545455
"PE_vs_NP","Multi-Omics",303,0.822,0.954545454545455
"PE_vs_NP","Multi-Omics",303,0.823,0.954545454545455
"PE_vs_NP","Multi-Omics",303,0.824,0.954545454545455
"PE_vs_NP","Multi-Omics",303,0.825,0.954545454545455
"PE_vs_NP","Multi-Omics",303,0.826,0.954545454545455
"PE_vs_NP","Multi-Omics",303,0.827,0.954545454545455
"PE_vs_NP","Multi-Omics",303,0.828,0.954545454545455
"PE_vs_NP","Multi-Omics",303,0.829,0.954545454545455
"PE_vs_NP","Multi-Omics",303,0.83,0.954545454545455
"PE_vs_NP","Multi-Omics",303,0.831,0.954545454545455
"PE_vs_NP","Multi-Omics",303,0.832,0.954545454545455
"PE_vs_NP","Multi-Omics",303,0.833,0.954545454545455
"PE_vs_NP","Multi-Omics",303,0.834,0.954545454545455
"PE_vs_NP","Multi-Omics",303,0.835,0.954545454545455
"PE_vs_NP","Multi-Omics",303,0.836,0.954545454545455
"PE_vs_NP","Multi-Omics",303,0.837,0.954545454545455
"PE_vs_NP","Multi-Omics",303,0.838,0.954545454545455
"PE_vs_NP","Multi-Omics",303,0.839,0.954545454545455
"PE_vs_NP","Multi-Omics",303,0.84,0.954545454545455
"PE_vs_NP","Multi-Omics",303,0.841,0.954545454545455
"PE_vs_NP","Multi-Omics",303,0.842,0.954545454545455
"PE_vs_NP","Multi-Omics",303,0.843,0.954545454545455
"PE_vs_NP","Multi-Omics",303,0.844,0.954545454545455
"PE_vs_NP","Multi-Omics",303,0.845,0.954545454545455
"PE_vs_NP","Multi-Omics",303,0.846,0.954545454545455
"PE_vs_NP","Multi-Omics",303,0.847,0.955854545454545
"PE_vs_NP","Multi-Omics",303,0.848,0.959054545454545
"PE_vs_NP","Multi-Omics",303,0.849,0.962254545454545
"PE_vs_NP","Multi-Omics",303,0.85,0.963636363636364
"PE_vs_NP","Multi-Omics",303,0.851,0.963636363636364
"PE_vs_NP","Multi-Omics",303,0.852,0.963636363636364
"PE_vs_NP","Multi-Omics",303,0.853,0.966739393939394
"PE_vs_NP","Multi-Omics",303,0.854,0.971006060606061
"PE_vs_NP","Multi-Omics",303,0.855,0.975272727272727
"PE_vs_NP","Multi-Omics",303,0.856,0.979539393939394
"PE_vs_NP","Multi-Omics",303,0.857,0.983806060606061
"PE_vs_NP","Multi-Omics",303,0.858,0.987927272727273
"PE_vs_NP","Multi-Omics",303,0.859,0.988993939393939
"PE_vs_NP","Multi-Omics",303,0.86,0.990060606060606
"PE_vs_NP","Multi-Omics",303,0.861,0.990909090909091
"PE_vs_NP","Multi-Omics",303,0.862,0.990909090909091
"PE_vs_NP","Multi-Omics",303,0.863,0.990909090909091
"PE_vs_NP","Multi-Omics",303,0.864,0.990909090909091
"PE_vs_NP","Multi-Omics",303,0.865,0.990909090909091
"PE_vs_NP","Multi-Omics",303,0.866,0.990909090909091
"PE_vs_NP","Multi-Omics",303,0.867,0.990909090909091
"PE_vs_NP","Multi-Omics",303,0.868,0.990909090909091
"PE_vs_NP","Multi-Omics",303,0.869,0.990909090909091
"PE_vs_NP","Multi-Omics",303,0.87,0.990909090909091
"PE_vs_NP","Multi-Omics",303,0.871,0.990909090909091
"PE_vs_NP","Multi-Omics",303,0.872,0.990909090909091
"PE_vs_NP","Multi-Omics",303,0.873,1
"PE_vs_NP","Multi-Omics",303,0.874,1
"PE_vs_NP","Multi-Omics",303,0.875,1
"PE_vs_NP","Multi-Omics",303,0.876,1
"PE_vs_NP","Multi-Omics",303,0.877,1
"PE_vs_NP","Multi-Omics",303,0.878,1
"PE_vs_NP","Multi-Omics",303,0.879,1
"PE_vs_NP","Multi-Omics",303,0.88,1
"PE_vs_NP","Multi-Omics",303,0.881,1
"PE_vs_NP","Multi-Omics",303,0.882,1
"PE_vs_NP","Multi-Omics",303,0.883,1
"PE_vs_NP","Multi-Omics",303,0.884,1
"PE_vs_NP","Multi-Omics",303,0.885,1
"PE_vs_NP","Multi-Omics",303,0.886,1
"PE_vs_NP","Multi-Omics",303,0.887,1
"PE_vs_NP","Multi-Omics",303,0.888,1
"PE_vs_NP","Multi-Omics",303,0.889,1
"PE_vs_NP","Multi-Omics",303,0.89,1
"PE_vs_NP","Multi-Omics",303,0.891,1
"PE_vs_NP","Multi-Omics",303,0.892,1
"PE_vs_NP","Multi-Omics",303,0.893,1
"PE_vs_NP","Multi-Omics",303,0.894,1
"PE_vs_NP","Multi-Omics",303,0.895,1
"PE_vs_NP","Multi-Omics",303,0.896,1
"PE_vs_NP","Multi-Omics",303,0.897,1
"PE_vs_NP","Multi-Omics",303,0.898,1
"PE_vs_NP","Multi-Omics",303,0.899,1
"PE_vs_NP","Multi-Omics",303,0.9,1
"PE_vs_NP","Multi-Omics",303,0.901,1
"PE_vs_NP","Multi-Omics",303,0.902,1
"PE_vs_NP","Multi-Omics",303,0.903,1
"PE_vs_NP","Multi-Omics",303,0.904,1
"PE_vs_NP","Multi-Omics",303,0.905,1
"PE_vs_NP","Multi-Omics",303,0.906,1
"PE_vs_NP","Multi-Omics",303,0.907,1
"PE_vs_NP","Multi-Omics",303,0.908,1
"PE_vs_NP","Multi-Omics",303,0.909,1
"PE_vs_NP","Multi-Omics",303,0.91,1
"PE_vs_NP","Multi-Omics",303,0.911,1
"PE_vs_NP","Multi-Omics",303,0.912,1
"PE_vs_NP","Multi-Omics",303,0.913,1
"PE_vs_NP","Multi-Omics",303,0.914,1
"PE_vs_NP","Multi-Omics",303,0.915,1
"PE_vs_NP","Multi-Omics",303,0.916,1
"PE_vs_NP","Multi-Omics",303,0.917,1
"PE_vs_NP","Multi-Omics",303,0.918,1
"PE_vs_NP","Multi-Omics",303,0.919,1
"PE_vs_NP","Multi-Omics",303,0.92,1
"PE_vs_NP","Multi-Omics",303,0.921,1
"PE_vs_NP","Multi-Omics",303,0.922,1
"PE_vs_NP","Multi-Omics",303,0.923,1
"PE_vs_NP","Multi-Omics",303,0.924,1
"PE_vs_NP","Multi-Omics",303,0.925,1
"PE_vs_NP","Multi-Omics",303,0.926,1
"PE_vs_NP","Multi-Omics",303,0.927,1
"PE_vs_NP","Multi-Omics",303,0.928,1
"PE_vs_NP","Multi-Omics",303,0.929,1
"PE_vs_NP","Multi-Omics",303,0.93,1
"PE_vs_NP","Multi-Omics",303,0.931,1
"PE_vs_NP","Multi-Omics",303,0.932,1
"PE_vs_NP","Multi-Omics",303,0.933,1
"PE_vs_NP","Multi-Omics",303,0.934,1
"PE_vs_NP","Multi-Omics",303,0.935,1
"PE_vs_NP","Multi-Omics",303,0.936,1
"PE_vs_NP","Multi-Omics",303,0.937,1
"PE_vs_NP","Multi-Omics",303,0.938,1
"PE_vs_NP","Multi-Omics",303,0.939,1
"PE_vs_NP","Multi-Omics",303,0.94,1
"PE_vs_NP","Multi-Omics",303,0.941,1
"PE_vs_NP","Multi-Omics",303,0.942,1
"PE_vs_NP","Multi-Omics",303,0.943,1
"PE_vs_NP","Multi-Omics",303,0.944,1
"PE_vs_NP","Multi-Omics",303,0.945,1
"PE_vs_NP","Multi-Omics",303,0.946,1
"PE_vs_NP","Multi-Omics",303,0.947,1
"PE_vs_NP","Multi-Omics",303,0.948,1
"PE_vs_NP","Multi-Omics",303,0.949,1
"PE_vs_NP","Multi-Omics",303,0.95,1
"PE_vs_NP","Multi-Omics",303,0.951,1
"PE_vs_NP","Multi-Omics",303,0.952,1
"PE_vs_NP","Multi-Omics",303,0.953,1
"PE_vs_NP","Multi-Omics",303,0.954,1
"PE_vs_NP","Multi-Omics",303,0.955,1
"PE_vs_NP","Multi-Omics",303,0.956,1
"PE_vs_NP","Multi-Omics",303,0.957,1
"PE_vs_NP","Multi-Omics",303,0.958,1
"PE_vs_NP","Multi-Omics",303,0.959,1
"PE_vs_NP","Multi-Omics",303,0.96,1
"PE_vs_NP","Multi-Omics",303,0.961,1
"PE_vs_NP","Multi-Omics",303,0.962,1
"PE_vs_NP","Multi-Omics",303,0.963,1
"PE_vs_NP","Multi-Omics",303,0.964,1
"PE_vs_NP","Multi-Omics",303,0.965,1
"PE_vs_NP","Multi-Omics",303,0.966,1
"PE_vs_NP","Multi-Omics",303,0.967,1
"PE_vs_NP","Multi-Omics",303,0.968,1
"PE_vs_NP","Multi-Omics",303,0.969,1
"PE_vs_NP","Multi-Omics",303,0.97,1
"PE_vs_NP","Multi-Omics",303,0.971,1
"PE_vs_NP","Multi-Omics",303,0.972,1
"PE_vs_NP","Multi-Omics",303,0.973,1
"PE_vs_NP","Multi-Omics",303,0.974,1
"PE_vs_NP","Multi-Omics",303,0.975,1
"PE_vs_NP","Multi-Omics",303,0.976,1
"PE_vs_NP","Multi-Omics",303,0.977,1
"PE_vs_NP","Multi-Omics",303,0.978,1
"PE_vs_NP","Multi-Omics",303,0.979,1
"PE_vs_NP","Multi-Omics",303,0.98,1
"PE_vs_NP","Multi-Omics",303,0.981,1
"PE_vs_NP","Multi-Omics",303,0.982,1
"PE_vs_NP","Multi-Omics",303,0.983,1
"PE_vs_NP","Multi-Omics",303,0.984,1
"PE_vs_NP","Multi-Omics",303,0.985,1
"PE_vs_NP","Multi-Omics",303,0.986,1
"PE_vs_NP","Multi-Omics",303,0.987,1
"PE_vs_NP","Multi-Omics",303,0.988,1
"PE_vs_NP","Multi-Omics",303,0.989,1
"PE_vs_NP","Multi-Omics",303,0.99,1
"PE_vs_NP","Multi-Omics",303,0.991,1
"PE_vs_NP","Multi-Omics",303,0.992,1
"PE_vs_NP","Multi-Omics",303,0.993,1
"PE_vs_NP","Multi-Omics",303,0.994,1
"PE_vs_NP","Multi-Omics",303,0.995,1
"PE_vs_NP","Multi-Omics",303,0.996,1
"PE_vs_NP","Multi-Omics",303,0.997,1
"PE_vs_NP","Multi-Omics",303,0.998,1
"PE_vs_NP","Multi-Omics",303,0.999,1
"PE_vs_NP","Multi-Omics",303,1,1
"GH_vs_NP","Baseline",303,0,0.166666666666667
"GH_vs_NP","Baseline",303,0.001,0.166666666666667
"GH_vs_NP","Baseline",303,0.002,0.166666666666667
"GH_vs_NP","Baseline",303,0.003,0.166666666666667
"GH_vs_NP","Baseline",303,0.004,0.166666666666667
"GH_vs_NP","Baseline",303,0.005,0.166666666666667
"GH_vs_NP","Baseline",303,0.006,0.166666666666667
"GH_vs_NP","Baseline",303,0.007,0.166666666666667
"GH_vs_NP","Baseline",303,0.008,0.166666666666667
"GH_vs_NP","Baseline",303,0.009,0.166666666666667
"GH_vs_NP","Baseline",303,0.01,0.166666666666667
"GH_vs_NP","Baseline",303,0.011,0.166666666666667
"GH_vs_NP","Baseline",303,0.012,0.166666666666667
"GH_vs_NP","Baseline",303,0.013,0.166666666666667
"GH_vs_NP","Baseline",303,0.014,0.166666666666667
"GH_vs_NP","Baseline",303,0.015,0.166666666666667
"GH_vs_NP","Baseline",303,0.016,0.166666666666667
"GH_vs_NP","Baseline",303,0.017,0.166666666666667
"GH_vs_NP","Baseline",303,0.018,0.166666666666667
"GH_vs_NP","Baseline",303,0.019,0.166666666666667
"GH_vs_NP","Baseline",303,0.02,0.166666666666667
"GH_vs_NP","Baseline",303,0.021,0.166666666666667
"GH_vs_NP","Baseline",303,0.022,0.166666666666667
"GH_vs_NP","Baseline",303,0.023,0.166666666666667
"GH_vs_NP","Baseline",303,0.024,0.166666666666667
"GH_vs_NP","Baseline",303,0.025,0.166666666666667
"GH_vs_NP","Baseline",303,0.026,0.166666666666667
"GH_vs_NP","Baseline",303,0.027,0.166666666666667
"GH_vs_NP","Baseline",303,0.028,0.166666666666667
"GH_vs_NP","Baseline",303,0.029,0.166666666666667
"GH_vs_NP","Baseline",303,0.03,0.166666666666667
"GH_vs_NP","Baseline",303,0.031,0.166666666666667
"GH_vs_NP","Baseline",303,0.032,0.166666666666667
"GH_vs_NP","Baseline",303,0.033,0.166666666666667
"GH_vs_NP","Baseline",303,0.034,0.166666666666667
"GH_vs_NP","Baseline",303,0.035,0.166666666666667
"GH_vs_NP","Baseline",303,0.036,0.166666666666667
"GH_vs_NP","Baseline",303,0.037,0.166666666666667
"GH_vs_NP","Baseline",303,0.038,0.166666666666667
"GH_vs_NP","Baseline",303,0.039,0.166666666666667
"GH_vs_NP","Baseline",303,0.04,0.166666666666667
"GH_vs_NP","Baseline",303,0.041,0.166666666666667
"GH_vs_NP","Baseline",303,0.042,0.166666666666667
"GH_vs_NP","Baseline",303,0.043,0.166666666666667
"GH_vs_NP","Baseline",303,0.044,0.166666666666667
"GH_vs_NP","Baseline",303,0.045,0.166666666666667
"GH_vs_NP","Baseline",303,0.046,0.166666666666667
"GH_vs_NP","Baseline",303,0.047,0.166666666666667
"GH_vs_NP","Baseline",303,0.048,0.166666666666667
"GH_vs_NP","Baseline",303,0.049,0.166666666666667
"GH_vs_NP","Baseline",303,0.05,0.166666666666667
"GH_vs_NP","Baseline",303,0.051,0.166666666666667
"GH_vs_NP","Baseline",303,0.052,0.166666666666667
"GH_vs_NP","Baseline",303,0.053,0.166666666666667
"GH_vs_NP","Baseline",303,0.054,0.166666666666667
"GH_vs_NP","Baseline",303,0.055,0.166666666666667
"GH_vs_NP","Baseline",303,0.056,0.166666666666667
"GH_vs_NP","Baseline",303,0.057,0.166666666666667
"GH_vs_NP","Baseline",303,0.058,0.166666666666667
"GH_vs_NP","Baseline",303,0.059,0.166666666666667
"GH_vs_NP","Baseline",303,0.06,0.166666666666667
"GH_vs_NP","Baseline",303,0.061,0.166666666666667
"GH_vs_NP","Baseline",303,0.062,0.166666666666667
"GH_vs_NP","Baseline",303,0.063,0.166666666666667
"GH_vs_NP","Baseline",303,0.064,0.166666666666667
"GH_vs_NP","Baseline",303,0.065,0.166666666666667
"GH_vs_NP","Baseline",303,0.066,0.166666666666667
"GH_vs_NP","Baseline",303,0.067,0.166666666666667
"GH_vs_NP","Baseline",303,0.068,0.166666666666667
"GH_vs_NP","Baseline",303,0.069,0.166666666666667
"GH_vs_NP","Baseline",303,0.07,0.166666666666667
"GH_vs_NP","Baseline",303,0.071,0.166666666666667
"GH_vs_NP","Baseline",303,0.072,0.166666666666667
"GH_vs_NP","Baseline",303,0.073,0.166666666666667
"GH_vs_NP","Baseline",303,0.074,0.166666666666667
"GH_vs_NP","Baseline",303,0.075,0.166666666666667
"GH_vs_NP","Baseline",303,0.076,0.166666666666667
"GH_vs_NP","Baseline",303,0.077,0.166666666666667
"GH_vs_NP","Baseline",303,0.078,0.166666666666667
"GH_vs_NP","Baseline",303,0.079,0.166666666666667
"GH_vs_NP","Baseline",303,0.08,0.166666666666667
"GH_vs_NP","Baseline",303,0.081,0.166666666666667
"GH_vs_NP","Baseline",303,0.082,0.166666666666667
"GH_vs_NP","Baseline",303,0.083,0.166666666666667
"GH_vs_NP","Baseline",303,0.084,0.166666666666667
"GH_vs_NP","Baseline",303,0.085,0.166666666666667
"GH_vs_NP","Baseline",303,0.086,0.166666666666667
"GH_vs_NP","Baseline",303,0.087,0.166666666666667
"GH_vs_NP","Baseline",303,0.088,0.166666666666667
"GH_vs_NP","Baseline",303,0.089,0.166666666666667
"GH_vs_NP","Baseline",303,0.09,0.166666666666667
"GH_vs_NP","Baseline",303,0.091,0.166666666666667
"GH_vs_NP","Baseline",303,0.092,0.166666666666667
"GH_vs_NP","Baseline",303,0.093,0.166666666666667
"GH_vs_NP","Baseline",303,0.094,0.166666666666667
"GH_vs_NP","Baseline",303,0.095,0.166666666666667
"GH_vs_NP","Baseline",303,0.096,0.166666666666667
"GH_vs_NP","Baseline",303,0.097,0.166666666666667
"GH_vs_NP","Baseline",303,0.098,0.166666666666667
"GH_vs_NP","Baseline",303,0.099,0.166666666666667
"GH_vs_NP","Baseline",303,0.1,0.166666666666667
"GH_vs_NP","Baseline",303,0.101,0.166666666666667
"GH_vs_NP","Baseline",303,0.102,0.166666666666667
"GH_vs_NP","Baseline",303,0.103,0.166666666666667
"GH_vs_NP","Baseline",303,0.104,0.166666666666667
"GH_vs_NP","Baseline",303,0.105,0.166666666666667
"GH_vs_NP","Baseline",303,0.106,0.166666666666667
"GH_vs_NP","Baseline",303,0.107,0.166666666666667
"GH_vs_NP","Baseline",303,0.108,0.166666666666667
"GH_vs_NP","Baseline",303,0.109,0.166666666666667
"GH_vs_NP","Baseline",303,0.11,0.166666666666667
"GH_vs_NP","Baseline",303,0.111,0.166666666666667
"GH_vs_NP","Baseline",303,0.112,0.166666666666667
"GH_vs_NP","Baseline",303,0.113,0.166666666666667
"GH_vs_NP","Baseline",303,0.114,0.166666666666667
"GH_vs_NP","Baseline",303,0.115,0.166666666666667
"GH_vs_NP","Baseline",303,0.116,0.166666666666667
"GH_vs_NP","Baseline",303,0.117,0.166666666666667
"GH_vs_NP","Baseline",303,0.118,0.166666666666667
"GH_vs_NP","Baseline",303,0.119,0.166666666666667
"GH_vs_NP","Baseline",303,0.12,0.166666666666667
"GH_vs_NP","Baseline",303,0.121,0.166666666666667
"GH_vs_NP","Baseline",303,0.122,0.166666666666667
"GH_vs_NP","Baseline",303,0.123,0.166666666666667
"GH_vs_NP","Baseline",303,0.124,0.166666666666667
"GH_vs_NP","Baseline",303,0.125,0.166666666666667
"GH_vs_NP","Baseline",303,0.126,0.166666666666667
"GH_vs_NP","Baseline",303,0.127,0.166666666666667
"GH_vs_NP","Baseline",303,0.128,0.166666666666667
"GH_vs_NP","Baseline",303,0.129,0.166666666666667
"GH_vs_NP","Baseline",303,0.13,0.166666666666667
"GH_vs_NP","Baseline",303,0.131,0.166666666666667
"GH_vs_NP","Baseline",303,0.132,0.166666666666667
"GH_vs_NP","Baseline",303,0.133,0.166666666666667
"GH_vs_NP","Baseline",303,0.134,0.166666666666667
"GH_vs_NP","Baseline",303,0.135,0.166666666666667
"GH_vs_NP","Baseline",303,0.136,0.166666666666667
"GH_vs_NP","Baseline",303,0.137,0.166666666666667
"GH_vs_NP","Baseline",303,0.138,0.166666666666667
"GH_vs_NP","Baseline",303,0.139,0.166666666666667
"GH_vs_NP","Baseline",303,0.14,0.166666666666667
"GH_vs_NP","Baseline",303,0.141,0.166666666666667
"GH_vs_NP","Baseline",303,0.142,0.166666666666667
"GH_vs_NP","Baseline",303,0.143,0.166666666666667
"GH_vs_NP","Baseline",303,0.144,0.166666666666667
"GH_vs_NP","Baseline",303,0.145,0.166666666666667
"GH_vs_NP","Baseline",303,0.146,0.166666666666667
"GH_vs_NP","Baseline",303,0.147,0.166666666666667
"GH_vs_NP","Baseline",303,0.148,0.166666666666667
"GH_vs_NP","Baseline",303,0.149,0.166666666666667
"GH_vs_NP","Baseline",303,0.15,0.166666666666667
"GH_vs_NP","Baseline",303,0.151,0.166666666666667
"GH_vs_NP","Baseline",303,0.152,0.166666666666667
"GH_vs_NP","Baseline",303,0.153,0.166666666666667
"GH_vs_NP","Baseline",303,0.154,0.166666666666667
"GH_vs_NP","Baseline",303,0.155,0.166666666666667
"GH_vs_NP","Baseline",303,0.156,0.166666666666667
"GH_vs_NP","Baseline",303,0.157,0.166666666666667
"GH_vs_NP","Baseline",303,0.158,0.166666666666667
"GH_vs_NP","Baseline",303,0.159,0.166666666666667
"GH_vs_NP","Baseline",303,0.16,0.166666666666667
"GH_vs_NP","Baseline",303,0.161,0.166666666666667
"GH_vs_NP","Baseline",303,0.162,0.166666666666667
"GH_vs_NP","Baseline",303,0.163,0.166666666666667
"GH_vs_NP","Baseline",303,0.164,0.166666666666667
"GH_vs_NP","Baseline",303,0.165,0.166666666666667
"GH_vs_NP","Baseline",303,0.166,0.166666666666667
"GH_vs_NP","Baseline",303,0.167,0.166666666666667
"GH_vs_NP","Baseline",303,0.168,0.166666666666667
"GH_vs_NP","Baseline",303,0.169,0.166666666666667
"GH_vs_NP","Baseline",303,0.17,0.166666666666667
"GH_vs_NP","Baseline",303,0.171,0.166666666666667
"GH_vs_NP","Baseline",303,0.172,0.166666666666667
"GH_vs_NP","Baseline",303,0.173,0.166666666666667
"GH_vs_NP","Baseline",303,0.174,0.166666666666667
"GH_vs_NP","Baseline",303,0.175,0.166666666666667
"GH_vs_NP","Baseline",303,0.176,0.166666666666667
"GH_vs_NP","Baseline",303,0.177,0.166666666666667
"GH_vs_NP","Baseline",303,0.178,0.166666666666667
"GH_vs_NP","Baseline",303,0.179,0.166666666666667
"GH_vs_NP","Baseline",303,0.18,0.166666666666667
"GH_vs_NP","Baseline",303,0.181,0.166666666666667
"GH_vs_NP","Baseline",303,0.182,0.166666666666667
"GH_vs_NP","Baseline",303,0.183,0.166666666666667
"GH_vs_NP","Baseline",303,0.184,0.166666666666667
"GH_vs_NP","Baseline",303,0.185,0.166666666666667
"GH_vs_NP","Baseline",303,0.186,0.166666666666667
"GH_vs_NP","Baseline",303,0.187,0.166666666666667
"GH_vs_NP","Baseline",303,0.188,0.166666666666667
"GH_vs_NP","Baseline",303,0.189,0.166666666666667
"GH_vs_NP","Baseline",303,0.19,0.166666666666667
"GH_vs_NP","Baseline",303,0.191,0.166666666666667
"GH_vs_NP","Baseline",303,0.192,0.166666666666667
"GH_vs_NP","Baseline",303,0.193,0.166666666666667
"GH_vs_NP","Baseline",303,0.194,0.166666666666667
"GH_vs_NP","Baseline",303,0.195,0.166666666666667
"GH_vs_NP","Baseline",303,0.196,0.166666666666667
"GH_vs_NP","Baseline",303,0.197,0.166666666666667
"GH_vs_NP","Baseline",303,0.198,0.166666666666667
"GH_vs_NP","Baseline",303,0.199,0.166666666666667
"GH_vs_NP","Baseline",303,0.2,0.166666666666667
"GH_vs_NP","Baseline",303,0.201,0.166666666666667
"GH_vs_NP","Baseline",303,0.202,0.166666666666667
"GH_vs_NP","Baseline",303,0.203,0.166666666666667
"GH_vs_NP","Baseline",303,0.204,0.166666666666667
"GH_vs_NP","Baseline",303,0.205,0.166666666666667
"GH_vs_NP","Baseline",303,0.206,0.166666666666667
"GH_vs_NP","Baseline",303,0.207,0.166666666666667
"GH_vs_NP","Baseline",303,0.208,0.166666666666667
"GH_vs_NP","Baseline",303,0.209,0.166666666666667
"GH_vs_NP","Baseline",303,0.21,0.166666666666667
"GH_vs_NP","Baseline",303,0.211,0.166666666666667
"GH_vs_NP","Baseline",303,0.212,0.166666666666667
"GH_vs_NP","Baseline",303,0.213,0.166666666666667
"GH_vs_NP","Baseline",303,0.214,0.166666666666667
"GH_vs_NP","Baseline",303,0.215,0.166666666666667
"GH_vs_NP","Baseline",303,0.216,0.166666666666667
"GH_vs_NP","Baseline",303,0.217,0.166666666666667
"GH_vs_NP","Baseline",303,0.218,0.166666666666667
"GH_vs_NP","Baseline",303,0.219,0.166666666666667
"GH_vs_NP","Baseline",303,0.22,0.166666666666667
"GH_vs_NP","Baseline",303,0.221,0.166666666666667
"GH_vs_NP","Baseline",303,0.222,0.166666666666667
"GH_vs_NP","Baseline",303,0.223,0.166666666666667
"GH_vs_NP","Baseline",303,0.224,0.166666666666667
"GH_vs_NP","Baseline",303,0.225,0.166666666666667
"GH_vs_NP","Baseline",303,0.226,0.166666666666667
"GH_vs_NP","Baseline",303,0.227,0.166666666666667
"GH_vs_NP","Baseline",303,0.228,0.166666666666667
"GH_vs_NP","Baseline",303,0.229,0.166666666666667
"GH_vs_NP","Baseline",303,0.23,0.166666666666667
"GH_vs_NP","Baseline",303,0.231,0.166666666666667
"GH_vs_NP","Baseline",303,0.232,0.166666666666667
"GH_vs_NP","Baseline",303,0.233,0.166666666666667
"GH_vs_NP","Baseline",303,0.234,0.166666666666667
"GH_vs_NP","Baseline",303,0.235,0.166666666666667
"GH_vs_NP","Baseline",303,0.236,0.166666666666667
"GH_vs_NP","Baseline",303,0.237,0.166666666666667
"GH_vs_NP","Baseline",303,0.238,0.166666666666667
"GH_vs_NP","Baseline",303,0.239,0.166666666666667
"GH_vs_NP","Baseline",303,0.24,0.166666666666667
"GH_vs_NP","Baseline",303,0.241,0.166666666666667
"GH_vs_NP","Baseline",303,0.242,0.166666666666667
"GH_vs_NP","Baseline",303,0.243,0.166666666666667
"GH_vs_NP","Baseline",303,0.244,0.166666666666667
"GH_vs_NP","Baseline",303,0.245,0.166666666666667
"GH_vs_NP","Baseline",303,0.246,0.166666666666667
"GH_vs_NP","Baseline",303,0.247,0.166666666666667
"GH_vs_NP","Baseline",303,0.248,0.166666666666667
"GH_vs_NP","Baseline",303,0.249,0.166666666666667
"GH_vs_NP","Baseline",303,0.25,0.166666666666667
"GH_vs_NP","Baseline",303,0.251,0.166666666666667
"GH_vs_NP","Baseline",303,0.252,0.166666666666667
"GH_vs_NP","Baseline",303,0.253,0.166666666666667
"GH_vs_NP","Baseline",303,0.254,0.166666666666667
"GH_vs_NP","Baseline",303,0.255,0.166666666666667
"GH_vs_NP","Baseline",303,0.256,0.166666666666667
"GH_vs_NP","Baseline",303,0.257,0.166666666666667
"GH_vs_NP","Baseline",303,0.258,0.166666666666667
"GH_vs_NP","Baseline",303,0.259,0.166666666666667
"GH_vs_NP","Baseline",303,0.26,0.166666666666667
"GH_vs_NP","Baseline",303,0.261,0.166666666666667
"GH_vs_NP","Baseline",303,0.262,0.166666666666667
"GH_vs_NP","Baseline",303,0.263,0.166666666666667
"GH_vs_NP","Baseline",303,0.264,0.166666666666667
"GH_vs_NP","Baseline",303,0.265,0.166666666666667
"GH_vs_NP","Baseline",303,0.266,0.166666666666667
"GH_vs_NP","Baseline",303,0.267,0.166666666666667
"GH_vs_NP","Baseline",303,0.268,0.166666666666667
"GH_vs_NP","Baseline",303,0.269,0.166666666666667
"GH_vs_NP","Baseline",303,0.27,0.166666666666667
"GH_vs_NP","Baseline",303,0.271,0.166666666666667
"GH_vs_NP","Baseline",303,0.272,0.166666666666667
"GH_vs_NP","Baseline",303,0.273,0.166666666666667
"GH_vs_NP","Baseline",303,0.274,0.166666666666667
"GH_vs_NP","Baseline",303,0.275,0.166666666666667
"GH_vs_NP","Baseline",303,0.276,0.166666666666667
"GH_vs_NP","Baseline",303,0.277,0.166666666666667
"GH_vs_NP","Baseline",303,0.278,0.166666666666667
"GH_vs_NP","Baseline",303,0.279,0.166666666666667
"GH_vs_NP","Baseline",303,0.28,0.166666666666667
"GH_vs_NP","Baseline",303,0.281,0.166666666666667
"GH_vs_NP","Baseline",303,0.282,0.166666666666667
"GH_vs_NP","Baseline",303,0.283,0.166666666666667
"GH_vs_NP","Baseline",303,0.284,0.166666666666667
"GH_vs_NP","Baseline",303,0.285,0.166666666666667
"GH_vs_NP","Baseline",303,0.286,0.166666666666667
"GH_vs_NP","Baseline",303,0.287,0.166666666666667
"GH_vs_NP","Baseline",303,0.288,0.166666666666667
"GH_vs_NP","Baseline",303,0.289,0.166666666666667
"GH_vs_NP","Baseline",303,0.29,0.166666666666667
"GH_vs_NP","Baseline",303,0.291,0.166666666666667
"GH_vs_NP","Baseline",303,0.292,0.166666666666667
"GH_vs_NP","Baseline",303,0.293,0.166666666666667
"GH_vs_NP","Baseline",303,0.294,0.166666666666667
"GH_vs_NP","Baseline",303,0.295,0.166666666666667
"GH_vs_NP","Baseline",303,0.296,0.166666666666667
"GH_vs_NP","Baseline",303,0.297,0.166666666666667
"GH_vs_NP","Baseline",303,0.298,0.166666666666667
"GH_vs_NP","Baseline",303,0.299,0.166666666666667
"GH_vs_NP","Baseline",303,0.3,0.166666666666667
"GH_vs_NP","Baseline",303,0.301,0.166666666666667
"GH_vs_NP","Baseline",303,0.302,0.166666666666667
"GH_vs_NP","Baseline",303,0.303,0.166666666666667
"GH_vs_NP","Baseline",303,0.304,0.166666666666667
"GH_vs_NP","Baseline",303,0.305,0.166666666666667
"GH_vs_NP","Baseline",303,0.306,0.166666666666667
"GH_vs_NP","Baseline",303,0.307,0.166666666666667
"GH_vs_NP","Baseline",303,0.308,0.166666666666667
"GH_vs_NP","Baseline",303,0.309,0.166666666666667
"GH_vs_NP","Baseline",303,0.31,0.166666666666667
"GH_vs_NP","Baseline",303,0.311,0.166666666666667
"GH_vs_NP","Baseline",303,0.312,0.166666666666667
"GH_vs_NP","Baseline",303,0.313,0.166666666666667
"GH_vs_NP","Baseline",303,0.314,0.166666666666667
"GH_vs_NP","Baseline",303,0.315,0.166666666666667
"GH_vs_NP","Baseline",303,0.316,0.166666666666667
"GH_vs_NP","Baseline",303,0.317,0.166666666666667
"GH_vs_NP","Baseline",303,0.318,0.166666666666667
"GH_vs_NP","Baseline",303,0.319,0.166666666666667
"GH_vs_NP","Baseline",303,0.32,0.166666666666667
"GH_vs_NP","Baseline",303,0.321,0.166666666666667
"GH_vs_NP","Baseline",303,0.322,0.166666666666667
"GH_vs_NP","Baseline",303,0.323,0.166666666666667
"GH_vs_NP","Baseline",303,0.324,0.166666666666667
"GH_vs_NP","Baseline",303,0.325,0.166666666666667
"GH_vs_NP","Baseline",303,0.326,0.166666666666667
"GH_vs_NP","Baseline",303,0.327,0.166666666666667
"GH_vs_NP","Baseline",303,0.328,0.166666666666667
"GH_vs_NP","Baseline",303,0.329,0.166666666666667
"GH_vs_NP","Baseline",303,0.33,0.166666666666667
"GH_vs_NP","Baseline",303,0.331,0.166666666666667
"GH_vs_NP","Baseline",303,0.332,0.166666666666667
"GH_vs_NP","Baseline",303,0.333,0.166666666666667
"GH_vs_NP","Baseline",303,0.334,0.166666666666667
"GH_vs_NP","Baseline",303,0.335,0.166666666666667
"GH_vs_NP","Baseline",303,0.336,0.166666666666667
"GH_vs_NP","Baseline",303,0.337,0.166666666666667
"GH_vs_NP","Baseline",303,0.338,0.166666666666667
"GH_vs_NP","Baseline",303,0.339,0.2
"GH_vs_NP","Baseline",303,0.34,0.2
"GH_vs_NP","Baseline",303,0.341,0.233333333333333
"GH_vs_NP","Baseline",303,0.342,0.233333333333333
"GH_vs_NP","Baseline",303,0.343,0.233333333333333
"GH_vs_NP","Baseline",303,0.344,0.233333333333333
"GH_vs_NP","Baseline",303,0.345,0.233333333333333
"GH_vs_NP","Baseline",303,0.346,0.233333333333333
"GH_vs_NP","Baseline",303,0.347,0.233333333333333
"GH_vs_NP","Baseline",303,0.348,0.233333333333333
"GH_vs_NP","Baseline",303,0.349,0.233333333333333
"GH_vs_NP","Baseline",303,0.35,0.233333333333333
"GH_vs_NP","Baseline",303,0.351,0.233333333333333
"GH_vs_NP","Baseline",303,0.352,0.233333333333333
"GH_vs_NP","Baseline",303,0.353,0.266666666666667
"GH_vs_NP","Baseline",303,0.354,0.266666666666667
"GH_vs_NP","Baseline",303,0.355,0.266666666666667
"GH_vs_NP","Baseline",303,0.356,0.277066666666667
"GH_vs_NP","Baseline",303,0.357,0.2888
"GH_vs_NP","Baseline",303,0.358,0.3
"GH_vs_NP","Baseline",303,0.359,0.3
"GH_vs_NP","Baseline",303,0.36,0.3
"GH_vs_NP","Baseline",303,0.361,0.3
"GH_vs_NP","Baseline",303,0.362,0.3
"GH_vs_NP","Baseline",303,0.363,0.3
"GH_vs_NP","Baseline",303,0.364,0.3
"GH_vs_NP","Baseline",303,0.365,0.3
"GH_vs_NP","Baseline",303,0.366,0.3
"GH_vs_NP","Baseline",303,0.367,0.3
"GH_vs_NP","Baseline",303,0.368,0.3
"GH_vs_NP","Baseline",303,0.369,0.3
"GH_vs_NP","Baseline",303,0.37,0.3
"GH_vs_NP","Baseline",303,0.371,0.3
"GH_vs_NP","Baseline",303,0.372,0.3
"GH_vs_NP","Baseline",303,0.373,0.3
"GH_vs_NP","Baseline",303,0.374,0.3
"GH_vs_NP","Baseline",303,0.375,0.3
"GH_vs_NP","Baseline",303,0.376,0.3
"GH_vs_NP","Baseline",303,0.377,0.3
"GH_vs_NP","Baseline",303,0.378,0.3
"GH_vs_NP","Baseline",303,0.379,0.3
"GH_vs_NP","Baseline",303,0.38,0.3
"GH_vs_NP","Baseline",303,0.381,0.3
"GH_vs_NP","Baseline",303,0.382,0.3
"GH_vs_NP","Baseline",303,0.383,0.3
"GH_vs_NP","Baseline",303,0.384,0.3
"GH_vs_NP","Baseline",303,0.385,0.3
"GH_vs_NP","Baseline",303,0.386,0.3
"GH_vs_NP","Baseline",303,0.387,0.3
"GH_vs_NP","Baseline",303,0.388,0.3
"GH_vs_NP","Baseline",303,0.389,0.3
"GH_vs_NP","Baseline",303,0.39,0.3
"GH_vs_NP","Baseline",303,0.391,0.3
"GH_vs_NP","Baseline",303,0.392,0.3
"GH_vs_NP","Baseline",303,0.393,0.3
"GH_vs_NP","Baseline",303,0.394,0.3
"GH_vs_NP","Baseline",303,0.395,0.333333333333333
"GH_vs_NP","Baseline",303,0.396,0.333333333333333
"GH_vs_NP","Baseline",303,0.397,0.333333333333333
"GH_vs_NP","Baseline",303,0.398,0.333333333333333
"GH_vs_NP","Baseline",303,0.399,0.333333333333333
"GH_vs_NP","Baseline",303,0.4,0.333333333333333
"GH_vs_NP","Baseline",303,0.401,0.333333333333333
"GH_vs_NP","Baseline",303,0.402,0.333333333333333
"GH_vs_NP","Baseline",303,0.403,0.333333333333333
"GH_vs_NP","Baseline",303,0.404,0.333333333333333
"GH_vs_NP","Baseline",303,0.405,0.333333333333333
"GH_vs_NP","Baseline",303,0.406,0.333333333333333
"GH_vs_NP","Baseline",303,0.407,0.333333333333333
"GH_vs_NP","Baseline",303,0.408,0.333333333333333
"GH_vs_NP","Baseline",303,0.409,0.333333333333333
"GH_vs_NP","Baseline",303,0.41,0.333333333333333
"GH_vs_NP","Baseline",303,0.411,0.333333333333333
"GH_vs_NP","Baseline",303,0.412,0.333333333333333
"GH_vs_NP","Baseline",303,0.413,0.333333333333333
"GH_vs_NP","Baseline",303,0.414,0.333333333333333
"GH_vs_NP","Baseline",303,0.415,0.333333333333333
"GH_vs_NP","Baseline",303,0.416,0.333333333333333
"GH_vs_NP","Baseline",303,0.417,0.333333333333333
"GH_vs_NP","Baseline",303,0.418,0.333333333333333
"GH_vs_NP","Baseline",303,0.419,0.333333333333333
"GH_vs_NP","Baseline",303,0.42,0.333333333333333
"GH_vs_NP","Baseline",303,0.421,0.333333333333333
"GH_vs_NP","Baseline",303,0.422,0.333333333333333
"GH_vs_NP","Baseline",303,0.423,0.333333333333333
"GH_vs_NP","Baseline",303,0.424,0.333333333333333
"GH_vs_NP","Baseline",303,0.425,0.333333333333333
"GH_vs_NP","Baseline",303,0.426,0.333333333333333
"GH_vs_NP","Baseline",303,0.427,0.333333333333333
"GH_vs_NP","Baseline",303,0.428,0.333333333333333
"GH_vs_NP","Baseline",303,0.429,0.333333333333333
"GH_vs_NP","Baseline",303,0.43,0.333333333333333
"GH_vs_NP","Baseline",303,0.431,0.333333333333333
"GH_vs_NP","Baseline",303,0.432,0.333333333333333
"GH_vs_NP","Baseline",303,0.433,0.333333333333333
"GH_vs_NP","Baseline",303,0.434,0.333333333333333
"GH_vs_NP","Baseline",303,0.435,0.333333333333333
"GH_vs_NP","Baseline",303,0.436,0.333333333333333
"GH_vs_NP","Baseline",303,0.437,0.333333333333333
"GH_vs_NP","Baseline",303,0.438,0.333333333333333
"GH_vs_NP","Baseline",303,0.439,0.333333333333333
"GH_vs_NP","Baseline",303,0.44,0.333333333333333
"GH_vs_NP","Baseline",303,0.441,0.333333333333333
"GH_vs_NP","Baseline",303,0.442,0.333333333333333
"GH_vs_NP","Baseline",303,0.443,0.333333333333333
"GH_vs_NP","Baseline",303,0.444,0.333333333333333
"GH_vs_NP","Baseline",303,0.445,0.333333333333333
"GH_vs_NP","Baseline",303,0.446,0.333333333333333
"GH_vs_NP","Baseline",303,0.447,0.333333333333333
"GH_vs_NP","Baseline",303,0.448,0.333333333333333
"GH_vs_NP","Baseline",303,0.449,0.333333333333333
"GH_vs_NP","Baseline",303,0.45,0.333333333333333
"GH_vs_NP","Baseline",303,0.451,0.333333333333333
"GH_vs_NP","Baseline",303,0.452,0.333333333333333
"GH_vs_NP","Baseline",303,0.453,0.333333333333333
"GH_vs_NP","Baseline",303,0.454,0.333333333333333
"GH_vs_NP","Baseline",303,0.455,0.333333333333333
"GH_vs_NP","Baseline",303,0.456,0.333333333333333
"GH_vs_NP","Baseline",303,0.457,0.333333333333333
"GH_vs_NP","Baseline",303,0.458,0.333333333333333
"GH_vs_NP","Baseline",303,0.459,0.333333333333333
"GH_vs_NP","Baseline",303,0.46,0.333333333333333
"GH_vs_NP","Baseline",303,0.461,0.333333333333333
"GH_vs_NP","Baseline",303,0.462,0.333333333333333
"GH_vs_NP","Baseline",303,0.463,0.333333333333333
"GH_vs_NP","Baseline",303,0.464,0.333333333333333
"GH_vs_NP","Baseline",303,0.465,0.333333333333333
"GH_vs_NP","Baseline",303,0.466,0.333333333333333
"GH_vs_NP","Baseline",303,0.467,0.333333333333333
"GH_vs_NP","Baseline",303,0.468,0.333333333333333
"GH_vs_NP","Baseline",303,0.469,0.333333333333333
"GH_vs_NP","Baseline",303,0.47,0.333333333333333
"GH_vs_NP","Baseline",303,0.471,0.333333333333333
"GH_vs_NP","Baseline",303,0.472,0.333333333333333
"GH_vs_NP","Baseline",303,0.473,0.333333333333333
"GH_vs_NP","Baseline",303,0.474,0.333333333333333
"GH_vs_NP","Baseline",303,0.475,0.333333333333333
"GH_vs_NP","Baseline",303,0.476,0.333333333333333
"GH_vs_NP","Baseline",303,0.477,0.333333333333333
"GH_vs_NP","Baseline",303,0.478,0.333333333333333
"GH_vs_NP","Baseline",303,0.479,0.333333333333333
"GH_vs_NP","Baseline",303,0.48,0.333333333333333
"GH_vs_NP","Baseline",303,0.481,0.333333333333333
"GH_vs_NP","Baseline",303,0.482,0.333333333333333
"GH_vs_NP","Baseline",303,0.483,0.333333333333333
"GH_vs_NP","Baseline",303,0.484,0.333333333333333
"GH_vs_NP","Baseline",303,0.485,0.333333333333333
"GH_vs_NP","Baseline",303,0.486,0.333333333333333
"GH_vs_NP","Baseline",303,0.487,0.333333333333333
"GH_vs_NP","Baseline",303,0.488,0.333333333333333
"GH_vs_NP","Baseline",303,0.489,0.4
"GH_vs_NP","Baseline",303,0.49,0.4
"GH_vs_NP","Baseline",303,0.491,0.4
"GH_vs_NP","Baseline",303,0.492,0.4
"GH_vs_NP","Baseline",303,0.493,0.4
"GH_vs_NP","Baseline",303,0.494,0.4
"GH_vs_NP","Baseline",303,0.495,0.4
"GH_vs_NP","Baseline",303,0.496,0.4
"GH_vs_NP","Baseline",303,0.497,0.4
"GH_vs_NP","Baseline",303,0.498,0.4
"GH_vs_NP","Baseline",303,0.499,0.4
"GH_vs_NP","Baseline",303,0.5,0.433333333333333
"GH_vs_NP","Baseline",303,0.501,0.433333333333333
"GH_vs_NP","Baseline",303,0.502,0.433333333333333
"GH_vs_NP","Baseline",303,0.503,0.433333333333333
"GH_vs_NP","Baseline",303,0.504,0.433333333333333
"GH_vs_NP","Baseline",303,0.505,0.433333333333333
"GH_vs_NP","Baseline",303,0.506,0.466666666666667
"GH_vs_NP","Baseline",303,0.507,0.466666666666667
"GH_vs_NP","Baseline",303,0.508,0.466666666666667
"GH_vs_NP","Baseline",303,0.509,0.466666666666667
"GH_vs_NP","Baseline",303,0.51,0.466666666666667
"GH_vs_NP","Baseline",303,0.511,0.466666666666667
"GH_vs_NP","Baseline",303,0.512,0.5
"GH_vs_NP","Baseline",303,0.513,0.5
"GH_vs_NP","Baseline",303,0.514,0.5
"GH_vs_NP","Baseline",303,0.515,0.5
"GH_vs_NP","Baseline",303,0.516,0.5
"GH_vs_NP","Baseline",303,0.517,0.5
"GH_vs_NP","Baseline",303,0.518,0.5
"GH_vs_NP","Baseline",303,0.519,0.5
"GH_vs_NP","Baseline",303,0.52,0.5
"GH_vs_NP","Baseline",303,0.521,0.5
"GH_vs_NP","Baseline",303,0.522,0.5
"GH_vs_NP","Baseline",303,0.523,0.5
"GH_vs_NP","Baseline",303,0.524,0.5
"GH_vs_NP","Baseline",303,0.525,0.5
"GH_vs_NP","Baseline",303,0.526,0.5
"GH_vs_NP","Baseline",303,0.527,0.5
"GH_vs_NP","Baseline",303,0.528,0.5
"GH_vs_NP","Baseline",303,0.529,0.5
"GH_vs_NP","Baseline",303,0.53,0.5
"GH_vs_NP","Baseline",303,0.531,0.5
"GH_vs_NP","Baseline",303,0.532,0.5
"GH_vs_NP","Baseline",303,0.533,0.5
"GH_vs_NP","Baseline",303,0.534,0.5
"GH_vs_NP","Baseline",303,0.535,0.5
"GH_vs_NP","Baseline",303,0.536,0.5
"GH_vs_NP","Baseline",303,0.537,0.5
"GH_vs_NP","Baseline",303,0.538,0.5
"GH_vs_NP","Baseline",303,0.539,0.5
"GH_vs_NP","Baseline",303,0.54,0.5
"GH_vs_NP","Baseline",303,0.541,0.5
"GH_vs_NP","Baseline",303,0.542,0.5
"GH_vs_NP","Baseline",303,0.543,0.5
"GH_vs_NP","Baseline",303,0.544,0.5
"GH_vs_NP","Baseline",303,0.545,0.5
"GH_vs_NP","Baseline",303,0.546,0.5
"GH_vs_NP","Baseline",303,0.547,0.5
"GH_vs_NP","Baseline",303,0.548,0.5
"GH_vs_NP","Baseline",303,0.549,0.5
"GH_vs_NP","Baseline",303,0.55,0.5
"GH_vs_NP","Baseline",303,0.551,0.5
"GH_vs_NP","Baseline",303,0.552,0.5
"GH_vs_NP","Baseline",303,0.553,0.5
"GH_vs_NP","Baseline",303,0.554,0.5
"GH_vs_NP","Baseline",303,0.555,0.5
"GH_vs_NP","Baseline",303,0.556,0.5
"GH_vs_NP","Baseline",303,0.557,0.5
"GH_vs_NP","Baseline",303,0.558,0.5
"GH_vs_NP","Baseline",303,0.559,0.5
"GH_vs_NP","Baseline",303,0.56,0.5
"GH_vs_NP","Baseline",303,0.561,0.5
"GH_vs_NP","Baseline",303,0.562,0.5
"GH_vs_NP","Baseline",303,0.563,0.533333333333333
"GH_vs_NP","Baseline",303,0.564,0.533333333333333
"GH_vs_NP","Baseline",303,0.565,0.533333333333333
"GH_vs_NP","Baseline",303,0.566,0.533333333333333
"GH_vs_NP","Baseline",303,0.567,0.533333333333333
"GH_vs_NP","Baseline",303,0.568,0.533333333333333
"GH_vs_NP","Baseline",303,0.569,0.566666666666667
"GH_vs_NP","Baseline",303,0.57,0.566666666666667
"GH_vs_NP","Baseline",303,0.571,0.566666666666667
"GH_vs_NP","Baseline",303,0.572,0.566666666666667
"GH_vs_NP","Baseline",303,0.573,0.566666666666667
"GH_vs_NP","Baseline",303,0.574,0.566666666666667
"GH_vs_NP","Baseline",303,0.575,0.566666666666667
"GH_vs_NP","Baseline",303,0.576,0.566666666666667
"GH_vs_NP","Baseline",303,0.577,0.567822222222222
"GH_vs_NP","Baseline",303,0.578,0.571733333333333
"GH_vs_NP","Baseline",303,0.579,0.575644444444444
"GH_vs_NP","Baseline",303,0.58,0.612888888888889
"GH_vs_NP","Baseline",303,0.581,0.6168
"GH_vs_NP","Baseline",303,0.582,0.620711111111111
"GH_vs_NP","Baseline",303,0.583,0.665155555555555
"GH_vs_NP","Baseline",303,0.584,0.6808
"GH_vs_NP","Baseline",303,0.585,0.696444444444444
"GH_vs_NP","Baseline",303,0.586,0.7
"GH_vs_NP","Baseline",303,0.587,0.7
"GH_vs_NP","Baseline",303,0.588,0.7
"GH_vs_NP","Baseline",303,0.589,0.733333333333333
"GH_vs_NP","Baseline",303,0.59,0.733333333333333
"GH_vs_NP","Baseline",303,0.591,0.733333333333333
"GH_vs_NP","Baseline",303,0.592,0.733333333333333
"GH_vs_NP","Baseline",303,0.593,0.733333333333333
"GH_vs_NP","Baseline",303,0.594,0.733333333333333
"GH_vs_NP","Baseline",303,0.595,0.733333333333333
"GH_vs_NP","Baseline",303,0.596,0.733333333333333
"GH_vs_NP","Baseline",303,0.597,0.733333333333333
"GH_vs_NP","Baseline",303,0.598,0.733333333333333
"GH_vs_NP","Baseline",303,0.599,0.733333333333333
"GH_vs_NP","Baseline",303,0.6,0.733333333333333
"GH_vs_NP","Baseline",303,0.601,0.733333333333333
"GH_vs_NP","Baseline",303,0.602,0.733333333333333
"GH_vs_NP","Baseline",303,0.603,0.733333333333333
"GH_vs_NP","Baseline",303,0.604,0.733333333333333
"GH_vs_NP","Baseline",303,0.605,0.733333333333333
"GH_vs_NP","Baseline",303,0.606,0.733333333333333
"GH_vs_NP","Baseline",303,0.607,0.733333333333333
"GH_vs_NP","Baseline",303,0.608,0.766666666666667
"GH_vs_NP","Baseline",303,0.609,0.766666666666667
"GH_vs_NP","Baseline",303,0.61,0.766666666666667
"GH_vs_NP","Baseline",303,0.611,0.766666666666667
"GH_vs_NP","Baseline",303,0.612,0.766666666666667
"GH_vs_NP","Baseline",303,0.613,0.766666666666667
"GH_vs_NP","Baseline",303,0.614,0.766666666666667
"GH_vs_NP","Baseline",303,0.615,0.766666666666667
"GH_vs_NP","Baseline",303,0.616,0.766666666666667
"GH_vs_NP","Baseline",303,0.617,0.766666666666667
"GH_vs_NP","Baseline",303,0.618,0.766666666666667
"GH_vs_NP","Baseline",303,0.619,0.766666666666667
"GH_vs_NP","Baseline",303,0.62,0.766666666666667
"GH_vs_NP","Baseline",303,0.621,0.766666666666667
"GH_vs_NP","Baseline",303,0.622,0.766666666666667
"GH_vs_NP","Baseline",303,0.623,0.766666666666667
"GH_vs_NP","Baseline",303,0.624,0.766666666666667
"GH_vs_NP","Baseline",303,0.625,0.766666666666667
"GH_vs_NP","Baseline",303,0.626,0.7784
"GH_vs_NP","Baseline",303,0.627,0.790133333333333
"GH_vs_NP","Baseline",303,0.628,0.8
"GH_vs_NP","Baseline",303,0.629,0.8
"GH_vs_NP","Baseline",303,0.63,0.8
"GH_vs_NP","Baseline",303,0.631,0.833333333333333
"GH_vs_NP","Baseline",303,0.632,0.833333333333333
"GH_vs_NP","Baseline",303,0.633,0.833333333333333
"GH_vs_NP","Baseline",303,0.634,0.833333333333333
"GH_vs_NP","Baseline",303,0.635,0.833333333333333
"GH_vs_NP","Baseline",303,0.636,0.833333333333333
"GH_vs_NP","Baseline",303,0.637,0.833333333333333
"GH_vs_NP","Baseline",303,0.638,0.833333333333333
"GH_vs_NP","Baseline",303,0.639,0.833333333333333
"GH_vs_NP","Baseline",303,0.64,0.833333333333333
"GH_vs_NP","Baseline",303,0.641,0.833333333333333
"GH_vs_NP","Baseline",303,0.642,0.833333333333333
"GH_vs_NP","Baseline",303,0.643,0.833333333333333
"GH_vs_NP","Baseline",303,0.644,0.833333333333333
"GH_vs_NP","Baseline",303,0.645,0.833333333333333
"GH_vs_NP","Baseline",303,0.646,0.833333333333333
"GH_vs_NP","Baseline",303,0.647,0.833333333333333
"GH_vs_NP","Baseline",303,0.648,0.833333333333333
"GH_vs_NP","Baseline",303,0.649,0.833333333333333
"GH_vs_NP","Baseline",303,0.65,0.833333333333333
"GH_vs_NP","Baseline",303,0.651,0.833333333333333
"GH_vs_NP","Baseline",303,0.652,0.833333333333333
"GH_vs_NP","Baseline",303,0.653,0.833333333333333
"GH_vs_NP","Baseline",303,0.654,0.833333333333333
"GH_vs_NP","Baseline",303,0.655,0.833333333333333
"GH_vs_NP","Baseline",303,0.656,0.833333333333333
"GH_vs_NP","Baseline",303,0.657,0.833333333333333
"GH_vs_NP","Baseline",303,0.658,0.833333333333333
"GH_vs_NP","Baseline",303,0.659,0.833333333333333
"GH_vs_NP","Baseline",303,0.66,0.833333333333333
"GH_vs_NP","Baseline",303,0.661,0.833333333333333
"GH_vs_NP","Baseline",303,0.662,0.833333333333333
"GH_vs_NP","Baseline",303,0.663,0.833333333333333
"GH_vs_NP","Baseline",303,0.664,0.833333333333333
"GH_vs_NP","Baseline",303,0.665,0.833333333333333
"GH_vs_NP","Baseline",303,0.666,0.833333333333333
"GH_vs_NP","Baseline",303,0.667,0.833333333333333
"GH_vs_NP","Baseline",303,0.668,0.833333333333333
"GH_vs_NP","Baseline",303,0.669,0.833333333333333
"GH_vs_NP","Baseline",303,0.67,0.833333333333333
"GH_vs_NP","Baseline",303,0.671,0.833333333333333
"GH_vs_NP","Baseline",303,0.672,0.833333333333333
"GH_vs_NP","Baseline",303,0.673,0.833333333333333
"GH_vs_NP","Baseline",303,0.674,0.833333333333333
"GH_vs_NP","Baseline",303,0.675,0.833333333333333
"GH_vs_NP","Baseline",303,0.676,0.833333333333333
"GH_vs_NP","Baseline",303,0.677,0.833333333333333
"GH_vs_NP","Baseline",303,0.678,0.833333333333333
"GH_vs_NP","Baseline",303,0.679,0.833333333333333
"GH_vs_NP","Baseline",303,0.68,0.833333333333333
"GH_vs_NP","Baseline",303,0.681,0.833333333333333
"GH_vs_NP","Baseline",303,0.682,0.833333333333333
"GH_vs_NP","Baseline",303,0.683,0.833333333333333
"GH_vs_NP","Baseline",303,0.684,0.833333333333333
"GH_vs_NP","Baseline",303,0.685,0.833333333333333
"GH_vs_NP","Baseline",303,0.686,0.833333333333333
"GH_vs_NP","Baseline",303,0.687,0.833333333333333
"GH_vs_NP","Baseline",303,0.688,0.833333333333333
"GH_vs_NP","Baseline",303,0.689,0.833333333333333
"GH_vs_NP","Baseline",303,0.69,0.833333333333333
"GH_vs_NP","Baseline",303,0.691,0.833333333333333
"GH_vs_NP","Baseline",303,0.692,0.833333333333333
"GH_vs_NP","Baseline",303,0.693,0.833333333333333
"GH_vs_NP","Baseline",303,0.694,0.833333333333333
"GH_vs_NP","Baseline",303,0.695,0.833333333333333
"GH_vs_NP","Baseline",303,0.696,0.833333333333333
"GH_vs_NP","Baseline",303,0.697,0.833333333333333
"GH_vs_NP","Baseline",303,0.698,0.833333333333333
"GH_vs_NP","Baseline",303,0.699,0.833333333333333
"GH_vs_NP","Baseline",303,0.7,0.833333333333333
"GH_vs_NP","Baseline",303,0.701,0.833333333333333
"GH_vs_NP","Baseline",303,0.702,0.833333333333333
"GH_vs_NP","Baseline",303,0.703,0.833333333333333
"GH_vs_NP","Baseline",303,0.704,0.833333333333333
"GH_vs_NP","Baseline",303,0.705,0.833333333333333
"GH_vs_NP","Baseline",303,0.706,0.833333333333333
"GH_vs_NP","Baseline",303,0.707,0.833333333333333
"GH_vs_NP","Baseline",303,0.708,0.833333333333333
"GH_vs_NP","Baseline",303,0.709,0.833333333333333
"GH_vs_NP","Baseline",303,0.71,0.833333333333333
"GH_vs_NP","Baseline",303,0.711,0.833333333333333
"GH_vs_NP","Baseline",303,0.712,0.833333333333333
"GH_vs_NP","Baseline",303,0.713,0.833333333333333
"GH_vs_NP","Baseline",303,0.714,0.833333333333333
"GH_vs_NP","Baseline",303,0.715,0.833333333333333
"GH_vs_NP","Baseline",303,0.716,0.833333333333333
"GH_vs_NP","Baseline",303,0.717,0.833333333333333
"GH_vs_NP","Baseline",303,0.718,0.833333333333333
"GH_vs_NP","Baseline",303,0.719,0.833333333333333
"GH_vs_NP","Baseline",303,0.72,0.833333333333333
"GH_vs_NP","Baseline",303,0.721,0.833333333333333
"GH_vs_NP","Baseline",303,0.722,0.833333333333333
"GH_vs_NP","Baseline",303,0.723,0.833333333333333
"GH_vs_NP","Baseline",303,0.724,0.833333333333333
"GH_vs_NP","Baseline",303,0.725,0.833333333333333
"GH_vs_NP","Baseline",303,0.726,0.833333333333333
"GH_vs_NP","Baseline",303,0.727,0.833333333333333
"GH_vs_NP","Baseline",303,0.728,0.833333333333333
"GH_vs_NP","Baseline",303,0.729,0.833333333333333
"GH_vs_NP","Baseline",303,0.73,0.833333333333333
"GH_vs_NP","Baseline",303,0.731,0.833333333333333
"GH_vs_NP","Baseline",303,0.732,0.833333333333333
"GH_vs_NP","Baseline",303,0.733,0.833333333333333
"GH_vs_NP","Baseline",303,0.734,0.833333333333333
"GH_vs_NP","Baseline",303,0.735,0.833333333333333
"GH_vs_NP","Baseline",303,0.736,0.833333333333333
"GH_vs_NP","Baseline",303,0.737,0.833333333333333
"GH_vs_NP","Baseline",303,0.738,0.833333333333333
"GH_vs_NP","Baseline",303,0.739,0.833333333333333
"GH_vs_NP","Baseline",303,0.74,0.833333333333333
"GH_vs_NP","Baseline",303,0.741,0.833333333333333
"GH_vs_NP","Baseline",303,0.742,0.833333333333333
"GH_vs_NP","Baseline",303,0.743,0.833333333333333
"GH_vs_NP","Baseline",303,0.744,0.833333333333333
"GH_vs_NP","Baseline",303,0.745,0.833333333333333
"GH_vs_NP","Baseline",303,0.746,0.833333333333333
"GH_vs_NP","Baseline",303,0.747,0.833333333333333
"GH_vs_NP","Baseline",303,0.748,0.833333333333333
"GH_vs_NP","Baseline",303,0.749,0.833333333333333
"GH_vs_NP","Baseline",303,0.75,0.833333333333333
"GH_vs_NP","Baseline",303,0.751,0.833333333333333
"GH_vs_NP","Baseline",303,0.752,0.833333333333333
"GH_vs_NP","Baseline",303,0.753,0.833333333333333
"GH_vs_NP","Baseline",303,0.754,0.833333333333333
"GH_vs_NP","Baseline",303,0.755,0.833333333333333
"GH_vs_NP","Baseline",303,0.756,0.833333333333333
"GH_vs_NP","Baseline",303,0.757,0.833333333333333
"GH_vs_NP","Baseline",303,0.758,0.833333333333333
"GH_vs_NP","Baseline",303,0.759,0.833333333333333
"GH_vs_NP","Baseline",303,0.76,0.833333333333333
"GH_vs_NP","Baseline",303,0.761,0.833333333333333
"GH_vs_NP","Baseline",303,0.762,0.833333333333333
"GH_vs_NP","Baseline",303,0.763,0.833333333333333
"GH_vs_NP","Baseline",303,0.764,0.833333333333333
"GH_vs_NP","Baseline",303,0.765,0.833333333333333
"GH_vs_NP","Baseline",303,0.766,0.833333333333333
"GH_vs_NP","Baseline",303,0.767,0.833333333333333
"GH_vs_NP","Baseline",303,0.768,0.833333333333333
"GH_vs_NP","Baseline",303,0.769,0.833333333333333
"GH_vs_NP","Baseline",303,0.77,0.833333333333333
"GH_vs_NP","Baseline",303,0.771,0.833333333333333
"GH_vs_NP","Baseline",303,0.772,0.833333333333333
"GH_vs_NP","Baseline",303,0.773,0.833333333333333
"GH_vs_NP","Baseline",303,0.774,0.833333333333333
"GH_vs_NP","Baseline",303,0.775,0.833333333333333
"GH_vs_NP","Baseline",303,0.776,0.833333333333333
"GH_vs_NP","Baseline",303,0.777,0.833333333333333
"GH_vs_NP","Baseline",303,0.778,0.833333333333333
"GH_vs_NP","Baseline",303,0.779,0.833333333333333
"GH_vs_NP","Baseline",303,0.78,0.833333333333333
"GH_vs_NP","Baseline",303,0.781,0.833333333333333
"GH_vs_NP","Baseline",303,0.782,0.833333333333333
"GH_vs_NP","Baseline",303,0.783,0.833333333333333
"GH_vs_NP","Baseline",303,0.784,0.833333333333333
"GH_vs_NP","Baseline",303,0.785,0.833333333333333
"GH_vs_NP","Baseline",303,0.786,0.833333333333333
"GH_vs_NP","Baseline",303,0.787,0.833333333333333
"GH_vs_NP","Baseline",303,0.788,0.833333333333333
"GH_vs_NP","Baseline",303,0.789,0.833333333333333
"GH_vs_NP","Baseline",303,0.79,0.833333333333333
"GH_vs_NP","Baseline",303,0.791,0.833333333333333
"GH_vs_NP","Baseline",303,0.792,0.833333333333333
"GH_vs_NP","Baseline",303,0.793,0.833333333333333
"GH_vs_NP","Baseline",303,0.794,0.833333333333333
"GH_vs_NP","Baseline",303,0.795,0.833333333333333
"GH_vs_NP","Baseline",303,0.796,0.833333333333333
"GH_vs_NP","Baseline",303,0.797,0.833333333333333
"GH_vs_NP","Baseline",303,0.798,0.833333333333333
"GH_vs_NP","Baseline",303,0.799,0.833333333333333
"GH_vs_NP","Baseline",303,0.8,0.833333333333333
"GH_vs_NP","Baseline",303,0.801,0.833333333333333
"GH_vs_NP","Baseline",303,0.802,0.833333333333333
"GH_vs_NP","Baseline",303,0.803,0.833333333333333
"GH_vs_NP","Baseline",303,0.804,0.833333333333333
"GH_vs_NP","Baseline",303,0.805,0.833333333333333
"GH_vs_NP","Baseline",303,0.806,0.833333333333333
"GH_vs_NP","Baseline",303,0.807,0.833333333333333
"GH_vs_NP","Baseline",303,0.808,0.833333333333333
"GH_vs_NP","Baseline",303,0.809,0.833333333333333
"GH_vs_NP","Baseline",303,0.81,0.833333333333333
"GH_vs_NP","Baseline",303,0.811,0.833333333333333
"GH_vs_NP","Baseline",303,0.812,0.833333333333333
"GH_vs_NP","Baseline",303,0.813,0.833333333333333
"GH_vs_NP","Baseline",303,0.814,0.833333333333333
"GH_vs_NP","Baseline",303,0.815,0.833333333333333
"GH_vs_NP","Baseline",303,0.816,0.833333333333333
"GH_vs_NP","Baseline",303,0.817,0.833333333333333
"GH_vs_NP","Baseline",303,0.818,0.833333333333333
"GH_vs_NP","Baseline",303,0.819,0.833333333333333
"GH_vs_NP","Baseline",303,0.82,0.833333333333333
"GH_vs_NP","Baseline",303,0.821,0.833333333333333
"GH_vs_NP","Baseline",303,0.822,0.833333333333333
"GH_vs_NP","Baseline",303,0.823,0.833333333333333
"GH_vs_NP","Baseline",303,0.824,0.833333333333333
"GH_vs_NP","Baseline",303,0.825,0.833333333333333
"GH_vs_NP","Baseline",303,0.826,0.833333333333333
"GH_vs_NP","Baseline",303,0.827,0.833333333333333
"GH_vs_NP","Baseline",303,0.828,0.833333333333333
"GH_vs_NP","Baseline",303,0.829,0.833333333333333
"GH_vs_NP","Baseline",303,0.83,0.833333333333333
"GH_vs_NP","Baseline",303,0.831,0.833333333333333
"GH_vs_NP","Baseline",303,0.832,0.833333333333333
"GH_vs_NP","Baseline",303,0.833,0.833333333333333
"GH_vs_NP","Baseline",303,0.834,0.833333333333333
"GH_vs_NP","Baseline",303,0.835,0.833333333333333
"GH_vs_NP","Baseline",303,0.836,0.833333333333333
"GH_vs_NP","Baseline",303,0.837,0.833333333333333
"GH_vs_NP","Baseline",303,0.838,0.833333333333333
"GH_vs_NP","Baseline",303,0.839,0.833333333333333
"GH_vs_NP","Baseline",303,0.84,0.833333333333333
"GH_vs_NP","Baseline",303,0.841,0.833333333333333
"GH_vs_NP","Baseline",303,0.842,0.833333333333333
"GH_vs_NP","Baseline",303,0.843,0.833333333333333
"GH_vs_NP","Baseline",303,0.844,0.833333333333333
"GH_vs_NP","Baseline",303,0.845,0.833333333333333
"GH_vs_NP","Baseline",303,0.846,0.833333333333333
"GH_vs_NP","Baseline",303,0.847,0.833333333333333
"GH_vs_NP","Baseline",303,0.848,0.833333333333333
"GH_vs_NP","Baseline",303,0.849,0.833333333333333
"GH_vs_NP","Baseline",303,0.85,0.833333333333333
"GH_vs_NP","Baseline",303,0.851,0.833333333333333
"GH_vs_NP","Baseline",303,0.852,0.833333333333333
"GH_vs_NP","Baseline",303,0.853,0.833333333333333
"GH_vs_NP","Baseline",303,0.854,0.833333333333333
"GH_vs_NP","Baseline",303,0.855,0.833333333333333
"GH_vs_NP","Baseline",303,0.856,0.833333333333333
"GH_vs_NP","Baseline",303,0.857,0.833333333333333
"GH_vs_NP","Baseline",303,0.858,0.833333333333333
"GH_vs_NP","Baseline",303,0.859,0.833333333333333
"GH_vs_NP","Baseline",303,0.86,0.833333333333333
"GH_vs_NP","Baseline",303,0.861,0.833333333333333
"GH_vs_NP","Baseline",303,0.862,0.833333333333333
"GH_vs_NP","Baseline",303,0.863,0.833333333333333
"GH_vs_NP","Baseline",303,0.864,0.833333333333333
"GH_vs_NP","Baseline",303,0.865,0.833333333333333
"GH_vs_NP","Baseline",303,0.866,0.833333333333333
"GH_vs_NP","Baseline",303,0.867,0.833333333333333
"GH_vs_NP","Baseline",303,0.868,0.833333333333333
"GH_vs_NP","Baseline",303,0.869,0.833333333333333
"GH_vs_NP","Baseline",303,0.87,0.833333333333333
"GH_vs_NP","Baseline",303,0.871,0.833333333333333
"GH_vs_NP","Baseline",303,0.872,0.833333333333333
"GH_vs_NP","Baseline",303,0.873,0.833333333333333
"GH_vs_NP","Baseline",303,0.874,0.833333333333333
"GH_vs_NP","Baseline",303,0.875,0.833333333333333
"GH_vs_NP","Baseline",303,0.876,0.833333333333333
"GH_vs_NP","Baseline",303,0.877,0.833333333333333
"GH_vs_NP","Baseline",303,0.878,0.833333333333333
"GH_vs_NP","Baseline",303,0.879,0.833333333333333
"GH_vs_NP","Baseline",303,0.88,0.833333333333333
"GH_vs_NP","Baseline",303,0.881,0.833333333333333
"GH_vs_NP","Baseline",303,0.882,0.833333333333333
"GH_vs_NP","Baseline",303,0.883,0.833333333333333
"GH_vs_NP","Baseline",303,0.884,0.833333333333333
"GH_vs_NP","Baseline",303,0.885,0.833333333333333
"GH_vs_NP","Baseline",303,0.886,0.833333333333333
"GH_vs_NP","Baseline",303,0.887,0.833333333333333
"GH_vs_NP","Baseline",303,0.888,0.833333333333333
"GH_vs_NP","Baseline",303,0.889,0.833333333333333
"GH_vs_NP","Baseline",303,0.89,0.833333333333333
"GH_vs_NP","Baseline",303,0.891,0.833333333333333
"GH_vs_NP","Baseline",303,0.892,0.833333333333333
"GH_vs_NP","Baseline",303,0.893,0.833333333333333
"GH_vs_NP","Baseline",303,0.894,0.833333333333333
"GH_vs_NP","Baseline",303,0.895,0.833333333333333
"GH_vs_NP","Baseline",303,0.896,0.833333333333333
"GH_vs_NP","Baseline",303,0.897,0.833333333333333
"GH_vs_NP","Baseline",303,0.898,0.833333333333333
"GH_vs_NP","Baseline",303,0.899,0.833333333333333
"GH_vs_NP","Baseline",303,0.9,0.833333333333333
"GH_vs_NP","Baseline",303,0.901,0.833333333333333
"GH_vs_NP","Baseline",303,0.902,0.833333333333333
"GH_vs_NP","Baseline",303,0.903,0.833333333333333
"GH_vs_NP","Baseline",303,0.904,0.833333333333333
"GH_vs_NP","Baseline",303,0.905,0.833333333333333
"GH_vs_NP","Baseline",303,0.906,0.833333333333333
"GH_vs_NP","Baseline",303,0.907,0.833333333333333
"GH_vs_NP","Baseline",303,0.908,0.833333333333333
"GH_vs_NP","Baseline",303,0.909,0.833333333333333
"GH_vs_NP","Baseline",303,0.91,0.833333333333333
"GH_vs_NP","Baseline",303,0.911,0.833333333333333
"GH_vs_NP","Baseline",303,0.912,0.833333333333333
"GH_vs_NP","Baseline",303,0.913,0.833333333333333
"GH_vs_NP","Baseline",303,0.914,0.833333333333333
"GH_vs_NP","Baseline",303,0.915,0.833333333333333
"GH_vs_NP","Baseline",303,0.916,0.833333333333333
"GH_vs_NP","Baseline",303,0.917,0.833333333333333
"GH_vs_NP","Baseline",303,0.918,0.833333333333333
"GH_vs_NP","Baseline",303,0.919,0.833333333333333
"GH_vs_NP","Baseline",303,0.92,0.833333333333333
"GH_vs_NP","Baseline",303,0.921,0.833333333333333
"GH_vs_NP","Baseline",303,0.922,0.833333333333333
"GH_vs_NP","Baseline",303,0.923,0.833333333333333
"GH_vs_NP","Baseline",303,0.924,0.833333333333333
"GH_vs_NP","Baseline",303,0.925,0.833333333333333
"GH_vs_NP","Baseline",303,0.926,0.833333333333333
"GH_vs_NP","Baseline",303,0.927,0.833333333333333
"GH_vs_NP","Baseline",303,0.928,0.833333333333333
"GH_vs_NP","Baseline",303,0.929,0.833333333333333
"GH_vs_NP","Baseline",303,0.93,0.833333333333333
"GH_vs_NP","Baseline",303,0.931,0.833333333333333
"GH_vs_NP","Baseline",303,0.932,0.833333333333333
"GH_vs_NP","Baseline",303,0.933,0.833333333333333
"GH_vs_NP","Baseline",303,0.934,0.833333333333333
"GH_vs_NP","Baseline",303,0.935,0.833333333333333
"GH_vs_NP","Baseline",303,0.936,0.833333333333333
"GH_vs_NP","Baseline",303,0.937,0.833333333333333
"GH_vs_NP","Baseline",303,0.938,0.833333333333333
"GH_vs_NP","Baseline",303,0.939,0.833333333333333
"GH_vs_NP","Baseline",303,0.94,0.833333333333333
"GH_vs_NP","Baseline",303,0.941,0.833333333333333
"GH_vs_NP","Baseline",303,0.942,0.833333333333333
"GH_vs_NP","Baseline",303,0.943,0.833333333333333
"GH_vs_NP","Baseline",303,0.944,0.833333333333333
"GH_vs_NP","Baseline",303,0.945,0.833333333333333
"GH_vs_NP","Baseline",303,0.946,0.833333333333333
"GH_vs_NP","Baseline",303,0.947,0.833333333333333
"GH_vs_NP","Baseline",303,0.948,0.833333333333333
"GH_vs_NP","Baseline",303,0.949,0.833333333333333
"GH_vs_NP","Baseline",303,0.95,0.833333333333333
"GH_vs_NP","Baseline",303,0.951,0.833333333333333
"GH_vs_NP","Baseline",303,0.952,0.833333333333333
"GH_vs_NP","Baseline",303,0.953,0.833333333333333
"GH_vs_NP","Baseline",303,0.954,0.833333333333333
"GH_vs_NP","Baseline",303,0.955,0.833333333333333
"GH_vs_NP","Baseline",303,0.956,0.833333333333333
"GH_vs_NP","Baseline",303,0.957,0.833333333333333
"GH_vs_NP","Baseline",303,0.958,0.866666666666667
"GH_vs_NP","Baseline",303,0.959,0.866666666666667
"GH_vs_NP","Baseline",303,0.96,0.866666666666667
"GH_vs_NP","Baseline",303,0.961,0.9
"GH_vs_NP","Baseline",303,0.962,0.9
"GH_vs_NP","Baseline",303,0.963,0.9
"GH_vs_NP","Baseline",303,0.964,0.9
"GH_vs_NP","Baseline",303,0.965,0.9
"GH_vs_NP","Baseline",303,0.966,0.933333333333333
"GH_vs_NP","Baseline",303,0.967,0.933333333333333
"GH_vs_NP","Baseline",303,0.968,0.933333333333333
"GH_vs_NP","Baseline",303,0.969,0.966666666666667
"GH_vs_NP","Baseline",303,0.97,0.966666666666667
"GH_vs_NP","Baseline",303,0.971,0.966666666666667
"GH_vs_NP","Baseline",303,0.972,0.966666666666667
"GH_vs_NP","Baseline",303,0.973,0.966666666666667
"GH_vs_NP","Baseline",303,0.974,0.966666666666667
"GH_vs_NP","Baseline",303,0.975,1
"GH_vs_NP","Baseline",303,0.976,1
"GH_vs_NP","Baseline",303,0.977,1
"GH_vs_NP","Baseline",303,0.978,1
"GH_vs_NP","Baseline",303,0.979,1
"GH_vs_NP","Baseline",303,0.98,1
"GH_vs_NP","Baseline",303,0.981,1
"GH_vs_NP","Baseline",303,0.982,1
"GH_vs_NP","Baseline",303,0.983,1
"GH_vs_NP","Baseline",303,0.984,1
"GH_vs_NP","Baseline",303,0.985,1
"GH_vs_NP","Baseline",303,0.986,1
"GH_vs_NP","Baseline",303,0.987,1
"GH_vs_NP","Baseline",303,0.988,1
"GH_vs_NP","Baseline",303,0.989,1
"GH_vs_NP","Baseline",303,0.99,1
"GH_vs_NP","Baseline",303,0.991,1
"GH_vs_NP","Baseline",303,0.992,1
"GH_vs_NP","Baseline",303,0.993,1
"GH_vs_NP","Baseline",303,0.994,1
"GH_vs_NP","Baseline",303,0.995,1
"GH_vs_NP","Baseline",303,0.996,1
"GH_vs_NP","Baseline",303,0.997,1
"GH_vs_NP","Baseline",303,0.998,1
"GH_vs_NP","Baseline",303,0.999,1
"GH_vs_NP","Baseline",303,1,1
"GH_vs_NP","Met+Fun",303,0,0.166666666666667
"GH_vs_NP","Met+Fun",303,0.001,0.166666666666667
"GH_vs_NP","Met+Fun",303,0.002,0.166666666666667
"GH_vs_NP","Met+Fun",303,0.003,0.166666666666667
"GH_vs_NP","Met+Fun",303,0.004,0.166666666666667
"GH_vs_NP","Met+Fun",303,0.005,0.166666666666667
"GH_vs_NP","Met+Fun",303,0.006,0.234266666666667
"GH_vs_NP","Met+Fun",303,0.007,0.2372
"GH_vs_NP","Met+Fun",303,0.008,0.240133333333333
"GH_vs_NP","Met+Fun",303,0.009,0.243066666666667
"GH_vs_NP","Met+Fun",303,0.01,0.246
"GH_vs_NP","Met+Fun",303,0.011,0.248933333333333
"GH_vs_NP","Met+Fun",303,0.012,0.251866666666667
"GH_vs_NP","Met+Fun",303,0.013,0.2548
"GH_vs_NP","Met+Fun",303,0.014,0.257733333333333
"GH_vs_NP","Met+Fun",303,0.015,0.27
"GH_vs_NP","Met+Fun",303,0.016,0.284666666666667
"GH_vs_NP","Met+Fun",303,0.017,0.299333333333333
"GH_vs_NP","Met+Fun",303,0.018,0.338933333333333
"GH_vs_NP","Met+Fun",303,0.019,0.3448
"GH_vs_NP","Met+Fun",303,0.02,0.350666666666667
"GH_vs_NP","Met+Fun",303,0.021,0.356533333333333
"GH_vs_NP","Met+Fun",303,0.022,0.3624
"GH_vs_NP","Met+Fun",303,0.023,0.433333333333333
"GH_vs_NP","Met+Fun",303,0.024,0.433333333333333
"GH_vs_NP","Met+Fun",303,0.025,0.433333333333333
"GH_vs_NP","Met+Fun",303,0.026,0.5
"GH_vs_NP","Met+Fun",303,0.027,0.5
"GH_vs_NP","Met+Fun",303,0.028,0.5
"GH_vs_NP","Met+Fun",303,0.029,0.5
"GH_vs_NP","Met+Fun",303,0.03,0.5
"GH_vs_NP","Met+Fun",303,0.031,0.5
"GH_vs_NP","Met+Fun",303,0.032,0.5
"GH_vs_NP","Met+Fun",303,0.033,0.5
"GH_vs_NP","Met+Fun",303,0.034,0.5
"GH_vs_NP","Met+Fun",303,0.035,0.533333333333333
"GH_vs_NP","Met+Fun",303,0.036,0.533333333333333
"GH_vs_NP","Met+Fun",303,0.037,0.533333333333333
"GH_vs_NP","Met+Fun",303,0.038,0.533333333333333
"GH_vs_NP","Met+Fun",303,0.039,0.533333333333333
"GH_vs_NP","Met+Fun",303,0.04,0.533333333333333
"GH_vs_NP","Met+Fun",303,0.041,0.533333333333333
"GH_vs_NP","Met+Fun",303,0.042,0.533333333333333
"GH_vs_NP","Met+Fun",303,0.043,0.533333333333333
"GH_vs_NP","Met+Fun",303,0.044,0.533333333333333
"GH_vs_NP","Met+Fun",303,0.045,0.533333333333333
"GH_vs_NP","Met+Fun",303,0.046,0.566666666666667
"GH_vs_NP","Met+Fun",303,0.047,0.566666666666667
"GH_vs_NP","Met+Fun",303,0.048,0.566666666666667
"GH_vs_NP","Met+Fun",303,0.049,0.566666666666667
"GH_vs_NP","Met+Fun",303,0.05,0.566666666666667
"GH_vs_NP","Met+Fun",303,0.051,0.566666666666667
"GH_vs_NP","Met+Fun",303,0.052,0.633333333333333
"GH_vs_NP","Met+Fun",303,0.053,0.633333333333333
"GH_vs_NP","Met+Fun",303,0.054,0.633333333333333
"GH_vs_NP","Met+Fun",303,0.055,0.633333333333333
"GH_vs_NP","Met+Fun",303,0.056,0.633333333333333
"GH_vs_NP","Met+Fun",303,0.057,0.666666666666667
"GH_vs_NP","Met+Fun",303,0.058,0.666666666666667
"GH_vs_NP","Met+Fun",303,0.059,0.666666666666667
"GH_vs_NP","Met+Fun",303,0.06,0.666666666666667
"GH_vs_NP","Met+Fun",303,0.061,0.666666666666667
"GH_vs_NP","Met+Fun",303,0.062,0.666666666666667
"GH_vs_NP","Met+Fun",303,0.063,0.666666666666667
"GH_vs_NP","Met+Fun",303,0.064,0.666666666666667
"GH_vs_NP","Met+Fun",303,0.065,0.666666666666667
"GH_vs_NP","Met+Fun",303,0.066,0.666666666666667
"GH_vs_NP","Met+Fun",303,0.067,0.666666666666667
"GH_vs_NP","Met+Fun",303,0.068,0.666666666666667
"GH_vs_NP","Met+Fun",303,0.069,0.666666666666667
"GH_vs_NP","Met+Fun",303,0.07,0.666666666666667
"GH_vs_NP","Met+Fun",303,0.071,0.666666666666667
"GH_vs_NP","Met+Fun",303,0.072,0.666666666666667
"GH_vs_NP","Met+Fun",303,0.073,0.666666666666667
"GH_vs_NP","Met+Fun",303,0.074,0.666666666666667
"GH_vs_NP","Met+Fun",303,0.075,0.666666666666667
"GH_vs_NP","Met+Fun",303,0.076,0.666666666666667
"GH_vs_NP","Met+Fun",303,0.077,0.666666666666667
"GH_vs_NP","Met+Fun",303,0.078,0.666666666666667
"GH_vs_NP","Met+Fun",303,0.079,0.666666666666667
"GH_vs_NP","Met+Fun",303,0.08,0.666666666666667
"GH_vs_NP","Met+Fun",303,0.081,0.666666666666667
"GH_vs_NP","Met+Fun",303,0.082,0.666666666666667
"GH_vs_NP","Met+Fun",303,0.083,0.666666666666667
"GH_vs_NP","Met+Fun",303,0.084,0.666666666666667
"GH_vs_NP","Met+Fun",303,0.085,0.666666666666667
"GH_vs_NP","Met+Fun",303,0.086,0.666666666666667
"GH_vs_NP","Met+Fun",303,0.087,0.666666666666667
"GH_vs_NP","Met+Fun",303,0.088,0.666666666666667
"GH_vs_NP","Met+Fun",303,0.089,0.666666666666667
"GH_vs_NP","Met+Fun",303,0.09,0.666666666666667
"GH_vs_NP","Met+Fun",303,0.091,0.666666666666667
"GH_vs_NP","Met+Fun",303,0.092,0.666666666666667
"GH_vs_NP","Met+Fun",303,0.093,0.666666666666667
"GH_vs_NP","Met+Fun",303,0.094,0.666666666666667
"GH_vs_NP","Met+Fun",303,0.095,0.666666666666667
"GH_vs_NP","Met+Fun",303,0.096,0.666666666666667
"GH_vs_NP","Met+Fun",303,0.097,0.666666666666667
"GH_vs_NP","Met+Fun",303,0.098,0.666666666666667
"GH_vs_NP","Met+Fun",303,0.099,0.666666666666667
"GH_vs_NP","Met+Fun",303,0.1,0.666666666666667
"GH_vs_NP","Met+Fun",303,0.101,0.666666666666667
"GH_vs_NP","Met+Fun",303,0.102,0.666666666666667
"GH_vs_NP","Met+Fun",303,0.103,0.666666666666667
"GH_vs_NP","Met+Fun",303,0.104,0.666666666666667
"GH_vs_NP","Met+Fun",303,0.105,0.666666666666667
"GH_vs_NP","Met+Fun",303,0.106,0.666666666666667
"GH_vs_NP","Met+Fun",303,0.107,0.666666666666667
"GH_vs_NP","Met+Fun",303,0.108,0.666666666666667
"GH_vs_NP","Met+Fun",303,0.109,0.666666666666667
"GH_vs_NP","Met+Fun",303,0.11,0.666666666666667
"GH_vs_NP","Met+Fun",303,0.111,0.666666666666667
"GH_vs_NP","Met+Fun",303,0.112,0.666666666666667
"GH_vs_NP","Met+Fun",303,0.113,0.666666666666667
"GH_vs_NP","Met+Fun",303,0.114,0.666666666666667
"GH_vs_NP","Met+Fun",303,0.115,0.666666666666667
"GH_vs_NP","Met+Fun",303,0.116,0.666666666666667
"GH_vs_NP","Met+Fun",303,0.117,0.666666666666667
"GH_vs_NP","Met+Fun",303,0.118,0.666666666666667
"GH_vs_NP","Met+Fun",303,0.119,0.666666666666667
"GH_vs_NP","Met+Fun",303,0.12,0.666666666666667
"GH_vs_NP","Met+Fun",303,0.121,0.666666666666667
"GH_vs_NP","Met+Fun",303,0.122,0.666666666666667
"GH_vs_NP","Met+Fun",303,0.123,0.666666666666667
"GH_vs_NP","Met+Fun",303,0.124,0.666666666666667
"GH_vs_NP","Met+Fun",303,0.125,0.666666666666667
"GH_vs_NP","Met+Fun",303,0.126,0.666666666666667
"GH_vs_NP","Met+Fun",303,0.127,0.666666666666667
"GH_vs_NP","Met+Fun",303,0.128,0.667133333333333
"GH_vs_NP","Met+Fun",303,0.129,0.670066666666667
"GH_vs_NP","Met+Fun",303,0.13,0.673
"GH_vs_NP","Met+Fun",303,0.131,0.675933333333333
"GH_vs_NP","Met+Fun",303,0.132,0.678866666666667
"GH_vs_NP","Met+Fun",303,0.133,0.6818
"GH_vs_NP","Met+Fun",303,0.134,0.687222222222222
"GH_vs_NP","Met+Fun",303,0.135,0.69537037037037
"GH_vs_NP","Met+Fun",303,0.136,0.703518518518519
"GH_vs_NP","Met+Fun",303,0.137,0.713533333333333
"GH_vs_NP","Met+Fun",303,0.138,0.724614814814815
"GH_vs_NP","Met+Fun",303,0.139,0.735696296296296
"GH_vs_NP","Met+Fun",303,0.14,0.744444444444444
"GH_vs_NP","Met+Fun",303,0.141,0.752592592592593
"GH_vs_NP","Met+Fun",303,0.142,0.760740740740741
"GH_vs_NP","Met+Fun",303,0.143,0.765155555555556
"GH_vs_NP","Met+Fun",303,0.144,0.769392592592593
"GH_vs_NP","Met+Fun",303,0.145,0.77362962962963
"GH_vs_NP","Met+Fun",303,0.146,0.777866666666667
"GH_vs_NP","Met+Fun",303,0.147,0.782103703703704
"GH_vs_NP","Met+Fun",303,0.148,0.785540740740741
"GH_vs_NP","Met+Fun",303,0.149,0.786844444444444
"GH_vs_NP","Met+Fun",303,0.15,0.788148148148148
"GH_vs_NP","Met+Fun",303,0.151,0.789451851851852
"GH_vs_NP","Met+Fun",303,0.152,0.790755555555556
"GH_vs_NP","Met+Fun",303,0.153,0.792059259259259
"GH_vs_NP","Met+Fun",303,0.154,0.793362962962963
"GH_vs_NP","Met+Fun",303,0.155,0.794666666666667
"GH_vs_NP","Met+Fun",303,0.156,0.79597037037037
"GH_vs_NP","Met+Fun",303,0.157,0.797274074074074
"GH_vs_NP","Met+Fun",303,0.158,0.798577777777778
"GH_vs_NP","Met+Fun",303,0.159,0.799881481481482
"GH_vs_NP","Met+Fun",303,0.16,0.800820512820513
"GH_vs_NP","Met+Fun",303,0.161,0.801723076923077
"GH_vs_NP","Met+Fun",303,0.162,0.802625641025641
"GH_vs_NP","Met+Fun",303,0.163,0.803528205128205
"GH_vs_NP","Met+Fun",303,0.164,0.804430769230769
"GH_vs_NP","Met+Fun",303,0.165,0.805333333333333
"GH_vs_NP","Met+Fun",303,0.166,0.806235897435898
"GH_vs_NP","Met+Fun",303,0.167,0.807138461538462
"GH_vs_NP","Met+Fun",303,0.168,0.808041025641026
"GH_vs_NP","Met+Fun",303,0.169,0.80894358974359
"GH_vs_NP","Met+Fun",303,0.17,0.809846153846154
"GH_vs_NP","Met+Fun",303,0.171,0.810748717948718
"GH_vs_NP","Met+Fun",303,0.172,0.811651282051282
"GH_vs_NP","Met+Fun",303,0.173,0.812553846153846
"GH_vs_NP","Met+Fun",303,0.174,0.81345641025641
"GH_vs_NP","Met+Fun",303,0.175,0.814358974358974
"GH_vs_NP","Met+Fun",303,0.176,0.815261538461538
"GH_vs_NP","Met+Fun",303,0.177,0.816164102564103
"GH_vs_NP","Met+Fun",303,0.178,0.817066666666667
"GH_vs_NP","Met+Fun",303,0.179,0.817969230769231
"GH_vs_NP","Met+Fun",303,0.18,0.818871794871795
"GH_vs_NP","Met+Fun",303,0.181,0.819774358974359
"GH_vs_NP","Met+Fun",303,0.182,0.820676923076923
"GH_vs_NP","Met+Fun",303,0.183,0.821579487179487
"GH_vs_NP","Met+Fun",303,0.184,0.822482051282051
"GH_vs_NP","Met+Fun",303,0.185,0.823384615384615
"GH_vs_NP","Met+Fun",303,0.186,0.824287179487179
"GH_vs_NP","Met+Fun",303,0.187,0.825189743589744
"GH_vs_NP","Met+Fun",303,0.188,0.826092307692308
"GH_vs_NP","Met+Fun",303,0.189,0.826994871794872
"GH_vs_NP","Met+Fun",303,0.19,0.827897435897436
"GH_vs_NP","Met+Fun",303,0.191,0.8288
"GH_vs_NP","Met+Fun",303,0.192,0.829702564102564
"GH_vs_NP","Met+Fun",303,0.193,0.830605128205128
"GH_vs_NP","Met+Fun",303,0.194,0.831507692307692
"GH_vs_NP","Met+Fun",303,0.195,0.832410256410256
"GH_vs_NP","Met+Fun",303,0.196,0.833312820512821
"GH_vs_NP","Met+Fun",303,0.197,0.833333333333333
"GH_vs_NP","Met+Fun",303,0.198,0.833333333333333
"GH_vs_NP","Met+Fun",303,0.199,0.833333333333333
"GH_vs_NP","Met+Fun",303,0.2,0.833333333333333
"GH_vs_NP","Met+Fun",303,0.201,0.833333333333333
"GH_vs_NP","Met+Fun",303,0.202,0.833333333333333
"GH_vs_NP","Met+Fun",303,0.203,0.833333333333333
"GH_vs_NP","Met+Fun",303,0.204,0.833333333333333
"GH_vs_NP","Met+Fun",303,0.205,0.833333333333333
"GH_vs_NP","Met+Fun",303,0.206,0.833333333333333
"GH_vs_NP","Met+Fun",303,0.207,0.833333333333333
"GH_vs_NP","Met+Fun",303,0.208,0.833333333333333
"GH_vs_NP","Met+Fun",303,0.209,0.833333333333333
"GH_vs_NP","Met+Fun",303,0.21,0.833333333333333
"GH_vs_NP","Met+Fun",303,0.211,0.833333333333333
"GH_vs_NP","Met+Fun",303,0.212,0.833333333333333
"GH_vs_NP","Met+Fun",303,0.213,0.833333333333333
"GH_vs_NP","Met+Fun",303,0.214,0.833333333333333
"GH_vs_NP","Met+Fun",303,0.215,0.833333333333333
"GH_vs_NP","Met+Fun",303,0.216,0.833333333333333
"GH_vs_NP","Met+Fun",303,0.217,0.833333333333333
"GH_vs_NP","Met+Fun",303,0.218,0.833333333333333
"GH_vs_NP","Met+Fun",303,0.219,0.833333333333333
"GH_vs_NP","Met+Fun",303,0.22,0.833333333333333
"GH_vs_NP","Met+Fun",303,0.221,0.833333333333333
"GH_vs_NP","Met+Fun",303,0.222,0.833333333333333
"GH_vs_NP","Met+Fun",303,0.223,0.833333333333333
"GH_vs_NP","Met+Fun",303,0.224,0.833333333333333
"GH_vs_NP","Met+Fun",303,0.225,0.833333333333333
"GH_vs_NP","Met+Fun",303,0.226,0.833333333333333
"GH_vs_NP","Met+Fun",303,0.227,0.833333333333333
"GH_vs_NP","Met+Fun",303,0.228,0.833333333333333
"GH_vs_NP","Met+Fun",303,0.229,0.833333333333333
"GH_vs_NP","Met+Fun",303,0.23,0.833333333333333
"GH_vs_NP","Met+Fun",303,0.231,0.833333333333333
"GH_vs_NP","Met+Fun",303,0.232,0.833333333333333
"GH_vs_NP","Met+Fun",303,0.233,0.833333333333333
"GH_vs_NP","Met+Fun",303,0.234,0.833333333333333
"GH_vs_NP","Met+Fun",303,0.235,0.833333333333333
"GH_vs_NP","Met+Fun",303,0.236,0.833333333333333
"GH_vs_NP","Met+Fun",303,0.237,0.833333333333333
"GH_vs_NP","Met+Fun",303,0.238,0.833333333333333
"GH_vs_NP","Met+Fun",303,0.239,0.833333333333333
"GH_vs_NP","Met+Fun",303,0.24,0.833333333333333
"GH_vs_NP","Met+Fun",303,0.241,0.833333333333333
"GH_vs_NP","Met+Fun",303,0.242,0.833333333333333
"GH_vs_NP","Met+Fun",303,0.243,0.833333333333333
"GH_vs_NP","Met+Fun",303,0.244,0.833333333333333
"GH_vs_NP","Met+Fun",303,0.245,0.833333333333333
"GH_vs_NP","Met+Fun",303,0.246,0.833333333333333
"GH_vs_NP","Met+Fun",303,0.247,0.833333333333333
"GH_vs_NP","Met+Fun",303,0.248,0.833333333333333
"GH_vs_NP","Met+Fun",303,0.249,0.833333333333333
"GH_vs_NP","Met+Fun",303,0.25,0.833333333333333
"GH_vs_NP","Met+Fun",303,0.251,0.833333333333333
"GH_vs_NP","Met+Fun",303,0.252,0.833333333333333
"GH_vs_NP","Met+Fun",303,0.253,0.833333333333333
"GH_vs_NP","Met+Fun",303,0.254,0.833333333333333
"GH_vs_NP","Met+Fun",303,0.255,0.833333333333333
"GH_vs_NP","Met+Fun",303,0.256,0.833333333333333
"GH_vs_NP","Met+Fun",303,0.257,0.833333333333333
"GH_vs_NP","Met+Fun",303,0.258,0.833333333333333
"GH_vs_NP","Met+Fun",303,0.259,0.833333333333333
"GH_vs_NP","Met+Fun",303,0.26,0.833333333333333
"GH_vs_NP","Met+Fun",303,0.261,0.833333333333333
"GH_vs_NP","Met+Fun",303,0.262,0.833333333333333
"GH_vs_NP","Met+Fun",303,0.263,0.833333333333333
"GH_vs_NP","Met+Fun",303,0.264,0.833333333333333
"GH_vs_NP","Met+Fun",303,0.265,0.833333333333333
"GH_vs_NP","Met+Fun",303,0.266,0.833333333333333
"GH_vs_NP","Met+Fun",303,0.267,0.833333333333333
"GH_vs_NP","Met+Fun",303,0.268,0.833333333333333
"GH_vs_NP","Met+Fun",303,0.269,0.833333333333333
"GH_vs_NP","Met+Fun",303,0.27,0.833333333333333
"GH_vs_NP","Met+Fun",303,0.271,0.833333333333333
"GH_vs_NP","Met+Fun",303,0.272,0.833333333333333
"GH_vs_NP","Met+Fun",303,0.273,0.833333333333333
"GH_vs_NP","Met+Fun",303,0.274,0.833333333333333
"GH_vs_NP","Met+Fun",303,0.275,0.833333333333333
"GH_vs_NP","Met+Fun",303,0.276,0.833333333333333
"GH_vs_NP","Met+Fun",303,0.277,0.833333333333333
"GH_vs_NP","Met+Fun",303,0.278,0.833333333333333
"GH_vs_NP","Met+Fun",303,0.279,0.833333333333333
"GH_vs_NP","Met+Fun",303,0.28,0.833333333333333
"GH_vs_NP","Met+Fun",303,0.281,0.833333333333333
"GH_vs_NP","Met+Fun",303,0.282,0.833333333333333
"GH_vs_NP","Met+Fun",303,0.283,0.833333333333333
"GH_vs_NP","Met+Fun",303,0.284,0.833333333333333
"GH_vs_NP","Met+Fun",303,0.285,0.833333333333333
"GH_vs_NP","Met+Fun",303,0.286,0.833333333333333
"GH_vs_NP","Met+Fun",303,0.287,0.833333333333333
"GH_vs_NP","Met+Fun",303,0.288,0.833333333333333
"GH_vs_NP","Met+Fun",303,0.289,0.833333333333333
"GH_vs_NP","Met+Fun",303,0.29,0.833333333333333
"GH_vs_NP","Met+Fun",303,0.291,0.833333333333333
"GH_vs_NP","Met+Fun",303,0.292,0.833333333333333
"GH_vs_NP","Met+Fun",303,0.293,0.833333333333333
"GH_vs_NP","Met+Fun",303,0.294,0.833333333333333
"GH_vs_NP","Met+Fun",303,0.295,0.833333333333333
"GH_vs_NP","Met+Fun",303,0.296,0.833333333333333
"GH_vs_NP","Met+Fun",303,0.297,0.833333333333333
"GH_vs_NP","Met+Fun",303,0.298,0.833333333333333
"GH_vs_NP","Met+Fun",303,0.299,0.833333333333333
"GH_vs_NP","Met+Fun",303,0.3,0.833333333333333
"GH_vs_NP","Met+Fun",303,0.301,0.833333333333333
"GH_vs_NP","Met+Fun",303,0.302,0.833333333333333
"GH_vs_NP","Met+Fun",303,0.303,0.833333333333333
"GH_vs_NP","Met+Fun",303,0.304,0.833333333333333
"GH_vs_NP","Met+Fun",303,0.305,0.833333333333333
"GH_vs_NP","Met+Fun",303,0.306,0.833333333333333
"GH_vs_NP","Met+Fun",303,0.307,0.833333333333333
"GH_vs_NP","Met+Fun",303,0.308,0.833333333333333
"GH_vs_NP","Met+Fun",303,0.309,0.833333333333333
"GH_vs_NP","Met+Fun",303,0.31,0.833333333333333
"GH_vs_NP","Met+Fun",303,0.311,0.833333333333333
"GH_vs_NP","Met+Fun",303,0.312,0.833333333333333
"GH_vs_NP","Met+Fun",303,0.313,0.833333333333333
"GH_vs_NP","Met+Fun",303,0.314,0.833333333333333
"GH_vs_NP","Met+Fun",303,0.315,0.833333333333333
"GH_vs_NP","Met+Fun",303,0.316,0.833333333333333
"GH_vs_NP","Met+Fun",303,0.317,0.833333333333333
"GH_vs_NP","Met+Fun",303,0.318,0.833333333333333
"GH_vs_NP","Met+Fun",303,0.319,0.833333333333333
"GH_vs_NP","Met+Fun",303,0.32,0.833333333333333
"GH_vs_NP","Met+Fun",303,0.321,0.833333333333333
"GH_vs_NP","Met+Fun",303,0.322,0.833333333333333
"GH_vs_NP","Met+Fun",303,0.323,0.833333333333333
"GH_vs_NP","Met+Fun",303,0.324,0.833333333333333
"GH_vs_NP","Met+Fun",303,0.325,0.833333333333333
"GH_vs_NP","Met+Fun",303,0.326,0.833333333333333
"GH_vs_NP","Met+Fun",303,0.327,0.833333333333333
"GH_vs_NP","Met+Fun",303,0.328,0.833333333333333
"GH_vs_NP","Met+Fun",303,0.329,0.833333333333333
"GH_vs_NP","Met+Fun",303,0.33,0.833333333333333
"GH_vs_NP","Met+Fun",303,0.331,0.833333333333333
"GH_vs_NP","Met+Fun",303,0.332,0.833333333333333
"GH_vs_NP","Met+Fun",303,0.333,0.833333333333333
"GH_vs_NP","Met+Fun",303,0.334,0.833333333333333
"GH_vs_NP","Met+Fun",303,0.335,0.833333333333333
"GH_vs_NP","Met+Fun",303,0.336,0.833333333333333
"GH_vs_NP","Met+Fun",303,0.337,0.833333333333333
"GH_vs_NP","Met+Fun",303,0.338,0.833333333333333
"GH_vs_NP","Met+Fun",303,0.339,0.833333333333333
"GH_vs_NP","Met+Fun",303,0.34,0.833333333333333
"GH_vs_NP","Met+Fun",303,0.341,0.833333333333333
"GH_vs_NP","Met+Fun",303,0.342,0.833333333333333
"GH_vs_NP","Met+Fun",303,0.343,0.833333333333333
"GH_vs_NP","Met+Fun",303,0.344,0.833333333333333
"GH_vs_NP","Met+Fun",303,0.345,0.833333333333333
"GH_vs_NP","Met+Fun",303,0.346,0.833333333333333
"GH_vs_NP","Met+Fun",303,0.347,0.833333333333333
"GH_vs_NP","Met+Fun",303,0.348,0.833333333333333
"GH_vs_NP","Met+Fun",303,0.349,0.833333333333333
"GH_vs_NP","Met+Fun",303,0.35,0.833333333333333
"GH_vs_NP","Met+Fun",303,0.351,0.833333333333333
"GH_vs_NP","Met+Fun",303,0.352,0.833333333333333
"GH_vs_NP","Met+Fun",303,0.353,0.833333333333333
"GH_vs_NP","Met+Fun",303,0.354,0.833333333333333
"GH_vs_NP","Met+Fun",303,0.355,0.833333333333333
"GH_vs_NP","Met+Fun",303,0.356,0.833333333333333
"GH_vs_NP","Met+Fun",303,0.357,0.833333333333333
"GH_vs_NP","Met+Fun",303,0.358,0.833333333333333
"GH_vs_NP","Met+Fun",303,0.359,0.833333333333333
"GH_vs_NP","Met+Fun",303,0.36,0.833333333333333
"GH_vs_NP","Met+Fun",303,0.361,0.833333333333333
"GH_vs_NP","Met+Fun",303,0.362,0.833333333333333
"GH_vs_NP","Met+Fun",303,0.363,0.833333333333333
"GH_vs_NP","Met+Fun",303,0.364,0.833333333333333
"GH_vs_NP","Met+Fun",303,0.365,0.833333333333333
"GH_vs_NP","Met+Fun",303,0.366,0.833333333333333
"GH_vs_NP","Met+Fun",303,0.367,0.833333333333333
"GH_vs_NP","Met+Fun",303,0.368,0.833333333333333
"GH_vs_NP","Met+Fun",303,0.369,0.833333333333333
"GH_vs_NP","Met+Fun",303,0.37,0.833333333333333
"GH_vs_NP","Met+Fun",303,0.371,0.833333333333333
"GH_vs_NP","Met+Fun",303,0.372,0.833333333333333
"GH_vs_NP","Met+Fun",303,0.373,0.833333333333333
"GH_vs_NP","Met+Fun",303,0.374,0.833333333333333
"GH_vs_NP","Met+Fun",303,0.375,0.833333333333333
"GH_vs_NP","Met+Fun",303,0.376,0.833333333333333
"GH_vs_NP","Met+Fun",303,0.377,0.833333333333333
"GH_vs_NP","Met+Fun",303,0.378,0.833333333333333
"GH_vs_NP","Met+Fun",303,0.379,0.833333333333333
"GH_vs_NP","Met+Fun",303,0.38,0.833333333333333
"GH_vs_NP","Met+Fun",303,0.381,0.833333333333333
"GH_vs_NP","Met+Fun",303,0.382,0.833333333333333
"GH_vs_NP","Met+Fun",303,0.383,0.833333333333333
"GH_vs_NP","Met+Fun",303,0.384,0.833333333333333
"GH_vs_NP","Met+Fun",303,0.385,0.833333333333333
"GH_vs_NP","Met+Fun",303,0.386,0.833333333333333
"GH_vs_NP","Met+Fun",303,0.387,0.833333333333333
"GH_vs_NP","Met+Fun",303,0.388,0.833333333333333
"GH_vs_NP","Met+Fun",303,0.389,0.833333333333333
"GH_vs_NP","Met+Fun",303,0.39,0.833333333333333
"GH_vs_NP","Met+Fun",303,0.391,0.833333333333333
"GH_vs_NP","Met+Fun",303,0.392,0.833333333333333
"GH_vs_NP","Met+Fun",303,0.393,0.833333333333333
"GH_vs_NP","Met+Fun",303,0.394,0.833333333333333
"GH_vs_NP","Met+Fun",303,0.395,0.833333333333333
"GH_vs_NP","Met+Fun",303,0.396,0.833333333333333
"GH_vs_NP","Met+Fun",303,0.397,0.833333333333333
"GH_vs_NP","Met+Fun",303,0.398,0.833333333333333
"GH_vs_NP","Met+Fun",303,0.399,0.833333333333333
"GH_vs_NP","Met+Fun",303,0.4,0.833333333333333
"GH_vs_NP","Met+Fun",303,0.401,0.833333333333333
"GH_vs_NP","Met+Fun",303,0.402,0.833333333333333
"GH_vs_NP","Met+Fun",303,0.403,0.833333333333333
"GH_vs_NP","Met+Fun",303,0.404,0.833333333333333
"GH_vs_NP","Met+Fun",303,0.405,0.833333333333333
"GH_vs_NP","Met+Fun",303,0.406,0.833333333333333
"GH_vs_NP","Met+Fun",303,0.407,0.833333333333333
"GH_vs_NP","Met+Fun",303,0.408,0.833333333333333
"GH_vs_NP","Met+Fun",303,0.409,0.833333333333333
"GH_vs_NP","Met+Fun",303,0.41,0.833333333333333
"GH_vs_NP","Met+Fun",303,0.411,0.833333333333333
"GH_vs_NP","Met+Fun",303,0.412,0.833333333333333
"GH_vs_NP","Met+Fun",303,0.413,0.833333333333333
"GH_vs_NP","Met+Fun",303,0.414,0.833333333333333
"GH_vs_NP","Met+Fun",303,0.415,0.833333333333333
"GH_vs_NP","Met+Fun",303,0.416,0.833333333333333
"GH_vs_NP","Met+Fun",303,0.417,0.833333333333333
"GH_vs_NP","Met+Fun",303,0.418,0.833333333333333
"GH_vs_NP","Met+Fun",303,0.419,0.833333333333333
"GH_vs_NP","Met+Fun",303,0.42,0.833333333333333
"GH_vs_NP","Met+Fun",303,0.421,0.833333333333333
"GH_vs_NP","Met+Fun",303,0.422,0.833333333333333
"GH_vs_NP","Met+Fun",303,0.423,0.833333333333333
"GH_vs_NP","Met+Fun",303,0.424,0.833333333333333
"GH_vs_NP","Met+Fun",303,0.425,0.833333333333333
"GH_vs_NP","Met+Fun",303,0.426,0.833333333333333
"GH_vs_NP","Met+Fun",303,0.427,0.833333333333333
"GH_vs_NP","Met+Fun",303,0.428,0.833333333333333
"GH_vs_NP","Met+Fun",303,0.429,0.833333333333333
"GH_vs_NP","Met+Fun",303,0.43,0.833333333333333
"GH_vs_NP","Met+Fun",303,0.431,0.833333333333333
"GH_vs_NP","Met+Fun",303,0.432,0.833333333333333
"GH_vs_NP","Met+Fun",303,0.433,0.833333333333333
"GH_vs_NP","Met+Fun",303,0.434,0.833333333333333
"GH_vs_NP","Met+Fun",303,0.435,0.833333333333333
"GH_vs_NP","Met+Fun",303,0.436,0.833333333333333
"GH_vs_NP","Met+Fun",303,0.437,0.833333333333333
"GH_vs_NP","Met+Fun",303,0.438,0.833333333333333
"GH_vs_NP","Met+Fun",303,0.439,0.833333333333333
"GH_vs_NP","Met+Fun",303,0.44,0.833333333333333
"GH_vs_NP","Met+Fun",303,0.441,0.833333333333333
"GH_vs_NP","Met+Fun",303,0.442,0.833333333333333
"GH_vs_NP","Met+Fun",303,0.443,0.833333333333333
"GH_vs_NP","Met+Fun",303,0.444,0.833333333333333
"GH_vs_NP","Met+Fun",303,0.445,0.833333333333333
"GH_vs_NP","Met+Fun",303,0.446,0.833333333333333
"GH_vs_NP","Met+Fun",303,0.447,0.833333333333333
"GH_vs_NP","Met+Fun",303,0.448,0.833333333333333
"GH_vs_NP","Met+Fun",303,0.449,0.833333333333333
"GH_vs_NP","Met+Fun",303,0.45,0.833333333333333
"GH_vs_NP","Met+Fun",303,0.451,0.833333333333333
"GH_vs_NP","Met+Fun",303,0.452,0.833333333333333
"GH_vs_NP","Met+Fun",303,0.453,0.833333333333333
"GH_vs_NP","Met+Fun",303,0.454,0.833333333333333
"GH_vs_NP","Met+Fun",303,0.455,0.833333333333333
"GH_vs_NP","Met+Fun",303,0.456,0.833333333333333
"GH_vs_NP","Met+Fun",303,0.457,0.833333333333333
"GH_vs_NP","Met+Fun",303,0.458,0.833333333333333
"GH_vs_NP","Met+Fun",303,0.459,0.833333333333333
"GH_vs_NP","Met+Fun",303,0.46,0.833333333333333
"GH_vs_NP","Met+Fun",303,0.461,0.833333333333333
"GH_vs_NP","Met+Fun",303,0.462,0.833333333333333
"GH_vs_NP","Met+Fun",303,0.463,0.833333333333333
"GH_vs_NP","Met+Fun",303,0.464,0.833333333333333
"GH_vs_NP","Met+Fun",303,0.465,0.833333333333333
"GH_vs_NP","Met+Fun",303,0.466,0.833333333333333
"GH_vs_NP","Met+Fun",303,0.467,0.833333333333333
"GH_vs_NP","Met+Fun",303,0.468,0.833333333333333
"GH_vs_NP","Met+Fun",303,0.469,0.833333333333333
"GH_vs_NP","Met+Fun",303,0.47,0.833333333333333
"GH_vs_NP","Met+Fun",303,0.471,0.833333333333333
"GH_vs_NP","Met+Fun",303,0.472,0.833333333333333
"GH_vs_NP","Met+Fun",303,0.473,0.833333333333333
"GH_vs_NP","Met+Fun",303,0.474,0.833333333333333
"GH_vs_NP","Met+Fun",303,0.475,0.833333333333333
"GH_vs_NP","Met+Fun",303,0.476,0.833333333333333
"GH_vs_NP","Met+Fun",303,0.477,0.833333333333333
"GH_vs_NP","Met+Fun",303,0.478,0.833333333333333
"GH_vs_NP","Met+Fun",303,0.479,0.833333333333333
"GH_vs_NP","Met+Fun",303,0.48,0.833333333333333
"GH_vs_NP","Met+Fun",303,0.481,0.833333333333333
"GH_vs_NP","Met+Fun",303,0.482,0.833333333333333
"GH_vs_NP","Met+Fun",303,0.483,0.833333333333333
"GH_vs_NP","Met+Fun",303,0.484,0.833333333333333
"GH_vs_NP","Met+Fun",303,0.485,0.833333333333333
"GH_vs_NP","Met+Fun",303,0.486,0.833333333333333
"GH_vs_NP","Met+Fun",303,0.487,0.833333333333333
"GH_vs_NP","Met+Fun",303,0.488,0.833333333333333
"GH_vs_NP","Met+Fun",303,0.489,0.833333333333333
"GH_vs_NP","Met+Fun",303,0.49,0.833333333333333
"GH_vs_NP","Met+Fun",303,0.491,0.833333333333333
"GH_vs_NP","Met+Fun",303,0.492,0.833333333333333
"GH_vs_NP","Met+Fun",303,0.493,0.833333333333333
"GH_vs_NP","Met+Fun",303,0.494,0.833333333333333
"GH_vs_NP","Met+Fun",303,0.495,0.833333333333333
"GH_vs_NP","Met+Fun",303,0.496,0.833333333333333
"GH_vs_NP","Met+Fun",303,0.497,0.833333333333333
"GH_vs_NP","Met+Fun",303,0.498,0.833333333333333
"GH_vs_NP","Met+Fun",303,0.499,0.833333333333333
"GH_vs_NP","Met+Fun",303,0.5,0.833333333333333
"GH_vs_NP","Met+Fun",303,0.501,0.833333333333333
"GH_vs_NP","Met+Fun",303,0.502,0.833333333333333
"GH_vs_NP","Met+Fun",303,0.503,0.833333333333333
"GH_vs_NP","Met+Fun",303,0.504,0.833333333333333
"GH_vs_NP","Met+Fun",303,0.505,0.833333333333333
"GH_vs_NP","Met+Fun",303,0.506,0.833333333333333
"GH_vs_NP","Met+Fun",303,0.507,0.833333333333333
"GH_vs_NP","Met+Fun",303,0.508,0.833333333333333
"GH_vs_NP","Met+Fun",303,0.509,0.833333333333333
"GH_vs_NP","Met+Fun",303,0.51,0.833333333333333
"GH_vs_NP","Met+Fun",303,0.511,0.833333333333333
"GH_vs_NP","Met+Fun",303,0.512,0.833333333333333
"GH_vs_NP","Met+Fun",303,0.513,0.833333333333333
"GH_vs_NP","Met+Fun",303,0.514,0.833333333333333
"GH_vs_NP","Met+Fun",303,0.515,0.833333333333333
"GH_vs_NP","Met+Fun",303,0.516,0.833333333333333
"GH_vs_NP","Met+Fun",303,0.517,0.833333333333333
"GH_vs_NP","Met+Fun",303,0.518,0.833333333333333
"GH_vs_NP","Met+Fun",303,0.519,0.833333333333333
"GH_vs_NP","Met+Fun",303,0.52,0.833333333333333
"GH_vs_NP","Met+Fun",303,0.521,0.833333333333333
"GH_vs_NP","Met+Fun",303,0.522,0.833333333333333
"GH_vs_NP","Met+Fun",303,0.523,0.833333333333333
"GH_vs_NP","Met+Fun",303,0.524,0.833333333333333
"GH_vs_NP","Met+Fun",303,0.525,0.833333333333333
"GH_vs_NP","Met+Fun",303,0.526,0.833333333333333
"GH_vs_NP","Met+Fun",303,0.527,0.833333333333333
"GH_vs_NP","Met+Fun",303,0.528,0.833333333333333
"GH_vs_NP","Met+Fun",303,0.529,0.833333333333333
"GH_vs_NP","Met+Fun",303,0.53,0.833333333333333
"GH_vs_NP","Met+Fun",303,0.531,0.833333333333333
"GH_vs_NP","Met+Fun",303,0.532,0.833333333333333
"GH_vs_NP","Met+Fun",303,0.533,0.833333333333333
"GH_vs_NP","Met+Fun",303,0.534,0.833333333333333
"GH_vs_NP","Met+Fun",303,0.535,0.833333333333333
"GH_vs_NP","Met+Fun",303,0.536,0.833333333333333
"GH_vs_NP","Met+Fun",303,0.537,0.833333333333333
"GH_vs_NP","Met+Fun",303,0.538,0.833333333333333
"GH_vs_NP","Met+Fun",303,0.539,0.833333333333333
"GH_vs_NP","Met+Fun",303,0.54,0.833333333333333
"GH_vs_NP","Met+Fun",303,0.541,0.833333333333333
"GH_vs_NP","Met+Fun",303,0.542,0.833333333333333
"GH_vs_NP","Met+Fun",303,0.543,0.833333333333333
"GH_vs_NP","Met+Fun",303,0.544,0.833333333333333
"GH_vs_NP","Met+Fun",303,0.545,0.833333333333333
"GH_vs_NP","Met+Fun",303,0.546,0.833333333333333
"GH_vs_NP","Met+Fun",303,0.547,0.833333333333333
"GH_vs_NP","Met+Fun",303,0.548,0.833333333333333
"GH_vs_NP","Met+Fun",303,0.549,0.833333333333333
"GH_vs_NP","Met+Fun",303,0.55,0.833333333333333
"GH_vs_NP","Met+Fun",303,0.551,0.833333333333333
"GH_vs_NP","Met+Fun",303,0.552,0.833333333333333
"GH_vs_NP","Met+Fun",303,0.553,0.833333333333333
"GH_vs_NP","Met+Fun",303,0.554,0.833333333333333
"GH_vs_NP","Met+Fun",303,0.555,0.833333333333333
"GH_vs_NP","Met+Fun",303,0.556,0.833333333333333
"GH_vs_NP","Met+Fun",303,0.557,0.833333333333333
"GH_vs_NP","Met+Fun",303,0.558,0.833333333333333
"GH_vs_NP","Met+Fun",303,0.559,0.833333333333333
"GH_vs_NP","Met+Fun",303,0.56,0.833333333333333
"GH_vs_NP","Met+Fun",303,0.561,0.833333333333333
"GH_vs_NP","Met+Fun",303,0.562,0.833333333333333
"GH_vs_NP","Met+Fun",303,0.563,0.833333333333333
"GH_vs_NP","Met+Fun",303,0.564,0.833333333333333
"GH_vs_NP","Met+Fun",303,0.565,0.833333333333333
"GH_vs_NP","Met+Fun",303,0.566,0.833333333333333
"GH_vs_NP","Met+Fun",303,0.567,0.833333333333333
"GH_vs_NP","Met+Fun",303,0.568,0.833333333333333
"GH_vs_NP","Met+Fun",303,0.569,0.833333333333333
"GH_vs_NP","Met+Fun",303,0.57,0.833333333333333
"GH_vs_NP","Met+Fun",303,0.571,0.833333333333333
"GH_vs_NP","Met+Fun",303,0.572,0.833333333333333
"GH_vs_NP","Met+Fun",303,0.573,0.833333333333333
"GH_vs_NP","Met+Fun",303,0.574,0.833333333333333
"GH_vs_NP","Met+Fun",303,0.575,0.833333333333333
"GH_vs_NP","Met+Fun",303,0.576,0.833333333333333
"GH_vs_NP","Met+Fun",303,0.577,0.833333333333333
"GH_vs_NP","Met+Fun",303,0.578,0.833333333333333
"GH_vs_NP","Met+Fun",303,0.579,0.833333333333333
"GH_vs_NP","Met+Fun",303,0.58,0.833333333333333
"GH_vs_NP","Met+Fun",303,0.581,0.833333333333333
"GH_vs_NP","Met+Fun",303,0.582,0.833333333333333
"GH_vs_NP","Met+Fun",303,0.583,0.833333333333333
"GH_vs_NP","Met+Fun",303,0.584,0.833333333333333
"GH_vs_NP","Met+Fun",303,0.585,0.833333333333333
"GH_vs_NP","Met+Fun",303,0.586,0.833333333333333
"GH_vs_NP","Met+Fun",303,0.587,0.833333333333333
"GH_vs_NP","Met+Fun",303,0.588,0.833333333333333
"GH_vs_NP","Met+Fun",303,0.589,0.833333333333333
"GH_vs_NP","Met+Fun",303,0.59,0.833333333333333
"GH_vs_NP","Met+Fun",303,0.591,0.833333333333333
"GH_vs_NP","Met+Fun",303,0.592,0.833333333333333
"GH_vs_NP","Met+Fun",303,0.593,0.833333333333333
"GH_vs_NP","Met+Fun",303,0.594,0.833333333333333
"GH_vs_NP","Met+Fun",303,0.595,0.833333333333333
"GH_vs_NP","Met+Fun",303,0.596,0.833333333333333
"GH_vs_NP","Met+Fun",303,0.597,0.833333333333333
"GH_vs_NP","Met+Fun",303,0.598,0.833333333333333
"GH_vs_NP","Met+Fun",303,0.599,0.833333333333333
"GH_vs_NP","Met+Fun",303,0.6,0.833333333333333
"GH_vs_NP","Met+Fun",303,0.601,0.833333333333333
"GH_vs_NP","Met+Fun",303,0.602,0.833333333333333
"GH_vs_NP","Met+Fun",303,0.603,0.833333333333333
"GH_vs_NP","Met+Fun",303,0.604,0.833333333333333
"GH_vs_NP","Met+Fun",303,0.605,0.833333333333333
"GH_vs_NP","Met+Fun",303,0.606,0.833333333333333
"GH_vs_NP","Met+Fun",303,0.607,0.833333333333333
"GH_vs_NP","Met+Fun",303,0.608,0.833333333333333
"GH_vs_NP","Met+Fun",303,0.609,0.833333333333333
"GH_vs_NP","Met+Fun",303,0.61,0.833333333333333
"GH_vs_NP","Met+Fun",303,0.611,0.833333333333333
"GH_vs_NP","Met+Fun",303,0.612,0.833333333333333
"GH_vs_NP","Met+Fun",303,0.613,0.833333333333333
"GH_vs_NP","Met+Fun",303,0.614,0.833333333333333
"GH_vs_NP","Met+Fun",303,0.615,0.833333333333333
"GH_vs_NP","Met+Fun",303,0.616,0.833333333333333
"GH_vs_NP","Met+Fun",303,0.617,0.833333333333333
"GH_vs_NP","Met+Fun",303,0.618,0.833333333333333
"GH_vs_NP","Met+Fun",303,0.619,0.833333333333333
"GH_vs_NP","Met+Fun",303,0.62,0.833333333333333
"GH_vs_NP","Met+Fun",303,0.621,0.833333333333333
"GH_vs_NP","Met+Fun",303,0.622,0.833333333333333
"GH_vs_NP","Met+Fun",303,0.623,0.833333333333333
"GH_vs_NP","Met+Fun",303,0.624,0.833333333333333
"GH_vs_NP","Met+Fun",303,0.625,0.833333333333333
"GH_vs_NP","Met+Fun",303,0.626,0.833333333333333
"GH_vs_NP","Met+Fun",303,0.627,0.833333333333333
"GH_vs_NP","Met+Fun",303,0.628,0.833333333333333
"GH_vs_NP","Met+Fun",303,0.629,0.833333333333333
"GH_vs_NP","Met+Fun",303,0.63,0.833333333333333
"GH_vs_NP","Met+Fun",303,0.631,0.833333333333333
"GH_vs_NP","Met+Fun",303,0.632,0.833333333333333
"GH_vs_NP","Met+Fun",303,0.633,0.833333333333333
"GH_vs_NP","Met+Fun",303,0.634,0.833333333333333
"GH_vs_NP","Met+Fun",303,0.635,0.833333333333333
"GH_vs_NP","Met+Fun",303,0.636,0.833333333333333
"GH_vs_NP","Met+Fun",303,0.637,0.833333333333333
"GH_vs_NP","Met+Fun",303,0.638,0.833333333333333
"GH_vs_NP","Met+Fun",303,0.639,0.833333333333333
"GH_vs_NP","Met+Fun",303,0.64,0.833333333333333
"GH_vs_NP","Met+Fun",303,0.641,0.833333333333333
"GH_vs_NP","Met+Fun",303,0.642,0.833333333333333
"GH_vs_NP","Met+Fun",303,0.643,0.833333333333333
"GH_vs_NP","Met+Fun",303,0.644,0.833333333333333
"GH_vs_NP","Met+Fun",303,0.645,0.833333333333333
"GH_vs_NP","Met+Fun",303,0.646,0.833333333333333
"GH_vs_NP","Met+Fun",303,0.647,0.833333333333333
"GH_vs_NP","Met+Fun",303,0.648,0.833333333333333
"GH_vs_NP","Met+Fun",303,0.649,0.833333333333333
"GH_vs_NP","Met+Fun",303,0.65,0.833333333333333
"GH_vs_NP","Met+Fun",303,0.651,0.833333333333333
"GH_vs_NP","Met+Fun",303,0.652,0.833333333333333
"GH_vs_NP","Met+Fun",303,0.653,0.833333333333333
"GH_vs_NP","Met+Fun",303,0.654,0.833333333333333
"GH_vs_NP","Met+Fun",303,0.655,0.833333333333333
"GH_vs_NP","Met+Fun",303,0.656,0.833333333333333
"GH_vs_NP","Met+Fun",303,0.657,0.833333333333333
"GH_vs_NP","Met+Fun",303,0.658,0.833333333333333
"GH_vs_NP","Met+Fun",303,0.659,0.833333333333333
"GH_vs_NP","Met+Fun",303,0.66,0.833333333333333
"GH_vs_NP","Met+Fun",303,0.661,0.833333333333333
"GH_vs_NP","Met+Fun",303,0.662,0.833333333333333
"GH_vs_NP","Met+Fun",303,0.663,0.833333333333333
"GH_vs_NP","Met+Fun",303,0.664,0.833333333333333
"GH_vs_NP","Met+Fun",303,0.665,0.836
"GH_vs_NP","Met+Fun",303,0.666,0.847733333333334
"GH_vs_NP","Met+Fun",303,0.667,0.859466666666667
"GH_vs_NP","Met+Fun",303,0.668,0.866666666666667
"GH_vs_NP","Met+Fun",303,0.669,0.866666666666667
"GH_vs_NP","Met+Fun",303,0.67,0.866666666666667
"GH_vs_NP","Met+Fun",303,0.671,0.866666666666667
"GH_vs_NP","Met+Fun",303,0.672,0.866666666666667
"GH_vs_NP","Met+Fun",303,0.673,0.866666666666667
"GH_vs_NP","Met+Fun",303,0.674,0.866666666666667
"GH_vs_NP","Met+Fun",303,0.675,0.866666666666667
"GH_vs_NP","Met+Fun",303,0.676,0.866666666666667
"GH_vs_NP","Met+Fun",303,0.677,0.866666666666667
"GH_vs_NP","Met+Fun",303,0.678,0.866666666666667
"GH_vs_NP","Met+Fun",303,0.679,0.866666666666667
"GH_vs_NP","Met+Fun",303,0.68,0.866666666666667
"GH_vs_NP","Met+Fun",303,0.681,0.866666666666667
"GH_vs_NP","Met+Fun",303,0.682,0.866666666666667
"GH_vs_NP","Met+Fun",303,0.683,0.866666666666667
"GH_vs_NP","Met+Fun",303,0.684,0.866666666666667
"GH_vs_NP","Met+Fun",303,0.685,0.868666666666667
"GH_vs_NP","Met+Fun",303,0.686,0.874533333333334
"GH_vs_NP","Met+Fun",303,0.687,0.8804
"GH_vs_NP","Met+Fun",303,0.688,0.886266666666667
"GH_vs_NP","Met+Fun",303,0.689,0.892133333333334
"GH_vs_NP","Met+Fun",303,0.69,0.898
"GH_vs_NP","Met+Fun",303,0.691,0.9
"GH_vs_NP","Met+Fun",303,0.692,0.9
"GH_vs_NP","Met+Fun",303,0.693,0.9
"GH_vs_NP","Met+Fun",303,0.694,0.9
"GH_vs_NP","Met+Fun",303,0.695,0.9
"GH_vs_NP","Met+Fun",303,0.696,0.9
"GH_vs_NP","Met+Fun",303,0.697,0.900819047619048
"GH_vs_NP","Met+Fun",303,0.698,0.901657142857143
"GH_vs_NP","Met+Fun",303,0.699,0.902495238095238
"GH_vs_NP","Met+Fun",303,0.7,0.903333333333333
"GH_vs_NP","Met+Fun",303,0.701,0.904171428571429
"GH_vs_NP","Met+Fun",303,0.702,0.905009523809524
"GH_vs_NP","Met+Fun",303,0.703,0.905847619047619
"GH_vs_NP","Met+Fun",303,0.704,0.906685714285714
"GH_vs_NP","Met+Fun",303,0.705,0.907904761904762
"GH_vs_NP","Met+Fun",303,0.706,0.909580952380952
"GH_vs_NP","Met+Fun",303,0.707,0.911257142857143
"GH_vs_NP","Met+Fun",303,0.708,0.912933333333333
"GH_vs_NP","Met+Fun",303,0.709,0.914609523809524
"GH_vs_NP","Met+Fun",303,0.71,0.916285714285714
"GH_vs_NP","Met+Fun",303,0.711,0.917961904761905
"GH_vs_NP","Met+Fun",303,0.712,0.919638095238095
"GH_vs_NP","Met+Fun",303,0.713,0.921314285714286
"GH_vs_NP","Met+Fun",303,0.714,0.922990476190476
"GH_vs_NP","Met+Fun",303,0.715,0.924666666666667
"GH_vs_NP","Met+Fun",303,0.716,0.926342857142857
"GH_vs_NP","Met+Fun",303,0.717,0.928019047619048
"GH_vs_NP","Met+Fun",303,0.718,0.929695238095238
"GH_vs_NP","Met+Fun",303,0.719,0.931371428571429
"GH_vs_NP","Met+Fun",303,0.72,0.933047619047619
"GH_vs_NP","Met+Fun",303,0.721,0.93472380952381
"GH_vs_NP","Met+Fun",303,0.722,0.9364
"GH_vs_NP","Met+Fun",303,0.723,0.938076190476191
"GH_vs_NP","Met+Fun",303,0.724,0.939752380952381
"GH_vs_NP","Met+Fun",303,0.725,0.941428571428571
"GH_vs_NP","Met+Fun",303,0.726,0.943104761904762
"GH_vs_NP","Met+Fun",303,0.727,0.944780952380952
"GH_vs_NP","Met+Fun",303,0.728,0.946457142857143
"GH_vs_NP","Met+Fun",303,0.729,0.948133333333333
"GH_vs_NP","Met+Fun",303,0.73,0.949809523809524
"GH_vs_NP","Met+Fun",303,0.731,0.951485714285714
"GH_vs_NP","Met+Fun",303,0.732,0.953161904761905
"GH_vs_NP","Met+Fun",303,0.733,0.954838095238095
"GH_vs_NP","Met+Fun",303,0.734,0.956514285714286
"GH_vs_NP","Met+Fun",303,0.735,0.958190476190476
"GH_vs_NP","Met+Fun",303,0.736,0.959695238095238
"GH_vs_NP","Met+Fun",303,0.737,0.960533333333333
"GH_vs_NP","Met+Fun",303,0.738,0.961371428571429
"GH_vs_NP","Met+Fun",303,0.739,0.962209523809524
"GH_vs_NP","Met+Fun",303,0.74,0.963047619047619
"GH_vs_NP","Met+Fun",303,0.741,0.963885714285714
"GH_vs_NP","Met+Fun",303,0.742,0.96472380952381
"GH_vs_NP","Met+Fun",303,0.743,0.965561904761905
"GH_vs_NP","Met+Fun",303,0.744,0.9664
"GH_vs_NP","Met+Fun",303,0.745,0.966666666666667
"GH_vs_NP","Met+Fun",303,0.746,0.966666666666667
"GH_vs_NP","Met+Fun",303,0.747,0.966666666666667
"GH_vs_NP","Met+Fun",303,0.748,0.966666666666667
"GH_vs_NP","Met+Fun",303,0.749,0.966666666666667
"GH_vs_NP","Met+Fun",303,0.75,0.966666666666667
"GH_vs_NP","Met+Fun",303,0.751,0.966666666666667
"GH_vs_NP","Met+Fun",303,0.752,0.966666666666667
"GH_vs_NP","Met+Fun",303,0.753,0.966666666666667
"GH_vs_NP","Met+Fun",303,0.754,0.966666666666667
"GH_vs_NP","Met+Fun",303,0.755,0.966666666666667
"GH_vs_NP","Met+Fun",303,0.756,0.966666666666667
"GH_vs_NP","Met+Fun",303,0.757,0.966666666666667
"GH_vs_NP","Met+Fun",303,0.758,0.966666666666667
"GH_vs_NP","Met+Fun",303,0.759,0.966666666666667
"GH_vs_NP","Met+Fun",303,0.76,0.966666666666667
"GH_vs_NP","Met+Fun",303,0.761,0.966666666666667
"GH_vs_NP","Met+Fun",303,0.762,0.966666666666667
"GH_vs_NP","Met+Fun",303,0.763,0.966666666666667
"GH_vs_NP","Met+Fun",303,0.764,0.966666666666667
"GH_vs_NP","Met+Fun",303,0.765,0.966666666666667
"GH_vs_NP","Met+Fun",303,0.766,0.966666666666667
"GH_vs_NP","Met+Fun",303,0.767,0.966666666666667
"GH_vs_NP","Met+Fun",303,0.768,0.966666666666667
"GH_vs_NP","Met+Fun",303,0.769,0.966666666666667
"GH_vs_NP","Met+Fun",303,0.77,0.966666666666667
"GH_vs_NP","Met+Fun",303,0.771,0.966666666666667
"GH_vs_NP","Met+Fun",303,0.772,0.966666666666667
"GH_vs_NP","Met+Fun",303,0.773,0.966666666666667
"GH_vs_NP","Met+Fun",303,0.774,0.966666666666667
"GH_vs_NP","Met+Fun",303,0.775,0.966666666666667
"GH_vs_NP","Met+Fun",303,0.776,0.966666666666667
"GH_vs_NP","Met+Fun",303,0.777,0.966666666666667
"GH_vs_NP","Met+Fun",303,0.778,0.966666666666667
"GH_vs_NP","Met+Fun",303,0.779,0.966666666666667
"GH_vs_NP","Met+Fun",303,0.78,0.966666666666667
"GH_vs_NP","Met+Fun",303,0.781,0.966666666666667
"GH_vs_NP","Met+Fun",303,0.782,0.966666666666667
"GH_vs_NP","Met+Fun",303,0.783,0.966666666666667
"GH_vs_NP","Met+Fun",303,0.784,0.966666666666667
"GH_vs_NP","Met+Fun",303,0.785,0.966666666666667
"GH_vs_NP","Met+Fun",303,0.786,0.966666666666667
"GH_vs_NP","Met+Fun",303,0.787,0.966666666666667
"GH_vs_NP","Met+Fun",303,0.788,0.966666666666667
"GH_vs_NP","Met+Fun",303,0.789,0.966666666666667
"GH_vs_NP","Met+Fun",303,0.79,0.966666666666667
"GH_vs_NP","Met+Fun",303,0.791,0.966666666666667
"GH_vs_NP","Met+Fun",303,0.792,0.966666666666667
"GH_vs_NP","Met+Fun",303,0.793,0.966666666666667
"GH_vs_NP","Met+Fun",303,0.794,0.966666666666667
"GH_vs_NP","Met+Fun",303,0.795,0.966666666666667
"GH_vs_NP","Met+Fun",303,0.796,0.966666666666667
"GH_vs_NP","Met+Fun",303,0.797,0.966666666666667
"GH_vs_NP","Met+Fun",303,0.798,0.966666666666667
"GH_vs_NP","Met+Fun",303,0.799,0.966666666666667
"GH_vs_NP","Met+Fun",303,0.8,0.966666666666667
"GH_vs_NP","Met+Fun",303,0.801,0.966666666666667
"GH_vs_NP","Met+Fun",303,0.802,0.966666666666667
"GH_vs_NP","Met+Fun",303,0.803,0.966666666666667
"GH_vs_NP","Met+Fun",303,0.804,0.966666666666667
"GH_vs_NP","Met+Fun",303,0.805,0.966666666666667
"GH_vs_NP","Met+Fun",303,0.806,0.966666666666667
"GH_vs_NP","Met+Fun",303,0.807,0.966666666666667
"GH_vs_NP","Met+Fun",303,0.808,0.966666666666667
"GH_vs_NP","Met+Fun",303,0.809,0.966666666666667
"GH_vs_NP","Met+Fun",303,0.81,0.966666666666667
"GH_vs_NP","Met+Fun",303,0.811,0.966666666666667
"GH_vs_NP","Met+Fun",303,0.812,0.966666666666667
"GH_vs_NP","Met+Fun",303,0.813,0.966666666666667
"GH_vs_NP","Met+Fun",303,0.814,0.966666666666667
"GH_vs_NP","Met+Fun",303,0.815,0.966666666666667
"GH_vs_NP","Met+Fun",303,0.816,0.966666666666667
"GH_vs_NP","Met+Fun",303,0.817,0.966666666666667
"GH_vs_NP","Met+Fun",303,0.818,0.966666666666667
"GH_vs_NP","Met+Fun",303,0.819,0.966666666666667
"GH_vs_NP","Met+Fun",303,0.82,0.966666666666667
"GH_vs_NP","Met+Fun",303,0.821,0.966666666666667
"GH_vs_NP","Met+Fun",303,0.822,0.966666666666667
"GH_vs_NP","Met+Fun",303,0.823,0.966666666666667
"GH_vs_NP","Met+Fun",303,0.824,0.966666666666667
"GH_vs_NP","Met+Fun",303,0.825,0.966666666666667
"GH_vs_NP","Met+Fun",303,0.826,0.966666666666667
"GH_vs_NP","Met+Fun",303,0.827,0.966666666666667
"GH_vs_NP","Met+Fun",303,0.828,0.966666666666667
"GH_vs_NP","Met+Fun",303,0.829,0.966666666666667
"GH_vs_NP","Met+Fun",303,0.83,0.966666666666667
"GH_vs_NP","Met+Fun",303,0.831,0.966666666666667
"GH_vs_NP","Met+Fun",303,0.832,0.966666666666667
"GH_vs_NP","Met+Fun",303,0.833,0.966666666666667
"GH_vs_NP","Met+Fun",303,0.834,0.966666666666667
"GH_vs_NP","Met+Fun",303,0.835,0.966666666666667
"GH_vs_NP","Met+Fun",303,0.836,0.966666666666667
"GH_vs_NP","Met+Fun",303,0.837,0.966666666666667
"GH_vs_NP","Met+Fun",303,0.838,0.966666666666667
"GH_vs_NP","Met+Fun",303,0.839,0.966666666666667
"GH_vs_NP","Met+Fun",303,0.84,0.966666666666667
"GH_vs_NP","Met+Fun",303,0.841,0.966666666666667
"GH_vs_NP","Met+Fun",303,0.842,0.966666666666667
"GH_vs_NP","Met+Fun",303,0.843,0.966666666666667
"GH_vs_NP","Met+Fun",303,0.844,0.966666666666667
"GH_vs_NP","Met+Fun",303,0.845,0.966666666666667
"GH_vs_NP","Met+Fun",303,0.846,0.966666666666667
"GH_vs_NP","Met+Fun",303,0.847,0.966666666666667
"GH_vs_NP","Met+Fun",303,0.848,0.966666666666667
"GH_vs_NP","Met+Fun",303,0.849,0.966666666666667
"GH_vs_NP","Met+Fun",303,0.85,0.966666666666667
"GH_vs_NP","Met+Fun",303,0.851,0.966666666666667
"GH_vs_NP","Met+Fun",303,0.852,0.966666666666667
"GH_vs_NP","Met+Fun",303,0.853,0.966666666666667
"GH_vs_NP","Met+Fun",303,0.854,0.966666666666667
"GH_vs_NP","Met+Fun",303,0.855,0.966666666666667
"GH_vs_NP","Met+Fun",303,0.856,0.966666666666667
"GH_vs_NP","Met+Fun",303,0.857,0.966666666666667
"GH_vs_NP","Met+Fun",303,0.858,0.966666666666667
"GH_vs_NP","Met+Fun",303,0.859,0.966666666666667
"GH_vs_NP","Met+Fun",303,0.86,0.966666666666667
"GH_vs_NP","Met+Fun",303,0.861,0.966666666666667
"GH_vs_NP","Met+Fun",303,0.862,0.966666666666667
"GH_vs_NP","Met+Fun",303,0.863,0.966666666666667
"GH_vs_NP","Met+Fun",303,0.864,0.966666666666667
"GH_vs_NP","Met+Fun",303,0.865,0.966666666666667
"GH_vs_NP","Met+Fun",303,0.866,0.966666666666667
"GH_vs_NP","Met+Fun",303,0.867,0.966666666666667
"GH_vs_NP","Met+Fun",303,0.868,0.966666666666667
"GH_vs_NP","Met+Fun",303,0.869,0.966666666666667
"GH_vs_NP","Met+Fun",303,0.87,0.966666666666667
"GH_vs_NP","Met+Fun",303,0.871,0.966666666666667
"GH_vs_NP","Met+Fun",303,0.872,0.966666666666667
"GH_vs_NP","Met+Fun",303,0.873,0.966666666666667
"GH_vs_NP","Met+Fun",303,0.874,0.966666666666667
"GH_vs_NP","Met+Fun",303,0.875,0.966666666666667
"GH_vs_NP","Met+Fun",303,0.876,0.966666666666667
"GH_vs_NP","Met+Fun",303,0.877,0.966666666666667
"GH_vs_NP","Met+Fun",303,0.878,0.966666666666667
"GH_vs_NP","Met+Fun",303,0.879,0.966666666666667
"GH_vs_NP","Met+Fun",303,0.88,0.966666666666667
"GH_vs_NP","Met+Fun",303,0.881,0.966666666666667
"GH_vs_NP","Met+Fun",303,0.882,0.966666666666667
"GH_vs_NP","Met+Fun",303,0.883,0.966666666666667
"GH_vs_NP","Met+Fun",303,0.884,0.966666666666667
"GH_vs_NP","Met+Fun",303,0.885,0.966666666666667
"GH_vs_NP","Met+Fun",303,0.886,0.966666666666667
"GH_vs_NP","Met+Fun",303,0.887,0.966666666666667
"GH_vs_NP","Met+Fun",303,0.888,0.966666666666667
"GH_vs_NP","Met+Fun",303,0.889,0.966666666666667
"GH_vs_NP","Met+Fun",303,0.89,0.966666666666667
"GH_vs_NP","Met+Fun",303,0.891,0.966666666666667
"GH_vs_NP","Met+Fun",303,0.892,0.966666666666667
"GH_vs_NP","Met+Fun",303,0.893,0.966666666666667
"GH_vs_NP","Met+Fun",303,0.894,0.966666666666667
"GH_vs_NP","Met+Fun",303,0.895,0.966666666666667
"GH_vs_NP","Met+Fun",303,0.896,0.966666666666667
"GH_vs_NP","Met+Fun",303,0.897,0.966666666666667
"GH_vs_NP","Met+Fun",303,0.898,0.966666666666667
"GH_vs_NP","Met+Fun",303,0.899,0.966666666666667
"GH_vs_NP","Met+Fun",303,0.9,0.966666666666667
"GH_vs_NP","Met+Fun",303,0.901,0.966666666666667
"GH_vs_NP","Met+Fun",303,0.902,0.966666666666667
"GH_vs_NP","Met+Fun",303,0.903,0.966666666666667
"GH_vs_NP","Met+Fun",303,0.904,0.966666666666667
"GH_vs_NP","Met+Fun",303,0.905,0.966666666666667
"GH_vs_NP","Met+Fun",303,0.906,0.966666666666667
"GH_vs_NP","Met+Fun",303,0.907,0.966666666666667
"GH_vs_NP","Met+Fun",303,0.908,0.966666666666667
"GH_vs_NP","Met+Fun",303,0.909,0.966666666666667
"GH_vs_NP","Met+Fun",303,0.91,0.966666666666667
"GH_vs_NP","Met+Fun",303,0.911,0.966666666666667
"GH_vs_NP","Met+Fun",303,0.912,0.966666666666667
"GH_vs_NP","Met+Fun",303,0.913,0.966666666666667
"GH_vs_NP","Met+Fun",303,0.914,0.966666666666667
"GH_vs_NP","Met+Fun",303,0.915,0.966666666666667
"GH_vs_NP","Met+Fun",303,0.916,0.966666666666667
"GH_vs_NP","Met+Fun",303,0.917,0.966666666666667
"GH_vs_NP","Met+Fun",303,0.918,0.966666666666667
"GH_vs_NP","Met+Fun",303,0.919,0.966666666666667
"GH_vs_NP","Met+Fun",303,0.92,0.966666666666667
"GH_vs_NP","Met+Fun",303,0.921,0.966666666666667
"GH_vs_NP","Met+Fun",303,0.922,0.966666666666667
"GH_vs_NP","Met+Fun",303,0.923,0.966666666666667
"GH_vs_NP","Met+Fun",303,0.924,0.966666666666667
"GH_vs_NP","Met+Fun",303,0.925,0.966666666666667
"GH_vs_NP","Met+Fun",303,0.926,0.966666666666667
"GH_vs_NP","Met+Fun",303,0.927,0.966666666666667
"GH_vs_NP","Met+Fun",303,0.928,0.966666666666667
"GH_vs_NP","Met+Fun",303,0.929,0.966666666666667
"GH_vs_NP","Met+Fun",303,0.93,0.966666666666667
"GH_vs_NP","Met+Fun",303,0.931,0.966666666666667
"GH_vs_NP","Met+Fun",303,0.932,0.966666666666667
"GH_vs_NP","Met+Fun",303,0.933,0.966666666666667
"GH_vs_NP","Met+Fun",303,0.934,0.966666666666667
"GH_vs_NP","Met+Fun",303,0.935,0.966666666666667
"GH_vs_NP","Met+Fun",303,0.936,0.966666666666667
"GH_vs_NP","Met+Fun",303,0.937,0.966666666666667
"GH_vs_NP","Met+Fun",303,0.938,0.966666666666667
"GH_vs_NP","Met+Fun",303,0.939,0.966666666666667
"GH_vs_NP","Met+Fun",303,0.94,0.966666666666667
"GH_vs_NP","Met+Fun",303,0.941,0.966666666666667
"GH_vs_NP","Met+Fun",303,0.942,0.966666666666667
"GH_vs_NP","Met+Fun",303,0.943,0.966666666666667
"GH_vs_NP","Met+Fun",303,0.944,0.966666666666667
"GH_vs_NP","Met+Fun",303,0.945,0.966666666666667
"GH_vs_NP","Met+Fun",303,0.946,0.966666666666667
"GH_vs_NP","Met+Fun",303,0.947,0.966666666666667
"GH_vs_NP","Met+Fun",303,0.948,0.966666666666667
"GH_vs_NP","Met+Fun",303,0.949,0.966666666666667
"GH_vs_NP","Met+Fun",303,0.95,0.966666666666667
"GH_vs_NP","Met+Fun",303,0.951,0.966666666666667
"GH_vs_NP","Met+Fun",303,0.952,0.966666666666667
"GH_vs_NP","Met+Fun",303,0.953,0.966666666666667
"GH_vs_NP","Met+Fun",303,0.954,0.966666666666667
"GH_vs_NP","Met+Fun",303,0.955,0.966666666666667
"GH_vs_NP","Met+Fun",303,0.956,0.966666666666667
"GH_vs_NP","Met+Fun",303,0.957,0.966666666666667
"GH_vs_NP","Met+Fun",303,0.958,0.966666666666667
"GH_vs_NP","Met+Fun",303,0.959,0.966666666666667
"GH_vs_NP","Met+Fun",303,0.96,0.966666666666667
"GH_vs_NP","Met+Fun",303,0.961,0.966666666666667
"GH_vs_NP","Met+Fun",303,0.962,0.966666666666667
"GH_vs_NP","Met+Fun",303,0.963,0.966666666666667
"GH_vs_NP","Met+Fun",303,0.964,0.966666666666667
"GH_vs_NP","Met+Fun",303,0.965,0.966666666666667
"GH_vs_NP","Met+Fun",303,0.966,0.966666666666667
"GH_vs_NP","Met+Fun",303,0.967,0.966666666666667
"GH_vs_NP","Met+Fun",303,0.968,0.966666666666667
"GH_vs_NP","Met+Fun",303,0.969,0.967644444444444
"GH_vs_NP","Met+Fun",303,0.97,0.971555555555556
"GH_vs_NP","Met+Fun",303,0.971,0.975466666666667
"GH_vs_NP","Met+Fun",303,0.972,0.979377777777778
"GH_vs_NP","Met+Fun",303,0.973,0.983288888888889
"GH_vs_NP","Met+Fun",303,0.974,0.9872
"GH_vs_NP","Met+Fun",303,0.975,0.991111111111111
"GH_vs_NP","Met+Fun",303,0.976,0.995022222222222
"GH_vs_NP","Met+Fun",303,0.977,0.998933333333333
"GH_vs_NP","Met+Fun",303,0.978,1
"GH_vs_NP","Met+Fun",303,0.979,1
"GH_vs_NP","Met+Fun",303,0.98,1
"GH_vs_NP","Met+Fun",303,0.981,1
"GH_vs_NP","Met+Fun",303,0.982,1
"GH_vs_NP","Met+Fun",303,0.983,1
"GH_vs_NP","Met+Fun",303,0.984,1
"GH_vs_NP","Met+Fun",303,0.985,1
"GH_vs_NP","Met+Fun",303,0.986,1
"GH_vs_NP","Met+Fun",303,0.987,1
"GH_vs_NP","Met+Fun",303,0.988,1
"GH_vs_NP","Met+Fun",303,0.989,1
"GH_vs_NP","Met+Fun",303,0.99,1
"GH_vs_NP","Met+Fun",303,0.991,1
"GH_vs_NP","Met+Fun",303,0.992,1
"GH_vs_NP","Met+Fun",303,0.993,1
"GH_vs_NP","Met+Fun",303,0.994,1
"GH_vs_NP","Met+Fun",303,0.995,1
"GH_vs_NP","Met+Fun",303,0.996,1
"GH_vs_NP","Met+Fun",303,0.997,1
"GH_vs_NP","Met+Fun",303,0.998,1
"GH_vs_NP","Met+Fun",303,0.999,1
"GH_vs_NP","Met+Fun",303,1,1
"GH_vs_NP","Met+Bac",303,0,0.266666666666667
"GH_vs_NP","Met+Bac",303,0.001,0.2784
"GH_vs_NP","Met+Bac",303,0.002,0.290133333333334
"GH_vs_NP","Met+Bac",303,0.003,0.3
"GH_vs_NP","Met+Bac",303,0.004,0.3
"GH_vs_NP","Met+Bac",303,0.005,0.3
"GH_vs_NP","Met+Bac",303,0.006,0.3
"GH_vs_NP","Met+Bac",303,0.007,0.3
"GH_vs_NP","Met+Bac",303,0.008,0.3
"GH_vs_NP","Met+Bac",303,0.009,0.3
"GH_vs_NP","Met+Bac",303,0.01,0.3
"GH_vs_NP","Met+Bac",303,0.011,0.3
"GH_vs_NP","Met+Bac",303,0.012,0.333333333333333
"GH_vs_NP","Met+Bac",303,0.013,0.333333333333333
"GH_vs_NP","Met+Bac",303,0.014,0.333333333333333
"GH_vs_NP","Met+Bac",303,0.015,0.342666666666667
"GH_vs_NP","Met+Bac",303,0.016,0.3544
"GH_vs_NP","Met+Bac",303,0.017,0.366133333333333
"GH_vs_NP","Met+Bac",303,0.018,0.444533333333333
"GH_vs_NP","Met+Bac",303,0.019,0.456266666666667
"GH_vs_NP","Met+Bac",303,0.02,0.5
"GH_vs_NP","Met+Bac",303,0.021,0.5
"GH_vs_NP","Met+Bac",303,0.022,0.5
"GH_vs_NP","Met+Bac",303,0.023,0.5
"GH_vs_NP","Met+Bac",303,0.024,0.5
"GH_vs_NP","Met+Bac",303,0.025,0.5
"GH_vs_NP","Met+Bac",303,0.026,0.5
"GH_vs_NP","Met+Bac",303,0.027,0.5
"GH_vs_NP","Met+Bac",303,0.028,0.5
"GH_vs_NP","Met+Bac",303,0.029,0.5
"GH_vs_NP","Met+Bac",303,0.03,0.5
"GH_vs_NP","Met+Bac",303,0.031,0.5
"GH_vs_NP","Met+Bac",303,0.032,0.5
"GH_vs_NP","Met+Bac",303,0.033,0.5
"GH_vs_NP","Met+Bac",303,0.034,0.5
"GH_vs_NP","Met+Bac",303,0.035,0.5
"GH_vs_NP","Met+Bac",303,0.036,0.5
"GH_vs_NP","Met+Bac",303,0.037,0.5
"GH_vs_NP","Met+Bac",303,0.038,0.5
"GH_vs_NP","Met+Bac",303,0.039,0.5
"GH_vs_NP","Met+Bac",303,0.04,0.5
"GH_vs_NP","Met+Bac",303,0.041,0.5
"GH_vs_NP","Met+Bac",303,0.042,0.5
"GH_vs_NP","Met+Bac",303,0.043,0.5
"GH_vs_NP","Met+Bac",303,0.044,0.5
"GH_vs_NP","Met+Bac",303,0.045,0.5
"GH_vs_NP","Met+Bac",303,0.046,0.5
"GH_vs_NP","Met+Bac",303,0.047,0.5
"GH_vs_NP","Met+Bac",303,0.048,0.5
"GH_vs_NP","Met+Bac",303,0.049,0.5
"GH_vs_NP","Met+Bac",303,0.05,0.5
"GH_vs_NP","Met+Bac",303,0.051,0.5
"GH_vs_NP","Met+Bac",303,0.052,0.5
"GH_vs_NP","Met+Bac",303,0.053,0.5
"GH_vs_NP","Met+Bac",303,0.054,0.5
"GH_vs_NP","Met+Bac",303,0.055,0.5
"GH_vs_NP","Met+Bac",303,0.056,0.5
"GH_vs_NP","Met+Bac",303,0.057,0.5
"GH_vs_NP","Met+Bac",303,0.058,0.5
"GH_vs_NP","Met+Bac",303,0.059,0.5
"GH_vs_NP","Met+Bac",303,0.06,0.5
"GH_vs_NP","Met+Bac",303,0.061,0.5
"GH_vs_NP","Met+Bac",303,0.062,0.5
"GH_vs_NP","Met+Bac",303,0.063,0.5
"GH_vs_NP","Met+Bac",303,0.064,0.5
"GH_vs_NP","Met+Bac",303,0.065,0.5
"GH_vs_NP","Met+Bac",303,0.066,0.5
"GH_vs_NP","Met+Bac",303,0.067,0.5
"GH_vs_NP","Met+Bac",303,0.068,0.5
"GH_vs_NP","Met+Bac",303,0.069,0.5
"GH_vs_NP","Met+Bac",303,0.07,0.5
"GH_vs_NP","Met+Bac",303,0.071,0.5
"GH_vs_NP","Met+Bac",303,0.072,0.5
"GH_vs_NP","Met+Bac",303,0.073,0.5
"GH_vs_NP","Met+Bac",303,0.074,0.5
"GH_vs_NP","Met+Bac",303,0.075,0.5
"GH_vs_NP","Met+Bac",303,0.076,0.5
"GH_vs_NP","Met+Bac",303,0.077,0.5
"GH_vs_NP","Met+Bac",303,0.078,0.5
"GH_vs_NP","Met+Bac",303,0.079,0.5
"GH_vs_NP","Met+Bac",303,0.08,0.5
"GH_vs_NP","Met+Bac",303,0.081,0.5
"GH_vs_NP","Met+Bac",303,0.082,0.5
"GH_vs_NP","Met+Bac",303,0.083,0.5
"GH_vs_NP","Met+Bac",303,0.084,0.5
"GH_vs_NP","Met+Bac",303,0.085,0.5
"GH_vs_NP","Met+Bac",303,0.086,0.5
"GH_vs_NP","Met+Bac",303,0.087,0.5
"GH_vs_NP","Met+Bac",303,0.088,0.5
"GH_vs_NP","Met+Bac",303,0.089,0.5
"GH_vs_NP","Met+Bac",303,0.09,0.5
"GH_vs_NP","Met+Bac",303,0.091,0.5
"GH_vs_NP","Met+Bac",303,0.092,0.5
"GH_vs_NP","Met+Bac",303,0.093,0.5
"GH_vs_NP","Met+Bac",303,0.094,0.5
"GH_vs_NP","Met+Bac",303,0.095,0.5
"GH_vs_NP","Met+Bac",303,0.096,0.5
"GH_vs_NP","Met+Bac",303,0.097,0.5
"GH_vs_NP","Met+Bac",303,0.098,0.5
"GH_vs_NP","Met+Bac",303,0.099,0.5
"GH_vs_NP","Met+Bac",303,0.1,0.5
"GH_vs_NP","Met+Bac",303,0.101,0.5
"GH_vs_NP","Met+Bac",303,0.102,0.5
"GH_vs_NP","Met+Bac",303,0.103,0.5
"GH_vs_NP","Met+Bac",303,0.104,0.5
"GH_vs_NP","Met+Bac",303,0.105,0.5
"GH_vs_NP","Met+Bac",303,0.106,0.5
"GH_vs_NP","Met+Bac",303,0.107,0.5
"GH_vs_NP","Met+Bac",303,0.108,0.5
"GH_vs_NP","Met+Bac",303,0.109,0.5
"GH_vs_NP","Met+Bac",303,0.11,0.5
"GH_vs_NP","Met+Bac",303,0.111,0.5
"GH_vs_NP","Met+Bac",303,0.112,0.5
"GH_vs_NP","Met+Bac",303,0.113,0.5
"GH_vs_NP","Met+Bac",303,0.114,0.5
"GH_vs_NP","Met+Bac",303,0.115,0.5
"GH_vs_NP","Met+Bac",303,0.116,0.5
"GH_vs_NP","Met+Bac",303,0.117,0.5
"GH_vs_NP","Met+Bac",303,0.118,0.5
"GH_vs_NP","Met+Bac",303,0.119,0.5
"GH_vs_NP","Met+Bac",303,0.12,0.5
"GH_vs_NP","Met+Bac",303,0.121,0.5
"GH_vs_NP","Met+Bac",303,0.122,0.5
"GH_vs_NP","Met+Bac",303,0.123,0.5
"GH_vs_NP","Met+Bac",303,0.124,0.5
"GH_vs_NP","Met+Bac",303,0.125,0.5
"GH_vs_NP","Met+Bac",303,0.126,0.5
"GH_vs_NP","Met+Bac",303,0.127,0.5
"GH_vs_NP","Met+Bac",303,0.128,0.5
"GH_vs_NP","Met+Bac",303,0.129,0.5
"GH_vs_NP","Met+Bac",303,0.13,0.5
"GH_vs_NP","Met+Bac",303,0.131,0.5
"GH_vs_NP","Met+Bac",303,0.132,0.5
"GH_vs_NP","Met+Bac",303,0.133,0.5
"GH_vs_NP","Met+Bac",303,0.134,0.5
"GH_vs_NP","Met+Bac",303,0.135,0.5
"GH_vs_NP","Met+Bac",303,0.136,0.5
"GH_vs_NP","Met+Bac",303,0.137,0.5
"GH_vs_NP","Met+Bac",303,0.138,0.5
"GH_vs_NP","Met+Bac",303,0.139,0.5
"GH_vs_NP","Met+Bac",303,0.14,0.5
"GH_vs_NP","Met+Bac",303,0.141,0.5
"GH_vs_NP","Met+Bac",303,0.142,0.5
"GH_vs_NP","Met+Bac",303,0.143,0.5
"GH_vs_NP","Met+Bac",303,0.144,0.5
"GH_vs_NP","Met+Bac",303,0.145,0.5
"GH_vs_NP","Met+Bac",303,0.146,0.5
"GH_vs_NP","Met+Bac",303,0.147,0.5
"GH_vs_NP","Met+Bac",303,0.148,0.5
"GH_vs_NP","Met+Bac",303,0.149,0.5
"GH_vs_NP","Met+Bac",303,0.15,0.5
"GH_vs_NP","Met+Bac",303,0.151,0.5
"GH_vs_NP","Met+Bac",303,0.152,0.5
"GH_vs_NP","Met+Bac",303,0.153,0.5
"GH_vs_NP","Met+Bac",303,0.154,0.5
"GH_vs_NP","Met+Bac",303,0.155,0.5
"GH_vs_NP","Met+Bac",303,0.156,0.5
"GH_vs_NP","Met+Bac",303,0.157,0.5
"GH_vs_NP","Met+Bac",303,0.158,0.5
"GH_vs_NP","Met+Bac",303,0.159,0.5
"GH_vs_NP","Met+Bac",303,0.16,0.5
"GH_vs_NP","Met+Bac",303,0.161,0.5
"GH_vs_NP","Met+Bac",303,0.162,0.5
"GH_vs_NP","Met+Bac",303,0.163,0.5
"GH_vs_NP","Met+Bac",303,0.164,0.5
"GH_vs_NP","Met+Bac",303,0.165,0.5
"GH_vs_NP","Met+Bac",303,0.166,0.5
"GH_vs_NP","Met+Bac",303,0.167,0.5
"GH_vs_NP","Met+Bac",303,0.168,0.5
"GH_vs_NP","Met+Bac",303,0.169,0.5
"GH_vs_NP","Met+Bac",303,0.17,0.5
"GH_vs_NP","Met+Bac",303,0.171,0.5
"GH_vs_NP","Met+Bac",303,0.172,0.5
"GH_vs_NP","Met+Bac",303,0.173,0.5
"GH_vs_NP","Met+Bac",303,0.174,0.5
"GH_vs_NP","Met+Bac",303,0.175,0.5
"GH_vs_NP","Met+Bac",303,0.176,0.5
"GH_vs_NP","Met+Bac",303,0.177,0.5
"GH_vs_NP","Met+Bac",303,0.178,0.5
"GH_vs_NP","Met+Bac",303,0.179,0.5
"GH_vs_NP","Met+Bac",303,0.18,0.5
"GH_vs_NP","Met+Bac",303,0.181,0.5
"GH_vs_NP","Met+Bac",303,0.182,0.5
"GH_vs_NP","Met+Bac",303,0.183,0.5
"GH_vs_NP","Met+Bac",303,0.184,0.5
"GH_vs_NP","Met+Bac",303,0.185,0.5
"GH_vs_NP","Met+Bac",303,0.186,0.5
"GH_vs_NP","Met+Bac",303,0.187,0.5
"GH_vs_NP","Met+Bac",303,0.188,0.5
"GH_vs_NP","Met+Bac",303,0.189,0.5
"GH_vs_NP","Met+Bac",303,0.19,0.5
"GH_vs_NP","Met+Bac",303,0.191,0.5
"GH_vs_NP","Met+Bac",303,0.192,0.5
"GH_vs_NP","Met+Bac",303,0.193,0.5
"GH_vs_NP","Met+Bac",303,0.194,0.5
"GH_vs_NP","Met+Bac",303,0.195,0.5
"GH_vs_NP","Met+Bac",303,0.196,0.5
"GH_vs_NP","Met+Bac",303,0.197,0.5
"GH_vs_NP","Met+Bac",303,0.198,0.5
"GH_vs_NP","Met+Bac",303,0.199,0.5
"GH_vs_NP","Met+Bac",303,0.2,0.5
"GH_vs_NP","Met+Bac",303,0.201,0.5
"GH_vs_NP","Met+Bac",303,0.202,0.5
"GH_vs_NP","Met+Bac",303,0.203,0.5
"GH_vs_NP","Met+Bac",303,0.204,0.5
"GH_vs_NP","Met+Bac",303,0.205,0.5
"GH_vs_NP","Met+Bac",303,0.206,0.5
"GH_vs_NP","Met+Bac",303,0.207,0.5
"GH_vs_NP","Met+Bac",303,0.208,0.5
"GH_vs_NP","Met+Bac",303,0.209,0.5
"GH_vs_NP","Met+Bac",303,0.21,0.5
"GH_vs_NP","Met+Bac",303,0.211,0.5
"GH_vs_NP","Met+Bac",303,0.212,0.5
"GH_vs_NP","Met+Bac",303,0.213,0.5
"GH_vs_NP","Met+Bac",303,0.214,0.5
"GH_vs_NP","Met+Bac",303,0.215,0.5
"GH_vs_NP","Met+Bac",303,0.216,0.5
"GH_vs_NP","Met+Bac",303,0.217,0.5
"GH_vs_NP","Met+Bac",303,0.218,0.5
"GH_vs_NP","Met+Bac",303,0.219,0.5
"GH_vs_NP","Met+Bac",303,0.22,0.5
"GH_vs_NP","Met+Bac",303,0.221,0.5
"GH_vs_NP","Met+Bac",303,0.222,0.5
"GH_vs_NP","Met+Bac",303,0.223,0.5
"GH_vs_NP","Met+Bac",303,0.224,0.5
"GH_vs_NP","Met+Bac",303,0.225,0.5
"GH_vs_NP","Met+Bac",303,0.226,0.5
"GH_vs_NP","Met+Bac",303,0.227,0.5
"GH_vs_NP","Met+Bac",303,0.228,0.5
"GH_vs_NP","Met+Bac",303,0.229,0.5
"GH_vs_NP","Met+Bac",303,0.23,0.5
"GH_vs_NP","Met+Bac",303,0.231,0.5
"GH_vs_NP","Met+Bac",303,0.232,0.5
"GH_vs_NP","Met+Bac",303,0.233,0.5
"GH_vs_NP","Met+Bac",303,0.234,0.5
"GH_vs_NP","Met+Bac",303,0.235,0.5
"GH_vs_NP","Met+Bac",303,0.236,0.5
"GH_vs_NP","Met+Bac",303,0.237,0.5
"GH_vs_NP","Met+Bac",303,0.238,0.5
"GH_vs_NP","Met+Bac",303,0.239,0.5
"GH_vs_NP","Met+Bac",303,0.24,0.5
"GH_vs_NP","Met+Bac",303,0.241,0.5
"GH_vs_NP","Met+Bac",303,0.242,0.5
"GH_vs_NP","Met+Bac",303,0.243,0.5
"GH_vs_NP","Met+Bac",303,0.244,0.5
"GH_vs_NP","Met+Bac",303,0.245,0.5
"GH_vs_NP","Met+Bac",303,0.246,0.5
"GH_vs_NP","Met+Bac",303,0.247,0.5
"GH_vs_NP","Met+Bac",303,0.248,0.5
"GH_vs_NP","Met+Bac",303,0.249,0.5
"GH_vs_NP","Met+Bac",303,0.25,0.5
"GH_vs_NP","Met+Bac",303,0.251,0.5
"GH_vs_NP","Met+Bac",303,0.252,0.5
"GH_vs_NP","Met+Bac",303,0.253,0.501088888888889
"GH_vs_NP","Met+Bac",303,0.254,0.507933333333334
"GH_vs_NP","Met+Bac",303,0.255,0.514777777777778
"GH_vs_NP","Met+Bac",303,0.256,0.521622222222222
"GH_vs_NP","Met+Bac",303,0.257,0.528466666666667
"GH_vs_NP","Met+Bac",303,0.258,0.535311111111111
"GH_vs_NP","Met+Bac",303,0.259,0.542155555555556
"GH_vs_NP","Met+Bac",303,0.26,0.549
"GH_vs_NP","Met+Bac",303,0.261,0.555844444444445
"GH_vs_NP","Met+Bac",303,0.262,0.5602
"GH_vs_NP","Met+Bac",303,0.263,0.563133333333333
"GH_vs_NP","Met+Bac",303,0.264,0.566066666666667
"GH_vs_NP","Met+Bac",303,0.265,0.569777777777778
"GH_vs_NP","Met+Bac",303,0.266,0.573688888888889
"GH_vs_NP","Met+Bac",303,0.267,0.5776
"GH_vs_NP","Met+Bac",303,0.268,0.581511111111111
"GH_vs_NP","Met+Bac",303,0.269,0.585422222222222
"GH_vs_NP","Met+Bac",303,0.27,0.589333333333333
"GH_vs_NP","Met+Bac",303,0.271,0.593244444444445
"GH_vs_NP","Met+Bac",303,0.272,0.597155555555556
"GH_vs_NP","Met+Bac",303,0.273,0.6
"GH_vs_NP","Met+Bac",303,0.274,0.6
"GH_vs_NP","Met+Bac",303,0.275,0.6
"GH_vs_NP","Met+Bac",303,0.276,0.601688888888889
"GH_vs_NP","Met+Bac",303,0.277,0.6056
"GH_vs_NP","Met+Bac",303,0.278,0.609511111111111
"GH_vs_NP","Met+Bac",303,0.279,0.613422222222222
"GH_vs_NP","Met+Bac",303,0.28,0.617333333333334
"GH_vs_NP","Met+Bac",303,0.281,0.621244444444445
"GH_vs_NP","Met+Bac",303,0.282,0.625155555555556
"GH_vs_NP","Met+Bac",303,0.283,0.629066666666667
"GH_vs_NP","Met+Bac",303,0.284,0.632977777777778
"GH_vs_NP","Met+Bac",303,0.285,0.633333333333333
"GH_vs_NP","Met+Bac",303,0.286,0.633333333333333
"GH_vs_NP","Met+Bac",303,0.287,0.633333333333333
"GH_vs_NP","Met+Bac",303,0.288,0.633333333333333
"GH_vs_NP","Met+Bac",303,0.289,0.633333333333333
"GH_vs_NP","Met+Bac",303,0.29,0.633333333333333
"GH_vs_NP","Met+Bac",303,0.291,0.633333333333333
"GH_vs_NP","Met+Bac",303,0.292,0.633333333333333
"GH_vs_NP","Met+Bac",303,0.293,0.633333333333333
"GH_vs_NP","Met+Bac",303,0.294,0.633333333333333
"GH_vs_NP","Met+Bac",303,0.295,0.633333333333333
"GH_vs_NP","Met+Bac",303,0.296,0.633333333333333
"GH_vs_NP","Met+Bac",303,0.297,0.633333333333333
"GH_vs_NP","Met+Bac",303,0.298,0.633333333333333
"GH_vs_NP","Met+Bac",303,0.299,0.633333333333333
"GH_vs_NP","Met+Bac",303,0.3,0.633333333333333
"GH_vs_NP","Met+Bac",303,0.301,0.633333333333333
"GH_vs_NP","Met+Bac",303,0.302,0.633333333333333
"GH_vs_NP","Met+Bac",303,0.303,0.633333333333333
"GH_vs_NP","Met+Bac",303,0.304,0.633333333333333
"GH_vs_NP","Met+Bac",303,0.305,0.633333333333333
"GH_vs_NP","Met+Bac",303,0.306,0.633333333333333
"GH_vs_NP","Met+Bac",303,0.307,0.633333333333333
"GH_vs_NP","Met+Bac",303,0.308,0.633333333333333
"GH_vs_NP","Met+Bac",303,0.309,0.633333333333333
"GH_vs_NP","Met+Bac",303,0.31,0.633333333333333
"GH_vs_NP","Met+Bac",303,0.311,0.633333333333333
"GH_vs_NP","Met+Bac",303,0.312,0.633333333333333
"GH_vs_NP","Met+Bac",303,0.313,0.633333333333333
"GH_vs_NP","Met+Bac",303,0.314,0.633333333333333
"GH_vs_NP","Met+Bac",303,0.315,0.633333333333333
"GH_vs_NP","Met+Bac",303,0.316,0.633333333333333
"GH_vs_NP","Met+Bac",303,0.317,0.633333333333333
"GH_vs_NP","Met+Bac",303,0.318,0.633333333333333
"GH_vs_NP","Met+Bac",303,0.319,0.633333333333333
"GH_vs_NP","Met+Bac",303,0.32,0.633333333333333
"GH_vs_NP","Met+Bac",303,0.321,0.633333333333333
"GH_vs_NP","Met+Bac",303,0.322,0.633333333333333
"GH_vs_NP","Met+Bac",303,0.323,0.633333333333333
"GH_vs_NP","Met+Bac",303,0.324,0.633333333333333
"GH_vs_NP","Met+Bac",303,0.325,0.633333333333333
"GH_vs_NP","Met+Bac",303,0.326,0.633333333333333
"GH_vs_NP","Met+Bac",303,0.327,0.633333333333333
"GH_vs_NP","Met+Bac",303,0.328,0.633333333333333
"GH_vs_NP","Met+Bac",303,0.329,0.633333333333333
"GH_vs_NP","Met+Bac",303,0.33,0.633333333333333
"GH_vs_NP","Met+Bac",303,0.331,0.633333333333333
"GH_vs_NP","Met+Bac",303,0.332,0.633333333333333
"GH_vs_NP","Met+Bac",303,0.333,0.633333333333333
"GH_vs_NP","Met+Bac",303,0.334,0.633333333333333
"GH_vs_NP","Met+Bac",303,0.335,0.633333333333333
"GH_vs_NP","Met+Bac",303,0.336,0.633333333333333
"GH_vs_NP","Met+Bac",303,0.337,0.633333333333333
"GH_vs_NP","Met+Bac",303,0.338,0.633333333333333
"GH_vs_NP","Met+Bac",303,0.339,0.633333333333333
"GH_vs_NP","Met+Bac",303,0.34,0.633333333333333
"GH_vs_NP","Met+Bac",303,0.341,0.633333333333333
"GH_vs_NP","Met+Bac",303,0.342,0.633333333333333
"GH_vs_NP","Met+Bac",303,0.343,0.633333333333333
"GH_vs_NP","Met+Bac",303,0.344,0.633333333333333
"GH_vs_NP","Met+Bac",303,0.345,0.633333333333333
"GH_vs_NP","Met+Bac",303,0.346,0.633333333333333
"GH_vs_NP","Met+Bac",303,0.347,0.633333333333333
"GH_vs_NP","Met+Bac",303,0.348,0.633333333333333
"GH_vs_NP","Met+Bac",303,0.349,0.633333333333333
"GH_vs_NP","Met+Bac",303,0.35,0.633333333333333
"GH_vs_NP","Met+Bac",303,0.351,0.633333333333333
"GH_vs_NP","Met+Bac",303,0.352,0.633333333333333
"GH_vs_NP","Met+Bac",303,0.353,0.633333333333333
"GH_vs_NP","Met+Bac",303,0.354,0.633333333333333
"GH_vs_NP","Met+Bac",303,0.355,0.633333333333333
"GH_vs_NP","Met+Bac",303,0.356,0.633333333333333
"GH_vs_NP","Met+Bac",303,0.357,0.633333333333333
"GH_vs_NP","Met+Bac",303,0.358,0.633333333333333
"GH_vs_NP","Met+Bac",303,0.359,0.633333333333333
"GH_vs_NP","Met+Bac",303,0.36,0.633333333333333
"GH_vs_NP","Met+Bac",303,0.361,0.633333333333333
"GH_vs_NP","Met+Bac",303,0.362,0.633333333333333
"GH_vs_NP","Met+Bac",303,0.363,0.633333333333333
"GH_vs_NP","Met+Bac",303,0.364,0.633333333333333
"GH_vs_NP","Met+Bac",303,0.365,0.633333333333333
"GH_vs_NP","Met+Bac",303,0.366,0.633333333333333
"GH_vs_NP","Met+Bac",303,0.367,0.633333333333333
"GH_vs_NP","Met+Bac",303,0.368,0.633333333333333
"GH_vs_NP","Met+Bac",303,0.369,0.633333333333333
"GH_vs_NP","Met+Bac",303,0.37,0.633333333333333
"GH_vs_NP","Met+Bac",303,0.371,0.633333333333333
"GH_vs_NP","Met+Bac",303,0.372,0.633333333333333
"GH_vs_NP","Met+Bac",303,0.373,0.633333333333333
"GH_vs_NP","Met+Bac",303,0.374,0.633333333333333
"GH_vs_NP","Met+Bac",303,0.375,0.633333333333333
"GH_vs_NP","Met+Bac",303,0.376,0.633333333333333
"GH_vs_NP","Met+Bac",303,0.377,0.633333333333333
"GH_vs_NP","Met+Bac",303,0.378,0.633333333333333
"GH_vs_NP","Met+Bac",303,0.379,0.633333333333333
"GH_vs_NP","Met+Bac",303,0.38,0.633333333333333
"GH_vs_NP","Met+Bac",303,0.381,0.633333333333333
"GH_vs_NP","Met+Bac",303,0.382,0.633333333333333
"GH_vs_NP","Met+Bac",303,0.383,0.633333333333333
"GH_vs_NP","Met+Bac",303,0.384,0.633333333333333
"GH_vs_NP","Met+Bac",303,0.385,0.633333333333333
"GH_vs_NP","Met+Bac",303,0.386,0.633333333333333
"GH_vs_NP","Met+Bac",303,0.387,0.635822222222222
"GH_vs_NP","Met+Bac",303,0.388,0.639733333333333
"GH_vs_NP","Met+Bac",303,0.389,0.643644444444444
"GH_vs_NP","Met+Bac",303,0.39,0.647555555555556
"GH_vs_NP","Met+Bac",303,0.391,0.651466666666667
"GH_vs_NP","Met+Bac",303,0.392,0.655377777777778
"GH_vs_NP","Met+Bac",303,0.393,0.659288888888889
"GH_vs_NP","Met+Bac",303,0.394,0.6632
"GH_vs_NP","Met+Bac",303,0.395,0.666666666666667
"GH_vs_NP","Met+Bac",303,0.396,0.666666666666667
"GH_vs_NP","Met+Bac",303,0.397,0.666666666666667
"GH_vs_NP","Met+Bac",303,0.398,0.666666666666667
"GH_vs_NP","Met+Bac",303,0.399,0.666666666666667
"GH_vs_NP","Met+Bac",303,0.4,0.666666666666667
"GH_vs_NP","Met+Bac",303,0.401,0.666666666666667
"GH_vs_NP","Met+Bac",303,0.402,0.666666666666667
"GH_vs_NP","Met+Bac",303,0.403,0.666666666666667
"GH_vs_NP","Met+Bac",303,0.404,0.666666666666667
"GH_vs_NP","Met+Bac",303,0.405,0.666666666666667
"GH_vs_NP","Met+Bac",303,0.406,0.666666666666667
"GH_vs_NP","Met+Bac",303,0.407,0.666666666666667
"GH_vs_NP","Met+Bac",303,0.408,0.666666666666667
"GH_vs_NP","Met+Bac",303,0.409,0.666666666666667
"GH_vs_NP","Met+Bac",303,0.41,0.666666666666667
"GH_vs_NP","Met+Bac",303,0.411,0.666666666666667
"GH_vs_NP","Met+Bac",303,0.412,0.666666666666667
"GH_vs_NP","Met+Bac",303,0.413,0.666666666666667
"GH_vs_NP","Met+Bac",303,0.414,0.666666666666667
"GH_vs_NP","Met+Bac",303,0.415,0.666666666666667
"GH_vs_NP","Met+Bac",303,0.416,0.666666666666667
"GH_vs_NP","Met+Bac",303,0.417,0.666666666666667
"GH_vs_NP","Met+Bac",303,0.418,0.666666666666667
"GH_vs_NP","Met+Bac",303,0.419,0.666666666666667
"GH_vs_NP","Met+Bac",303,0.42,0.666666666666667
"GH_vs_NP","Met+Bac",303,0.421,0.666666666666667
"GH_vs_NP","Met+Bac",303,0.422,0.666666666666667
"GH_vs_NP","Met+Bac",303,0.423,0.666666666666667
"GH_vs_NP","Met+Bac",303,0.424,0.666666666666667
"GH_vs_NP","Met+Bac",303,0.425,0.666666666666667
"GH_vs_NP","Met+Bac",303,0.426,0.666666666666667
"GH_vs_NP","Met+Bac",303,0.427,0.666666666666667
"GH_vs_NP","Met+Bac",303,0.428,0.666666666666667
"GH_vs_NP","Met+Bac",303,0.429,0.666666666666667
"GH_vs_NP","Met+Bac",303,0.43,0.666666666666667
"GH_vs_NP","Met+Bac",303,0.431,0.666666666666667
"GH_vs_NP","Met+Bac",303,0.432,0.666666666666667
"GH_vs_NP","Met+Bac",303,0.433,0.666666666666667
"GH_vs_NP","Met+Bac",303,0.434,0.666666666666667
"GH_vs_NP","Met+Bac",303,0.435,0.666666666666667
"GH_vs_NP","Met+Bac",303,0.436,0.666666666666667
"GH_vs_NP","Met+Bac",303,0.437,0.666666666666667
"GH_vs_NP","Met+Bac",303,0.438,0.666666666666667
"GH_vs_NP","Met+Bac",303,0.439,0.666666666666667
"GH_vs_NP","Met+Bac",303,0.44,0.666666666666667
"GH_vs_NP","Met+Bac",303,0.441,0.666666666666667
"GH_vs_NP","Met+Bac",303,0.442,0.666666666666667
"GH_vs_NP","Met+Bac",303,0.443,0.666666666666667
"GH_vs_NP","Met+Bac",303,0.444,0.666666666666667
"GH_vs_NP","Met+Bac",303,0.445,0.666666666666667
"GH_vs_NP","Met+Bac",303,0.446,0.666666666666667
"GH_vs_NP","Met+Bac",303,0.447,0.666666666666667
"GH_vs_NP","Met+Bac",303,0.448,0.666666666666667
"GH_vs_NP","Met+Bac",303,0.449,0.666666666666667
"GH_vs_NP","Met+Bac",303,0.45,0.666666666666667
"GH_vs_NP","Met+Bac",303,0.451,0.666666666666667
"GH_vs_NP","Met+Bac",303,0.452,0.666666666666667
"GH_vs_NP","Met+Bac",303,0.453,0.666666666666667
"GH_vs_NP","Met+Bac",303,0.454,0.666666666666667
"GH_vs_NP","Met+Bac",303,0.455,0.666666666666667
"GH_vs_NP","Met+Bac",303,0.456,0.666666666666667
"GH_vs_NP","Met+Bac",303,0.457,0.666666666666667
"GH_vs_NP","Met+Bac",303,0.458,0.666666666666667
"GH_vs_NP","Met+Bac",303,0.459,0.666666666666667
"GH_vs_NP","Met+Bac",303,0.46,0.666666666666667
"GH_vs_NP","Met+Bac",303,0.461,0.666666666666667
"GH_vs_NP","Met+Bac",303,0.462,0.666666666666667
"GH_vs_NP","Met+Bac",303,0.463,0.666666666666667
"GH_vs_NP","Met+Bac",303,0.464,0.666666666666667
"GH_vs_NP","Met+Bac",303,0.465,0.666666666666667
"GH_vs_NP","Met+Bac",303,0.466,0.666666666666667
"GH_vs_NP","Met+Bac",303,0.467,0.666666666666667
"GH_vs_NP","Met+Bac",303,0.468,0.666666666666667
"GH_vs_NP","Met+Bac",303,0.469,0.666666666666667
"GH_vs_NP","Met+Bac",303,0.47,0.666666666666667
"GH_vs_NP","Met+Bac",303,0.471,0.666666666666667
"GH_vs_NP","Met+Bac",303,0.472,0.666666666666667
"GH_vs_NP","Met+Bac",303,0.473,0.666666666666667
"GH_vs_NP","Met+Bac",303,0.474,0.666666666666667
"GH_vs_NP","Met+Bac",303,0.475,0.666666666666667
"GH_vs_NP","Met+Bac",303,0.476,0.666666666666667
"GH_vs_NP","Met+Bac",303,0.477,0.666666666666667
"GH_vs_NP","Met+Bac",303,0.478,0.666666666666667
"GH_vs_NP","Met+Bac",303,0.479,0.666666666666667
"GH_vs_NP","Met+Bac",303,0.48,0.666666666666667
"GH_vs_NP","Met+Bac",303,0.481,0.666666666666667
"GH_vs_NP","Met+Bac",303,0.482,0.666666666666667
"GH_vs_NP","Met+Bac",303,0.483,0.666666666666667
"GH_vs_NP","Met+Bac",303,0.484,0.666666666666667
"GH_vs_NP","Met+Bac",303,0.485,0.666666666666667
"GH_vs_NP","Met+Bac",303,0.486,0.666666666666667
"GH_vs_NP","Met+Bac",303,0.487,0.666666666666667
"GH_vs_NP","Met+Bac",303,0.488,0.666666666666667
"GH_vs_NP","Met+Bac",303,0.489,0.666666666666667
"GH_vs_NP","Met+Bac",303,0.49,0.666666666666667
"GH_vs_NP","Met+Bac",303,0.491,0.666666666666667
"GH_vs_NP","Met+Bac",303,0.492,0.666666666666667
"GH_vs_NP","Met+Bac",303,0.493,0.666666666666667
"GH_vs_NP","Met+Bac",303,0.494,0.666666666666667
"GH_vs_NP","Met+Bac",303,0.495,0.666666666666667
"GH_vs_NP","Met+Bac",303,0.496,0.666666666666667
"GH_vs_NP","Met+Bac",303,0.497,0.666666666666667
"GH_vs_NP","Met+Bac",303,0.498,0.666666666666667
"GH_vs_NP","Met+Bac",303,0.499,0.666666666666667
"GH_vs_NP","Met+Bac",303,0.5,0.666666666666667
"GH_vs_NP","Met+Bac",303,0.501,0.666666666666667
"GH_vs_NP","Met+Bac",303,0.502,0.666666666666667
"GH_vs_NP","Met+Bac",303,0.503,0.666666666666667
"GH_vs_NP","Met+Bac",303,0.504,0.666666666666667
"GH_vs_NP","Met+Bac",303,0.505,0.666666666666667
"GH_vs_NP","Met+Bac",303,0.506,0.666666666666667
"GH_vs_NP","Met+Bac",303,0.507,0.666666666666667
"GH_vs_NP","Met+Bac",303,0.508,0.666666666666667
"GH_vs_NP","Met+Bac",303,0.509,0.666666666666667
"GH_vs_NP","Met+Bac",303,0.51,0.666666666666667
"GH_vs_NP","Met+Bac",303,0.511,0.666666666666667
"GH_vs_NP","Met+Bac",303,0.512,0.666666666666667
"GH_vs_NP","Met+Bac",303,0.513,0.666666666666667
"GH_vs_NP","Met+Bac",303,0.514,0.666666666666667
"GH_vs_NP","Met+Bac",303,0.515,0.666666666666667
"GH_vs_NP","Met+Bac",303,0.516,0.666666666666667
"GH_vs_NP","Met+Bac",303,0.517,0.666666666666667
"GH_vs_NP","Met+Bac",303,0.518,0.666666666666667
"GH_vs_NP","Met+Bac",303,0.519,0.666666666666667
"GH_vs_NP","Met+Bac",303,0.52,0.666666666666667
"GH_vs_NP","Met+Bac",303,0.521,0.666666666666667
"GH_vs_NP","Met+Bac",303,0.522,0.666666666666667
"GH_vs_NP","Met+Bac",303,0.523,0.666666666666667
"GH_vs_NP","Met+Bac",303,0.524,0.666666666666667
"GH_vs_NP","Met+Bac",303,0.525,0.666666666666667
"GH_vs_NP","Met+Bac",303,0.526,0.666666666666667
"GH_vs_NP","Met+Bac",303,0.527,0.666666666666667
"GH_vs_NP","Met+Bac",303,0.528,0.666666666666667
"GH_vs_NP","Met+Bac",303,0.529,0.666666666666667
"GH_vs_NP","Met+Bac",303,0.53,0.666666666666667
"GH_vs_NP","Met+Bac",303,0.531,0.666666666666667
"GH_vs_NP","Met+Bac",303,0.532,0.666666666666667
"GH_vs_NP","Met+Bac",303,0.533,0.666666666666667
"GH_vs_NP","Met+Bac",303,0.534,0.666666666666667
"GH_vs_NP","Met+Bac",303,0.535,0.666666666666667
"GH_vs_NP","Met+Bac",303,0.536,0.666666666666667
"GH_vs_NP","Met+Bac",303,0.537,0.666666666666667
"GH_vs_NP","Met+Bac",303,0.538,0.666666666666667
"GH_vs_NP","Met+Bac",303,0.539,0.666666666666667
"GH_vs_NP","Met+Bac",303,0.54,0.666666666666667
"GH_vs_NP","Met+Bac",303,0.541,0.666666666666667
"GH_vs_NP","Met+Bac",303,0.542,0.666666666666667
"GH_vs_NP","Met+Bac",303,0.543,0.666666666666667
"GH_vs_NP","Met+Bac",303,0.544,0.666666666666667
"GH_vs_NP","Met+Bac",303,0.545,0.666666666666667
"GH_vs_NP","Met+Bac",303,0.546,0.666666666666667
"GH_vs_NP","Met+Bac",303,0.547,0.666666666666667
"GH_vs_NP","Met+Bac",303,0.548,0.666666666666667
"GH_vs_NP","Met+Bac",303,0.549,0.666666666666667
"GH_vs_NP","Met+Bac",303,0.55,0.666666666666667
"GH_vs_NP","Met+Bac",303,0.551,0.666666666666667
"GH_vs_NP","Met+Bac",303,0.552,0.666666666666667
"GH_vs_NP","Met+Bac",303,0.553,0.666666666666667
"GH_vs_NP","Met+Bac",303,0.554,0.666666666666667
"GH_vs_NP","Met+Bac",303,0.555,0.666666666666667
"GH_vs_NP","Met+Bac",303,0.556,0.666666666666667
"GH_vs_NP","Met+Bac",303,0.557,0.666666666666667
"GH_vs_NP","Met+Bac",303,0.558,0.666666666666667
"GH_vs_NP","Met+Bac",303,0.559,0.666666666666667
"GH_vs_NP","Met+Bac",303,0.56,0.666666666666667
"GH_vs_NP","Met+Bac",303,0.561,0.666666666666667
"GH_vs_NP","Met+Bac",303,0.562,0.666666666666667
"GH_vs_NP","Met+Bac",303,0.563,0.666666666666667
"GH_vs_NP","Met+Bac",303,0.564,0.666666666666667
"GH_vs_NP","Met+Bac",303,0.565,0.666666666666667
"GH_vs_NP","Met+Bac",303,0.566,0.666666666666667
"GH_vs_NP","Met+Bac",303,0.567,0.666666666666667
"GH_vs_NP","Met+Bac",303,0.568,0.666666666666667
"GH_vs_NP","Met+Bac",303,0.569,0.666666666666667
"GH_vs_NP","Met+Bac",303,0.57,0.666666666666667
"GH_vs_NP","Met+Bac",303,0.571,0.666666666666667
"GH_vs_NP","Met+Bac",303,0.572,0.666666666666667
"GH_vs_NP","Met+Bac",303,0.573,0.666666666666667
"GH_vs_NP","Met+Bac",303,0.574,0.666666666666667
"GH_vs_NP","Met+Bac",303,0.575,0.666666666666667
"GH_vs_NP","Met+Bac",303,0.576,0.666666666666667
"GH_vs_NP","Met+Bac",303,0.577,0.666666666666667
"GH_vs_NP","Met+Bac",303,0.578,0.666666666666667
"GH_vs_NP","Met+Bac",303,0.579,0.666666666666667
"GH_vs_NP","Met+Bac",303,0.58,0.666666666666667
"GH_vs_NP","Met+Bac",303,0.581,0.666666666666667
"GH_vs_NP","Met+Bac",303,0.582,0.666666666666667
"GH_vs_NP","Met+Bac",303,0.583,0.666666666666667
"GH_vs_NP","Met+Bac",303,0.584,0.666666666666667
"GH_vs_NP","Met+Bac",303,0.585,0.666666666666667
"GH_vs_NP","Met+Bac",303,0.586,0.666666666666667
"GH_vs_NP","Met+Bac",303,0.587,0.666666666666667
"GH_vs_NP","Met+Bac",303,0.588,0.666666666666667
"GH_vs_NP","Met+Bac",303,0.589,0.666666666666667
"GH_vs_NP","Met+Bac",303,0.59,0.666666666666667
"GH_vs_NP","Met+Bac",303,0.591,0.666666666666667
"GH_vs_NP","Met+Bac",303,0.592,0.666666666666667
"GH_vs_NP","Met+Bac",303,0.593,0.666666666666667
"GH_vs_NP","Met+Bac",303,0.594,0.666666666666667
"GH_vs_NP","Met+Bac",303,0.595,0.666666666666667
"GH_vs_NP","Met+Bac",303,0.596,0.666666666666667
"GH_vs_NP","Met+Bac",303,0.597,0.666666666666667
"GH_vs_NP","Met+Bac",303,0.598,0.666666666666667
"GH_vs_NP","Met+Bac",303,0.599,0.666666666666667
"GH_vs_NP","Met+Bac",303,0.6,0.666666666666667
"GH_vs_NP","Met+Bac",303,0.601,0.666666666666667
"GH_vs_NP","Met+Bac",303,0.602,0.666666666666667
"GH_vs_NP","Met+Bac",303,0.603,0.666666666666667
"GH_vs_NP","Met+Bac",303,0.604,0.666666666666667
"GH_vs_NP","Met+Bac",303,0.605,0.666666666666667
"GH_vs_NP","Met+Bac",303,0.606,0.666666666666667
"GH_vs_NP","Met+Bac",303,0.607,0.666666666666667
"GH_vs_NP","Met+Bac",303,0.608,0.666666666666667
"GH_vs_NP","Met+Bac",303,0.609,0.666666666666667
"GH_vs_NP","Met+Bac",303,0.61,0.666666666666667
"GH_vs_NP","Met+Bac",303,0.611,0.666666666666667
"GH_vs_NP","Met+Bac",303,0.612,0.666666666666667
"GH_vs_NP","Met+Bac",303,0.613,0.666666666666667
"GH_vs_NP","Met+Bac",303,0.614,0.666666666666667
"GH_vs_NP","Met+Bac",303,0.615,0.666666666666667
"GH_vs_NP","Met+Bac",303,0.616,0.666666666666667
"GH_vs_NP","Met+Bac",303,0.617,0.666666666666667
"GH_vs_NP","Met+Bac",303,0.618,0.666666666666667
"GH_vs_NP","Met+Bac",303,0.619,0.666666666666667
"GH_vs_NP","Met+Bac",303,0.62,0.666666666666667
"GH_vs_NP","Met+Bac",303,0.621,0.666666666666667
"GH_vs_NP","Met+Bac",303,0.622,0.666666666666667
"GH_vs_NP","Met+Bac",303,0.623,0.666666666666667
"GH_vs_NP","Met+Bac",303,0.624,0.666666666666667
"GH_vs_NP","Met+Bac",303,0.625,0.666666666666667
"GH_vs_NP","Met+Bac",303,0.626,0.666666666666667
"GH_vs_NP","Met+Bac",303,0.627,0.666666666666667
"GH_vs_NP","Met+Bac",303,0.628,0.666666666666667
"GH_vs_NP","Met+Bac",303,0.629,0.666666666666667
"GH_vs_NP","Met+Bac",303,0.63,0.666666666666667
"GH_vs_NP","Met+Bac",303,0.631,0.666666666666667
"GH_vs_NP","Met+Bac",303,0.632,0.666666666666667
"GH_vs_NP","Met+Bac",303,0.633,0.666666666666667
"GH_vs_NP","Met+Bac",303,0.634,0.666666666666667
"GH_vs_NP","Met+Bac",303,0.635,0.666666666666667
"GH_vs_NP","Met+Bac",303,0.636,0.666666666666667
"GH_vs_NP","Met+Bac",303,0.637,0.666666666666667
"GH_vs_NP","Met+Bac",303,0.638,0.666666666666667
"GH_vs_NP","Met+Bac",303,0.639,0.666666666666667
"GH_vs_NP","Met+Bac",303,0.64,0.666666666666667
"GH_vs_NP","Met+Bac",303,0.641,0.666666666666667
"GH_vs_NP","Met+Bac",303,0.642,0.666666666666667
"GH_vs_NP","Met+Bac",303,0.643,0.666666666666667
"GH_vs_NP","Met+Bac",303,0.644,0.666666666666667
"GH_vs_NP","Met+Bac",303,0.645,0.666666666666667
"GH_vs_NP","Met+Bac",303,0.646,0.666666666666667
"GH_vs_NP","Met+Bac",303,0.647,0.666666666666667
"GH_vs_NP","Met+Bac",303,0.648,0.666666666666667
"GH_vs_NP","Met+Bac",303,0.649,0.666666666666667
"GH_vs_NP","Met+Bac",303,0.65,0.666666666666667
"GH_vs_NP","Met+Bac",303,0.651,0.666666666666667
"GH_vs_NP","Met+Bac",303,0.652,0.666666666666667
"GH_vs_NP","Met+Bac",303,0.653,0.666666666666667
"GH_vs_NP","Met+Bac",303,0.654,0.666666666666667
"GH_vs_NP","Met+Bac",303,0.655,0.666666666666667
"GH_vs_NP","Met+Bac",303,0.656,0.666666666666667
"GH_vs_NP","Met+Bac",303,0.657,0.666666666666667
"GH_vs_NP","Met+Bac",303,0.658,0.666666666666667
"GH_vs_NP","Met+Bac",303,0.659,0.666666666666667
"GH_vs_NP","Met+Bac",303,0.66,0.666666666666667
"GH_vs_NP","Met+Bac",303,0.661,0.666666666666667
"GH_vs_NP","Met+Bac",303,0.662,0.666666666666667
"GH_vs_NP","Met+Bac",303,0.663,0.666666666666667
"GH_vs_NP","Met+Bac",303,0.664,0.666666666666667
"GH_vs_NP","Met+Bac",303,0.665,0.666666666666667
"GH_vs_NP","Met+Bac",303,0.666,0.666666666666667
"GH_vs_NP","Met+Bac",303,0.667,0.666666666666667
"GH_vs_NP","Met+Bac",303,0.668,0.666666666666667
"GH_vs_NP","Met+Bac",303,0.669,0.666666666666667
"GH_vs_NP","Met+Bac",303,0.67,0.666666666666667
"GH_vs_NP","Met+Bac",303,0.671,0.666666666666667
"GH_vs_NP","Met+Bac",303,0.672,0.666666666666667
"GH_vs_NP","Met+Bac",303,0.673,0.666666666666667
"GH_vs_NP","Met+Bac",303,0.674,0.666666666666667
"GH_vs_NP","Met+Bac",303,0.675,0.666666666666667
"GH_vs_NP","Met+Bac",303,0.676,0.666666666666667
"GH_vs_NP","Met+Bac",303,0.677,0.666666666666667
"GH_vs_NP","Met+Bac",303,0.678,0.666666666666667
"GH_vs_NP","Met+Bac",303,0.679,0.666666666666667
"GH_vs_NP","Met+Bac",303,0.68,0.666666666666667
"GH_vs_NP","Met+Bac",303,0.681,0.666666666666667
"GH_vs_NP","Met+Bac",303,0.682,0.666666666666667
"GH_vs_NP","Met+Bac",303,0.683,0.666666666666667
"GH_vs_NP","Met+Bac",303,0.684,0.666666666666667
"GH_vs_NP","Met+Bac",303,0.685,0.666666666666667
"GH_vs_NP","Met+Bac",303,0.686,0.666666666666667
"GH_vs_NP","Met+Bac",303,0.687,0.666666666666667
"GH_vs_NP","Met+Bac",303,0.688,0.666666666666667
"GH_vs_NP","Met+Bac",303,0.689,0.666666666666667
"GH_vs_NP","Met+Bac",303,0.69,0.666666666666667
"GH_vs_NP","Met+Bac",303,0.691,0.666666666666667
"GH_vs_NP","Met+Bac",303,0.692,0.666666666666667
"GH_vs_NP","Met+Bac",303,0.693,0.666666666666667
"GH_vs_NP","Met+Bac",303,0.694,0.666666666666667
"GH_vs_NP","Met+Bac",303,0.695,0.666666666666667
"GH_vs_NP","Met+Bac",303,0.696,0.666666666666667
"GH_vs_NP","Met+Bac",303,0.697,0.666666666666667
"GH_vs_NP","Met+Bac",303,0.698,0.666666666666667
"GH_vs_NP","Met+Bac",303,0.699,0.666666666666667
"GH_vs_NP","Met+Bac",303,0.7,0.666666666666667
"GH_vs_NP","Met+Bac",303,0.701,0.666666666666667
"GH_vs_NP","Met+Bac",303,0.702,0.666666666666667
"GH_vs_NP","Met+Bac",303,0.703,0.666666666666667
"GH_vs_NP","Met+Bac",303,0.704,0.666666666666667
"GH_vs_NP","Met+Bac",303,0.705,0.666666666666667
"GH_vs_NP","Met+Bac",303,0.706,0.666666666666667
"GH_vs_NP","Met+Bac",303,0.707,0.666666666666667
"GH_vs_NP","Met+Bac",303,0.708,0.666666666666667
"GH_vs_NP","Met+Bac",303,0.709,0.666666666666667
"GH_vs_NP","Met+Bac",303,0.71,0.666666666666667
"GH_vs_NP","Met+Bac",303,0.711,0.666666666666667
"GH_vs_NP","Met+Bac",303,0.712,0.666666666666667
"GH_vs_NP","Met+Bac",303,0.713,0.666666666666667
"GH_vs_NP","Met+Bac",303,0.714,0.666666666666667
"GH_vs_NP","Met+Bac",303,0.715,0.666666666666667
"GH_vs_NP","Met+Bac",303,0.716,0.666666666666667
"GH_vs_NP","Met+Bac",303,0.717,0.666666666666667
"GH_vs_NP","Met+Bac",303,0.718,0.666666666666667
"GH_vs_NP","Met+Bac",303,0.719,0.666666666666667
"GH_vs_NP","Met+Bac",303,0.72,0.666666666666667
"GH_vs_NP","Met+Bac",303,0.721,0.666666666666667
"GH_vs_NP","Met+Bac",303,0.722,0.666666666666667
"GH_vs_NP","Met+Bac",303,0.723,0.666666666666667
"GH_vs_NP","Met+Bac",303,0.724,0.666666666666667
"GH_vs_NP","Met+Bac",303,0.725,0.666666666666667
"GH_vs_NP","Met+Bac",303,0.726,0.666666666666667
"GH_vs_NP","Met+Bac",303,0.727,0.666666666666667
"GH_vs_NP","Met+Bac",303,0.728,0.666666666666667
"GH_vs_NP","Met+Bac",303,0.729,0.666666666666667
"GH_vs_NP","Met+Bac",303,0.73,0.666666666666667
"GH_vs_NP","Met+Bac",303,0.731,0.666666666666667
"GH_vs_NP","Met+Bac",303,0.732,0.666666666666667
"GH_vs_NP","Met+Bac",303,0.733,0.666666666666667
"GH_vs_NP","Met+Bac",303,0.734,0.666666666666667
"GH_vs_NP","Met+Bac",303,0.735,0.666666666666667
"GH_vs_NP","Met+Bac",303,0.736,0.666666666666667
"GH_vs_NP","Met+Bac",303,0.737,0.666666666666667
"GH_vs_NP","Met+Bac",303,0.738,0.666666666666667
"GH_vs_NP","Met+Bac",303,0.739,0.666666666666667
"GH_vs_NP","Met+Bac",303,0.74,0.666666666666667
"GH_vs_NP","Met+Bac",303,0.741,0.666666666666667
"GH_vs_NP","Met+Bac",303,0.742,0.666666666666667
"GH_vs_NP","Met+Bac",303,0.743,0.666666666666667
"GH_vs_NP","Met+Bac",303,0.744,0.666666666666667
"GH_vs_NP","Met+Bac",303,0.745,0.666666666666667
"GH_vs_NP","Met+Bac",303,0.746,0.666666666666667
"GH_vs_NP","Met+Bac",303,0.747,0.666666666666667
"GH_vs_NP","Met+Bac",303,0.748,0.666666666666667
"GH_vs_NP","Met+Bac",303,0.749,0.666666666666667
"GH_vs_NP","Met+Bac",303,0.75,0.666666666666667
"GH_vs_NP","Met+Bac",303,0.751,0.666666666666667
"GH_vs_NP","Met+Bac",303,0.752,0.666666666666667
"GH_vs_NP","Met+Bac",303,0.753,0.666666666666667
"GH_vs_NP","Met+Bac",303,0.754,0.666666666666667
"GH_vs_NP","Met+Bac",303,0.755,0.666666666666667
"GH_vs_NP","Met+Bac",303,0.756,0.666666666666667
"GH_vs_NP","Met+Bac",303,0.757,0.666666666666667
"GH_vs_NP","Met+Bac",303,0.758,0.666666666666667
"GH_vs_NP","Met+Bac",303,0.759,0.666666666666667
"GH_vs_NP","Met+Bac",303,0.76,0.666666666666667
"GH_vs_NP","Met+Bac",303,0.761,0.666666666666667
"GH_vs_NP","Met+Bac",303,0.762,0.666666666666667
"GH_vs_NP","Met+Bac",303,0.763,0.666666666666667
"GH_vs_NP","Met+Bac",303,0.764,0.666666666666667
"GH_vs_NP","Met+Bac",303,0.765,0.666666666666667
"GH_vs_NP","Met+Bac",303,0.766,0.666666666666667
"GH_vs_NP","Met+Bac",303,0.767,0.666666666666667
"GH_vs_NP","Met+Bac",303,0.768,0.666666666666667
"GH_vs_NP","Met+Bac",303,0.769,0.666666666666667
"GH_vs_NP","Met+Bac",303,0.77,0.666666666666667
"GH_vs_NP","Met+Bac",303,0.771,0.666666666666667
"GH_vs_NP","Met+Bac",303,0.772,0.666666666666667
"GH_vs_NP","Met+Bac",303,0.773,0.666666666666667
"GH_vs_NP","Met+Bac",303,0.774,0.666666666666667
"GH_vs_NP","Met+Bac",303,0.775,0.666666666666667
"GH_vs_NP","Met+Bac",303,0.776,0.666666666666667
"GH_vs_NP","Met+Bac",303,0.777,0.666666666666667
"GH_vs_NP","Met+Bac",303,0.778,0.666666666666667
"GH_vs_NP","Met+Bac",303,0.779,0.666666666666667
"GH_vs_NP","Met+Bac",303,0.78,0.666666666666667
"GH_vs_NP","Met+Bac",303,0.781,0.666666666666667
"GH_vs_NP","Met+Bac",303,0.782,0.666666666666667
"GH_vs_NP","Met+Bac",303,0.783,0.666666666666667
"GH_vs_NP","Met+Bac",303,0.784,0.666666666666667
"GH_vs_NP","Met+Bac",303,0.785,0.666666666666667
"GH_vs_NP","Met+Bac",303,0.786,0.666666666666667
"GH_vs_NP","Met+Bac",303,0.787,0.666666666666667
"GH_vs_NP","Met+Bac",303,0.788,0.666666666666667
"GH_vs_NP","Met+Bac",303,0.789,0.666666666666667
"GH_vs_NP","Met+Bac",303,0.79,0.666666666666667
"GH_vs_NP","Met+Bac",303,0.791,0.666666666666667
"GH_vs_NP","Met+Bac",303,0.792,0.666666666666667
"GH_vs_NP","Met+Bac",303,0.793,0.666666666666667
"GH_vs_NP","Met+Bac",303,0.794,0.666666666666667
"GH_vs_NP","Met+Bac",303,0.795,0.666666666666667
"GH_vs_NP","Met+Bac",303,0.796,0.666666666666667
"GH_vs_NP","Met+Bac",303,0.797,0.666666666666667
"GH_vs_NP","Met+Bac",303,0.798,0.666666666666667
"GH_vs_NP","Met+Bac",303,0.799,0.666666666666667
"GH_vs_NP","Met+Bac",303,0.8,0.666666666666667
"GH_vs_NP","Met+Bac",303,0.801,0.666666666666667
"GH_vs_NP","Met+Bac",303,0.802,0.666666666666667
"GH_vs_NP","Met+Bac",303,0.803,0.666666666666667
"GH_vs_NP","Met+Bac",303,0.804,0.666666666666667
"GH_vs_NP","Met+Bac",303,0.805,0.666666666666667
"GH_vs_NP","Met+Bac",303,0.806,0.666666666666667
"GH_vs_NP","Met+Bac",303,0.807,0.666666666666667
"GH_vs_NP","Met+Bac",303,0.808,0.666666666666667
"GH_vs_NP","Met+Bac",303,0.809,0.666666666666667
"GH_vs_NP","Met+Bac",303,0.81,0.666666666666667
"GH_vs_NP","Met+Bac",303,0.811,0.666666666666667
"GH_vs_NP","Met+Bac",303,0.812,0.666666666666667
"GH_vs_NP","Met+Bac",303,0.813,0.666666666666667
"GH_vs_NP","Met+Bac",303,0.814,0.666666666666667
"GH_vs_NP","Met+Bac",303,0.815,0.666666666666667
"GH_vs_NP","Met+Bac",303,0.816,0.7
"GH_vs_NP","Met+Bac",303,0.817,0.7
"GH_vs_NP","Met+Bac",303,0.818,0.7
"GH_vs_NP","Met+Bac",303,0.819,0.7
"GH_vs_NP","Met+Bac",303,0.82,0.7
"GH_vs_NP","Met+Bac",303,0.821,0.7
"GH_vs_NP","Met+Bac",303,0.822,0.733333333333333
"GH_vs_NP","Met+Bac",303,0.823,0.733333333333333
"GH_vs_NP","Met+Bac",303,0.824,0.733333333333333
"GH_vs_NP","Met+Bac",303,0.825,0.733333333333333
"GH_vs_NP","Met+Bac",303,0.826,0.733333333333333
"GH_vs_NP","Met+Bac",303,0.827,0.736800000000001
"GH_vs_NP","Met+Bac",303,0.828,0.748533333333334
"GH_vs_NP","Met+Bac",303,0.829,0.760266666666667
"GH_vs_NP","Met+Bac",303,0.83,0.766666666666667
"GH_vs_NP","Met+Bac",303,0.831,0.766666666666667
"GH_vs_NP","Met+Bac",303,0.832,0.766666666666667
"GH_vs_NP","Met+Bac",303,0.833,0.766666666666667
"GH_vs_NP","Met+Bac",303,0.834,0.766666666666667
"GH_vs_NP","Met+Bac",303,0.835,0.766666666666667
"GH_vs_NP","Met+Bac",303,0.836,0.8
"GH_vs_NP","Met+Bac",303,0.837,0.8
"GH_vs_NP","Met+Bac",303,0.838,0.8
"GH_vs_NP","Met+Bac",303,0.839,0.8
"GH_vs_NP","Met+Bac",303,0.84,0.8
"GH_vs_NP","Met+Bac",303,0.841,0.8
"GH_vs_NP","Met+Bac",303,0.842,0.8
"GH_vs_NP","Met+Bac",303,0.843,0.8
"GH_vs_NP","Met+Bac",303,0.844,0.8
"GH_vs_NP","Met+Bac",303,0.845,0.8
"GH_vs_NP","Met+Bac",303,0.846,0.8
"GH_vs_NP","Met+Bac",303,0.847,0.8
"GH_vs_NP","Met+Bac",303,0.848,0.8
"GH_vs_NP","Met+Bac",303,0.849,0.8
"GH_vs_NP","Met+Bac",303,0.85,0.8
"GH_vs_NP","Met+Bac",303,0.851,0.8
"GH_vs_NP","Met+Bac",303,0.852,0.8
"GH_vs_NP","Met+Bac",303,0.853,0.833333333333333
"GH_vs_NP","Met+Bac",303,0.854,0.833333333333333
"GH_vs_NP","Met+Bac",303,0.855,0.833333333333333
"GH_vs_NP","Met+Bac",303,0.856,0.833333333333333
"GH_vs_NP","Met+Bac",303,0.857,0.833333333333333
"GH_vs_NP","Met+Bac",303,0.858,0.833333333333333
"GH_vs_NP","Met+Bac",303,0.859,0.833333333333333
"GH_vs_NP","Met+Bac",303,0.86,0.833333333333333
"GH_vs_NP","Met+Bac",303,0.861,0.871466666666666
"GH_vs_NP","Met+Bac",303,0.862,0.894933333333333
"GH_vs_NP","Met+Bac",303,0.863,0.9184
"GH_vs_NP","Met+Bac",303,0.864,0.966666666666667
"GH_vs_NP","Met+Bac",303,0.865,0.966666666666667
"GH_vs_NP","Met+Bac",303,0.866,0.966666666666667
"GH_vs_NP","Met+Bac",303,0.867,1
"GH_vs_NP","Met+Bac",303,0.868,1
"GH_vs_NP","Met+Bac",303,0.869,1
"GH_vs_NP","Met+Bac",303,0.87,1
"GH_vs_NP","Met+Bac",303,0.871,1
"GH_vs_NP","Met+Bac",303,0.872,1
"GH_vs_NP","Met+Bac",303,0.873,1
"GH_vs_NP","Met+Bac",303,0.874,1
"GH_vs_NP","Met+Bac",303,0.875,1
"GH_vs_NP","Met+Bac",303,0.876,1
"GH_vs_NP","Met+Bac",303,0.877,1
"GH_vs_NP","Met+Bac",303,0.878,1
"GH_vs_NP","Met+Bac",303,0.879,1
"GH_vs_NP","Met+Bac",303,0.88,1
"GH_vs_NP","Met+Bac",303,0.881,1
"GH_vs_NP","Met+Bac",303,0.882,1
"GH_vs_NP","Met+Bac",303,0.883,1
"GH_vs_NP","Met+Bac",303,0.884,1
"GH_vs_NP","Met+Bac",303,0.885,1
"GH_vs_NP","Met+Bac",303,0.886,1
"GH_vs_NP","Met+Bac",303,0.887,1
"GH_vs_NP","Met+Bac",303,0.888,1
"GH_vs_NP","Met+Bac",303,0.889,1
"GH_vs_NP","Met+Bac",303,0.89,1
"GH_vs_NP","Met+Bac",303,0.891,1
"GH_vs_NP","Met+Bac",303,0.892,1
"GH_vs_NP","Met+Bac",303,0.893,1
"GH_vs_NP","Met+Bac",303,0.894,1
"GH_vs_NP","Met+Bac",303,0.895,1
"GH_vs_NP","Met+Bac",303,0.896,1
"GH_vs_NP","Met+Bac",303,0.897,1
"GH_vs_NP","Met+Bac",303,0.898,1
"GH_vs_NP","Met+Bac",303,0.899,1
"GH_vs_NP","Met+Bac",303,0.9,1
"GH_vs_NP","Met+Bac",303,0.901,1
"GH_vs_NP","Met+Bac",303,0.902,1
"GH_vs_NP","Met+Bac",303,0.903,1
"GH_vs_NP","Met+Bac",303,0.904,1
"GH_vs_NP","Met+Bac",303,0.905,1
"GH_vs_NP","Met+Bac",303,0.906,1
"GH_vs_NP","Met+Bac",303,0.907,1
"GH_vs_NP","Met+Bac",303,0.908,1
"GH_vs_NP","Met+Bac",303,0.909,1
"GH_vs_NP","Met+Bac",303,0.91,1
"GH_vs_NP","Met+Bac",303,0.911,1
"GH_vs_NP","Met+Bac",303,0.912,1
"GH_vs_NP","Met+Bac",303,0.913,1
"GH_vs_NP","Met+Bac",303,0.914,1
"GH_vs_NP","Met+Bac",303,0.915,1
"GH_vs_NP","Met+Bac",303,0.916,1
"GH_vs_NP","Met+Bac",303,0.917,1
"GH_vs_NP","Met+Bac",303,0.918,1
"GH_vs_NP","Met+Bac",303,0.919,1
"GH_vs_NP","Met+Bac",303,0.92,1
"GH_vs_NP","Met+Bac",303,0.921,1
"GH_vs_NP","Met+Bac",303,0.922,1
"GH_vs_NP","Met+Bac",303,0.923,1
"GH_vs_NP","Met+Bac",303,0.924,1
"GH_vs_NP","Met+Bac",303,0.925,1
"GH_vs_NP","Met+Bac",303,0.926,1
"GH_vs_NP","Met+Bac",303,0.927,1
"GH_vs_NP","Met+Bac",303,0.928,1
"GH_vs_NP","Met+Bac",303,0.929,1
"GH_vs_NP","Met+Bac",303,0.93,1
"GH_vs_NP","Met+Bac",303,0.931,1
"GH_vs_NP","Met+Bac",303,0.932,1
"GH_vs_NP","Met+Bac",303,0.933,1
"GH_vs_NP","Met+Bac",303,0.934,1
"GH_vs_NP","Met+Bac",303,0.935,1
"GH_vs_NP","Met+Bac",303,0.936,1
"GH_vs_NP","Met+Bac",303,0.937,1
"GH_vs_NP","Met+Bac",303,0.938,1
"GH_vs_NP","Met+Bac",303,0.939,1
"GH_vs_NP","Met+Bac",303,0.94,1
"GH_vs_NP","Met+Bac",303,0.941,1
"GH_vs_NP","Met+Bac",303,0.942,1
"GH_vs_NP","Met+Bac",303,0.943,1
"GH_vs_NP","Met+Bac",303,0.944,1
"GH_vs_NP","Met+Bac",303,0.945,1
"GH_vs_NP","Met+Bac",303,0.946,1
"GH_vs_NP","Met+Bac",303,0.947,1
"GH_vs_NP","Met+Bac",303,0.948,1
"GH_vs_NP","Met+Bac",303,0.949,1
"GH_vs_NP","Met+Bac",303,0.95,1
"GH_vs_NP","Met+Bac",303,0.951,1
"GH_vs_NP","Met+Bac",303,0.952,1
"GH_vs_NP","Met+Bac",303,0.953,1
"GH_vs_NP","Met+Bac",303,0.954,1
"GH_vs_NP","Met+Bac",303,0.955,1
"GH_vs_NP","Met+Bac",303,0.956,1
"GH_vs_NP","Met+Bac",303,0.957,1
"GH_vs_NP","Met+Bac",303,0.958,1
"GH_vs_NP","Met+Bac",303,0.959,1
"GH_vs_NP","Met+Bac",303,0.96,1
"GH_vs_NP","Met+Bac",303,0.961,1
"GH_vs_NP","Met+Bac",303,0.962,1
"GH_vs_NP","Met+Bac",303,0.963,1
"GH_vs_NP","Met+Bac",303,0.964,1
"GH_vs_NP","Met+Bac",303,0.965,1
"GH_vs_NP","Met+Bac",303,0.966,1
"GH_vs_NP","Met+Bac",303,0.967,1
"GH_vs_NP","Met+Bac",303,0.968,1
"GH_vs_NP","Met+Bac",303,0.969,1
"GH_vs_NP","Met+Bac",303,0.97,1
"GH_vs_NP","Met+Bac",303,0.971,1
"GH_vs_NP","Met+Bac",303,0.972,1
"GH_vs_NP","Met+Bac",303,0.973,1
"GH_vs_NP","Met+Bac",303,0.974,1
"GH_vs_NP","Met+Bac",303,0.975,1
"GH_vs_NP","Met+Bac",303,0.976,1
"GH_vs_NP","Met+Bac",303,0.977,1
"GH_vs_NP","Met+Bac",303,0.978,1
"GH_vs_NP","Met+Bac",303,0.979,1
"GH_vs_NP","Met+Bac",303,0.98,1
"GH_vs_NP","Met+Bac",303,0.981,1
"GH_vs_NP","Met+Bac",303,0.982,1
"GH_vs_NP","Met+Bac",303,0.983,1
"GH_vs_NP","Met+Bac",303,0.984,1
"GH_vs_NP","Met+Bac",303,0.985,1
"GH_vs_NP","Met+Bac",303,0.986,1
"GH_vs_NP","Met+Bac",303,0.987,1
"GH_vs_NP","Met+Bac",303,0.988,1
"GH_vs_NP","Met+Bac",303,0.989,1
"GH_vs_NP","Met+Bac",303,0.99,1
"GH_vs_NP","Met+Bac",303,0.991,1
"GH_vs_NP","Met+Bac",303,0.992,1
"GH_vs_NP","Met+Bac",303,0.993,1
"GH_vs_NP","Met+Bac",303,0.994,1
"GH_vs_NP","Met+Bac",303,0.995,1
"GH_vs_NP","Met+Bac",303,0.996,1
"GH_vs_NP","Met+Bac",303,0.997,1
"GH_vs_NP","Met+Bac",303,0.998,1
"GH_vs_NP","Met+Bac",303,0.999,1
"GH_vs_NP","Met+Bac",303,1,1
"GH_vs_NP","Multi-Omics",303,0,0.266666666666667
"GH_vs_NP","Multi-Omics",303,0.001,0.266666666666667
"GH_vs_NP","Multi-Omics",303,0.002,0.266666666666667
"GH_vs_NP","Multi-Omics",303,0.003,0.333333333333333
"GH_vs_NP","Multi-Omics",303,0.004,0.333333333333333
"GH_vs_NP","Multi-Omics",303,0.005,0.333333333333333
"GH_vs_NP","Multi-Omics",303,0.006,0.333333333333333
"GH_vs_NP","Multi-Omics",303,0.007,0.333333333333333
"GH_vs_NP","Multi-Omics",303,0.008,0.333333333333333
"GH_vs_NP","Multi-Omics",303,0.009,0.333333333333333
"GH_vs_NP","Multi-Omics",303,0.01,0.333333333333333
"GH_vs_NP","Multi-Omics",303,0.011,0.333333333333333
"GH_vs_NP","Multi-Omics",303,0.012,0.333333333333333
"GH_vs_NP","Multi-Omics",303,0.013,0.333333333333333
"GH_vs_NP","Multi-Omics",303,0.014,0.333333333333333
"GH_vs_NP","Multi-Omics",303,0.015,0.333333333333333
"GH_vs_NP","Multi-Omics",303,0.016,0.333333333333333
"GH_vs_NP","Multi-Omics",303,0.017,0.333333333333333
"GH_vs_NP","Multi-Omics",303,0.018,0.377866666666666
"GH_vs_NP","Multi-Omics",303,0.019,0.3896
"GH_vs_NP","Multi-Omics",303,0.02,0.5
"GH_vs_NP","Multi-Omics",303,0.021,0.5
"GH_vs_NP","Multi-Omics",303,0.022,0.5
"GH_vs_NP","Multi-Omics",303,0.023,0.5
"GH_vs_NP","Multi-Omics",303,0.024,0.5
"GH_vs_NP","Multi-Omics",303,0.025,0.5
"GH_vs_NP","Multi-Omics",303,0.026,0.5
"GH_vs_NP","Multi-Omics",303,0.027,0.5
"GH_vs_NP","Multi-Omics",303,0.028,0.5
"GH_vs_NP","Multi-Omics",303,0.029,0.5
"GH_vs_NP","Multi-Omics",303,0.03,0.5
"GH_vs_NP","Multi-Omics",303,0.031,0.5
"GH_vs_NP","Multi-Omics",303,0.032,0.5
"GH_vs_NP","Multi-Omics",303,0.033,0.5
"GH_vs_NP","Multi-Omics",303,0.034,0.5
"GH_vs_NP","Multi-Omics",303,0.035,0.5
"GH_vs_NP","Multi-Omics",303,0.036,0.5
"GH_vs_NP","Multi-Omics",303,0.037,0.5
"GH_vs_NP","Multi-Omics",303,0.038,0.5
"GH_vs_NP","Multi-Omics",303,0.039,0.5
"GH_vs_NP","Multi-Omics",303,0.04,0.5
"GH_vs_NP","Multi-Omics",303,0.041,0.5
"GH_vs_NP","Multi-Omics",303,0.042,0.5
"GH_vs_NP","Multi-Omics",303,0.043,0.5
"GH_vs_NP","Multi-Omics",303,0.044,0.5
"GH_vs_NP","Multi-Omics",303,0.045,0.5
"GH_vs_NP","Multi-Omics",303,0.046,0.5
"GH_vs_NP","Multi-Omics",303,0.047,0.5
"GH_vs_NP","Multi-Omics",303,0.048,0.5
"GH_vs_NP","Multi-Omics",303,0.049,0.5
"GH_vs_NP","Multi-Omics",303,0.05,0.5
"GH_vs_NP","Multi-Omics",303,0.051,0.5
"GH_vs_NP","Multi-Omics",303,0.052,0.5
"GH_vs_NP","Multi-Omics",303,0.053,0.5
"GH_vs_NP","Multi-Omics",303,0.054,0.5
"GH_vs_NP","Multi-Omics",303,0.055,0.5
"GH_vs_NP","Multi-Omics",303,0.056,0.5
"GH_vs_NP","Multi-Omics",303,0.057,0.5
"GH_vs_NP","Multi-Omics",303,0.058,0.5
"GH_vs_NP","Multi-Omics",303,0.059,0.5
"GH_vs_NP","Multi-Omics",303,0.06,0.5
"GH_vs_NP","Multi-Omics",303,0.061,0.5
"GH_vs_NP","Multi-Omics",303,0.062,0.5
"GH_vs_NP","Multi-Omics",303,0.063,0.5
"GH_vs_NP","Multi-Omics",303,0.064,0.5
"GH_vs_NP","Multi-Omics",303,0.065,0.5
"GH_vs_NP","Multi-Omics",303,0.066,0.5
"GH_vs_NP","Multi-Omics",303,0.067,0.5
"GH_vs_NP","Multi-Omics",303,0.068,0.5
"GH_vs_NP","Multi-Omics",303,0.069,0.5
"GH_vs_NP","Multi-Omics",303,0.07,0.5
"GH_vs_NP","Multi-Omics",303,0.071,0.5
"GH_vs_NP","Multi-Omics",303,0.072,0.5
"GH_vs_NP","Multi-Omics",303,0.073,0.5
"GH_vs_NP","Multi-Omics",303,0.074,0.5
"GH_vs_NP","Multi-Omics",303,0.075,0.5
"GH_vs_NP","Multi-Omics",303,0.076,0.5
"GH_vs_NP","Multi-Omics",303,0.077,0.5
"GH_vs_NP","Multi-Omics",303,0.078,0.5
"GH_vs_NP","Multi-Omics",303,0.079,0.5
"GH_vs_NP","Multi-Omics",303,0.08,0.5
"GH_vs_NP","Multi-Omics",303,0.081,0.5
"GH_vs_NP","Multi-Omics",303,0.082,0.5
"GH_vs_NP","Multi-Omics",303,0.083,0.5
"GH_vs_NP","Multi-Omics",303,0.084,0.5
"GH_vs_NP","Multi-Omics",303,0.085,0.5
"GH_vs_NP","Multi-Omics",303,0.086,0.5
"GH_vs_NP","Multi-Omics",303,0.087,0.5
"GH_vs_NP","Multi-Omics",303,0.088,0.5
"GH_vs_NP","Multi-Omics",303,0.089,0.5
"GH_vs_NP","Multi-Omics",303,0.09,0.5
"GH_vs_NP","Multi-Omics",303,0.091,0.5
"GH_vs_NP","Multi-Omics",303,0.092,0.5
"GH_vs_NP","Multi-Omics",303,0.093,0.5
"GH_vs_NP","Multi-Omics",303,0.094,0.5
"GH_vs_NP","Multi-Omics",303,0.095,0.5
"GH_vs_NP","Multi-Omics",303,0.096,0.5
"GH_vs_NP","Multi-Omics",303,0.097,0.5
"GH_vs_NP","Multi-Omics",303,0.098,0.5
"GH_vs_NP","Multi-Omics",303,0.099,0.5
"GH_vs_NP","Multi-Omics",303,0.1,0.5
"GH_vs_NP","Multi-Omics",303,0.101,0.5
"GH_vs_NP","Multi-Omics",303,0.102,0.5
"GH_vs_NP","Multi-Omics",303,0.103,0.5
"GH_vs_NP","Multi-Omics",303,0.104,0.5
"GH_vs_NP","Multi-Omics",303,0.105,0.5
"GH_vs_NP","Multi-Omics",303,0.106,0.5
"GH_vs_NP","Multi-Omics",303,0.107,0.5
"GH_vs_NP","Multi-Omics",303,0.108,0.5
"GH_vs_NP","Multi-Omics",303,0.109,0.5
"GH_vs_NP","Multi-Omics",303,0.11,0.5
"GH_vs_NP","Multi-Omics",303,0.111,0.5
"GH_vs_NP","Multi-Omics",303,0.112,0.5
"GH_vs_NP","Multi-Omics",303,0.113,0.5
"GH_vs_NP","Multi-Omics",303,0.114,0.5
"GH_vs_NP","Multi-Omics",303,0.115,0.5
"GH_vs_NP","Multi-Omics",303,0.116,0.5
"GH_vs_NP","Multi-Omics",303,0.117,0.5
"GH_vs_NP","Multi-Omics",303,0.118,0.5
"GH_vs_NP","Multi-Omics",303,0.119,0.5
"GH_vs_NP","Multi-Omics",303,0.12,0.5
"GH_vs_NP","Multi-Omics",303,0.121,0.5
"GH_vs_NP","Multi-Omics",303,0.122,0.5
"GH_vs_NP","Multi-Omics",303,0.123,0.5
"GH_vs_NP","Multi-Omics",303,0.124,0.5
"GH_vs_NP","Multi-Omics",303,0.125,0.5
"GH_vs_NP","Multi-Omics",303,0.126,0.5
"GH_vs_NP","Multi-Omics",303,0.127,0.5
"GH_vs_NP","Multi-Omics",303,0.128,0.5
"GH_vs_NP","Multi-Omics",303,0.129,0.5
"GH_vs_NP","Multi-Omics",303,0.13,0.5
"GH_vs_NP","Multi-Omics",303,0.131,0.5
"GH_vs_NP","Multi-Omics",303,0.132,0.5
"GH_vs_NP","Multi-Omics",303,0.133,0.5
"GH_vs_NP","Multi-Omics",303,0.134,0.5
"GH_vs_NP","Multi-Omics",303,0.135,0.5
"GH_vs_NP","Multi-Omics",303,0.136,0.5
"GH_vs_NP","Multi-Omics",303,0.137,0.5
"GH_vs_NP","Multi-Omics",303,0.138,0.5
"GH_vs_NP","Multi-Omics",303,0.139,0.5
"GH_vs_NP","Multi-Omics",303,0.14,0.5
"GH_vs_NP","Multi-Omics",303,0.141,0.5
"GH_vs_NP","Multi-Omics",303,0.142,0.5
"GH_vs_NP","Multi-Omics",303,0.143,0.5
"GH_vs_NP","Multi-Omics",303,0.144,0.5
"GH_vs_NP","Multi-Omics",303,0.145,0.5
"GH_vs_NP","Multi-Omics",303,0.146,0.5
"GH_vs_NP","Multi-Omics",303,0.147,0.5
"GH_vs_NP","Multi-Omics",303,0.148,0.5
"GH_vs_NP","Multi-Omics",303,0.149,0.5
"GH_vs_NP","Multi-Omics",303,0.15,0.5
"GH_vs_NP","Multi-Omics",303,0.151,0.5
"GH_vs_NP","Multi-Omics",303,0.152,0.5
"GH_vs_NP","Multi-Omics",303,0.153,0.5
"GH_vs_NP","Multi-Omics",303,0.154,0.5
"GH_vs_NP","Multi-Omics",303,0.155,0.5
"GH_vs_NP","Multi-Omics",303,0.156,0.5
"GH_vs_NP","Multi-Omics",303,0.157,0.5
"GH_vs_NP","Multi-Omics",303,0.158,0.5
"GH_vs_NP","Multi-Omics",303,0.159,0.5
"GH_vs_NP","Multi-Omics",303,0.16,0.5
"GH_vs_NP","Multi-Omics",303,0.161,0.5
"GH_vs_NP","Multi-Omics",303,0.162,0.5
"GH_vs_NP","Multi-Omics",303,0.163,0.5
"GH_vs_NP","Multi-Omics",303,0.164,0.5
"GH_vs_NP","Multi-Omics",303,0.165,0.5
"GH_vs_NP","Multi-Omics",303,0.166,0.5
"GH_vs_NP","Multi-Omics",303,0.167,0.5
"GH_vs_NP","Multi-Omics",303,0.168,0.5
"GH_vs_NP","Multi-Omics",303,0.169,0.5
"GH_vs_NP","Multi-Omics",303,0.17,0.5
"GH_vs_NP","Multi-Omics",303,0.171,0.5
"GH_vs_NP","Multi-Omics",303,0.172,0.5
"GH_vs_NP","Multi-Omics",303,0.173,0.5
"GH_vs_NP","Multi-Omics",303,0.174,0.5
"GH_vs_NP","Multi-Omics",303,0.175,0.5
"GH_vs_NP","Multi-Omics",303,0.176,0.5
"GH_vs_NP","Multi-Omics",303,0.177,0.5
"GH_vs_NP","Multi-Omics",303,0.178,0.5
"GH_vs_NP","Multi-Omics",303,0.179,0.5
"GH_vs_NP","Multi-Omics",303,0.18,0.5
"GH_vs_NP","Multi-Omics",303,0.181,0.5
"GH_vs_NP","Multi-Omics",303,0.182,0.5
"GH_vs_NP","Multi-Omics",303,0.183,0.5
"GH_vs_NP","Multi-Omics",303,0.184,0.5
"GH_vs_NP","Multi-Omics",303,0.185,0.5
"GH_vs_NP","Multi-Omics",303,0.186,0.5
"GH_vs_NP","Multi-Omics",303,0.187,0.5
"GH_vs_NP","Multi-Omics",303,0.188,0.5
"GH_vs_NP","Multi-Omics",303,0.189,0.5
"GH_vs_NP","Multi-Omics",303,0.19,0.5
"GH_vs_NP","Multi-Omics",303,0.191,0.5
"GH_vs_NP","Multi-Omics",303,0.192,0.5
"GH_vs_NP","Multi-Omics",303,0.193,0.5
"GH_vs_NP","Multi-Omics",303,0.194,0.5
"GH_vs_NP","Multi-Omics",303,0.195,0.5
"GH_vs_NP","Multi-Omics",303,0.196,0.5
"GH_vs_NP","Multi-Omics",303,0.197,0.5
"GH_vs_NP","Multi-Omics",303,0.198,0.5
"GH_vs_NP","Multi-Omics",303,0.199,0.5
"GH_vs_NP","Multi-Omics",303,0.2,0.5
"GH_vs_NP","Multi-Omics",303,0.201,0.5
"GH_vs_NP","Multi-Omics",303,0.202,0.5
"GH_vs_NP","Multi-Omics",303,0.203,0.5
"GH_vs_NP","Multi-Omics",303,0.204,0.5
"GH_vs_NP","Multi-Omics",303,0.205,0.5
"GH_vs_NP","Multi-Omics",303,0.206,0.5
"GH_vs_NP","Multi-Omics",303,0.207,0.5
"GH_vs_NP","Multi-Omics",303,0.208,0.5
"GH_vs_NP","Multi-Omics",303,0.209,0.5
"GH_vs_NP","Multi-Omics",303,0.21,0.5
"GH_vs_NP","Multi-Omics",303,0.211,0.5
"GH_vs_NP","Multi-Omics",303,0.212,0.5
"GH_vs_NP","Multi-Omics",303,0.213,0.5
"GH_vs_NP","Multi-Omics",303,0.214,0.5
"GH_vs_NP","Multi-Omics",303,0.215,0.5
"GH_vs_NP","Multi-Omics",303,0.216,0.5
"GH_vs_NP","Multi-Omics",303,0.217,0.5
"GH_vs_NP","Multi-Omics",303,0.218,0.5
"GH_vs_NP","Multi-Omics",303,0.219,0.5
"GH_vs_NP","Multi-Omics",303,0.22,0.5
"GH_vs_NP","Multi-Omics",303,0.221,0.5
"GH_vs_NP","Multi-Omics",303,0.222,0.5
"GH_vs_NP","Multi-Omics",303,0.223,0.5
"GH_vs_NP","Multi-Omics",303,0.224,0.5
"GH_vs_NP","Multi-Omics",303,0.225,0.5
"GH_vs_NP","Multi-Omics",303,0.226,0.5
"GH_vs_NP","Multi-Omics",303,0.227,0.5
"GH_vs_NP","Multi-Omics",303,0.228,0.5
"GH_vs_NP","Multi-Omics",303,0.229,0.5
"GH_vs_NP","Multi-Omics",303,0.23,0.5
"GH_vs_NP","Multi-Omics",303,0.231,0.5
"GH_vs_NP","Multi-Omics",303,0.232,0.5
"GH_vs_NP","Multi-Omics",303,0.233,0.5
"GH_vs_NP","Multi-Omics",303,0.234,0.5
"GH_vs_NP","Multi-Omics",303,0.235,0.5
"GH_vs_NP","Multi-Omics",303,0.236,0.5
"GH_vs_NP","Multi-Omics",303,0.237,0.5
"GH_vs_NP","Multi-Omics",303,0.238,0.5
"GH_vs_NP","Multi-Omics",303,0.239,0.5
"GH_vs_NP","Multi-Omics",303,0.24,0.5
"GH_vs_NP","Multi-Omics",303,0.241,0.5
"GH_vs_NP","Multi-Omics",303,0.242,0.5
"GH_vs_NP","Multi-Omics",303,0.243,0.5
"GH_vs_NP","Multi-Omics",303,0.244,0.5
"GH_vs_NP","Multi-Omics",303,0.245,0.5
"GH_vs_NP","Multi-Omics",303,0.246,0.5
"GH_vs_NP","Multi-Omics",303,0.247,0.5
"GH_vs_NP","Multi-Omics",303,0.248,0.5
"GH_vs_NP","Multi-Omics",303,0.249,0.5
"GH_vs_NP","Multi-Omics",303,0.25,0.5
"GH_vs_NP","Multi-Omics",303,0.251,0.5
"GH_vs_NP","Multi-Omics",303,0.252,0.5
"GH_vs_NP","Multi-Omics",303,0.253,0.5
"GH_vs_NP","Multi-Omics",303,0.254,0.5
"GH_vs_NP","Multi-Omics",303,0.255,0.5
"GH_vs_NP","Multi-Omics",303,0.256,0.5
"GH_vs_NP","Multi-Omics",303,0.257,0.5
"GH_vs_NP","Multi-Omics",303,0.258,0.5
"GH_vs_NP","Multi-Omics",303,0.259,0.5
"GH_vs_NP","Multi-Omics",303,0.26,0.5
"GH_vs_NP","Multi-Omics",303,0.261,0.5
"GH_vs_NP","Multi-Omics",303,0.262,0.5
"GH_vs_NP","Multi-Omics",303,0.263,0.5
"GH_vs_NP","Multi-Omics",303,0.264,0.5
"GH_vs_NP","Multi-Omics",303,0.265,0.5
"GH_vs_NP","Multi-Omics",303,0.266,0.5
"GH_vs_NP","Multi-Omics",303,0.267,0.5
"GH_vs_NP","Multi-Omics",303,0.268,0.5
"GH_vs_NP","Multi-Omics",303,0.269,0.5
"GH_vs_NP","Multi-Omics",303,0.27,0.5
"GH_vs_NP","Multi-Omics",303,0.271,0.5
"GH_vs_NP","Multi-Omics",303,0.272,0.5
"GH_vs_NP","Multi-Omics",303,0.273,0.5
"GH_vs_NP","Multi-Omics",303,0.274,0.5
"GH_vs_NP","Multi-Omics",303,0.275,0.5
"GH_vs_NP","Multi-Omics",303,0.276,0.5
"GH_vs_NP","Multi-Omics",303,0.277,0.5
"GH_vs_NP","Multi-Omics",303,0.278,0.5
"GH_vs_NP","Multi-Omics",303,0.279,0.5
"GH_vs_NP","Multi-Omics",303,0.28,0.5
"GH_vs_NP","Multi-Omics",303,0.281,0.5
"GH_vs_NP","Multi-Omics",303,0.282,0.5
"GH_vs_NP","Multi-Omics",303,0.283,0.5
"GH_vs_NP","Multi-Omics",303,0.284,0.5
"GH_vs_NP","Multi-Omics",303,0.285,0.5
"GH_vs_NP","Multi-Omics",303,0.286,0.5
"GH_vs_NP","Multi-Omics",303,0.287,0.5
"GH_vs_NP","Multi-Omics",303,0.288,0.5
"GH_vs_NP","Multi-Omics",303,0.289,0.5
"GH_vs_NP","Multi-Omics",303,0.29,0.500444444444444
"GH_vs_NP","Multi-Omics",303,0.291,0.5024
"GH_vs_NP","Multi-Omics",303,0.292,0.504355555555556
"GH_vs_NP","Multi-Omics",303,0.293,0.510844444444444
"GH_vs_NP","Multi-Omics",303,0.294,0.524533333333334
"GH_vs_NP","Multi-Omics",303,0.295,0.538222222222222
"GH_vs_NP","Multi-Omics",303,0.296,0.545511111111111
"GH_vs_NP","Multi-Omics",303,0.297,0.547466666666667
"GH_vs_NP","Multi-Omics",303,0.298,0.549422222222222
"GH_vs_NP","Multi-Omics",303,0.299,0.551377777777778
"GH_vs_NP","Multi-Omics",303,0.3,0.553333333333333
"GH_vs_NP","Multi-Omics",303,0.301,0.555288888888889
"GH_vs_NP","Multi-Omics",303,0.302,0.557244444444445
"GH_vs_NP","Multi-Omics",303,0.303,0.5592
"GH_vs_NP","Multi-Omics",303,0.304,0.561155555555556
"GH_vs_NP","Multi-Omics",303,0.305,0.563111111111111
"GH_vs_NP","Multi-Omics",303,0.306,0.565066666666667
"GH_vs_NP","Multi-Omics",303,0.307,0.567733333333333
"GH_vs_NP","Multi-Omics",303,0.308,0.573600000000001
"GH_vs_NP","Multi-Omics",303,0.309,0.579466666666666
"GH_vs_NP","Multi-Omics",303,0.31,0.585333333333334
"GH_vs_NP","Multi-Omics",303,0.311,0.5912
"GH_vs_NP","Multi-Omics",303,0.312,0.597066666666667
"GH_vs_NP","Multi-Omics",303,0.313,0.6
"GH_vs_NP","Multi-Omics",303,0.314,0.6
"GH_vs_NP","Multi-Omics",303,0.315,0.6
"GH_vs_NP","Multi-Omics",303,0.316,0.6
"GH_vs_NP","Multi-Omics",303,0.317,0.6
"GH_vs_NP","Multi-Omics",303,0.318,0.6
"GH_vs_NP","Multi-Omics",303,0.319,0.6
"GH_vs_NP","Multi-Omics",303,0.32,0.6
"GH_vs_NP","Multi-Omics",303,0.321,0.6
"GH_vs_NP","Multi-Omics",303,0.322,0.6
"GH_vs_NP","Multi-Omics",303,0.323,0.6
"GH_vs_NP","Multi-Omics",303,0.324,0.6
"GH_vs_NP","Multi-Omics",303,0.325,0.6
"GH_vs_NP","Multi-Omics",303,0.326,0.6
"GH_vs_NP","Multi-Omics",303,0.327,0.6
"GH_vs_NP","Multi-Omics",303,0.328,0.6
"GH_vs_NP","Multi-Omics",303,0.329,0.6
"GH_vs_NP","Multi-Omics",303,0.33,0.6
"GH_vs_NP","Multi-Omics",303,0.331,0.6
"GH_vs_NP","Multi-Omics",303,0.332,0.6
"GH_vs_NP","Multi-Omics",303,0.333,0.6
"GH_vs_NP","Multi-Omics",303,0.334,0.6
"GH_vs_NP","Multi-Omics",303,0.335,0.6
"GH_vs_NP","Multi-Omics",303,0.336,0.6
"GH_vs_NP","Multi-Omics",303,0.337,0.6
"GH_vs_NP","Multi-Omics",303,0.338,0.6
"GH_vs_NP","Multi-Omics",303,0.339,0.6
"GH_vs_NP","Multi-Omics",303,0.34,0.6
"GH_vs_NP","Multi-Omics",303,0.341,0.6
"GH_vs_NP","Multi-Omics",303,0.342,0.6
"GH_vs_NP","Multi-Omics",303,0.343,0.6
"GH_vs_NP","Multi-Omics",303,0.344,0.6
"GH_vs_NP","Multi-Omics",303,0.345,0.6
"GH_vs_NP","Multi-Omics",303,0.346,0.6
"GH_vs_NP","Multi-Omics",303,0.347,0.6048
"GH_vs_NP","Multi-Omics",303,0.348,0.616533333333334
"GH_vs_NP","Multi-Omics",303,0.349,0.628266666666666
"GH_vs_NP","Multi-Omics",303,0.35,0.633333333333333
"GH_vs_NP","Multi-Omics",303,0.351,0.633333333333333
"GH_vs_NP","Multi-Omics",303,0.352,0.633333333333333
"GH_vs_NP","Multi-Omics",303,0.353,0.636177777777778
"GH_vs_NP","Multi-Omics",303,0.354,0.640088888888889
"GH_vs_NP","Multi-Omics",303,0.355,0.644
"GH_vs_NP","Multi-Omics",303,0.356,0.647911111111111
"GH_vs_NP","Multi-Omics",303,0.357,0.651822222222222
"GH_vs_NP","Multi-Omics",303,0.358,0.655733333333333
"GH_vs_NP","Multi-Omics",303,0.359,0.659644444444444
"GH_vs_NP","Multi-Omics",303,0.36,0.663555555555555
"GH_vs_NP","Multi-Omics",303,0.361,0.666666666666667
"GH_vs_NP","Multi-Omics",303,0.362,0.666666666666667
"GH_vs_NP","Multi-Omics",303,0.363,0.666666666666667
"GH_vs_NP","Multi-Omics",303,0.364,0.666666666666667
"GH_vs_NP","Multi-Omics",303,0.365,0.666666666666667
"GH_vs_NP","Multi-Omics",303,0.366,0.666666666666667
"GH_vs_NP","Multi-Omics",303,0.367,0.666666666666667
"GH_vs_NP","Multi-Omics",303,0.368,0.666666666666667
"GH_vs_NP","Multi-Omics",303,0.369,0.666666666666667
"GH_vs_NP","Multi-Omics",303,0.37,0.666666666666667
"GH_vs_NP","Multi-Omics",303,0.371,0.666666666666667
"GH_vs_NP","Multi-Omics",303,0.372,0.666666666666667
"GH_vs_NP","Multi-Omics",303,0.373,0.666666666666667
"GH_vs_NP","Multi-Omics",303,0.374,0.666666666666667
"GH_vs_NP","Multi-Omics",303,0.375,0.666666666666667
"GH_vs_NP","Multi-Omics",303,0.376,0.666666666666667
"GH_vs_NP","Multi-Omics",303,0.377,0.666666666666667
"GH_vs_NP","Multi-Omics",303,0.378,0.666666666666667
"GH_vs_NP","Multi-Omics",303,0.379,0.666666666666667
"GH_vs_NP","Multi-Omics",303,0.38,0.666666666666667
"GH_vs_NP","Multi-Omics",303,0.381,0.666666666666667
"GH_vs_NP","Multi-Omics",303,0.382,0.666666666666667
"GH_vs_NP","Multi-Omics",303,0.383,0.666666666666667
"GH_vs_NP","Multi-Omics",303,0.384,0.666666666666667
"GH_vs_NP","Multi-Omics",303,0.385,0.666666666666667
"GH_vs_NP","Multi-Omics",303,0.386,0.666666666666667
"GH_vs_NP","Multi-Omics",303,0.387,0.666666666666667
"GH_vs_NP","Multi-Omics",303,0.388,0.666666666666667
"GH_vs_NP","Multi-Omics",303,0.389,0.666666666666667
"GH_vs_NP","Multi-Omics",303,0.39,0.666666666666667
"GH_vs_NP","Multi-Omics",303,0.391,0.666666666666667
"GH_vs_NP","Multi-Omics",303,0.392,0.666666666666667
"GH_vs_NP","Multi-Omics",303,0.393,0.666666666666667
"GH_vs_NP","Multi-Omics",303,0.394,0.666666666666667
"GH_vs_NP","Multi-Omics",303,0.395,0.666666666666667
"GH_vs_NP","Multi-Omics",303,0.396,0.666666666666667
"GH_vs_NP","Multi-Omics",303,0.397,0.666666666666667
"GH_vs_NP","Multi-Omics",303,0.398,0.666666666666667
"GH_vs_NP","Multi-Omics",303,0.399,0.666666666666667
"GH_vs_NP","Multi-Omics",303,0.4,0.666666666666667
"GH_vs_NP","Multi-Omics",303,0.401,0.666666666666667
"GH_vs_NP","Multi-Omics",303,0.402,0.666666666666667
"GH_vs_NP","Multi-Omics",303,0.403,0.666666666666667
"GH_vs_NP","Multi-Omics",303,0.404,0.666666666666667
"GH_vs_NP","Multi-Omics",303,0.405,0.666666666666667
"GH_vs_NP","Multi-Omics",303,0.406,0.666666666666667
"GH_vs_NP","Multi-Omics",303,0.407,0.666666666666667
"GH_vs_NP","Multi-Omics",303,0.408,0.666666666666667
"GH_vs_NP","Multi-Omics",303,0.409,0.666666666666667
"GH_vs_NP","Multi-Omics",303,0.41,0.666666666666667
"GH_vs_NP","Multi-Omics",303,0.411,0.666666666666667
"GH_vs_NP","Multi-Omics",303,0.412,0.666666666666667
"GH_vs_NP","Multi-Omics",303,0.413,0.666666666666667
"GH_vs_NP","Multi-Omics",303,0.414,0.666666666666667
"GH_vs_NP","Multi-Omics",303,0.415,0.666666666666667
"GH_vs_NP","Multi-Omics",303,0.416,0.666666666666667
"GH_vs_NP","Multi-Omics",303,0.417,0.666666666666667
"GH_vs_NP","Multi-Omics",303,0.418,0.666666666666667
"GH_vs_NP","Multi-Omics",303,0.419,0.666666666666667
"GH_vs_NP","Multi-Omics",303,0.42,0.666666666666667
"GH_vs_NP","Multi-Omics",303,0.421,0.666666666666667
"GH_vs_NP","Multi-Omics",303,0.422,0.666666666666667
"GH_vs_NP","Multi-Omics",303,0.423,0.666666666666667
"GH_vs_NP","Multi-Omics",303,0.424,0.666666666666667
"GH_vs_NP","Multi-Omics",303,0.425,0.666666666666667
"GH_vs_NP","Multi-Omics",303,0.426,0.666666666666667
"GH_vs_NP","Multi-Omics",303,0.427,0.666666666666667
"GH_vs_NP","Multi-Omics",303,0.428,0.666666666666667
"GH_vs_NP","Multi-Omics",303,0.429,0.666666666666667
"GH_vs_NP","Multi-Omics",303,0.43,0.666666666666667
"GH_vs_NP","Multi-Omics",303,0.431,0.666666666666667
"GH_vs_NP","Multi-Omics",303,0.432,0.666666666666667
"GH_vs_NP","Multi-Omics",303,0.433,0.666666666666667
"GH_vs_NP","Multi-Omics",303,0.434,0.666666666666667
"GH_vs_NP","Multi-Omics",303,0.435,0.666666666666667
"GH_vs_NP","Multi-Omics",303,0.436,0.666666666666667
"GH_vs_NP","Multi-Omics",303,0.437,0.666666666666667
"GH_vs_NP","Multi-Omics",303,0.438,0.666666666666667
"GH_vs_NP","Multi-Omics",303,0.439,0.666666666666667
"GH_vs_NP","Multi-Omics",303,0.44,0.666666666666667
"GH_vs_NP","Multi-Omics",303,0.441,0.666666666666667
"GH_vs_NP","Multi-Omics",303,0.442,0.666666666666667
"GH_vs_NP","Multi-Omics",303,0.443,0.666666666666667
"GH_vs_NP","Multi-Omics",303,0.444,0.666666666666667
"GH_vs_NP","Multi-Omics",303,0.445,0.666666666666667
"GH_vs_NP","Multi-Omics",303,0.446,0.666666666666667
"GH_vs_NP","Multi-Omics",303,0.447,0.666666666666667
"GH_vs_NP","Multi-Omics",303,0.448,0.666666666666667
"GH_vs_NP","Multi-Omics",303,0.449,0.666666666666667
"GH_vs_NP","Multi-Omics",303,0.45,0.666666666666667
"GH_vs_NP","Multi-Omics",303,0.451,0.666666666666667
"GH_vs_NP","Multi-Omics",303,0.452,0.666666666666667
"GH_vs_NP","Multi-Omics",303,0.453,0.666666666666667
"GH_vs_NP","Multi-Omics",303,0.454,0.666666666666667
"GH_vs_NP","Multi-Omics",303,0.455,0.666666666666667
"GH_vs_NP","Multi-Omics",303,0.456,0.666666666666667
"GH_vs_NP","Multi-Omics",303,0.457,0.666666666666667
"GH_vs_NP","Multi-Omics",303,0.458,0.666666666666667
"GH_vs_NP","Multi-Omics",303,0.459,0.666666666666667
"GH_vs_NP","Multi-Omics",303,0.46,0.666666666666667
"GH_vs_NP","Multi-Omics",303,0.461,0.666666666666667
"GH_vs_NP","Multi-Omics",303,0.462,0.666666666666667
"GH_vs_NP","Multi-Omics",303,0.463,0.666666666666667
"GH_vs_NP","Multi-Omics",303,0.464,0.666666666666667
"GH_vs_NP","Multi-Omics",303,0.465,0.666666666666667
"GH_vs_NP","Multi-Omics",303,0.466,0.666666666666667
"GH_vs_NP","Multi-Omics",303,0.467,0.666666666666667
"GH_vs_NP","Multi-Omics",303,0.468,0.666666666666667
"GH_vs_NP","Multi-Omics",303,0.469,0.666666666666667
"GH_vs_NP","Multi-Omics",303,0.47,0.666666666666667
"GH_vs_NP","Multi-Omics",303,0.471,0.666666666666667
"GH_vs_NP","Multi-Omics",303,0.472,0.666666666666667
"GH_vs_NP","Multi-Omics",303,0.473,0.666666666666667
"GH_vs_NP","Multi-Omics",303,0.474,0.666666666666667
"GH_vs_NP","Multi-Omics",303,0.475,0.666666666666667
"GH_vs_NP","Multi-Omics",303,0.476,0.666666666666667
"GH_vs_NP","Multi-Omics",303,0.477,0.666666666666667
"GH_vs_NP","Multi-Omics",303,0.478,0.666666666666667
"GH_vs_NP","Multi-Omics",303,0.479,0.666666666666667
"GH_vs_NP","Multi-Omics",303,0.48,0.666666666666667
"GH_vs_NP","Multi-Omics",303,0.481,0.666666666666667
"GH_vs_NP","Multi-Omics",303,0.482,0.666666666666667
"GH_vs_NP","Multi-Omics",303,0.483,0.666666666666667
"GH_vs_NP","Multi-Omics",303,0.484,0.666666666666667
"GH_vs_NP","Multi-Omics",303,0.485,0.666666666666667
"GH_vs_NP","Multi-Omics",303,0.486,0.666666666666667
"GH_vs_NP","Multi-Omics",303,0.487,0.666666666666667
"GH_vs_NP","Multi-Omics",303,0.488,0.666666666666667
"GH_vs_NP","Multi-Omics",303,0.489,0.666666666666667
"GH_vs_NP","Multi-Omics",303,0.49,0.666666666666667
"GH_vs_NP","Multi-Omics",303,0.491,0.666666666666667
"GH_vs_NP","Multi-Omics",303,0.492,0.666666666666667
"GH_vs_NP","Multi-Omics",303,0.493,0.666666666666667
"GH_vs_NP","Multi-Omics",303,0.494,0.666666666666667
"GH_vs_NP","Multi-Omics",303,0.495,0.666666666666667
"GH_vs_NP","Multi-Omics",303,0.496,0.666666666666667
"GH_vs_NP","Multi-Omics",303,0.497,0.666666666666667
"GH_vs_NP","Multi-Omics",303,0.498,0.666666666666667
"GH_vs_NP","Multi-Omics",303,0.499,0.666666666666667
"GH_vs_NP","Multi-Omics",303,0.5,0.666666666666667
"GH_vs_NP","Multi-Omics",303,0.501,0.666666666666667
"GH_vs_NP","Multi-Omics",303,0.502,0.666666666666667
"GH_vs_NP","Multi-Omics",303,0.503,0.666666666666667
"GH_vs_NP","Multi-Omics",303,0.504,0.666666666666667
"GH_vs_NP","Multi-Omics",303,0.505,0.666666666666667
"GH_vs_NP","Multi-Omics",303,0.506,0.666666666666667
"GH_vs_NP","Multi-Omics",303,0.507,0.666666666666667
"GH_vs_NP","Multi-Omics",303,0.508,0.666666666666667
"GH_vs_NP","Multi-Omics",303,0.509,0.666666666666667
"GH_vs_NP","Multi-Omics",303,0.51,0.666666666666667
"GH_vs_NP","Multi-Omics",303,0.511,0.666666666666667
"GH_vs_NP","Multi-Omics",303,0.512,0.666666666666667
"GH_vs_NP","Multi-Omics",303,0.513,0.666666666666667
"GH_vs_NP","Multi-Omics",303,0.514,0.666666666666667
"GH_vs_NP","Multi-Omics",303,0.515,0.666666666666667
"GH_vs_NP","Multi-Omics",303,0.516,0.666666666666667
"GH_vs_NP","Multi-Omics",303,0.517,0.666666666666667
"GH_vs_NP","Multi-Omics",303,0.518,0.666666666666667
"GH_vs_NP","Multi-Omics",303,0.519,0.666666666666667
"GH_vs_NP","Multi-Omics",303,0.52,0.666666666666667
"GH_vs_NP","Multi-Omics",303,0.521,0.666666666666667
"GH_vs_NP","Multi-Omics",303,0.522,0.666666666666667
"GH_vs_NP","Multi-Omics",303,0.523,0.666666666666667
"GH_vs_NP","Multi-Omics",303,0.524,0.666666666666667
"GH_vs_NP","Multi-Omics",303,0.525,0.666666666666667
"GH_vs_NP","Multi-Omics",303,0.526,0.666666666666667
"GH_vs_NP","Multi-Omics",303,0.527,0.666666666666667
"GH_vs_NP","Multi-Omics",303,0.528,0.666666666666667
"GH_vs_NP","Multi-Omics",303,0.529,0.666666666666667
"GH_vs_NP","Multi-Omics",303,0.53,0.666666666666667
"GH_vs_NP","Multi-Omics",303,0.531,0.666666666666667
"GH_vs_NP","Multi-Omics",303,0.532,0.666666666666667
"GH_vs_NP","Multi-Omics",303,0.533,0.666666666666667
"GH_vs_NP","Multi-Omics",303,0.534,0.666666666666667
"GH_vs_NP","Multi-Omics",303,0.535,0.666666666666667
"GH_vs_NP","Multi-Omics",303,0.536,0.666666666666667
"GH_vs_NP","Multi-Omics",303,0.537,0.666666666666667
"GH_vs_NP","Multi-Omics",303,0.538,0.666666666666667
"GH_vs_NP","Multi-Omics",303,0.539,0.666666666666667
"GH_vs_NP","Multi-Omics",303,0.54,0.666666666666667
"GH_vs_NP","Multi-Omics",303,0.541,0.666666666666667
"GH_vs_NP","Multi-Omics",303,0.542,0.666666666666667
"GH_vs_NP","Multi-Omics",303,0.543,0.666666666666667
"GH_vs_NP","Multi-Omics",303,0.544,0.666666666666667
"GH_vs_NP","Multi-Omics",303,0.545,0.666666666666667
"GH_vs_NP","Multi-Omics",303,0.546,0.666666666666667
"GH_vs_NP","Multi-Omics",303,0.547,0.666666666666667
"GH_vs_NP","Multi-Omics",303,0.548,0.666666666666667
"GH_vs_NP","Multi-Omics",303,0.549,0.666666666666667
"GH_vs_NP","Multi-Omics",303,0.55,0.666666666666667
"GH_vs_NP","Multi-Omics",303,0.551,0.666666666666667
"GH_vs_NP","Multi-Omics",303,0.552,0.666666666666667
"GH_vs_NP","Multi-Omics",303,0.553,0.666666666666667
"GH_vs_NP","Multi-Omics",303,0.554,0.666666666666667
"GH_vs_NP","Multi-Omics",303,0.555,0.666666666666667
"GH_vs_NP","Multi-Omics",303,0.556,0.666666666666667
"GH_vs_NP","Multi-Omics",303,0.557,0.666666666666667
"GH_vs_NP","Multi-Omics",303,0.558,0.666666666666667
"GH_vs_NP","Multi-Omics",303,0.559,0.666666666666667
"GH_vs_NP","Multi-Omics",303,0.56,0.666666666666667
"GH_vs_NP","Multi-Omics",303,0.561,0.666666666666667
"GH_vs_NP","Multi-Omics",303,0.562,0.666666666666667
"GH_vs_NP","Multi-Omics",303,0.563,0.666666666666667
"GH_vs_NP","Multi-Omics",303,0.564,0.666666666666667
"GH_vs_NP","Multi-Omics",303,0.565,0.666666666666667
"GH_vs_NP","Multi-Omics",303,0.566,0.666666666666667
"GH_vs_NP","Multi-Omics",303,0.567,0.666666666666667
"GH_vs_NP","Multi-Omics",303,0.568,0.666666666666667
"GH_vs_NP","Multi-Omics",303,0.569,0.666666666666667
"GH_vs_NP","Multi-Omics",303,0.57,0.666666666666667
"GH_vs_NP","Multi-Omics",303,0.571,0.666666666666667
"GH_vs_NP","Multi-Omics",303,0.572,0.666666666666667
"GH_vs_NP","Multi-Omics",303,0.573,0.666666666666667
"GH_vs_NP","Multi-Omics",303,0.574,0.666666666666667
"GH_vs_NP","Multi-Omics",303,0.575,0.666666666666667
"GH_vs_NP","Multi-Omics",303,0.576,0.666666666666667
"GH_vs_NP","Multi-Omics",303,0.577,0.666666666666667
"GH_vs_NP","Multi-Omics",303,0.578,0.666666666666667
"GH_vs_NP","Multi-Omics",303,0.579,0.666666666666667
"GH_vs_NP","Multi-Omics",303,0.58,0.666666666666667
"GH_vs_NP","Multi-Omics",303,0.581,0.666666666666667
"GH_vs_NP","Multi-Omics",303,0.582,0.666666666666667
"GH_vs_NP","Multi-Omics",303,0.583,0.666666666666667
"GH_vs_NP","Multi-Omics",303,0.584,0.666666666666667
"GH_vs_NP","Multi-Omics",303,0.585,0.666666666666667
"GH_vs_NP","Multi-Omics",303,0.586,0.666666666666667
"GH_vs_NP","Multi-Omics",303,0.587,0.666666666666667
"GH_vs_NP","Multi-Omics",303,0.588,0.666666666666667
"GH_vs_NP","Multi-Omics",303,0.589,0.666666666666667
"GH_vs_NP","Multi-Omics",303,0.59,0.666666666666667
"GH_vs_NP","Multi-Omics",303,0.591,0.666666666666667
"GH_vs_NP","Multi-Omics",303,0.592,0.666666666666667
"GH_vs_NP","Multi-Omics",303,0.593,0.666666666666667
"GH_vs_NP","Multi-Omics",303,0.594,0.666666666666667
"GH_vs_NP","Multi-Omics",303,0.595,0.666666666666667
"GH_vs_NP","Multi-Omics",303,0.596,0.666666666666667
"GH_vs_NP","Multi-Omics",303,0.597,0.666666666666667
"GH_vs_NP","Multi-Omics",303,0.598,0.666666666666667
"GH_vs_NP","Multi-Omics",303,0.599,0.666666666666667
"GH_vs_NP","Multi-Omics",303,0.6,0.666666666666667
"GH_vs_NP","Multi-Omics",303,0.601,0.666666666666667
"GH_vs_NP","Multi-Omics",303,0.602,0.666666666666667
"GH_vs_NP","Multi-Omics",303,0.603,0.666666666666667
"GH_vs_NP","Multi-Omics",303,0.604,0.666666666666667
"GH_vs_NP","Multi-Omics",303,0.605,0.666666666666667
"GH_vs_NP","Multi-Omics",303,0.606,0.666666666666667
"GH_vs_NP","Multi-Omics",303,0.607,0.666666666666667
"GH_vs_NP","Multi-Omics",303,0.608,0.666666666666667
"GH_vs_NP","Multi-Omics",303,0.609,0.666666666666667
"GH_vs_NP","Multi-Omics",303,0.61,0.666666666666667
"GH_vs_NP","Multi-Omics",303,0.611,0.666666666666667
"GH_vs_NP","Multi-Omics",303,0.612,0.666666666666667
"GH_vs_NP","Multi-Omics",303,0.613,0.666666666666667
"GH_vs_NP","Multi-Omics",303,0.614,0.666666666666667
"GH_vs_NP","Multi-Omics",303,0.615,0.666666666666667
"GH_vs_NP","Multi-Omics",303,0.616,0.666666666666667
"GH_vs_NP","Multi-Omics",303,0.617,0.666666666666667
"GH_vs_NP","Multi-Omics",303,0.618,0.666666666666667
"GH_vs_NP","Multi-Omics",303,0.619,0.666666666666667
"GH_vs_NP","Multi-Omics",303,0.62,0.666666666666667
"GH_vs_NP","Multi-Omics",303,0.621,0.666666666666667
"GH_vs_NP","Multi-Omics",303,0.622,0.666666666666667
"GH_vs_NP","Multi-Omics",303,0.623,0.666666666666667
"GH_vs_NP","Multi-Omics",303,0.624,0.666666666666667
"GH_vs_NP","Multi-Omics",303,0.625,0.666666666666667
"GH_vs_NP","Multi-Omics",303,0.626,0.666666666666667
"GH_vs_NP","Multi-Omics",303,0.627,0.666666666666667
"GH_vs_NP","Multi-Omics",303,0.628,0.666666666666667
"GH_vs_NP","Multi-Omics",303,0.629,0.666666666666667
"GH_vs_NP","Multi-Omics",303,0.63,0.666666666666667
"GH_vs_NP","Multi-Omics",303,0.631,0.666666666666667
"GH_vs_NP","Multi-Omics",303,0.632,0.666666666666667
"GH_vs_NP","Multi-Omics",303,0.633,0.666666666666667
"GH_vs_NP","Multi-Omics",303,0.634,0.666666666666667
"GH_vs_NP","Multi-Omics",303,0.635,0.666666666666667
"GH_vs_NP","Multi-Omics",303,0.636,0.666666666666667
"GH_vs_NP","Multi-Omics",303,0.637,0.666666666666667
"GH_vs_NP","Multi-Omics",303,0.638,0.666666666666667
"GH_vs_NP","Multi-Omics",303,0.639,0.666666666666667
"GH_vs_NP","Multi-Omics",303,0.64,0.666666666666667
"GH_vs_NP","Multi-Omics",303,0.641,0.666666666666667
"GH_vs_NP","Multi-Omics",303,0.642,0.666666666666667
"GH_vs_NP","Multi-Omics",303,0.643,0.666666666666667
"GH_vs_NP","Multi-Omics",303,0.644,0.666666666666667
"GH_vs_NP","Multi-Omics",303,0.645,0.666666666666667
"GH_vs_NP","Multi-Omics",303,0.646,0.666666666666667
"GH_vs_NP","Multi-Omics",303,0.647,0.666666666666667
"GH_vs_NP","Multi-Omics",303,0.648,0.666666666666667
"GH_vs_NP","Multi-Omics",303,0.649,0.666666666666667
"GH_vs_NP","Multi-Omics",303,0.65,0.666666666666667
"GH_vs_NP","Multi-Omics",303,0.651,0.666666666666667
"GH_vs_NP","Multi-Omics",303,0.652,0.666666666666667
"GH_vs_NP","Multi-Omics",303,0.653,0.666666666666667
"GH_vs_NP","Multi-Omics",303,0.654,0.666666666666667
"GH_vs_NP","Multi-Omics",303,0.655,0.666666666666667
"GH_vs_NP","Multi-Omics",303,0.656,0.666666666666667
"GH_vs_NP","Multi-Omics",303,0.657,0.666666666666667
"GH_vs_NP","Multi-Omics",303,0.658,0.666666666666667
"GH_vs_NP","Multi-Omics",303,0.659,0.666666666666667
"GH_vs_NP","Multi-Omics",303,0.66,0.666666666666667
"GH_vs_NP","Multi-Omics",303,0.661,0.666666666666667
"GH_vs_NP","Multi-Omics",303,0.662,0.666666666666667
"GH_vs_NP","Multi-Omics",303,0.663,0.666666666666667
"GH_vs_NP","Multi-Omics",303,0.664,0.666666666666667
"GH_vs_NP","Multi-Omics",303,0.665,0.666666666666667
"GH_vs_NP","Multi-Omics",303,0.666,0.666666666666667
"GH_vs_NP","Multi-Omics",303,0.667,0.666666666666667
"GH_vs_NP","Multi-Omics",303,0.668,0.666666666666667
"GH_vs_NP","Multi-Omics",303,0.669,0.666666666666667
"GH_vs_NP","Multi-Omics",303,0.67,0.666666666666667
"GH_vs_NP","Multi-Omics",303,0.671,0.666666666666667
"GH_vs_NP","Multi-Omics",303,0.672,0.666666666666667
"GH_vs_NP","Multi-Omics",303,0.673,0.666666666666667
"GH_vs_NP","Multi-Omics",303,0.674,0.666666666666667
"GH_vs_NP","Multi-Omics",303,0.675,0.666666666666667
"GH_vs_NP","Multi-Omics",303,0.676,0.666666666666667
"GH_vs_NP","Multi-Omics",303,0.677,0.666666666666667
"GH_vs_NP","Multi-Omics",303,0.678,0.666666666666667
"GH_vs_NP","Multi-Omics",303,0.679,0.666666666666667
"GH_vs_NP","Multi-Omics",303,0.68,0.666666666666667
"GH_vs_NP","Multi-Omics",303,0.681,0.666666666666667
"GH_vs_NP","Multi-Omics",303,0.682,0.666666666666667
"GH_vs_NP","Multi-Omics",303,0.683,0.666666666666667
"GH_vs_NP","Multi-Omics",303,0.684,0.666666666666667
"GH_vs_NP","Multi-Omics",303,0.685,0.666666666666667
"GH_vs_NP","Multi-Omics",303,0.686,0.666666666666667
"GH_vs_NP","Multi-Omics",303,0.687,0.666666666666667
"GH_vs_NP","Multi-Omics",303,0.688,0.666666666666667
"GH_vs_NP","Multi-Omics",303,0.689,0.666666666666667
"GH_vs_NP","Multi-Omics",303,0.69,0.666666666666667
"GH_vs_NP","Multi-Omics",303,0.691,0.666666666666667
"GH_vs_NP","Multi-Omics",303,0.692,0.666666666666667
"GH_vs_NP","Multi-Omics",303,0.693,0.666666666666667
"GH_vs_NP","Multi-Omics",303,0.694,0.666666666666667
"GH_vs_NP","Multi-Omics",303,0.695,0.666666666666667
"GH_vs_NP","Multi-Omics",303,0.696,0.666666666666667
"GH_vs_NP","Multi-Omics",303,0.697,0.666666666666667
"GH_vs_NP","Multi-Omics",303,0.698,0.666666666666667
"GH_vs_NP","Multi-Omics",303,0.699,0.666666666666667
"GH_vs_NP","Multi-Omics",303,0.7,0.666666666666667
"GH_vs_NP","Multi-Omics",303,0.701,0.666666666666667
"GH_vs_NP","Multi-Omics",303,0.702,0.666666666666667
"GH_vs_NP","Multi-Omics",303,0.703,0.666666666666667
"GH_vs_NP","Multi-Omics",303,0.704,0.666666666666667
"GH_vs_NP","Multi-Omics",303,0.705,0.666666666666667
"GH_vs_NP","Multi-Omics",303,0.706,0.666666666666667
"GH_vs_NP","Multi-Omics",303,0.707,0.666666666666667
"GH_vs_NP","Multi-Omics",303,0.708,0.666666666666667
"GH_vs_NP","Multi-Omics",303,0.709,0.666666666666667
"GH_vs_NP","Multi-Omics",303,0.71,0.666666666666667
"GH_vs_NP","Multi-Omics",303,0.711,0.666666666666667
"GH_vs_NP","Multi-Omics",303,0.712,0.666666666666667
"GH_vs_NP","Multi-Omics",303,0.713,0.666666666666667
"GH_vs_NP","Multi-Omics",303,0.714,0.666666666666667
"GH_vs_NP","Multi-Omics",303,0.715,0.666666666666667
"GH_vs_NP","Multi-Omics",303,0.716,0.666666666666667
"GH_vs_NP","Multi-Omics",303,0.717,0.666666666666667
"GH_vs_NP","Multi-Omics",303,0.718,0.666666666666667
"GH_vs_NP","Multi-Omics",303,0.719,0.666666666666667
"GH_vs_NP","Multi-Omics",303,0.72,0.666666666666667
"GH_vs_NP","Multi-Omics",303,0.721,0.666666666666667
"GH_vs_NP","Multi-Omics",303,0.722,0.666666666666667
"GH_vs_NP","Multi-Omics",303,0.723,0.666666666666667
"GH_vs_NP","Multi-Omics",303,0.724,0.666666666666667
"GH_vs_NP","Multi-Omics",303,0.725,0.666666666666667
"GH_vs_NP","Multi-Omics",303,0.726,0.666666666666667
"GH_vs_NP","Multi-Omics",303,0.727,0.666666666666667
"GH_vs_NP","Multi-Omics",303,0.728,0.666666666666667
"GH_vs_NP","Multi-Omics",303,0.729,0.666666666666667
"GH_vs_NP","Multi-Omics",303,0.73,0.666666666666667
"GH_vs_NP","Multi-Omics",303,0.731,0.666666666666667
"GH_vs_NP","Multi-Omics",303,0.732,0.666666666666667
"GH_vs_NP","Multi-Omics",303,0.733,0.666666666666667
"GH_vs_NP","Multi-Omics",303,0.734,0.666666666666667
"GH_vs_NP","Multi-Omics",303,0.735,0.666666666666667
"GH_vs_NP","Multi-Omics",303,0.736,0.666666666666667
"GH_vs_NP","Multi-Omics",303,0.737,0.666666666666667
"GH_vs_NP","Multi-Omics",303,0.738,0.666666666666667
"GH_vs_NP","Multi-Omics",303,0.739,0.666666666666667
"GH_vs_NP","Multi-Omics",303,0.74,0.666666666666667
"GH_vs_NP","Multi-Omics",303,0.741,0.666666666666667
"GH_vs_NP","Multi-Omics",303,0.742,0.666666666666667
"GH_vs_NP","Multi-Omics",303,0.743,0.666666666666667
"GH_vs_NP","Multi-Omics",303,0.744,0.666666666666667
"GH_vs_NP","Multi-Omics",303,0.745,0.666666666666667
"GH_vs_NP","Multi-Omics",303,0.746,0.666666666666667
"GH_vs_NP","Multi-Omics",303,0.747,0.666666666666667
"GH_vs_NP","Multi-Omics",303,0.748,0.666666666666667
"GH_vs_NP","Multi-Omics",303,0.749,0.666666666666667
"GH_vs_NP","Multi-Omics",303,0.75,0.666666666666667
"GH_vs_NP","Multi-Omics",303,0.751,0.666666666666667
"GH_vs_NP","Multi-Omics",303,0.752,0.666666666666667
"GH_vs_NP","Multi-Omics",303,0.753,0.666666666666667
"GH_vs_NP","Multi-Omics",303,0.754,0.666666666666667
"GH_vs_NP","Multi-Omics",303,0.755,0.666666666666667
"GH_vs_NP","Multi-Omics",303,0.756,0.666666666666667
"GH_vs_NP","Multi-Omics",303,0.757,0.666666666666667
"GH_vs_NP","Multi-Omics",303,0.758,0.666666666666667
"GH_vs_NP","Multi-Omics",303,0.759,0.666666666666667
"GH_vs_NP","Multi-Omics",303,0.76,0.666666666666667
"GH_vs_NP","Multi-Omics",303,0.761,0.666666666666667
"GH_vs_NP","Multi-Omics",303,0.762,0.666666666666667
"GH_vs_NP","Multi-Omics",303,0.763,0.666666666666667
"GH_vs_NP","Multi-Omics",303,0.764,0.666666666666667
"GH_vs_NP","Multi-Omics",303,0.765,0.666666666666667
"GH_vs_NP","Multi-Omics",303,0.766,0.666666666666667
"GH_vs_NP","Multi-Omics",303,0.767,0.666666666666667
"GH_vs_NP","Multi-Omics",303,0.768,0.666666666666667
"GH_vs_NP","Multi-Omics",303,0.769,0.666666666666667
"GH_vs_NP","Multi-Omics",303,0.77,0.666666666666667
"GH_vs_NP","Multi-Omics",303,0.771,0.666666666666667
"GH_vs_NP","Multi-Omics",303,0.772,0.666666666666667
"GH_vs_NP","Multi-Omics",303,0.773,0.666666666666667
"GH_vs_NP","Multi-Omics",303,0.774,0.666666666666667
"GH_vs_NP","Multi-Omics",303,0.775,0.666666666666667
"GH_vs_NP","Multi-Omics",303,0.776,0.666666666666667
"GH_vs_NP","Multi-Omics",303,0.777,0.666666666666667
"GH_vs_NP","Multi-Omics",303,0.778,0.666666666666667
"GH_vs_NP","Multi-Omics",303,0.779,0.666666666666667
"GH_vs_NP","Multi-Omics",303,0.78,0.666666666666667
"GH_vs_NP","Multi-Omics",303,0.781,0.666666666666667
"GH_vs_NP","Multi-Omics",303,0.782,0.666666666666667
"GH_vs_NP","Multi-Omics",303,0.783,0.666666666666667
"GH_vs_NP","Multi-Omics",303,0.784,0.666666666666667
"GH_vs_NP","Multi-Omics",303,0.785,0.666666666666667
"GH_vs_NP","Multi-Omics",303,0.786,0.666666666666667
"GH_vs_NP","Multi-Omics",303,0.787,0.666666666666667
"GH_vs_NP","Multi-Omics",303,0.788,0.666666666666667
"GH_vs_NP","Multi-Omics",303,0.789,0.666666666666667
"GH_vs_NP","Multi-Omics",303,0.79,0.666666666666667
"GH_vs_NP","Multi-Omics",303,0.791,0.666666666666667
"GH_vs_NP","Multi-Omics",303,0.792,0.666666666666667
"GH_vs_NP","Multi-Omics",303,0.793,0.666666666666667
"GH_vs_NP","Multi-Omics",303,0.794,0.666666666666667
"GH_vs_NP","Multi-Omics",303,0.795,0.666666666666667
"GH_vs_NP","Multi-Omics",303,0.796,0.666666666666667
"GH_vs_NP","Multi-Omics",303,0.797,0.666666666666667
"GH_vs_NP","Multi-Omics",303,0.798,0.666666666666667
"GH_vs_NP","Multi-Omics",303,0.799,0.666666666666667
"GH_vs_NP","Multi-Omics",303,0.8,0.666666666666667
"GH_vs_NP","Multi-Omics",303,0.801,0.666666666666667
"GH_vs_NP","Multi-Omics",303,0.802,0.666666666666667
"GH_vs_NP","Multi-Omics",303,0.803,0.666666666666667
"GH_vs_NP","Multi-Omics",303,0.804,0.666666666666667
"GH_vs_NP","Multi-Omics",303,0.805,0.666666666666667
"GH_vs_NP","Multi-Omics",303,0.806,0.666666666666667
"GH_vs_NP","Multi-Omics",303,0.807,0.666666666666667
"GH_vs_NP","Multi-Omics",303,0.808,0.666666666666667
"GH_vs_NP","Multi-Omics",303,0.809,0.666666666666667
"GH_vs_NP","Multi-Omics",303,0.81,0.666666666666667
"GH_vs_NP","Multi-Omics",303,0.811,0.666666666666667
"GH_vs_NP","Multi-Omics",303,0.812,0.666666666666667
"GH_vs_NP","Multi-Omics",303,0.813,0.666666666666667
"GH_vs_NP","Multi-Omics",303,0.814,0.666666666666667
"GH_vs_NP","Multi-Omics",303,0.815,0.666666666666667
"GH_vs_NP","Multi-Omics",303,0.816,0.707733333333334
"GH_vs_NP","Multi-Omics",303,0.817,0.719466666666667
"GH_vs_NP","Multi-Omics",303,0.818,0.731200000000001
"GH_vs_NP","Multi-Omics",303,0.819,0.733333333333333
"GH_vs_NP","Multi-Omics",303,0.82,0.733333333333333
"GH_vs_NP","Multi-Omics",303,0.821,0.733333333333333
"GH_vs_NP","Multi-Omics",303,0.822,0.733333333333333
"GH_vs_NP","Multi-Omics",303,0.823,0.733333333333333
"GH_vs_NP","Multi-Omics",303,0.824,0.733333333333333
"GH_vs_NP","Multi-Omics",303,0.825,0.733333333333333
"GH_vs_NP","Multi-Omics",303,0.826,0.733333333333333
"GH_vs_NP","Multi-Omics",303,0.827,0.733333333333333
"GH_vs_NP","Multi-Omics",303,0.828,0.733333333333333
"GH_vs_NP","Multi-Omics",303,0.829,0.733333333333333
"GH_vs_NP","Multi-Omics",303,0.83,0.733333333333333
"GH_vs_NP","Multi-Omics",303,0.831,0.733333333333333
"GH_vs_NP","Multi-Omics",303,0.832,0.733333333333333
"GH_vs_NP","Multi-Omics",303,0.833,0.733333333333333
"GH_vs_NP","Multi-Omics",303,0.834,0.733333333333333
"GH_vs_NP","Multi-Omics",303,0.835,0.733333333333333
"GH_vs_NP","Multi-Omics",303,0.836,0.766666666666667
"GH_vs_NP","Multi-Omics",303,0.837,0.766666666666667
"GH_vs_NP","Multi-Omics",303,0.838,0.766666666666667
"GH_vs_NP","Multi-Omics",303,0.839,0.766666666666667
"GH_vs_NP","Multi-Omics",303,0.84,0.766666666666667
"GH_vs_NP","Multi-Omics",303,0.841,0.766666666666667
"GH_vs_NP","Multi-Omics",303,0.842,0.766666666666667
"GH_vs_NP","Multi-Omics",303,0.843,0.766666666666667
"GH_vs_NP","Multi-Omics",303,0.844,0.766666666666667
"GH_vs_NP","Multi-Omics",303,0.845,0.766666666666667
"GH_vs_NP","Multi-Omics",303,0.846,0.766666666666667
"GH_vs_NP","Multi-Omics",303,0.847,0.766666666666667
"GH_vs_NP","Multi-Omics",303,0.848,0.766666666666667
"GH_vs_NP","Multi-Omics",303,0.849,0.766666666666667
"GH_vs_NP","Multi-Omics",303,0.85,0.8
"GH_vs_NP","Multi-Omics",303,0.851,0.8
"GH_vs_NP","Multi-Omics",303,0.852,0.8
"GH_vs_NP","Multi-Omics",303,0.853,0.9
"GH_vs_NP","Multi-Omics",303,0.854,0.9
"GH_vs_NP","Multi-Omics",303,0.855,0.9
"GH_vs_NP","Multi-Omics",303,0.856,0.9
"GH_vs_NP","Multi-Omics",303,0.857,0.9
"GH_vs_NP","Multi-Omics",303,0.858,0.933333333333333
"GH_vs_NP","Multi-Omics",303,0.859,0.933333333333333
"GH_vs_NP","Multi-Omics",303,0.86,0.933333333333333
"GH_vs_NP","Multi-Omics",303,0.861,0.934133333333333
"GH_vs_NP","Multi-Omics",303,0.862,0.938044444444444
"GH_vs_NP","Multi-Omics",303,0.863,0.941955555555555
"GH_vs_NP","Multi-Omics",303,0.864,0.945866666666667
"GH_vs_NP","Multi-Omics",303,0.865,0.949777777777778
"GH_vs_NP","Multi-Omics",303,0.866,0.953688888888889
"GH_vs_NP","Multi-Omics",303,0.867,0.960666666666667
"GH_vs_NP","Multi-Omics",303,0.868,0.970444444444444
"GH_vs_NP","Multi-Omics",303,0.869,0.980222222222222
"GH_vs_NP","Multi-Omics",303,0.87,0.987333333333333
"GH_vs_NP","Multi-Omics",303,0.871,0.9932
"GH_vs_NP","Multi-Omics",303,0.872,0.999066666666667
"GH_vs_NP","Multi-Omics",303,0.873,1
"GH_vs_NP","Multi-Omics",303,0.874,1
"GH_vs_NP","Multi-Omics",303,0.875,1
"GH_vs_NP","Multi-Omics",303,0.876,1
"GH_vs_NP","Multi-Omics",303,0.877,1
"GH_vs_NP","Multi-Omics",303,0.878,1
"GH_vs_NP","Multi-Omics",303,0.879,1
"GH_vs_NP","Multi-Omics",303,0.88,1
"GH_vs_NP","Multi-Omics",303,0.881,1
"GH_vs_NP","Multi-Omics",303,0.882,1
"GH_vs_NP","Multi-Omics",303,0.883,1
"GH_vs_NP","Multi-Omics",303,0.884,1
"GH_vs_NP","Multi-Omics",303,0.885,1
"GH_vs_NP","Multi-Omics",303,0.886,1
"GH_vs_NP","Multi-Omics",303,0.887,1
"GH_vs_NP","Multi-Omics",303,0.888,1
"GH_vs_NP","Multi-Omics",303,0.889,1
"GH_vs_NP","Multi-Omics",303,0.89,1
"GH_vs_NP","Multi-Omics",303,0.891,1
"GH_vs_NP","Multi-Omics",303,0.892,1
"GH_vs_NP","Multi-Omics",303,0.893,1
"GH_vs_NP","Multi-Omics",303,0.894,1
"GH_vs_NP","Multi-Omics",303,0.895,1
"GH_vs_NP","Multi-Omics",303,0.896,1
"GH_vs_NP","Multi-Omics",303,0.897,1
"GH_vs_NP","Multi-Omics",303,0.898,1
"GH_vs_NP","Multi-Omics",303,0.899,1
"GH_vs_NP","Multi-Omics",303,0.9,1
"GH_vs_NP","Multi-Omics",303,0.901,1
"GH_vs_NP","Multi-Omics",303,0.902,1
"GH_vs_NP","Multi-Omics",303,0.903,1
"GH_vs_NP","Multi-Omics",303,0.904,1
"GH_vs_NP","Multi-Omics",303,0.905,1
"GH_vs_NP","Multi-Omics",303,0.906,1
"GH_vs_NP","Multi-Omics",303,0.907,1
"GH_vs_NP","Multi-Omics",303,0.908,1
"GH_vs_NP","Multi-Omics",303,0.909,1
"GH_vs_NP","Multi-Omics",303,0.91,1
"GH_vs_NP","Multi-Omics",303,0.911,1
"GH_vs_NP","Multi-Omics",303,0.912,1
"GH_vs_NP","Multi-Omics",303,0.913,1
"GH_vs_NP","Multi-Omics",303,0.914,1
"GH_vs_NP","Multi-Omics",303,0.915,1
"GH_vs_NP","Multi-Omics",303,0.916,1
"GH_vs_NP","Multi-Omics",303,0.917,1
"GH_vs_NP","Multi-Omics",303,0.918,1
"GH_vs_NP","Multi-Omics",303,0.919,1
"GH_vs_NP","Multi-Omics",303,0.92,1
"GH_vs_NP","Multi-Omics",303,0.921,1
"GH_vs_NP","Multi-Omics",303,0.922,1
"GH_vs_NP","Multi-Omics",303,0.923,1
"GH_vs_NP","Multi-Omics",303,0.924,1
"GH_vs_NP","Multi-Omics",303,0.925,1
"GH_vs_NP","Multi-Omics",303,0.926,1
"GH_vs_NP","Multi-Omics",303,0.927,1
"GH_vs_NP","Multi-Omics",303,0.928,1
"GH_vs_NP","Multi-Omics",303,0.929,1
"GH_vs_NP","Multi-Omics",303,0.93,1
"GH_vs_NP","Multi-Omics",303,0.931,1
"GH_vs_NP","Multi-Omics",303,0.932,1
"GH_vs_NP","Multi-Omics",303,0.933,1
"GH_vs_NP","Multi-Omics",303,0.934,1
"GH_vs_NP","Multi-Omics",303,0.935,1
"GH_vs_NP","Multi-Omics",303,0.936,1
"GH_vs_NP","Multi-Omics",303,0.937,1
"GH_vs_NP","Multi-Omics",303,0.938,1
"GH_vs_NP","Multi-Omics",303,0.939,1
"GH_vs_NP","Multi-Omics",303,0.94,1
"GH_vs_NP","Multi-Omics",303,0.941,1
"GH_vs_NP","Multi-Omics",303,0.942,1
"GH_vs_NP","Multi-Omics",303,0.943,1
"GH_vs_NP","Multi-Omics",303,0.944,1
"GH_vs_NP","Multi-Omics",303,0.945,1
"GH_vs_NP","Multi-Omics",303,0.946,1
"GH_vs_NP","Multi-Omics",303,0.947,1
"GH_vs_NP","Multi-Omics",303,0.948,1
"GH_vs_NP","Multi-Omics",303,0.949,1
"GH_vs_NP","Multi-Omics",303,0.95,1
"GH_vs_NP","Multi-Omics",303,0.951,1
"GH_vs_NP","Multi-Omics",303,0.952,1
"GH_vs_NP","Multi-Omics",303,0.953,1
"GH_vs_NP","Multi-Omics",303,0.954,1
"GH_vs_NP","Multi-Omics",303,0.955,1
"GH_vs_NP","Multi-Omics",303,0.956,1
"GH_vs_NP","Multi-Omics",303,0.957,1
"GH_vs_NP","Multi-Omics",303,0.958,1
"GH_vs_NP","Multi-Omics",303,0.959,1
"GH_vs_NP","Multi-Omics",303,0.96,1
"GH_vs_NP","Multi-Omics",303,0.961,1
"GH_vs_NP","Multi-Omics",303,0.962,1
"GH_vs_NP","Multi-Omics",303,0.963,1
"GH_vs_NP","Multi-Omics",303,0.964,1
"GH_vs_NP","Multi-Omics",303,0.965,1
"GH_vs_NP","Multi-Omics",303,0.966,1
"GH_vs_NP","Multi-Omics",303,0.967,1
"GH_vs_NP","Multi-Omics",303,0.968,1
"GH_vs_NP","Multi-Omics",303,0.969,1
"GH_vs_NP","Multi-Omics",303,0.97,1
"GH_vs_NP","Multi-Omics",303,0.971,1
"GH_vs_NP","Multi-Omics",303,0.972,1
"GH_vs_NP","Multi-Omics",303,0.973,1
"GH_vs_NP","Multi-Omics",303,0.974,1
"GH_vs_NP","Multi-Omics",303,0.975,1
"GH_vs_NP","Multi-Omics",303,0.976,1
"GH_vs_NP","Multi-Omics",303,0.977,1
"GH_vs_NP","Multi-Omics",303,0.978,1
"GH_vs_NP","Multi-Omics",303,0.979,1
"GH_vs_NP","Multi-Omics",303,0.98,1
"GH_vs_NP","Multi-Omics",303,0.981,1
"GH_vs_NP","Multi-Omics",303,0.982,1
"GH_vs_NP","Multi-Omics",303,0.983,1
"GH_vs_NP","Multi-Omics",303,0.984,1
"GH_vs_NP","Multi-Omics",303,0.985,1
"GH_vs_NP","Multi-Omics",303,0.986,1
"GH_vs_NP","Multi-Omics",303,0.987,1
"GH_vs_NP","Multi-Omics",303,0.988,1
"GH_vs_NP","Multi-Omics",303,0.989,1
"GH_vs_NP","Multi-Omics",303,0.99,1
"GH_vs_NP","Multi-Omics",303,0.991,1
"GH_vs_NP","Multi-Omics",303,0.992,1
"GH_vs_NP","Multi-Omics",303,0.993,1
"GH_vs_NP","Multi-Omics",303,0.994,1
"GH_vs_NP","Multi-Omics",303,0.995,1
"GH_vs_NP","Multi-Omics",303,0.996,1
"GH_vs_NP","Multi-Omics",303,0.997,1
"GH_vs_NP","Multi-Omics",303,0.998,1
"GH_vs_NP","Multi-Omics",303,0.999,1
"GH_vs_NP","Multi-Omics",303,1,1
"Combined_vs_NP","Baseline",303,0,0.0357142857142857
"Combined_vs_NP","Baseline",303,0.001,0.0357142857142857
"Combined_vs_NP","Baseline",303,0.002,0.0357142857142857
"Combined_vs_NP","Baseline",303,0.003,0.0571428571428571
"Combined_vs_NP","Baseline",303,0.004,0.0571428571428571
"Combined_vs_NP","Baseline",303,0.005,0.0571428571428571
"Combined_vs_NP","Baseline",303,0.006,0.0714285714285714
"Combined_vs_NP","Baseline",303,0.007,0.0714285714285714
"Combined_vs_NP","Baseline",303,0.008,0.0714285714285714
"Combined_vs_NP","Baseline",303,0.009,0.0714285714285714
"Combined_vs_NP","Baseline",303,0.01,0.0714285714285714
"Combined_vs_NP","Baseline",303,0.011,0.0714285714285714
"Combined_vs_NP","Baseline",303,0.012,0.0857142857142857
"Combined_vs_NP","Baseline",303,0.013,0.0857142857142857
"Combined_vs_NP","Baseline",303,0.014,0.0857142857142857
"Combined_vs_NP","Baseline",303,0.015,0.0928571428571428
"Combined_vs_NP","Baseline",303,0.016,0.0928571428571428
"Combined_vs_NP","Baseline",303,0.017,0.0928571428571428
"Combined_vs_NP","Baseline",303,0.018,0.107142857142857
"Combined_vs_NP","Baseline",303,0.019,0.107142857142857
"Combined_vs_NP","Baseline",303,0.02,0.107142857142857
"Combined_vs_NP","Baseline",303,0.021,0.107142857142857
"Combined_vs_NP","Baseline",303,0.022,0.107142857142857
"Combined_vs_NP","Baseline",303,0.023,0.107142857142857
"Combined_vs_NP","Baseline",303,0.024,0.107142857142857
"Combined_vs_NP","Baseline",303,0.025,0.107142857142857
"Combined_vs_NP","Baseline",303,0.026,0.107142857142857
"Combined_vs_NP","Baseline",303,0.027,0.107142857142857
"Combined_vs_NP","Baseline",303,0.028,0.107142857142857
"Combined_vs_NP","Baseline",303,0.029,0.107142857142857
"Combined_vs_NP","Baseline",303,0.03,0.107142857142857
"Combined_vs_NP","Baseline",303,0.031,0.107142857142857
"Combined_vs_NP","Baseline",303,0.032,0.107142857142857
"Combined_vs_NP","Baseline",303,0.033,0.107142857142857
"Combined_vs_NP","Baseline",303,0.034,0.107142857142857
"Combined_vs_NP","Baseline",303,0.035,0.107142857142857
"Combined_vs_NP","Baseline",303,0.036,0.107142857142857
"Combined_vs_NP","Baseline",303,0.037,0.107142857142857
"Combined_vs_NP","Baseline",303,0.038,0.107142857142857
"Combined_vs_NP","Baseline",303,0.039,0.107142857142857
"Combined_vs_NP","Baseline",303,0.04,0.107142857142857
"Combined_vs_NP","Baseline",303,0.041,0.107142857142857
"Combined_vs_NP","Baseline",303,0.042,0.107142857142857
"Combined_vs_NP","Baseline",303,0.043,0.107142857142857
"Combined_vs_NP","Baseline",303,0.044,0.107142857142857
"Combined_vs_NP","Baseline",303,0.045,0.107142857142857
"Combined_vs_NP","Baseline",303,0.046,0.107142857142857
"Combined_vs_NP","Baseline",303,0.047,0.107142857142857
"Combined_vs_NP","Baseline",303,0.048,0.107142857142857
"Combined_vs_NP","Baseline",303,0.049,0.107142857142857
"Combined_vs_NP","Baseline",303,0.05,0.107142857142857
"Combined_vs_NP","Baseline",303,0.051,0.107142857142857
"Combined_vs_NP","Baseline",303,0.052,0.107142857142857
"Combined_vs_NP","Baseline",303,0.053,0.107142857142857
"Combined_vs_NP","Baseline",303,0.054,0.107142857142857
"Combined_vs_NP","Baseline",303,0.055,0.107142857142857
"Combined_vs_NP","Baseline",303,0.056,0.107142857142857
"Combined_vs_NP","Baseline",303,0.057,0.107142857142857
"Combined_vs_NP","Baseline",303,0.058,0.107142857142857
"Combined_vs_NP","Baseline",303,0.059,0.107142857142857
"Combined_vs_NP","Baseline",303,0.06,0.107142857142857
"Combined_vs_NP","Baseline",303,0.061,0.107142857142857
"Combined_vs_NP","Baseline",303,0.062,0.107142857142857
"Combined_vs_NP","Baseline",303,0.063,0.107142857142857
"Combined_vs_NP","Baseline",303,0.064,0.107142857142857
"Combined_vs_NP","Baseline",303,0.065,0.107142857142857
"Combined_vs_NP","Baseline",303,0.066,0.1088
"Combined_vs_NP","Baseline",303,0.067,0.111314285714286
"Combined_vs_NP","Baseline",303,0.068,0.113828571428571
"Combined_vs_NP","Baseline",303,0.069,0.114285714285714
"Combined_vs_NP","Baseline",303,0.07,0.114285714285714
"Combined_vs_NP","Baseline",303,0.071,0.114285714285714
"Combined_vs_NP","Baseline",303,0.072,0.114285714285714
"Combined_vs_NP","Baseline",303,0.073,0.114285714285714
"Combined_vs_NP","Baseline",303,0.074,0.114628571428571
"Combined_vs_NP","Baseline",303,0.075,0.117142857142857
"Combined_vs_NP","Baseline",303,0.076,0.119657142857143
"Combined_vs_NP","Baseline",303,0.077,0.121428571428571
"Combined_vs_NP","Baseline",303,0.078,0.121428571428571
"Combined_vs_NP","Baseline",303,0.079,0.121428571428571
"Combined_vs_NP","Baseline",303,0.08,0.128571428571429
"Combined_vs_NP","Baseline",303,0.081,0.128571428571429
"Combined_vs_NP","Baseline",303,0.082,0.128571428571429
"Combined_vs_NP","Baseline",303,0.083,0.128571428571429
"Combined_vs_NP","Baseline",303,0.084,0.128571428571429
"Combined_vs_NP","Baseline",303,0.085,0.128571428571429
"Combined_vs_NP","Baseline",303,0.086,0.128571428571429
"Combined_vs_NP","Baseline",303,0.087,0.128571428571429
"Combined_vs_NP","Baseline",303,0.088,0.128571428571429
"Combined_vs_NP","Baseline",303,0.089,0.128571428571429
"Combined_vs_NP","Baseline",303,0.09,0.128571428571429
"Combined_vs_NP","Baseline",303,0.091,0.128571428571429
"Combined_vs_NP","Baseline",303,0.092,0.128571428571429
"Combined_vs_NP","Baseline",303,0.093,0.128571428571429
"Combined_vs_NP","Baseline",303,0.094,0.128571428571429
"Combined_vs_NP","Baseline",303,0.095,0.128571428571429
"Combined_vs_NP","Baseline",303,0.096,0.128571428571429
"Combined_vs_NP","Baseline",303,0.097,0.128571428571429
"Combined_vs_NP","Baseline",303,0.098,0.128571428571429
"Combined_vs_NP","Baseline",303,0.099,0.128571428571429
"Combined_vs_NP","Baseline",303,0.1,0.128571428571429
"Combined_vs_NP","Baseline",303,0.101,0.128571428571429
"Combined_vs_NP","Baseline",303,0.102,0.128571428571429
"Combined_vs_NP","Baseline",303,0.103,0.128571428571429
"Combined_vs_NP","Baseline",303,0.104,0.128571428571429
"Combined_vs_NP","Baseline",303,0.105,0.128571428571429
"Combined_vs_NP","Baseline",303,0.106,0.128571428571429
"Combined_vs_NP","Baseline",303,0.107,0.128571428571429
"Combined_vs_NP","Baseline",303,0.108,0.128609523809524
"Combined_vs_NP","Baseline",303,0.109,0.129447619047619
"Combined_vs_NP","Baseline",303,0.11,0.130285714285714
"Combined_vs_NP","Baseline",303,0.111,0.131380952380952
"Combined_vs_NP","Baseline",303,0.112,0.13347619047619
"Combined_vs_NP","Baseline",303,0.113,0.135571428571429
"Combined_vs_NP","Baseline",303,0.114,0.137666666666667
"Combined_vs_NP","Baseline",303,0.115,0.139761904761905
"Combined_vs_NP","Baseline",303,0.116,0.141857142857143
"Combined_vs_NP","Baseline",303,0.117,0.142857142857143
"Combined_vs_NP","Baseline",303,0.118,0.142857142857143
"Combined_vs_NP","Baseline",303,0.119,0.142857142857143
"Combined_vs_NP","Baseline",303,0.12,0.142857142857143
"Combined_vs_NP","Baseline",303,0.121,0.142857142857143
"Combined_vs_NP","Baseline",303,0.122,0.142857142857143
"Combined_vs_NP","Baseline",303,0.123,0.142857142857143
"Combined_vs_NP","Baseline",303,0.124,0.142857142857143
"Combined_vs_NP","Baseline",303,0.125,0.142857142857143
"Combined_vs_NP","Baseline",303,0.126,0.142857142857143
"Combined_vs_NP","Baseline",303,0.127,0.142857142857143
"Combined_vs_NP","Baseline",303,0.128,0.142857142857143
"Combined_vs_NP","Baseline",303,0.129,0.142857142857143
"Combined_vs_NP","Baseline",303,0.13,0.142857142857143
"Combined_vs_NP","Baseline",303,0.131,0.142857142857143
"Combined_vs_NP","Baseline",303,0.132,0.142857142857143
"Combined_vs_NP","Baseline",303,0.133,0.142857142857143
"Combined_vs_NP","Baseline",303,0.134,0.142857142857143
"Combined_vs_NP","Baseline",303,0.135,0.142857142857143
"Combined_vs_NP","Baseline",303,0.136,0.142857142857143
"Combined_vs_NP","Baseline",303,0.137,0.142857142857143
"Combined_vs_NP","Baseline",303,0.138,0.142857142857143
"Combined_vs_NP","Baseline",303,0.139,0.142857142857143
"Combined_vs_NP","Baseline",303,0.14,0.142857142857143
"Combined_vs_NP","Baseline",303,0.141,0.142857142857143
"Combined_vs_NP","Baseline",303,0.142,0.142857142857143
"Combined_vs_NP","Baseline",303,0.143,0.142857142857143
"Combined_vs_NP","Baseline",303,0.144,0.142857142857143
"Combined_vs_NP","Baseline",303,0.145,0.142857142857143
"Combined_vs_NP","Baseline",303,0.146,0.142857142857143
"Combined_vs_NP","Baseline",303,0.147,0.142857142857143
"Combined_vs_NP","Baseline",303,0.148,0.142857142857143
"Combined_vs_NP","Baseline",303,0.149,0.142857142857143
"Combined_vs_NP","Baseline",303,0.15,0.142857142857143
"Combined_vs_NP","Baseline",303,0.151,0.15
"Combined_vs_NP","Baseline",303,0.152,0.15
"Combined_vs_NP","Baseline",303,0.153,0.15
"Combined_vs_NP","Baseline",303,0.154,0.15
"Combined_vs_NP","Baseline",303,0.155,0.15
"Combined_vs_NP","Baseline",303,0.156,0.15
"Combined_vs_NP","Baseline",303,0.157,0.15
"Combined_vs_NP","Baseline",303,0.158,0.15
"Combined_vs_NP","Baseline",303,0.159,0.15
"Combined_vs_NP","Baseline",303,0.16,0.15
"Combined_vs_NP","Baseline",303,0.161,0.15
"Combined_vs_NP","Baseline",303,0.162,0.157142857142857
"Combined_vs_NP","Baseline",303,0.163,0.157142857142857
"Combined_vs_NP","Baseline",303,0.164,0.157142857142857
"Combined_vs_NP","Baseline",303,0.165,0.157142857142857
"Combined_vs_NP","Baseline",303,0.166,0.157142857142857
"Combined_vs_NP","Baseline",303,0.167,0.157142857142857
"Combined_vs_NP","Baseline",303,0.168,0.157142857142857
"Combined_vs_NP","Baseline",303,0.169,0.157142857142857
"Combined_vs_NP","Baseline",303,0.17,0.157142857142857
"Combined_vs_NP","Baseline",303,0.171,0.157142857142857
"Combined_vs_NP","Baseline",303,0.172,0.157142857142857
"Combined_vs_NP","Baseline",303,0.173,0.157142857142857
"Combined_vs_NP","Baseline",303,0.174,0.157142857142857
"Combined_vs_NP","Baseline",303,0.175,0.157142857142857
"Combined_vs_NP","Baseline",303,0.176,0.157142857142857
"Combined_vs_NP","Baseline",303,0.177,0.157142857142857
"Combined_vs_NP","Baseline",303,0.178,0.157142857142857
"Combined_vs_NP","Baseline",303,0.179,0.157142857142857
"Combined_vs_NP","Baseline",303,0.18,0.157142857142857
"Combined_vs_NP","Baseline",303,0.181,0.157142857142857
"Combined_vs_NP","Baseline",303,0.182,0.157142857142857
"Combined_vs_NP","Baseline",303,0.183,0.157142857142857
"Combined_vs_NP","Baseline",303,0.184,0.157142857142857
"Combined_vs_NP","Baseline",303,0.185,0.157142857142857
"Combined_vs_NP","Baseline",303,0.186,0.157142857142857
"Combined_vs_NP","Baseline",303,0.187,0.157142857142857
"Combined_vs_NP","Baseline",303,0.188,0.157142857142857
"Combined_vs_NP","Baseline",303,0.189,0.157142857142857
"Combined_vs_NP","Baseline",303,0.19,0.157142857142857
"Combined_vs_NP","Baseline",303,0.191,0.157142857142857
"Combined_vs_NP","Baseline",303,0.192,0.157142857142857
"Combined_vs_NP","Baseline",303,0.193,0.157142857142857
"Combined_vs_NP","Baseline",303,0.194,0.157142857142857
"Combined_vs_NP","Baseline",303,0.195,0.157142857142857
"Combined_vs_NP","Baseline",303,0.196,0.157142857142857
"Combined_vs_NP","Baseline",303,0.197,0.157142857142857
"Combined_vs_NP","Baseline",303,0.198,0.157142857142857
"Combined_vs_NP","Baseline",303,0.199,0.164285714285714
"Combined_vs_NP","Baseline",303,0.2,0.164285714285714
"Combined_vs_NP","Baseline",303,0.201,0.164285714285714
"Combined_vs_NP","Baseline",303,0.202,0.164285714285714
"Combined_vs_NP","Baseline",303,0.203,0.164285714285714
"Combined_vs_NP","Baseline",303,0.204,0.164285714285714
"Combined_vs_NP","Baseline",303,0.205,0.171428571428571
"Combined_vs_NP","Baseline",303,0.206,0.171428571428571
"Combined_vs_NP","Baseline",303,0.207,0.171428571428571
"Combined_vs_NP","Baseline",303,0.208,0.171428571428571
"Combined_vs_NP","Baseline",303,0.209,0.171428571428571
"Combined_vs_NP","Baseline",303,0.21,0.171428571428571
"Combined_vs_NP","Baseline",303,0.211,0.171428571428571
"Combined_vs_NP","Baseline",303,0.212,0.171428571428571
"Combined_vs_NP","Baseline",303,0.213,0.171428571428571
"Combined_vs_NP","Baseline",303,0.214,0.185714285714286
"Combined_vs_NP","Baseline",303,0.215,0.185714285714286
"Combined_vs_NP","Baseline",303,0.216,0.185714285714286
"Combined_vs_NP","Baseline",303,0.217,0.185714285714286
"Combined_vs_NP","Baseline",303,0.218,0.185714285714286
"Combined_vs_NP","Baseline",303,0.219,0.185714285714286
"Combined_vs_NP","Baseline",303,0.22,0.185714285714286
"Combined_vs_NP","Baseline",303,0.221,0.185714285714286
"Combined_vs_NP","Baseline",303,0.222,0.185714285714286
"Combined_vs_NP","Baseline",303,0.223,0.185714285714286
"Combined_vs_NP","Baseline",303,0.224,0.185714285714286
"Combined_vs_NP","Baseline",303,0.225,0.185714285714286
"Combined_vs_NP","Baseline",303,0.226,0.185714285714286
"Combined_vs_NP","Baseline",303,0.227,0.185714285714286
"Combined_vs_NP","Baseline",303,0.228,0.185714285714286
"Combined_vs_NP","Baseline",303,0.229,0.185714285714286
"Combined_vs_NP","Baseline",303,0.23,0.185714285714286
"Combined_vs_NP","Baseline",303,0.231,0.185714285714286
"Combined_vs_NP","Baseline",303,0.232,0.185714285714286
"Combined_vs_NP","Baseline",303,0.233,0.185714285714286
"Combined_vs_NP","Baseline",303,0.234,0.185714285714286
"Combined_vs_NP","Baseline",303,0.235,0.185714285714286
"Combined_vs_NP","Baseline",303,0.236,0.185714285714286
"Combined_vs_NP","Baseline",303,0.237,0.185714285714286
"Combined_vs_NP","Baseline",303,0.238,0.185714285714286
"Combined_vs_NP","Baseline",303,0.239,0.185714285714286
"Combined_vs_NP","Baseline",303,0.24,0.185714285714286
"Combined_vs_NP","Baseline",303,0.241,0.185714285714286
"Combined_vs_NP","Baseline",303,0.242,0.185714285714286
"Combined_vs_NP","Baseline",303,0.243,0.185714285714286
"Combined_vs_NP","Baseline",303,0.244,0.185714285714286
"Combined_vs_NP","Baseline",303,0.245,0.185714285714286
"Combined_vs_NP","Baseline",303,0.246,0.185714285714286
"Combined_vs_NP","Baseline",303,0.247,0.185714285714286
"Combined_vs_NP","Baseline",303,0.248,0.185714285714286
"Combined_vs_NP","Baseline",303,0.249,0.185714285714286
"Combined_vs_NP","Baseline",303,0.25,0.185714285714286
"Combined_vs_NP","Baseline",303,0.251,0.186971428571429
"Combined_vs_NP","Baseline",303,0.252,0.188228571428571
"Combined_vs_NP","Baseline",303,0.253,0.189485714285714
"Combined_vs_NP","Baseline",303,0.254,0.190742857142857
"Combined_vs_NP","Baseline",303,0.255,0.192
"Combined_vs_NP","Baseline",303,0.256,0.192857142857143
"Combined_vs_NP","Baseline",303,0.257,0.192857142857143
"Combined_vs_NP","Baseline",303,0.258,0.192857142857143
"Combined_vs_NP","Baseline",303,0.259,0.192857142857143
"Combined_vs_NP","Baseline",303,0.26,0.192857142857143
"Combined_vs_NP","Baseline",303,0.261,0.192857142857143
"Combined_vs_NP","Baseline",303,0.262,0.192857142857143
"Combined_vs_NP","Baseline",303,0.263,0.192857142857143
"Combined_vs_NP","Baseline",303,0.264,0.192857142857143
"Combined_vs_NP","Baseline",303,0.265,0.192857142857143
"Combined_vs_NP","Baseline",303,0.266,0.192857142857143
"Combined_vs_NP","Baseline",303,0.267,0.192857142857143
"Combined_vs_NP","Baseline",303,0.268,0.192857142857143
"Combined_vs_NP","Baseline",303,0.269,0.192857142857143
"Combined_vs_NP","Baseline",303,0.27,0.192857142857143
"Combined_vs_NP","Baseline",303,0.271,0.192857142857143
"Combined_vs_NP","Baseline",303,0.272,0.192857142857143
"Combined_vs_NP","Baseline",303,0.273,0.192857142857143
"Combined_vs_NP","Baseline",303,0.274,0.192857142857143
"Combined_vs_NP","Baseline",303,0.275,0.192857142857143
"Combined_vs_NP","Baseline",303,0.276,0.192857142857143
"Combined_vs_NP","Baseline",303,0.277,0.192857142857143
"Combined_vs_NP","Baseline",303,0.278,0.192857142857143
"Combined_vs_NP","Baseline",303,0.279,0.192857142857143
"Combined_vs_NP","Baseline",303,0.28,0.192857142857143
"Combined_vs_NP","Baseline",303,0.281,0.192857142857143
"Combined_vs_NP","Baseline",303,0.282,0.192857142857143
"Combined_vs_NP","Baseline",303,0.283,0.192857142857143
"Combined_vs_NP","Baseline",303,0.284,0.192857142857143
"Combined_vs_NP","Baseline",303,0.285,0.2
"Combined_vs_NP","Baseline",303,0.286,0.2
"Combined_vs_NP","Baseline",303,0.287,0.200171428571429
"Combined_vs_NP","Baseline",303,0.288,0.202685714285714
"Combined_vs_NP","Baseline",303,0.289,0.2052
"Combined_vs_NP","Baseline",303,0.29,0.207714285714286
"Combined_vs_NP","Baseline",303,0.291,0.210228571428571
"Combined_vs_NP","Baseline",303,0.292,0.212742857142857
"Combined_vs_NP","Baseline",303,0.293,0.215257142857143
"Combined_vs_NP","Baseline",303,0.294,0.217771428571429
"Combined_vs_NP","Baseline",303,0.295,0.220285714285714
"Combined_vs_NP","Baseline",303,0.296,0.221428571428571
"Combined_vs_NP","Baseline",303,0.297,0.221428571428571
"Combined_vs_NP","Baseline",303,0.298,0.221428571428571
"Combined_vs_NP","Baseline",303,0.299,0.221428571428571
"Combined_vs_NP","Baseline",303,0.3,0.221428571428571
"Combined_vs_NP","Baseline",303,0.301,0.221428571428571
"Combined_vs_NP","Baseline",303,0.302,0.228571428571429
"Combined_vs_NP","Baseline",303,0.303,0.228571428571429
"Combined_vs_NP","Baseline",303,0.304,0.228571428571429
"Combined_vs_NP","Baseline",303,0.305,0.228571428571429
"Combined_vs_NP","Baseline",303,0.306,0.228571428571429
"Combined_vs_NP","Baseline",303,0.307,0.228571428571429
"Combined_vs_NP","Baseline",303,0.308,0.228571428571429
"Combined_vs_NP","Baseline",303,0.309,0.228571428571429
"Combined_vs_NP","Baseline",303,0.31,0.228571428571429
"Combined_vs_NP","Baseline",303,0.311,0.228571428571429
"Combined_vs_NP","Baseline",303,0.312,0.228571428571429
"Combined_vs_NP","Baseline",303,0.313,0.228571428571429
"Combined_vs_NP","Baseline",303,0.314,0.228571428571429
"Combined_vs_NP","Baseline",303,0.315,0.228571428571429
"Combined_vs_NP","Baseline",303,0.316,0.228571428571429
"Combined_vs_NP","Baseline",303,0.317,0.228571428571429
"Combined_vs_NP","Baseline",303,0.318,0.228571428571429
"Combined_vs_NP","Baseline",303,0.319,0.228571428571429
"Combined_vs_NP","Baseline",303,0.32,0.228571428571429
"Combined_vs_NP","Baseline",303,0.321,0.228571428571429
"Combined_vs_NP","Baseline",303,0.322,0.228571428571429
"Combined_vs_NP","Baseline",303,0.323,0.228571428571429
"Combined_vs_NP","Baseline",303,0.324,0.235714285714286
"Combined_vs_NP","Baseline",303,0.325,0.235714285714286
"Combined_vs_NP","Baseline",303,0.326,0.235714285714286
"Combined_vs_NP","Baseline",303,0.327,0.235714285714286
"Combined_vs_NP","Baseline",303,0.328,0.235714285714286
"Combined_vs_NP","Baseline",303,0.329,0.235714285714286
"Combined_vs_NP","Baseline",303,0.33,0.242857142857143
"Combined_vs_NP","Baseline",303,0.331,0.242857142857143
"Combined_vs_NP","Baseline",303,0.332,0.242857142857143
"Combined_vs_NP","Baseline",303,0.333,0.25
"Combined_vs_NP","Baseline",303,0.334,0.25
"Combined_vs_NP","Baseline",303,0.335,0.25
"Combined_vs_NP","Baseline",303,0.336,0.25
"Combined_vs_NP","Baseline",303,0.337,0.25
"Combined_vs_NP","Baseline",303,0.338,0.25
"Combined_vs_NP","Baseline",303,0.339,0.25
"Combined_vs_NP","Baseline",303,0.34,0.25
"Combined_vs_NP","Baseline",303,0.341,0.25
"Combined_vs_NP","Baseline",303,0.342,0.25
"Combined_vs_NP","Baseline",303,0.343,0.25
"Combined_vs_NP","Baseline",303,0.344,0.25
"Combined_vs_NP","Baseline",303,0.345,0.25
"Combined_vs_NP","Baseline",303,0.346,0.25
"Combined_vs_NP","Baseline",303,0.347,0.25
"Combined_vs_NP","Baseline",303,0.348,0.25
"Combined_vs_NP","Baseline",303,0.349,0.25
"Combined_vs_NP","Baseline",303,0.35,0.250714285714286
"Combined_vs_NP","Baseline",303,0.351,0.251971428571429
"Combined_vs_NP","Baseline",303,0.352,0.253228571428571
"Combined_vs_NP","Baseline",303,0.353,0.254485714285714
"Combined_vs_NP","Baseline",303,0.354,0.255742857142857
"Combined_vs_NP","Baseline",303,0.355,0.257
"Combined_vs_NP","Baseline",303,0.356,0.257142857142857
"Combined_vs_NP","Baseline",303,0.357,0.257142857142857
"Combined_vs_NP","Baseline",303,0.358,0.257142857142857
"Combined_vs_NP","Baseline",303,0.359,0.257142857142857
"Combined_vs_NP","Baseline",303,0.36,0.257142857142857
"Combined_vs_NP","Baseline",303,0.361,0.264285714285714
"Combined_vs_NP","Baseline",303,0.362,0.264285714285714
"Combined_vs_NP","Baseline",303,0.363,0.264285714285714
"Combined_vs_NP","Baseline",303,0.364,0.264285714285714
"Combined_vs_NP","Baseline",303,0.365,0.264285714285714
"Combined_vs_NP","Baseline",303,0.366,0.264285714285714
"Combined_vs_NP","Baseline",303,0.367,0.264285714285714
"Combined_vs_NP","Baseline",303,0.368,0.264285714285714
"Combined_vs_NP","Baseline",303,0.369,0.264285714285714
"Combined_vs_NP","Baseline",303,0.37,0.266
"Combined_vs_NP","Baseline",303,0.371,0.268514285714286
"Combined_vs_NP","Baseline",303,0.372,0.271028571428571
"Combined_vs_NP","Baseline",303,0.373,0.271428571428571
"Combined_vs_NP","Baseline",303,0.374,0.271428571428571
"Combined_vs_NP","Baseline",303,0.375,0.278571428571429
"Combined_vs_NP","Baseline",303,0.376,0.278571428571429
"Combined_vs_NP","Baseline",303,0.377,0.278571428571429
"Combined_vs_NP","Baseline",303,0.378,0.278571428571429
"Combined_vs_NP","Baseline",303,0.379,0.278571428571429
"Combined_vs_NP","Baseline",303,0.38,0.278571428571429
"Combined_vs_NP","Baseline",303,0.381,0.285980952380952
"Combined_vs_NP","Baseline",303,0.382,0.286819047619048
"Combined_vs_NP","Baseline",303,0.383,0.287657142857143
"Combined_vs_NP","Baseline",303,0.384,0.295638095238095
"Combined_vs_NP","Baseline",303,0.385,0.296476190476191
"Combined_vs_NP","Baseline",303,0.386,0.297314285714286
"Combined_vs_NP","Baseline",303,0.387,0.298152380952381
"Combined_vs_NP","Baseline",303,0.388,0.298990476190476
"Combined_vs_NP","Baseline",303,0.389,0.299828571428571
"Combined_vs_NP","Baseline",303,0.39,0.301
"Combined_vs_NP","Baseline",303,0.391,0.302257142857143
"Combined_vs_NP","Baseline",303,0.392,0.303514285714286
"Combined_vs_NP","Baseline",303,0.393,0.304771428571429
"Combined_vs_NP","Baseline",303,0.394,0.306028571428571
"Combined_vs_NP","Baseline",303,0.395,0.314285714285714
"Combined_vs_NP","Baseline",303,0.396,0.314285714285714
"Combined_vs_NP","Baseline",303,0.397,0.314285714285714
"Combined_vs_NP","Baseline",303,0.398,0.321428571428571
"Combined_vs_NP","Baseline",303,0.399,0.321428571428571
"Combined_vs_NP","Baseline",303,0.4,0.321428571428571
"Combined_vs_NP","Baseline",303,0.401,0.321428571428571
"Combined_vs_NP","Baseline",303,0.402,0.321428571428571
"Combined_vs_NP","Baseline",303,0.403,0.321428571428571
"Combined_vs_NP","Baseline",303,0.404,0.321428571428571
"Combined_vs_NP","Baseline",303,0.405,0.321428571428571
"Combined_vs_NP","Baseline",303,0.406,0.321428571428571
"Combined_vs_NP","Baseline",303,0.407,0.321428571428571
"Combined_vs_NP","Baseline",303,0.408,0.321428571428571
"Combined_vs_NP","Baseline",303,0.409,0.321428571428571
"Combined_vs_NP","Baseline",303,0.41,0.321428571428571
"Combined_vs_NP","Baseline",303,0.411,0.321428571428571
"Combined_vs_NP","Baseline",303,0.412,0.321428571428571
"Combined_vs_NP","Baseline",303,0.413,0.321428571428571
"Combined_vs_NP","Baseline",303,0.414,0.321428571428571
"Combined_vs_NP","Baseline",303,0.415,0.328571428571429
"Combined_vs_NP","Baseline",303,0.416,0.328571428571429
"Combined_vs_NP","Baseline",303,0.417,0.328571428571429
"Combined_vs_NP","Baseline",303,0.418,0.342857142857143
"Combined_vs_NP","Baseline",303,0.419,0.342857142857143
"Combined_vs_NP","Baseline",303,0.42,0.342857142857143
"Combined_vs_NP","Baseline",303,0.421,0.342857142857143
"Combined_vs_NP","Baseline",303,0.422,0.342857142857143
"Combined_vs_NP","Baseline",303,0.423,0.342857142857143
"Combined_vs_NP","Baseline",303,0.424,0.342857142857143
"Combined_vs_NP","Baseline",303,0.425,0.342857142857143
"Combined_vs_NP","Baseline",303,0.426,0.342857142857143
"Combined_vs_NP","Baseline",303,0.427,0.342857142857143
"Combined_vs_NP","Baseline",303,0.428,0.342857142857143
"Combined_vs_NP","Baseline",303,0.429,0.342857142857143
"Combined_vs_NP","Baseline",303,0.43,0.342857142857143
"Combined_vs_NP","Baseline",303,0.431,0.342857142857143
"Combined_vs_NP","Baseline",303,0.432,0.342857142857143
"Combined_vs_NP","Baseline",303,0.433,0.342857142857143
"Combined_vs_NP","Baseline",303,0.434,0.342857142857143
"Combined_vs_NP","Baseline",303,0.435,0.342857142857143
"Combined_vs_NP","Baseline",303,0.436,0.342857142857143
"Combined_vs_NP","Baseline",303,0.437,0.342857142857143
"Combined_vs_NP","Baseline",303,0.438,0.35
"Combined_vs_NP","Baseline",303,0.439,0.35
"Combined_vs_NP","Baseline",303,0.44,0.35
"Combined_vs_NP","Baseline",303,0.441,0.35
"Combined_vs_NP","Baseline",303,0.442,0.35
"Combined_vs_NP","Baseline",303,0.443,0.35
"Combined_vs_NP","Baseline",303,0.444,0.351028571428571
"Combined_vs_NP","Baseline",303,0.445,0.352285714285714
"Combined_vs_NP","Baseline",303,0.446,0.353542857142857
"Combined_vs_NP","Baseline",303,0.447,0.3548
"Combined_vs_NP","Baseline",303,0.448,0.356057142857143
"Combined_vs_NP","Baseline",303,0.449,0.364285714285714
"Combined_vs_NP","Baseline",303,0.45,0.364285714285714
"Combined_vs_NP","Baseline",303,0.451,0.364285714285714
"Combined_vs_NP","Baseline",303,0.452,0.364285714285714
"Combined_vs_NP","Baseline",303,0.453,0.364285714285714
"Combined_vs_NP","Baseline",303,0.454,0.364285714285714
"Combined_vs_NP","Baseline",303,0.455,0.364285714285714
"Combined_vs_NP","Baseline",303,0.456,0.364285714285714
"Combined_vs_NP","Baseline",303,0.457,0.364285714285714
"Combined_vs_NP","Baseline",303,0.458,0.364285714285714
"Combined_vs_NP","Baseline",303,0.459,0.364285714285714
"Combined_vs_NP","Baseline",303,0.46,0.364285714285714
"Combined_vs_NP","Baseline",303,0.461,0.364285714285714
"Combined_vs_NP","Baseline",303,0.462,0.364285714285714
"Combined_vs_NP","Baseline",303,0.463,0.364285714285714
"Combined_vs_NP","Baseline",303,0.464,0.364285714285714
"Combined_vs_NP","Baseline",303,0.465,0.364285714285714
"Combined_vs_NP","Baseline",303,0.466,0.371428571428571
"Combined_vs_NP","Baseline",303,0.467,0.371428571428571
"Combined_vs_NP","Baseline",303,0.468,0.371428571428571
"Combined_vs_NP","Baseline",303,0.469,0.371428571428571
"Combined_vs_NP","Baseline",303,0.47,0.371428571428571
"Combined_vs_NP","Baseline",303,0.471,0.371428571428571
"Combined_vs_NP","Baseline",303,0.472,0.371771428571429
"Combined_vs_NP","Baseline",303,0.473,0.372609523809524
"Combined_vs_NP","Baseline",303,0.474,0.373447619047619
"Combined_vs_NP","Baseline",303,0.475,0.381428571428572
"Combined_vs_NP","Baseline",303,0.476,0.382266666666667
"Combined_vs_NP","Baseline",303,0.477,0.383104761904762
"Combined_vs_NP","Baseline",303,0.478,0.384857142857143
"Combined_vs_NP","Baseline",303,0.479,0.386952380952381
"Combined_vs_NP","Baseline",303,0.48,0.389047619047619
"Combined_vs_NP","Baseline",303,0.481,0.3904
"Combined_vs_NP","Baseline",303,0.482,0.391657142857143
"Combined_vs_NP","Baseline",303,0.483,0.392857142857143
"Combined_vs_NP","Baseline",303,0.484,0.392857142857143
"Combined_vs_NP","Baseline",303,0.485,0.392857142857143
"Combined_vs_NP","Baseline",303,0.486,0.4
"Combined_vs_NP","Baseline",303,0.487,0.4
"Combined_vs_NP","Baseline",303,0.488,0.4
"Combined_vs_NP","Baseline",303,0.489,0.4
"Combined_vs_NP","Baseline",303,0.49,0.4
"Combined_vs_NP","Baseline",303,0.491,0.4
"Combined_vs_NP","Baseline",303,0.492,0.4
"Combined_vs_NP","Baseline",303,0.493,0.4
"Combined_vs_NP","Baseline",303,0.494,0.4
"Combined_vs_NP","Baseline",303,0.495,0.4
"Combined_vs_NP","Baseline",303,0.496,0.4
"Combined_vs_NP","Baseline",303,0.497,0.4
"Combined_vs_NP","Baseline",303,0.498,0.4164
"Combined_vs_NP","Baseline",303,0.499,0.418914285714286
"Combined_vs_NP","Baseline",303,0.5,0.421428571428571
"Combined_vs_NP","Baseline",303,0.501,0.423942857142857
"Combined_vs_NP","Baseline",303,0.502,0.426457142857143
"Combined_vs_NP","Baseline",303,0.503,0.428571428571429
"Combined_vs_NP","Baseline",303,0.504,0.428571428571429
"Combined_vs_NP","Baseline",303,0.505,0.428571428571429
"Combined_vs_NP","Baseline",303,0.506,0.428571428571429
"Combined_vs_NP","Baseline",303,0.507,0.428571428571429
"Combined_vs_NP","Baseline",303,0.508,0.428571428571429
"Combined_vs_NP","Baseline",303,0.509,0.428571428571429
"Combined_vs_NP","Baseline",303,0.51,0.428571428571429
"Combined_vs_NP","Baseline",303,0.511,0.428571428571429
"Combined_vs_NP","Baseline",303,0.512,0.428571428571429
"Combined_vs_NP","Baseline",303,0.513,0.428571428571429
"Combined_vs_NP","Baseline",303,0.514,0.428571428571429
"Combined_vs_NP","Baseline",303,0.515,0.428571428571429
"Combined_vs_NP","Baseline",303,0.516,0.428571428571429
"Combined_vs_NP","Baseline",303,0.517,0.428571428571429
"Combined_vs_NP","Baseline",303,0.518,0.428571428571429
"Combined_vs_NP","Baseline",303,0.519,0.428571428571429
"Combined_vs_NP","Baseline",303,0.52,0.428571428571429
"Combined_vs_NP","Baseline",303,0.521,0.428571428571429
"Combined_vs_NP","Baseline",303,0.522,0.428571428571429
"Combined_vs_NP","Baseline",303,0.523,0.428571428571429
"Combined_vs_NP","Baseline",303,0.524,0.428571428571429
"Combined_vs_NP","Baseline",303,0.525,0.428571428571429
"Combined_vs_NP","Baseline",303,0.526,0.428571428571429
"Combined_vs_NP","Baseline",303,0.527,0.428571428571429
"Combined_vs_NP","Baseline",303,0.528,0.428571428571429
"Combined_vs_NP","Baseline",303,0.529,0.430057142857143
"Combined_vs_NP","Baseline",303,0.53,0.432571428571429
"Combined_vs_NP","Baseline",303,0.531,0.435085714285714
"Combined_vs_NP","Baseline",303,0.532,0.435714285714286
"Combined_vs_NP","Baseline",303,0.533,0.435714285714286
"Combined_vs_NP","Baseline",303,0.534,0.435714285714286
"Combined_vs_NP","Baseline",303,0.535,0.442857142857143
"Combined_vs_NP","Baseline",303,0.536,0.442857142857143
"Combined_vs_NP","Baseline",303,0.537,0.45
"Combined_vs_NP","Baseline",303,0.538,0.45
"Combined_vs_NP","Baseline",303,0.539,0.45
"Combined_vs_NP","Baseline",303,0.54,0.45
"Combined_vs_NP","Baseline",303,0.541,0.45
"Combined_vs_NP","Baseline",303,0.542,0.45
"Combined_vs_NP","Baseline",303,0.543,0.457142857142857
"Combined_vs_NP","Baseline",303,0.544,0.457142857142857
"Combined_vs_NP","Baseline",303,0.545,0.457142857142857
"Combined_vs_NP","Baseline",303,0.546,0.471428571428571
"Combined_vs_NP","Baseline",303,0.547,0.471428571428571
"Combined_vs_NP","Baseline",303,0.548,0.471428571428571
"Combined_vs_NP","Baseline",303,0.549,0.471428571428571
"Combined_vs_NP","Baseline",303,0.55,0.471428571428571
"Combined_vs_NP","Baseline",303,0.551,0.471428571428571
"Combined_vs_NP","Baseline",303,0.552,0.471428571428571
"Combined_vs_NP","Baseline",303,0.553,0.471428571428571
"Combined_vs_NP","Baseline",303,0.554,0.478571428571429
"Combined_vs_NP","Baseline",303,0.555,0.478571428571429
"Combined_vs_NP","Baseline",303,0.556,0.478571428571429
"Combined_vs_NP","Baseline",303,0.557,0.478571428571429
"Combined_vs_NP","Baseline",303,0.558,0.478571428571429
"Combined_vs_NP","Baseline",303,0.559,0.478571428571429
"Combined_vs_NP","Baseline",303,0.56,0.478571428571429
"Combined_vs_NP","Baseline",303,0.561,0.478571428571429
"Combined_vs_NP","Baseline",303,0.562,0.478571428571429
"Combined_vs_NP","Baseline",303,0.563,0.485714285714286
"Combined_vs_NP","Baseline",303,0.564,0.485714285714286
"Combined_vs_NP","Baseline",303,0.565,0.485714285714286
"Combined_vs_NP","Baseline",303,0.566,0.485714285714286
"Combined_vs_NP","Baseline",303,0.567,0.485714285714286
"Combined_vs_NP","Baseline",303,0.568,0.485714285714286
"Combined_vs_NP","Baseline",303,0.569,0.485714285714286
"Combined_vs_NP","Baseline",303,0.57,0.485714285714286
"Combined_vs_NP","Baseline",303,0.571,0.485714285714286
"Combined_vs_NP","Baseline",303,0.572,0.485714285714286
"Combined_vs_NP","Baseline",303,0.573,0.485714285714286
"Combined_vs_NP","Baseline",303,0.574,0.486057142857143
"Combined_vs_NP","Baseline",303,0.575,0.488571428571429
"Combined_vs_NP","Baseline",303,0.576,0.491085714285714
"Combined_vs_NP","Baseline",303,0.577,0.5
"Combined_vs_NP","Baseline",303,0.578,0.5
"Combined_vs_NP","Baseline",303,0.579,0.5
"Combined_vs_NP","Baseline",303,0.58,0.5
"Combined_vs_NP","Baseline",303,0.581,0.5
"Combined_vs_NP","Baseline",303,0.582,0.5
"Combined_vs_NP","Baseline",303,0.583,0.507142857142857
"Combined_vs_NP","Baseline",303,0.584,0.507142857142857
"Combined_vs_NP","Baseline",303,0.585,0.507142857142857
"Combined_vs_NP","Baseline",303,0.586,0.507142857142857
"Combined_vs_NP","Baseline",303,0.587,0.507142857142857
"Combined_vs_NP","Baseline",303,0.588,0.507142857142857
"Combined_vs_NP","Baseline",303,0.589,0.509485714285714
"Combined_vs_NP","Baseline",303,0.59,0.512
"Combined_vs_NP","Baseline",303,0.591,0.521885714285714
"Combined_vs_NP","Baseline",303,0.592,0.526914285714286
"Combined_vs_NP","Baseline",303,0.593,0.531942857142857
"Combined_vs_NP","Baseline",303,0.594,0.535923809523809
"Combined_vs_NP","Baseline",303,0.595,0.536761904761905
"Combined_vs_NP","Baseline",303,0.596,0.5376
"Combined_vs_NP","Baseline",303,0.597,0.538438095238095
"Combined_vs_NP","Baseline",303,0.598,0.53927619047619
"Combined_vs_NP","Baseline",303,0.599,0.540114285714286
"Combined_vs_NP","Baseline",303,0.6,0.543809523809524
"Combined_vs_NP","Baseline",303,0.601,0.54967619047619
"Combined_vs_NP","Baseline",303,0.602,0.555542857142857
"Combined_vs_NP","Baseline",303,0.603,0.571428571428571
"Combined_vs_NP","Baseline",303,0.604,0.571428571428571
"Combined_vs_NP","Baseline",303,0.605,0.571428571428571
"Combined_vs_NP","Baseline",303,0.606,0.578571428571429
"Combined_vs_NP","Baseline",303,0.607,0.578571428571429
"Combined_vs_NP","Baseline",303,0.608,0.578685714285714
"Combined_vs_NP","Baseline",303,0.609,0.5812
"Combined_vs_NP","Baseline",303,0.61,0.583714285714286
"Combined_vs_NP","Baseline",303,0.611,0.585714285714286
"Combined_vs_NP","Baseline",303,0.612,0.585714285714286
"Combined_vs_NP","Baseline",303,0.613,0.585714285714286
"Combined_vs_NP","Baseline",303,0.614,0.586628571428571
"Combined_vs_NP","Baseline",303,0.615,0.589142857142857
"Combined_vs_NP","Baseline",303,0.616,0.591657142857143
"Combined_vs_NP","Baseline",303,0.617,0.600657142857143
"Combined_vs_NP","Baseline",303,0.618,0.601914285714286
"Combined_vs_NP","Baseline",303,0.619,0.603171428571429
"Combined_vs_NP","Baseline",303,0.62,0.611571428571429
"Combined_vs_NP","Baseline",303,0.621,0.612828571428571
"Combined_vs_NP","Baseline",303,0.622,0.614085714285714
"Combined_vs_NP","Baseline",303,0.623,0.614285714285714
"Combined_vs_NP","Baseline",303,0.624,0.614285714285714
"Combined_vs_NP","Baseline",303,0.625,0.614285714285714
"Combined_vs_NP","Baseline",303,0.626,0.614285714285714
"Combined_vs_NP","Baseline",303,0.627,0.614285714285714
"Combined_vs_NP","Baseline",303,0.628,0.622228571428571
"Combined_vs_NP","Baseline",303,0.629,0.627257142857143
"Combined_vs_NP","Baseline",303,0.63,0.632285714285714
"Combined_vs_NP","Baseline",303,0.631,0.635714285714286
"Combined_vs_NP","Baseline",303,0.632,0.635714285714286
"Combined_vs_NP","Baseline",303,0.633,0.635714285714286
"Combined_vs_NP","Baseline",303,0.634,0.65
"Combined_vs_NP","Baseline",303,0.635,0.65
"Combined_vs_NP","Baseline",303,0.636,0.65
"Combined_vs_NP","Baseline",303,0.637,0.65
"Combined_vs_NP","Baseline",303,0.638,0.65
"Combined_vs_NP","Baseline",303,0.639,0.65
"Combined_vs_NP","Baseline",303,0.64,0.652
"Combined_vs_NP","Baseline",303,0.641,0.654514285714286
"Combined_vs_NP","Baseline",303,0.642,0.657028571428572
"Combined_vs_NP","Baseline",303,0.643,0.664285714285714
"Combined_vs_NP","Baseline",303,0.644,0.664285714285714
"Combined_vs_NP","Baseline",303,0.645,0.671428571428571
"Combined_vs_NP","Baseline",303,0.646,0.671428571428571
"Combined_vs_NP","Baseline",303,0.647,0.671428571428571
"Combined_vs_NP","Baseline",303,0.648,0.678571428571429
"Combined_vs_NP","Baseline",303,0.649,0.678571428571429
"Combined_vs_NP","Baseline",303,0.65,0.678571428571429
"Combined_vs_NP","Baseline",303,0.651,0.678571428571429
"Combined_vs_NP","Baseline",303,0.652,0.678571428571429
"Combined_vs_NP","Baseline",303,0.653,0.678571428571429
"Combined_vs_NP","Baseline",303,0.654,0.678571428571429
"Combined_vs_NP","Baseline",303,0.655,0.678571428571429
"Combined_vs_NP","Baseline",303,0.656,0.678571428571429
"Combined_vs_NP","Baseline",303,0.657,0.678571428571429
"Combined_vs_NP","Baseline",303,0.658,0.678571428571429
"Combined_vs_NP","Baseline",303,0.659,0.678571428571429
"Combined_vs_NP","Baseline",303,0.66,0.678571428571429
"Combined_vs_NP","Baseline",303,0.661,0.678571428571429
"Combined_vs_NP","Baseline",303,0.662,0.678571428571429
"Combined_vs_NP","Baseline",303,0.663,0.678571428571429
"Combined_vs_NP","Baseline",303,0.664,0.678571428571429
"Combined_vs_NP","Baseline",303,0.665,0.678571428571429
"Combined_vs_NP","Baseline",303,0.666,0.678571428571429
"Combined_vs_NP","Baseline",303,0.667,0.678571428571429
"Combined_vs_NP","Baseline",303,0.668,0.678571428571429
"Combined_vs_NP","Baseline",303,0.669,0.678571428571429
"Combined_vs_NP","Baseline",303,0.67,0.678571428571429
"Combined_vs_NP","Baseline",303,0.671,0.678571428571429
"Combined_vs_NP","Baseline",303,0.672,0.678571428571429
"Combined_vs_NP","Baseline",303,0.673,0.678571428571429
"Combined_vs_NP","Baseline",303,0.674,0.678571428571429
"Combined_vs_NP","Baseline",303,0.675,0.678571428571429
"Combined_vs_NP","Baseline",303,0.676,0.678571428571429
"Combined_vs_NP","Baseline",303,0.677,0.678571428571429
"Combined_vs_NP","Baseline",303,0.678,0.678571428571429
"Combined_vs_NP","Baseline",303,0.679,0.678571428571429
"Combined_vs_NP","Baseline",303,0.68,0.678571428571429
"Combined_vs_NP","Baseline",303,0.681,0.678571428571429
"Combined_vs_NP","Baseline",303,0.682,0.678571428571429
"Combined_vs_NP","Baseline",303,0.683,0.678571428571429
"Combined_vs_NP","Baseline",303,0.684,0.678571428571429
"Combined_vs_NP","Baseline",303,0.685,0.678571428571429
"Combined_vs_NP","Baseline",303,0.686,0.678571428571429
"Combined_vs_NP","Baseline",303,0.687,0.678571428571429
"Combined_vs_NP","Baseline",303,0.688,0.678571428571429
"Combined_vs_NP","Baseline",303,0.689,0.678571428571429
"Combined_vs_NP","Baseline",303,0.69,0.678571428571429
"Combined_vs_NP","Baseline",303,0.691,0.680228571428572
"Combined_vs_NP","Baseline",303,0.692,0.682742857142857
"Combined_vs_NP","Baseline",303,0.693,0.685257142857143
"Combined_vs_NP","Baseline",303,0.694,0.685714285714286
"Combined_vs_NP","Baseline",303,0.695,0.685714285714286
"Combined_vs_NP","Baseline",303,0.696,0.685714285714286
"Combined_vs_NP","Baseline",303,0.697,0.685714285714286
"Combined_vs_NP","Baseline",303,0.698,0.685714285714286
"Combined_vs_NP","Baseline",303,0.699,0.685714285714286
"Combined_vs_NP","Baseline",303,0.7,0.685714285714286
"Combined_vs_NP","Baseline",303,0.701,0.685714285714286
"Combined_vs_NP","Baseline",303,0.702,0.685714285714286
"Combined_vs_NP","Baseline",303,0.703,0.685714285714286
"Combined_vs_NP","Baseline",303,0.704,0.685714285714286
"Combined_vs_NP","Baseline",303,0.705,0.685714285714286
"Combined_vs_NP","Baseline",303,0.706,0.685714285714286
"Combined_vs_NP","Baseline",303,0.707,0.685714285714286
"Combined_vs_NP","Baseline",303,0.708,0.685714285714286
"Combined_vs_NP","Baseline",303,0.709,0.685714285714286
"Combined_vs_NP","Baseline",303,0.71,0.685714285714286
"Combined_vs_NP","Baseline",303,0.711,0.692857142857143
"Combined_vs_NP","Baseline",303,0.712,0.692857142857143
"Combined_vs_NP","Baseline",303,0.713,0.692857142857143
"Combined_vs_NP","Baseline",303,0.714,0.692857142857143
"Combined_vs_NP","Baseline",303,0.715,0.692857142857143
"Combined_vs_NP","Baseline",303,0.716,0.692857142857143
"Combined_vs_NP","Baseline",303,0.717,0.692857142857143
"Combined_vs_NP","Baseline",303,0.718,0.692857142857143
"Combined_vs_NP","Baseline",303,0.719,0.692857142857143
"Combined_vs_NP","Baseline",303,0.72,0.692857142857143
"Combined_vs_NP","Baseline",303,0.721,0.692857142857143
"Combined_vs_NP","Baseline",303,0.722,0.693885714285714
"Combined_vs_NP","Baseline",303,0.723,0.6964
"Combined_vs_NP","Baseline",303,0.724,0.698914285714286
"Combined_vs_NP","Baseline",303,0.725,0.7
"Combined_vs_NP","Baseline",303,0.726,0.7
"Combined_vs_NP","Baseline",303,0.727,0.7
"Combined_vs_NP","Baseline",303,0.728,0.7
"Combined_vs_NP","Baseline",303,0.729,0.7
"Combined_vs_NP","Baseline",303,0.73,0.7
"Combined_vs_NP","Baseline",303,0.731,0.7
"Combined_vs_NP","Baseline",303,0.732,0.7
"Combined_vs_NP","Baseline",303,0.733,0.7
"Combined_vs_NP","Baseline",303,0.734,0.7
"Combined_vs_NP","Baseline",303,0.735,0.7
"Combined_vs_NP","Baseline",303,0.736,0.7
"Combined_vs_NP","Baseline",303,0.737,0.7
"Combined_vs_NP","Baseline",303,0.738,0.7
"Combined_vs_NP","Baseline",303,0.739,0.7
"Combined_vs_NP","Baseline",303,0.74,0.7
"Combined_vs_NP","Baseline",303,0.741,0.7
"Combined_vs_NP","Baseline",303,0.742,0.701314285714286
"Combined_vs_NP","Baseline",303,0.743,0.703828571428571
"Combined_vs_NP","Baseline",303,0.744,0.706342857142857
"Combined_vs_NP","Baseline",303,0.745,0.707714285714286
"Combined_vs_NP","Baseline",303,0.746,0.708552380952381
"Combined_vs_NP","Baseline",303,0.747,0.709390476190476
"Combined_vs_NP","Baseline",303,0.748,0.710228571428571
"Combined_vs_NP","Baseline",303,0.749,0.711066666666667
"Combined_vs_NP","Baseline",303,0.75,0.711904761904762
"Combined_vs_NP","Baseline",303,0.751,0.712742857142857
"Combined_vs_NP","Baseline",303,0.752,0.713580952380952
"Combined_vs_NP","Baseline",303,0.753,0.714285714285714
"Combined_vs_NP","Baseline",303,0.754,0.714285714285714
"Combined_vs_NP","Baseline",303,0.755,0.714285714285714
"Combined_vs_NP","Baseline",303,0.756,0.714285714285714
"Combined_vs_NP","Baseline",303,0.757,0.714285714285714
"Combined_vs_NP","Baseline",303,0.758,0.714285714285714
"Combined_vs_NP","Baseline",303,0.759,0.714285714285714
"Combined_vs_NP","Baseline",303,0.76,0.714285714285714
"Combined_vs_NP","Baseline",303,0.761,0.714285714285714
"Combined_vs_NP","Baseline",303,0.762,0.714285714285714
"Combined_vs_NP","Baseline",303,0.763,0.714285714285714
"Combined_vs_NP","Baseline",303,0.764,0.714285714285714
"Combined_vs_NP","Baseline",303,0.765,0.714285714285714
"Combined_vs_NP","Baseline",303,0.766,0.714285714285714
"Combined_vs_NP","Baseline",303,0.767,0.714285714285714
"Combined_vs_NP","Baseline",303,0.768,0.714285714285714
"Combined_vs_NP","Baseline",303,0.769,0.714285714285714
"Combined_vs_NP","Baseline",303,0.77,0.714285714285714
"Combined_vs_NP","Baseline",303,0.771,0.714285714285714
"Combined_vs_NP","Baseline",303,0.772,0.714285714285714
"Combined_vs_NP","Baseline",303,0.773,0.714285714285714
"Combined_vs_NP","Baseline",303,0.774,0.714285714285714
"Combined_vs_NP","Baseline",303,0.775,0.714285714285714
"Combined_vs_NP","Baseline",303,0.776,0.714285714285714
"Combined_vs_NP","Baseline",303,0.777,0.714285714285714
"Combined_vs_NP","Baseline",303,0.778,0.714285714285714
"Combined_vs_NP","Baseline",303,0.779,0.714285714285714
"Combined_vs_NP","Baseline",303,0.78,0.714285714285714
"Combined_vs_NP","Baseline",303,0.781,0.714285714285714
"Combined_vs_NP","Baseline",303,0.782,0.714285714285714
"Combined_vs_NP","Baseline",303,0.783,0.714285714285714
"Combined_vs_NP","Baseline",303,0.784,0.714285714285714
"Combined_vs_NP","Baseline",303,0.785,0.714285714285714
"Combined_vs_NP","Baseline",303,0.786,0.714285714285714
"Combined_vs_NP","Baseline",303,0.787,0.714285714285714
"Combined_vs_NP","Baseline",303,0.788,0.714285714285714
"Combined_vs_NP","Baseline",303,0.789,0.714285714285714
"Combined_vs_NP","Baseline",303,0.79,0.714285714285714
"Combined_vs_NP","Baseline",303,0.791,0.714285714285714
"Combined_vs_NP","Baseline",303,0.792,0.714285714285714
"Combined_vs_NP","Baseline",303,0.793,0.715257142857143
"Combined_vs_NP","Baseline",303,0.794,0.717771428571429
"Combined_vs_NP","Baseline",303,0.795,0.720285714285714
"Combined_vs_NP","Baseline",303,0.796,0.721428571428571
"Combined_vs_NP","Baseline",303,0.797,0.721428571428571
"Combined_vs_NP","Baseline",303,0.798,0.721428571428571
"Combined_vs_NP","Baseline",303,0.799,0.729457142857143
"Combined_vs_NP","Baseline",303,0.8,0.730714285714286
"Combined_vs_NP","Baseline",303,0.801,0.731971428571429
"Combined_vs_NP","Baseline",303,0.802,0.733228571428571
"Combined_vs_NP","Baseline",303,0.803,0.734485714285714
"Combined_vs_NP","Baseline",303,0.804,0.735714285714286
"Combined_vs_NP","Baseline",303,0.805,0.735714285714286
"Combined_vs_NP","Baseline",303,0.806,0.735714285714286
"Combined_vs_NP","Baseline",303,0.807,0.742857142857143
"Combined_vs_NP","Baseline",303,0.808,0.742857142857143
"Combined_vs_NP","Baseline",303,0.809,0.742857142857143
"Combined_vs_NP","Baseline",303,0.81,0.75
"Combined_vs_NP","Baseline",303,0.811,0.75
"Combined_vs_NP","Baseline",303,0.812,0.75
"Combined_vs_NP","Baseline",303,0.813,0.771428571428571
"Combined_vs_NP","Baseline",303,0.814,0.771428571428571
"Combined_vs_NP","Baseline",303,0.815,0.771428571428571
"Combined_vs_NP","Baseline",303,0.816,0.771428571428571
"Combined_vs_NP","Baseline",303,0.817,0.771428571428571
"Combined_vs_NP","Baseline",303,0.818,0.771428571428571
"Combined_vs_NP","Baseline",303,0.819,0.7796
"Combined_vs_NP","Baseline",303,0.82,0.780857142857143
"Combined_vs_NP","Baseline",303,0.821,0.782114285714286
"Combined_vs_NP","Baseline",303,0.822,0.783371428571429
"Combined_vs_NP","Baseline",303,0.823,0.784628571428571
"Combined_vs_NP","Baseline",303,0.824,0.785714285714286
"Combined_vs_NP","Baseline",303,0.825,0.785714285714286
"Combined_vs_NP","Baseline",303,0.826,0.785714285714286
"Combined_vs_NP","Baseline",303,0.827,0.785714285714286
"Combined_vs_NP","Baseline",303,0.828,0.785714285714286
"Combined_vs_NP","Baseline",303,0.829,0.785714285714286
"Combined_vs_NP","Baseline",303,0.83,0.785714285714286
"Combined_vs_NP","Baseline",303,0.831,0.785714285714286
"Combined_vs_NP","Baseline",303,0.832,0.785714285714286
"Combined_vs_NP","Baseline",303,0.833,0.785714285714286
"Combined_vs_NP","Baseline",303,0.834,0.785714285714286
"Combined_vs_NP","Baseline",303,0.835,0.785714285714286
"Combined_vs_NP","Baseline",303,0.836,0.792857142857143
"Combined_vs_NP","Baseline",303,0.837,0.792857142857143
"Combined_vs_NP","Baseline",303,0.838,0.792857142857143
"Combined_vs_NP","Baseline",303,0.839,0.792857142857143
"Combined_vs_NP","Baseline",303,0.84,0.792857142857143
"Combined_vs_NP","Baseline",303,0.841,0.8
"Combined_vs_NP","Baseline",303,0.842,0.8
"Combined_vs_NP","Baseline",303,0.843,0.8
"Combined_vs_NP","Baseline",303,0.844,0.8
"Combined_vs_NP","Baseline",303,0.845,0.8
"Combined_vs_NP","Baseline",303,0.846,0.8
"Combined_vs_NP","Baseline",303,0.847,0.807142857142857
"Combined_vs_NP","Baseline",303,0.848,0.807142857142857
"Combined_vs_NP","Baseline",303,0.849,0.807142857142857
"Combined_vs_NP","Baseline",303,0.85,0.814285714285714
"Combined_vs_NP","Baseline",303,0.851,0.814285714285714
"Combined_vs_NP","Baseline",303,0.852,0.814285714285714
"Combined_vs_NP","Baseline",303,0.853,0.814285714285714
"Combined_vs_NP","Baseline",303,0.854,0.814285714285714
"Combined_vs_NP","Baseline",303,0.855,0.814285714285714
"Combined_vs_NP","Baseline",303,0.856,0.814285714285714
"Combined_vs_NP","Baseline",303,0.857,0.814285714285714
"Combined_vs_NP","Baseline",303,0.858,0.814285714285714
"Combined_vs_NP","Baseline",303,0.859,0.814285714285714
"Combined_vs_NP","Baseline",303,0.86,0.814285714285714
"Combined_vs_NP","Baseline",303,0.861,0.814285714285714
"Combined_vs_NP","Baseline",303,0.862,0.814285714285714
"Combined_vs_NP","Baseline",303,0.863,0.814285714285714
"Combined_vs_NP","Baseline",303,0.864,0.814285714285714
"Combined_vs_NP","Baseline",303,0.865,0.814285714285714
"Combined_vs_NP","Baseline",303,0.866,0.814285714285714
"Combined_vs_NP","Baseline",303,0.867,0.814285714285714
"Combined_vs_NP","Baseline",303,0.868,0.814285714285714
"Combined_vs_NP","Baseline",303,0.869,0.814285714285714
"Combined_vs_NP","Baseline",303,0.87,0.821428571428571
"Combined_vs_NP","Baseline",303,0.871,0.821428571428571
"Combined_vs_NP","Baseline",303,0.872,0.821428571428571
"Combined_vs_NP","Baseline",303,0.873,0.821428571428571
"Combined_vs_NP","Baseline",303,0.874,0.821428571428571
"Combined_vs_NP","Baseline",303,0.875,0.821428571428571
"Combined_vs_NP","Baseline",303,0.876,0.821428571428571
"Combined_vs_NP","Baseline",303,0.877,0.821428571428571
"Combined_vs_NP","Baseline",303,0.878,0.821428571428571
"Combined_vs_NP","Baseline",303,0.879,0.821428571428571
"Combined_vs_NP","Baseline",303,0.88,0.821428571428571
"Combined_vs_NP","Baseline",303,0.881,0.821428571428571
"Combined_vs_NP","Baseline",303,0.882,0.821428571428571
"Combined_vs_NP","Baseline",303,0.883,0.821428571428571
"Combined_vs_NP","Baseline",303,0.884,0.821428571428571
"Combined_vs_NP","Baseline",303,0.885,0.821428571428571
"Combined_vs_NP","Baseline",303,0.886,0.821428571428571
"Combined_vs_NP","Baseline",303,0.887,0.821428571428571
"Combined_vs_NP","Baseline",303,0.888,0.821428571428571
"Combined_vs_NP","Baseline",303,0.889,0.821428571428571
"Combined_vs_NP","Baseline",303,0.89,0.821428571428571
"Combined_vs_NP","Baseline",303,0.891,0.821428571428571
"Combined_vs_NP","Baseline",303,0.892,0.821428571428571
"Combined_vs_NP","Baseline",303,0.893,0.821428571428571
"Combined_vs_NP","Baseline",303,0.894,0.821428571428571
"Combined_vs_NP","Baseline",303,0.895,0.821428571428571
"Combined_vs_NP","Baseline",303,0.896,0.821428571428571
"Combined_vs_NP","Baseline",303,0.897,0.821428571428571
"Combined_vs_NP","Baseline",303,0.898,0.821428571428571
"Combined_vs_NP","Baseline",303,0.899,0.821428571428571
"Combined_vs_NP","Baseline",303,0.9,0.821428571428571
"Combined_vs_NP","Baseline",303,0.901,0.821428571428571
"Combined_vs_NP","Baseline",303,0.902,0.821428571428571
"Combined_vs_NP","Baseline",303,0.903,0.821428571428571
"Combined_vs_NP","Baseline",303,0.904,0.821428571428571
"Combined_vs_NP","Baseline",303,0.905,0.821428571428571
"Combined_vs_NP","Baseline",303,0.906,0.821428571428571
"Combined_vs_NP","Baseline",303,0.907,0.821428571428571
"Combined_vs_NP","Baseline",303,0.908,0.821428571428571
"Combined_vs_NP","Baseline",303,0.909,0.821428571428571
"Combined_vs_NP","Baseline",303,0.91,0.821428571428571
"Combined_vs_NP","Baseline",303,0.911,0.821428571428571
"Combined_vs_NP","Baseline",303,0.912,0.821428571428571
"Combined_vs_NP","Baseline",303,0.913,0.821428571428571
"Combined_vs_NP","Baseline",303,0.914,0.821428571428571
"Combined_vs_NP","Baseline",303,0.915,0.821428571428571
"Combined_vs_NP","Baseline",303,0.916,0.821428571428571
"Combined_vs_NP","Baseline",303,0.917,0.821428571428571
"Combined_vs_NP","Baseline",303,0.918,0.821428571428571
"Combined_vs_NP","Baseline",303,0.919,0.821428571428571
"Combined_vs_NP","Baseline",303,0.92,0.821428571428571
"Combined_vs_NP","Baseline",303,0.921,0.821428571428571
"Combined_vs_NP","Baseline",303,0.922,0.821428571428571
"Combined_vs_NP","Baseline",303,0.923,0.821428571428571
"Combined_vs_NP","Baseline",303,0.924,0.821428571428571
"Combined_vs_NP","Baseline",303,0.925,0.821428571428571
"Combined_vs_NP","Baseline",303,0.926,0.821428571428571
"Combined_vs_NP","Baseline",303,0.927,0.821428571428571
"Combined_vs_NP","Baseline",303,0.928,0.821428571428571
"Combined_vs_NP","Baseline",303,0.929,0.821428571428571
"Combined_vs_NP","Baseline",303,0.93,0.821428571428571
"Combined_vs_NP","Baseline",303,0.931,0.821428571428571
"Combined_vs_NP","Baseline",303,0.932,0.821428571428571
"Combined_vs_NP","Baseline",303,0.933,0.821428571428571
"Combined_vs_NP","Baseline",303,0.934,0.821428571428571
"Combined_vs_NP","Baseline",303,0.935,0.821428571428571
"Combined_vs_NP","Baseline",303,0.936,0.821428571428571
"Combined_vs_NP","Baseline",303,0.937,0.821428571428571
"Combined_vs_NP","Baseline",303,0.938,0.821428571428571
"Combined_vs_NP","Baseline",303,0.939,0.821428571428571
"Combined_vs_NP","Baseline",303,0.94,0.821428571428571
"Combined_vs_NP","Baseline",303,0.941,0.821428571428571
"Combined_vs_NP","Baseline",303,0.942,0.821428571428571
"Combined_vs_NP","Baseline",303,0.943,0.821428571428571
"Combined_vs_NP","Baseline",303,0.944,0.828571428571429
"Combined_vs_NP","Baseline",303,0.945,0.828571428571429
"Combined_vs_NP","Baseline",303,0.946,0.828571428571429
"Combined_vs_NP","Baseline",303,0.947,0.828571428571429
"Combined_vs_NP","Baseline",303,0.948,0.828571428571429
"Combined_vs_NP","Baseline",303,0.949,0.828571428571429
"Combined_vs_NP","Baseline",303,0.95,0.828571428571429
"Combined_vs_NP","Baseline",303,0.951,0.828571428571429
"Combined_vs_NP","Baseline",303,0.952,0.829314285714286
"Combined_vs_NP","Baseline",303,0.953,0.831828571428572
"Combined_vs_NP","Baseline",303,0.954,0.834342857142857
"Combined_vs_NP","Baseline",303,0.955,0.85
"Combined_vs_NP","Baseline",303,0.956,0.85
"Combined_vs_NP","Baseline",303,0.957,0.85
"Combined_vs_NP","Baseline",303,0.958,0.886742857142857
"Combined_vs_NP","Baseline",303,0.959,0.888419047619048
"Combined_vs_NP","Baseline",303,0.96,0.890095238095238
"Combined_vs_NP","Baseline",303,0.961,0.908
"Combined_vs_NP","Baseline",303,0.962,0.912190476190476
"Combined_vs_NP","Baseline",303,0.963,0.916380952380952
"Combined_vs_NP","Baseline",303,0.964,0.920571428571428
"Combined_vs_NP","Baseline",303,0.965,0.924761904761905
"Combined_vs_NP","Baseline",303,0.966,0.928571428571429
"Combined_vs_NP","Baseline",303,0.967,0.928571428571429
"Combined_vs_NP","Baseline",303,0.968,0.928571428571429
"Combined_vs_NP","Baseline",303,0.969,0.928571428571429
"Combined_vs_NP","Baseline",303,0.97,0.928571428571429
"Combined_vs_NP","Baseline",303,0.971,0.928571428571429
"Combined_vs_NP","Baseline",303,0.972,0.978571428571429
"Combined_vs_NP","Baseline",303,0.973,0.978571428571429
"Combined_vs_NP","Baseline",303,0.974,0.978571428571429
"Combined_vs_NP","Baseline",303,0.975,0.985714285714286
"Combined_vs_NP","Baseline",303,0.976,0.985714285714286
"Combined_vs_NP","Baseline",303,0.977,0.985714285714286
"Combined_vs_NP","Baseline",303,0.978,0.992857142857143
"Combined_vs_NP","Baseline",303,0.979,0.992857142857143
"Combined_vs_NP","Baseline",303,0.98,0.992857142857143
"Combined_vs_NP","Baseline",303,0.981,0.992857142857143
"Combined_vs_NP","Baseline",303,0.982,0.992857142857143
"Combined_vs_NP","Baseline",303,0.983,1
"Combined_vs_NP","Baseline",303,0.984,1
"Combined_vs_NP","Baseline",303,0.985,1
"Combined_vs_NP","Baseline",303,0.986,1
"Combined_vs_NP","Baseline",303,0.987,1
"Combined_vs_NP","Baseline",303,0.988,1
"Combined_vs_NP","Baseline",303,0.989,1
"Combined_vs_NP","Baseline",303,0.99,1
"Combined_vs_NP","Baseline",303,0.991,1
"Combined_vs_NP","Baseline",303,0.992,1
"Combined_vs_NP","Baseline",303,0.993,1
"Combined_vs_NP","Baseline",303,0.994,1
"Combined_vs_NP","Baseline",303,0.995,1
"Combined_vs_NP","Baseline",303,0.996,1
"Combined_vs_NP","Baseline",303,0.997,1
"Combined_vs_NP","Baseline",303,0.998,1
"Combined_vs_NP","Baseline",303,0.999,1
"Combined_vs_NP","Baseline",303,1,1
"Combined_vs_NP","Met+Fun",303,0,0.128571428571429
"Combined_vs_NP","Met+Fun",303,0.001,0.129828571428571
"Combined_vs_NP","Met+Fun",303,0.002,0.131085714285714
"Combined_vs_NP","Met+Fun",303,0.003,0.132342857142857
"Combined_vs_NP","Met+Fun",303,0.004,0.1336
"Combined_vs_NP","Met+Fun",303,0.005,0.134857142857143
"Combined_vs_NP","Met+Fun",303,0.006,0.135714285714286
"Combined_vs_NP","Met+Fun",303,0.007,0.135714285714286
"Combined_vs_NP","Met+Fun",303,0.008,0.135714285714286
"Combined_vs_NP","Met+Fun",303,0.009,0.135714285714286
"Combined_vs_NP","Met+Fun",303,0.01,0.135714285714286
"Combined_vs_NP","Met+Fun",303,0.011,0.135714285714286
"Combined_vs_NP","Met+Fun",303,0.012,0.142857142857143
"Combined_vs_NP","Met+Fun",303,0.013,0.142857142857143
"Combined_vs_NP","Met+Fun",303,0.014,0.142857142857143
"Combined_vs_NP","Met+Fun",303,0.015,0.142857142857143
"Combined_vs_NP","Met+Fun",303,0.016,0.142857142857143
"Combined_vs_NP","Met+Fun",303,0.017,0.142857142857143
"Combined_vs_NP","Met+Fun",303,0.018,0.166685714285714
"Combined_vs_NP","Met+Fun",303,0.019,0.1692
"Combined_vs_NP","Met+Fun",303,0.02,0.185714285714286
"Combined_vs_NP","Met+Fun",303,0.021,0.185714285714286
"Combined_vs_NP","Met+Fun",303,0.022,0.185714285714286
"Combined_vs_NP","Met+Fun",303,0.023,0.187085714285714
"Combined_vs_NP","Met+Fun",303,0.024,0.192114285714286
"Combined_vs_NP","Met+Fun",303,0.025,0.197142857142857
"Combined_vs_NP","Met+Fun",303,0.026,0.214466666666667
"Combined_vs_NP","Met+Fun",303,0.027,0.214885714285714
"Combined_vs_NP","Met+Fun",303,0.028,0.215304761904762
"Combined_vs_NP","Met+Fun",303,0.029,0.216318095238095
"Combined_vs_NP","Met+Fun",303,0.03,0.217742857142857
"Combined_vs_NP","Met+Fun",303,0.031,0.219167619047619
"Combined_vs_NP","Met+Fun",303,0.032,0.222792380952381
"Combined_vs_NP","Met+Fun",303,0.033,0.227150476190476
"Combined_vs_NP","Met+Fun",303,0.034,0.231508571428572
"Combined_vs_NP","Met+Fun",303,0.035,0.235866666666667
"Combined_vs_NP","Met+Fun",303,0.036,0.240224761904762
"Combined_vs_NP","Met+Fun",303,0.037,0.244582857142857
"Combined_vs_NP","Met+Fun",303,0.038,0.248940952380952
"Combined_vs_NP","Met+Fun",303,0.039,0.253299047619048
"Combined_vs_NP","Met+Fun",303,0.04,0.258133333333333
"Combined_vs_NP","Met+Fun",303,0.041,0.264586666666667
"Combined_vs_NP","Met+Fun",303,0.042,0.27104
"Combined_vs_NP","Met+Fun",303,0.043,0.275485714285714
"Combined_vs_NP","Met+Fun",303,0.044,0.276742857142857
"Combined_vs_NP","Met+Fun",303,0.045,0.278
"Combined_vs_NP","Met+Fun",303,0.046,0.278571428571429
"Combined_vs_NP","Met+Fun",303,0.047,0.278571428571429
"Combined_vs_NP","Met+Fun",303,0.048,0.278571428571429
"Combined_vs_NP","Met+Fun",303,0.049,0.278571428571429
"Combined_vs_NP","Met+Fun",303,0.05,0.278571428571429
"Combined_vs_NP","Met+Fun",303,0.051,0.278571428571429
"Combined_vs_NP","Met+Fun",303,0.052,0.285714285714286
"Combined_vs_NP","Met+Fun",303,0.053,0.285714285714286
"Combined_vs_NP","Met+Fun",303,0.054,0.285714285714286
"Combined_vs_NP","Met+Fun",303,0.055,0.285714285714286
"Combined_vs_NP","Met+Fun",303,0.056,0.285714285714286
"Combined_vs_NP","Met+Fun",303,0.057,0.285714285714286
"Combined_vs_NP","Met+Fun",303,0.058,0.285714285714286
"Combined_vs_NP","Met+Fun",303,0.059,0.285714285714286
"Combined_vs_NP","Met+Fun",303,0.06,0.285714285714286
"Combined_vs_NP","Met+Fun",303,0.061,0.285714285714286
"Combined_vs_NP","Met+Fun",303,0.062,0.285714285714286
"Combined_vs_NP","Met+Fun",303,0.063,0.285714285714286
"Combined_vs_NP","Met+Fun",303,0.064,0.285714285714286
"Combined_vs_NP","Met+Fun",303,0.065,0.285714285714286
"Combined_vs_NP","Met+Fun",303,0.066,0.285714285714286
"Combined_vs_NP","Met+Fun",303,0.067,0.285714285714286
"Combined_vs_NP","Met+Fun",303,0.068,0.285714285714286
"Combined_vs_NP","Met+Fun",303,0.069,0.285714285714286
"Combined_vs_NP","Met+Fun",303,0.07,0.285714285714286
"Combined_vs_NP","Met+Fun",303,0.071,0.285714285714286
"Combined_vs_NP","Met+Fun",303,0.072,0.285714285714286
"Combined_vs_NP","Met+Fun",303,0.073,0.285714285714286
"Combined_vs_NP","Met+Fun",303,0.074,0.285714285714286
"Combined_vs_NP","Met+Fun",303,0.075,0.285714285714286
"Combined_vs_NP","Met+Fun",303,0.076,0.285714285714286
"Combined_vs_NP","Met+Fun",303,0.077,0.285714285714286
"Combined_vs_NP","Met+Fun",303,0.078,0.285714285714286
"Combined_vs_NP","Met+Fun",303,0.079,0.285714285714286
"Combined_vs_NP","Met+Fun",303,0.08,0.286285714285714
"Combined_vs_NP","Met+Fun",303,0.081,0.287542857142857
"Combined_vs_NP","Met+Fun",303,0.082,0.2888
"Combined_vs_NP","Met+Fun",303,0.083,0.290057142857143
"Combined_vs_NP","Met+Fun",303,0.084,0.291314285714286
"Combined_vs_NP","Met+Fun",303,0.085,0.292571428571429
"Combined_vs_NP","Met+Fun",303,0.086,0.292857142857143
"Combined_vs_NP","Met+Fun",303,0.087,0.292857142857143
"Combined_vs_NP","Met+Fun",303,0.088,0.292857142857143
"Combined_vs_NP","Met+Fun",303,0.089,0.293638095238095
"Combined_vs_NP","Met+Fun",303,0.09,0.294476190476191
"Combined_vs_NP","Met+Fun",303,0.091,0.295314285714286
"Combined_vs_NP","Met+Fun",303,0.092,0.296152380952381
"Combined_vs_NP","Met+Fun",303,0.093,0.296990476190476
"Combined_vs_NP","Met+Fun",303,0.094,0.298457142857143
"Combined_vs_NP","Met+Fun",303,0.095,0.301809523809524
"Combined_vs_NP","Met+Fun",303,0.096,0.305161904761905
"Combined_vs_NP","Met+Fun",303,0.097,0.307348571428571
"Combined_vs_NP","Met+Fun",303,0.098,0.307851428571429
"Combined_vs_NP","Met+Fun",303,0.099,0.308354285714286
"Combined_vs_NP","Met+Fun",303,0.1,0.309095238095238
"Combined_vs_NP","Met+Fun",303,0.101,0.310017142857143
"Combined_vs_NP","Met+Fun",303,0.102,0.310939047619048
"Combined_vs_NP","Met+Fun",303,0.103,0.311860952380952
"Combined_vs_NP","Met+Fun",303,0.104,0.312782857142857
"Combined_vs_NP","Met+Fun",303,0.105,0.313704761904762
"Combined_vs_NP","Met+Fun",303,0.106,0.314626666666667
"Combined_vs_NP","Met+Fun",303,0.107,0.315548571428571
"Combined_vs_NP","Met+Fun",303,0.108,0.316470476190476
"Combined_vs_NP","Met+Fun",303,0.109,0.317392380952381
"Combined_vs_NP","Met+Fun",303,0.11,0.318314285714286
"Combined_vs_NP","Met+Fun",303,0.111,0.319133333333333
"Combined_vs_NP","Met+Fun",303,0.112,0.319552380952381
"Combined_vs_NP","Met+Fun",303,0.113,0.319971428571429
"Combined_vs_NP","Met+Fun",303,0.114,0.328193650793651
"Combined_vs_NP","Met+Fun",303,0.115,0.330428571428571
"Combined_vs_NP","Met+Fun",303,0.116,0.332663492063492
"Combined_vs_NP","Met+Fun",303,0.117,0.334773242630385
"Combined_vs_NP","Met+Fun",303,0.118,0.336768707482993
"Combined_vs_NP","Met+Fun",303,0.119,0.338764172335601
"Combined_vs_NP","Met+Fun",303,0.12,0.339902494331066
"Combined_vs_NP","Met+Fun",303,0.121,0.340640816326531
"Combined_vs_NP","Met+Fun",303,0.122,0.341379138321995
"Combined_vs_NP","Met+Fun",303,0.123,0.34211746031746
"Combined_vs_NP","Met+Fun",303,0.124,0.342855782312925
"Combined_vs_NP","Met+Fun",303,0.125,0.34359410430839
"Combined_vs_NP","Met+Fun",303,0.126,0.34461179138322
"Combined_vs_NP","Met+Fun",303,0.127,0.34562947845805
"Combined_vs_NP","Met+Fun",303,0.128,0.34664716553288
"Combined_vs_NP","Met+Fun",303,0.129,0.34766485260771
"Combined_vs_NP","Met+Fun",303,0.13,0.34868253968254
"Combined_vs_NP","Met+Fun",303,0.131,0.34970022675737
"Combined_vs_NP","Met+Fun",303,0.132,0.3507179138322
"Combined_vs_NP","Met+Fun",303,0.133,0.35173560090703
"Combined_vs_NP","Met+Fun",303,0.134,0.352753287981859
"Combined_vs_NP","Met+Fun",303,0.135,0.353770975056689
"Combined_vs_NP","Met+Fun",303,0.136,0.354788662131519
"Combined_vs_NP","Met+Fun",303,0.137,0.362949206349206
"Combined_vs_NP","Met+Fun",303,0.138,0.363966893424036
"Combined_vs_NP","Met+Fun",303,0.139,0.364984580498866
"Combined_vs_NP","Met+Fun",303,0.14,0.36601936159079
"Combined_vs_NP","Met+Fun",303,0.141,0.36705853828711
"Combined_vs_NP","Met+Fun",303,0.142,0.368097714983429
"Combined_vs_NP","Met+Fun",303,0.143,0.369136891679749
"Combined_vs_NP","Met+Fun",303,0.144,0.370176068376068
"Combined_vs_NP","Met+Fun",303,0.145,0.371215245072388
"Combined_vs_NP","Met+Fun",303,0.146,0.372254421768708
"Combined_vs_NP","Met+Fun",303,0.147,0.373293598465027
"Combined_vs_NP","Met+Fun",303,0.148,0.374424203732775
"Combined_vs_NP","Met+Fun",303,0.149,0.375798618524333
"Combined_vs_NP","Met+Fun",303,0.15,0.377173033315891
"Combined_vs_NP","Met+Fun",303,0.151,0.37858191522763
"Combined_vs_NP","Met+Fun",303,0.152,0.380036148613292
"Combined_vs_NP","Met+Fun",303,0.153,0.381490381998954
"Combined_vs_NP","Met+Fun",303,0.154,0.382944615384615
"Combined_vs_NP","Met+Fun",303,0.155,0.384398848770277
"Combined_vs_NP","Met+Fun",303,0.156,0.385853082155939
"Combined_vs_NP","Met+Fun",303,0.157,0.388115478806907
"Combined_vs_NP","Met+Fun",303,0.158,0.390647263212978
"Combined_vs_NP","Met+Fun",303,0.159,0.393179047619048
"Combined_vs_NP","Met+Fun",303,0.16,0.395710832025118
"Combined_vs_NP","Met+Fun",303,0.161,0.398242616431188
"Combined_vs_NP","Met+Fun",303,0.162,0.400774400837258
"Combined_vs_NP","Met+Fun",303,0.163,0.403306185243328
"Combined_vs_NP","Met+Fun",303,0.164,0.405837969649398
"Combined_vs_NP","Met+Fun",303,0.165,0.408369754055468
"Combined_vs_NP","Met+Fun",303,0.166,0.410901538461539
"Combined_vs_NP","Met+Fun",303,0.167,0.413433322867609
"Combined_vs_NP","Met+Fun",303,0.168,0.415576535845107
"Combined_vs_NP","Met+Fun",303,0.169,0.417102605965463
"Combined_vs_NP","Met+Fun",303,0.17,0.418628676085819
"Combined_vs_NP","Met+Fun",303,0.171,0.420073113553114
"Combined_vs_NP","Met+Fun",303,0.172,0.421449523809524
"Combined_vs_NP","Met+Fun",303,0.173,0.422825934065934
"Combined_vs_NP","Met+Fun",303,0.174,0.424202344322344
"Combined_vs_NP","Met+Fun",303,0.175,0.425578754578755
"Combined_vs_NP","Met+Fun",303,0.176,0.426955164835165
"Combined_vs_NP","Met+Fun",303,0.177,0.427830476190476
"Combined_vs_NP","Met+Fun",303,0.178,0.428626666666667
"Combined_vs_NP","Met+Fun",303,0.179,0.429422857142857
"Combined_vs_NP","Met+Fun",303,0.18,0.430219047619048
"Combined_vs_NP","Met+Fun",303,0.181,0.431015238095238
"Combined_vs_NP","Met+Fun",303,0.182,0.431811428571429
"Combined_vs_NP","Met+Fun",303,0.183,0.432607619047619
"Combined_vs_NP","Met+Fun",303,0.184,0.433403809523809
"Combined_vs_NP","Met+Fun",303,0.185,0.4342
"Combined_vs_NP","Met+Fun",303,0.186,0.43499619047619
"Combined_vs_NP","Met+Fun",303,0.187,0.435792380952381
"Combined_vs_NP","Met+Fun",303,0.188,0.436768163265306
"Combined_vs_NP","Met+Fun",303,0.189,0.437923537414966
"Combined_vs_NP","Met+Fun",303,0.19,0.439078911564626
"Combined_vs_NP","Met+Fun",303,0.191,0.440234285714286
"Combined_vs_NP","Met+Fun",303,0.192,0.441389659863946
"Combined_vs_NP","Met+Fun",303,0.193,0.442545034013606
"Combined_vs_NP","Met+Fun",303,0.194,0.443700408163265
"Combined_vs_NP","Met+Fun",303,0.195,0.444855782312925
"Combined_vs_NP","Met+Fun",303,0.196,0.446011156462585
"Combined_vs_NP","Met+Fun",303,0.197,0.447166530612245
"Combined_vs_NP","Met+Fun",303,0.198,0.448321904761905
"Combined_vs_NP","Met+Fun",303,0.199,0.449477278911565
"Combined_vs_NP","Met+Fun",303,0.2,0.450632653061224
"Combined_vs_NP","Met+Fun",303,0.201,0.451788027210884
"Combined_vs_NP","Met+Fun",303,0.202,0.452943401360544
"Combined_vs_NP","Met+Fun",303,0.203,0.454098775510204
"Combined_vs_NP","Met+Fun",303,0.204,0.455254149659864
"Combined_vs_NP","Met+Fun",303,0.205,0.456314285714286
"Combined_vs_NP","Met+Fun",303,0.206,0.457260136054422
"Combined_vs_NP","Met+Fun",303,0.207,0.458205986394558
"Combined_vs_NP","Met+Fun",303,0.208,0.458931428571429
"Combined_vs_NP","Met+Fun",303,0.209,0.459518095238095
"Combined_vs_NP","Met+Fun",303,0.21,0.460104761904762
"Combined_vs_NP","Met+Fun",303,0.211,0.460691428571429
"Combined_vs_NP","Met+Fun",303,0.212,0.461278095238095
"Combined_vs_NP","Met+Fun",303,0.213,0.461864761904762
"Combined_vs_NP","Met+Fun",303,0.214,0.462451428571429
"Combined_vs_NP","Met+Fun",303,0.215,0.463038095238095
"Combined_vs_NP","Met+Fun",303,0.216,0.463624761904762
"Combined_vs_NP","Met+Fun",303,0.217,0.464211428571429
"Combined_vs_NP","Met+Fun",303,0.218,0.464798095238095
"Combined_vs_NP","Met+Fun",303,0.219,0.465384761904762
"Combined_vs_NP","Met+Fun",303,0.22,0.465971428571429
"Combined_vs_NP","Met+Fun",303,0.221,0.466558095238095
"Combined_vs_NP","Met+Fun",303,0.222,0.467401904761905
"Combined_vs_NP","Met+Fun",303,0.223,0.468617142857143
"Combined_vs_NP","Met+Fun",303,0.224,0.469832380952381
"Combined_vs_NP","Met+Fun",303,0.225,0.470904761904762
"Combined_vs_NP","Met+Fun",303,0.226,0.471868571428571
"Combined_vs_NP","Met+Fun",303,0.227,0.472832380952381
"Combined_vs_NP","Met+Fun",303,0.228,0.47420253968254
"Combined_vs_NP","Met+Fun",303,0.229,0.475725079365079
"Combined_vs_NP","Met+Fun",303,0.23,0.477247619047619
"Combined_vs_NP","Met+Fun",303,0.231,0.478770158730159
"Combined_vs_NP","Met+Fun",303,0.232,0.480292698412698
"Combined_vs_NP","Met+Fun",303,0.233,0.481790476190476
"Combined_vs_NP","Met+Fun",303,0.234,0.482768253968254
"Combined_vs_NP","Met+Fun",303,0.235,0.483746031746032
"Combined_vs_NP","Met+Fun",303,0.236,0.484797278911565
"Combined_vs_NP","Met+Fun",303,0.237,0.486134240362812
"Combined_vs_NP","Met+Fun",303,0.238,0.487471201814059
"Combined_vs_NP","Met+Fun",303,0.239,0.488808163265306
"Combined_vs_NP","Met+Fun",303,0.24,0.490145124716553
"Combined_vs_NP","Met+Fun",303,0.241,0.4914820861678
"Combined_vs_NP","Met+Fun",303,0.242,0.493450915750916
"Combined_vs_NP","Met+Fun",303,0.243,0.495996668410954
"Combined_vs_NP","Met+Fun",303,0.244,0.498542421070993
"Combined_vs_NP","Met+Fun",303,0.245,0.501088173731031
"Combined_vs_NP","Met+Fun",303,0.246,0.503633926391069
"Combined_vs_NP","Met+Fun",303,0.247,0.506179679051108
"Combined_vs_NP","Met+Fun",303,0.248,0.508725431711146
"Combined_vs_NP","Met+Fun",303,0.249,0.511271184371184
"Combined_vs_NP","Met+Fun",303,0.25,0.513816937031223
"Combined_vs_NP","Met+Fun",303,0.251,0.515943642072214
"Combined_vs_NP","Met+Fun",303,0.252,0.518070347113204
"Combined_vs_NP","Met+Fun",303,0.253,0.52004452690167
"Combined_vs_NP","Met+Fun",303,0.254,0.52121250178393
"Combined_vs_NP","Met+Fun",303,0.255,0.522380476666191
"Combined_vs_NP","Met+Fun",303,0.256,0.523557242757243
"Combined_vs_NP","Met+Fun",303,0.257,0.524752847152847
"Combined_vs_NP","Met+Fun",303,0.258,0.525948451548451
"Combined_vs_NP","Met+Fun",303,0.259,0.527144055944056
"Combined_vs_NP","Met+Fun",303,0.26,0.52833966033966
"Combined_vs_NP","Met+Fun",303,0.261,0.529535264735265
"Combined_vs_NP","Met+Fun",303,0.262,0.531188011988012
"Combined_vs_NP","Met+Fun",303,0.263,0.533101983730555
"Combined_vs_NP","Met+Fun",303,0.264,0.535015955473098
"Combined_vs_NP","Met+Fun",303,0.265,0.536929927215641
"Combined_vs_NP","Met+Fun",303,0.266,0.538843898958185
"Combined_vs_NP","Met+Fun",303,0.267,0.540757870700728
"Combined_vs_NP","Met+Fun",303,0.268,0.542671842443271
"Combined_vs_NP","Met+Fun",303,0.269,0.544585814185814
"Combined_vs_NP","Met+Fun",303,0.27,0.546499785928357
"Combined_vs_NP","Met+Fun",303,0.271,0.548413757670901
"Combined_vs_NP","Met+Fun",303,0.272,0.550327729413444
"Combined_vs_NP","Met+Fun",303,0.273,0.552241701155987
"Combined_vs_NP","Met+Fun",303,0.274,0.55415567289853
"Combined_vs_NP","Met+Fun",303,0.275,0.556069644641073
"Combined_vs_NP","Met+Fun",303,0.276,0.557983616383616
"Combined_vs_NP","Met+Fun",303,0.277,0.55989758812616
"Combined_vs_NP","Met+Fun",303,0.278,0.561811559868703
"Combined_vs_NP","Met+Fun",303,0.279,0.563382674468389
"Combined_vs_NP","Met+Fun",303,0.28,0.564716426430712
"Combined_vs_NP","Met+Fun",303,0.281,0.566050178393036
"Combined_vs_NP","Met+Fun",303,0.282,0.566845154845155
"Combined_vs_NP","Met+Fun",303,0.283,0.567460539460539
"Combined_vs_NP","Met+Fun",303,0.284,0.568075924075924
"Combined_vs_NP","Met+Fun",303,0.285,0.568483516483516
"Combined_vs_NP","Met+Fun",303,0.286,0.56887032967033
"Combined_vs_NP","Met+Fun",303,0.287,0.569257142857143
"Combined_vs_NP","Met+Fun",303,0.288,0.569643956043956
"Combined_vs_NP","Met+Fun",303,0.289,0.570030769230769
"Combined_vs_NP","Met+Fun",303,0.29,0.570417582417582
"Combined_vs_NP","Met+Fun",303,0.291,0.570804395604396
"Combined_vs_NP","Met+Fun",303,0.292,0.571191208791209
"Combined_vs_NP","Met+Fun",303,0.293,0.571428571428571
"Combined_vs_NP","Met+Fun",303,0.294,0.571428571428571
"Combined_vs_NP","Met+Fun",303,0.295,0.571428571428571
"Combined_vs_NP","Met+Fun",303,0.296,0.571428571428571
"Combined_vs_NP","Met+Fun",303,0.297,0.571428571428571
"Combined_vs_NP","Met+Fun",303,0.298,0.571428571428571
"Combined_vs_NP","Met+Fun",303,0.299,0.571428571428571
"Combined_vs_NP","Met+Fun",303,0.3,0.571428571428571
"Combined_vs_NP","Met+Fun",303,0.301,0.571428571428571
"Combined_vs_NP","Met+Fun",303,0.302,0.571428571428571
"Combined_vs_NP","Met+Fun",303,0.303,0.571428571428571
"Combined_vs_NP","Met+Fun",303,0.304,0.571428571428571
"Combined_vs_NP","Met+Fun",303,0.305,0.571428571428571
"Combined_vs_NP","Met+Fun",303,0.306,0.571428571428571
"Combined_vs_NP","Met+Fun",303,0.307,0.571428571428571
"Combined_vs_NP","Met+Fun",303,0.308,0.571428571428571
"Combined_vs_NP","Met+Fun",303,0.309,0.571428571428571
"Combined_vs_NP","Met+Fun",303,0.31,0.572571428571429
"Combined_vs_NP","Met+Fun",303,0.311,0.575923809523809
"Combined_vs_NP","Met+Fun",303,0.312,0.579276190476191
"Combined_vs_NP","Met+Fun",303,0.313,0.581371428571428
"Combined_vs_NP","Met+Fun",303,0.314,0.582209523809524
"Combined_vs_NP","Met+Fun",303,0.315,0.583047619047619
"Combined_vs_NP","Met+Fun",303,0.316,0.585542857142857
"Combined_vs_NP","Met+Fun",303,0.317,0.588895238095238
"Combined_vs_NP","Met+Fun",303,0.318,0.592247619047619
"Combined_vs_NP","Met+Fun",303,0.319,0.5956
"Combined_vs_NP","Met+Fun",303,0.32,0.598952380952381
"Combined_vs_NP","Met+Fun",303,0.321,0.602304761904762
"Combined_vs_NP","Met+Fun",303,0.322,0.602585714285714
"Combined_vs_NP","Met+Fun",303,0.323,0.602795238095238
"Combined_vs_NP","Met+Fun",303,0.324,0.603004761904762
"Combined_vs_NP","Met+Fun",303,0.325,0.603214285714286
"Combined_vs_NP","Met+Fun",303,0.326,0.603423809523809
"Combined_vs_NP","Met+Fun",303,0.327,0.603633333333333
"Combined_vs_NP","Met+Fun",303,0.328,0.603842857142857
"Combined_vs_NP","Met+Fun",303,0.329,0.604052380952381
"Combined_vs_NP","Met+Fun",303,0.33,0.604261904761905
"Combined_vs_NP","Met+Fun",303,0.331,0.604471428571429
"Combined_vs_NP","Met+Fun",303,0.332,0.604680952380952
"Combined_vs_NP","Met+Fun",303,0.333,0.604890476190476
"Combined_vs_NP","Met+Fun",303,0.334,0.6051
"Combined_vs_NP","Met+Fun",303,0.335,0.605309523809524
"Combined_vs_NP","Met+Fun",303,0.336,0.605519047619048
"Combined_vs_NP","Met+Fun",303,0.337,0.605728571428571
"Combined_vs_NP","Met+Fun",303,0.338,0.605938095238095
"Combined_vs_NP","Met+Fun",303,0.339,0.606147619047619
"Combined_vs_NP","Met+Fun",303,0.34,0.606357142857143
"Combined_vs_NP","Met+Fun",303,0.341,0.606566666666667
"Combined_vs_NP","Met+Fun",303,0.342,0.60677619047619
"Combined_vs_NP","Met+Fun",303,0.343,0.606985714285714
"Combined_vs_NP","Met+Fun",303,0.344,0.607142857142857
"Combined_vs_NP","Met+Fun",303,0.345,0.607142857142857
"Combined_vs_NP","Met+Fun",303,0.346,0.607142857142857
"Combined_vs_NP","Met+Fun",303,0.347,0.607142857142857
"Combined_vs_NP","Met+Fun",303,0.348,0.607142857142857
"Combined_vs_NP","Met+Fun",303,0.349,0.607142857142857
"Combined_vs_NP","Met+Fun",303,0.35,0.607142857142857
"Combined_vs_NP","Met+Fun",303,0.351,0.607142857142857
"Combined_vs_NP","Met+Fun",303,0.352,0.607142857142857
"Combined_vs_NP","Met+Fun",303,0.353,0.607142857142857
"Combined_vs_NP","Met+Fun",303,0.354,0.607142857142857
"Combined_vs_NP","Met+Fun",303,0.355,0.607142857142857
"Combined_vs_NP","Met+Fun",303,0.356,0.607142857142857
"Combined_vs_NP","Met+Fun",303,0.357,0.607142857142857
"Combined_vs_NP","Met+Fun",303,0.358,0.607142857142857
"Combined_vs_NP","Met+Fun",303,0.359,0.607142857142857
"Combined_vs_NP","Met+Fun",303,0.36,0.607142857142857
"Combined_vs_NP","Met+Fun",303,0.361,0.607142857142857
"Combined_vs_NP","Met+Fun",303,0.362,0.607142857142857
"Combined_vs_NP","Met+Fun",303,0.363,0.607142857142857
"Combined_vs_NP","Met+Fun",303,0.364,0.607142857142857
"Combined_vs_NP","Met+Fun",303,0.365,0.607142857142857
"Combined_vs_NP","Met+Fun",303,0.366,0.607142857142857
"Combined_vs_NP","Met+Fun",303,0.367,0.607142857142857
"Combined_vs_NP","Met+Fun",303,0.368,0.607142857142857
"Combined_vs_NP","Met+Fun",303,0.369,0.607142857142857
"Combined_vs_NP","Met+Fun",303,0.37,0.607142857142857
"Combined_vs_NP","Met+Fun",303,0.371,0.607142857142857
"Combined_vs_NP","Met+Fun",303,0.372,0.607142857142857
"Combined_vs_NP","Met+Fun",303,0.373,0.607142857142857
"Combined_vs_NP","Met+Fun",303,0.374,0.607142857142857
"Combined_vs_NP","Met+Fun",303,0.375,0.607142857142857
"Combined_vs_NP","Met+Fun",303,0.376,0.607142857142857
"Combined_vs_NP","Met+Fun",303,0.377,0.607142857142857
"Combined_vs_NP","Met+Fun",303,0.378,0.607142857142857
"Combined_vs_NP","Met+Fun",303,0.379,0.607142857142857
"Combined_vs_NP","Met+Fun",303,0.38,0.607142857142857
"Combined_vs_NP","Met+Fun",303,0.381,0.607142857142857
"Combined_vs_NP","Met+Fun",303,0.382,0.607142857142857
"Combined_vs_NP","Met+Fun",303,0.383,0.607142857142857
"Combined_vs_NP","Met+Fun",303,0.384,0.607142857142857
"Combined_vs_NP","Met+Fun",303,0.385,0.607142857142857
"Combined_vs_NP","Met+Fun",303,0.386,0.607142857142857
"Combined_vs_NP","Met+Fun",303,0.387,0.607142857142857
"Combined_vs_NP","Met+Fun",303,0.388,0.607142857142857
"Combined_vs_NP","Met+Fun",303,0.389,0.607142857142857
"Combined_vs_NP","Met+Fun",303,0.39,0.607142857142857
"Combined_vs_NP","Met+Fun",303,0.391,0.607142857142857
"Combined_vs_NP","Met+Fun",303,0.392,0.607142857142857
"Combined_vs_NP","Met+Fun",303,0.393,0.607142857142857
"Combined_vs_NP","Met+Fun",303,0.394,0.607142857142857
"Combined_vs_NP","Met+Fun",303,0.395,0.607142857142857
"Combined_vs_NP","Met+Fun",303,0.396,0.607142857142857
"Combined_vs_NP","Met+Fun",303,0.397,0.607142857142857
"Combined_vs_NP","Met+Fun",303,0.398,0.607142857142857
"Combined_vs_NP","Met+Fun",303,0.399,0.607142857142857
"Combined_vs_NP","Met+Fun",303,0.4,0.607142857142857
"Combined_vs_NP","Met+Fun",303,0.401,0.608228571428572
"Combined_vs_NP","Met+Fun",303,0.402,0.610742857142857
"Combined_vs_NP","Met+Fun",303,0.403,0.613257142857143
"Combined_vs_NP","Met+Fun",303,0.404,0.614285714285714
"Combined_vs_NP","Met+Fun",303,0.405,0.614285714285714
"Combined_vs_NP","Met+Fun",303,0.406,0.614285714285714
"Combined_vs_NP","Met+Fun",303,0.407,0.614285714285714
"Combined_vs_NP","Met+Fun",303,0.408,0.614285714285714
"Combined_vs_NP","Met+Fun",303,0.409,0.614285714285714
"Combined_vs_NP","Met+Fun",303,0.41,0.614285714285714
"Combined_vs_NP","Met+Fun",303,0.411,0.614285714285714
"Combined_vs_NP","Met+Fun",303,0.412,0.614285714285714
"Combined_vs_NP","Met+Fun",303,0.413,0.614285714285714
"Combined_vs_NP","Met+Fun",303,0.414,0.614285714285714
"Combined_vs_NP","Met+Fun",303,0.415,0.614285714285714
"Combined_vs_NP","Met+Fun",303,0.416,0.614285714285714
"Combined_vs_NP","Met+Fun",303,0.417,0.614285714285714
"Combined_vs_NP","Met+Fun",303,0.418,0.614285714285714
"Combined_vs_NP","Met+Fun",303,0.419,0.614285714285714
"Combined_vs_NP","Met+Fun",303,0.42,0.614285714285714
"Combined_vs_NP","Met+Fun",303,0.421,0.61456
"Combined_vs_NP","Met+Fun",303,0.422,0.615062857142857
"Combined_vs_NP","Met+Fun",303,0.423,0.615565714285714
"Combined_vs_NP","Met+Fun",303,0.424,0.616068571428571
"Combined_vs_NP","Met+Fun",303,0.425,0.616571428571429
"Combined_vs_NP","Met+Fun",303,0.426,0.617074285714286
"Combined_vs_NP","Met+Fun",303,0.427,0.620291428571429
"Combined_vs_NP","Met+Fun",303,0.428,0.623937142857143
"Combined_vs_NP","Met+Fun",303,0.429,0.627525714285714
"Combined_vs_NP","Met+Fun",303,0.43,0.628657142857143
"Combined_vs_NP","Met+Fun",303,0.431,0.629788571428571
"Combined_vs_NP","Met+Fun",303,0.432,0.63092
"Combined_vs_NP","Met+Fun",303,0.433,0.632051428571429
"Combined_vs_NP","Met+Fun",303,0.434,0.633182857142857
"Combined_vs_NP","Met+Fun",303,0.435,0.634357142857143
"Combined_vs_NP","Met+Fun",303,0.436,0.635614285714286
"Combined_vs_NP","Met+Fun",303,0.437,0.636871428571429
"Combined_vs_NP","Met+Fun",303,0.438,0.637814285714286
"Combined_vs_NP","Met+Fun",303,0.439,0.638442857142857
"Combined_vs_NP","Met+Fun",303,0.44,0.639071428571429
"Combined_vs_NP","Met+Fun",303,0.441,0.6397
"Combined_vs_NP","Met+Fun",303,0.442,0.640328571428571
"Combined_vs_NP","Met+Fun",303,0.443,0.640957142857143
"Combined_vs_NP","Met+Fun",303,0.444,0.641585714285714
"Combined_vs_NP","Met+Fun",303,0.445,0.642214285714286
"Combined_vs_NP","Met+Fun",303,0.446,0.642842857142857
"Combined_vs_NP","Met+Fun",303,0.447,0.642857142857143
"Combined_vs_NP","Met+Fun",303,0.448,0.642857142857143
"Combined_vs_NP","Met+Fun",303,0.449,0.642857142857143
"Combined_vs_NP","Met+Fun",303,0.45,0.642857142857143
"Combined_vs_NP","Met+Fun",303,0.451,0.642857142857143
"Combined_vs_NP","Met+Fun",303,0.452,0.642857142857143
"Combined_vs_NP","Met+Fun",303,0.453,0.642857142857143
"Combined_vs_NP","Met+Fun",303,0.454,0.642857142857143
"Combined_vs_NP","Met+Fun",303,0.455,0.642857142857143
"Combined_vs_NP","Met+Fun",303,0.456,0.642857142857143
"Combined_vs_NP","Met+Fun",303,0.457,0.642857142857143
"Combined_vs_NP","Met+Fun",303,0.458,0.642857142857143
"Combined_vs_NP","Met+Fun",303,0.459,0.642857142857143
"Combined_vs_NP","Met+Fun",303,0.46,0.642857142857143
"Combined_vs_NP","Met+Fun",303,0.461,0.642857142857143
"Combined_vs_NP","Met+Fun",303,0.462,0.642857142857143
"Combined_vs_NP","Met+Fun",303,0.463,0.642857142857143
"Combined_vs_NP","Met+Fun",303,0.464,0.642857142857143
"Combined_vs_NP","Met+Fun",303,0.465,0.642857142857143
"Combined_vs_NP","Met+Fun",303,0.466,0.642857142857143
"Combined_vs_NP","Met+Fun",303,0.467,0.642857142857143
"Combined_vs_NP","Met+Fun",303,0.468,0.642857142857143
"Combined_vs_NP","Met+Fun",303,0.469,0.642857142857143
"Combined_vs_NP","Met+Fun",303,0.47,0.642857142857143
"Combined_vs_NP","Met+Fun",303,0.471,0.642857142857143
"Combined_vs_NP","Met+Fun",303,0.472,0.642857142857143
"Combined_vs_NP","Met+Fun",303,0.473,0.642857142857143
"Combined_vs_NP","Met+Fun",303,0.474,0.642857142857143
"Combined_vs_NP","Met+Fun",303,0.475,0.642857142857143
"Combined_vs_NP","Met+Fun",303,0.476,0.642857142857143
"Combined_vs_NP","Met+Fun",303,0.477,0.642857142857143
"Combined_vs_NP","Met+Fun",303,0.478,0.643466666666667
"Combined_vs_NP","Met+Fun",303,0.479,0.644304761904762
"Combined_vs_NP","Met+Fun",303,0.48,0.645142857142857
"Combined_vs_NP","Met+Fun",303,0.481,0.645980952380952
"Combined_vs_NP","Met+Fun",303,0.482,0.646819047619048
"Combined_vs_NP","Met+Fun",303,0.483,0.647714285714286
"Combined_vs_NP","Met+Fun",303,0.484,0.649809523809524
"Combined_vs_NP","Met+Fun",303,0.485,0.651904761904762
"Combined_vs_NP","Met+Fun",303,0.486,0.653828571428571
"Combined_vs_NP","Met+Fun",303,0.487,0.655085714285714
"Combined_vs_NP","Met+Fun",303,0.488,0.656342857142857
"Combined_vs_NP","Met+Fun",303,0.489,0.657371428571429
"Combined_vs_NP","Met+Fun",303,0.49,0.658
"Combined_vs_NP","Met+Fun",303,0.491,0.658628571428571
"Combined_vs_NP","Met+Fun",303,0.492,0.659257142857143
"Combined_vs_NP","Met+Fun",303,0.493,0.659885714285714
"Combined_vs_NP","Met+Fun",303,0.494,0.660514285714286
"Combined_vs_NP","Met+Fun",303,0.495,0.661142857142857
"Combined_vs_NP","Met+Fun",303,0.496,0.661771428571429
"Combined_vs_NP","Met+Fun",303,0.497,0.6624
"Combined_vs_NP","Met+Fun",303,0.498,0.663286411149826
"Combined_vs_NP","Met+Fun",303,0.499,0.664221602787456
"Combined_vs_NP","Met+Fun",303,0.5,0.665156794425087
"Combined_vs_NP","Met+Fun",303,0.501,0.666022144792877
"Combined_vs_NP","Met+Fun",303,0.502,0.666887495160666
"Combined_vs_NP","Met+Fun",303,0.503,0.667752845528455
"Combined_vs_NP","Met+Fun",303,0.504,0.668618195896245
"Combined_vs_NP","Met+Fun",303,0.505,0.669483546264034
"Combined_vs_NP","Met+Fun",303,0.506,0.670482229965157
"Combined_vs_NP","Met+Fun",303,0.507,0.671766627951994
"Combined_vs_NP","Met+Fun",303,0.508,0.673051025938831
"Combined_vs_NP","Met+Fun",303,0.509,0.674335423925668
"Combined_vs_NP","Met+Fun",303,0.51,0.675619821912505
"Combined_vs_NP","Met+Fun",303,0.511,0.676904219899342
"Combined_vs_NP","Met+Fun",303,0.512,0.678188617886179
"Combined_vs_NP","Met+Fun",303,0.513,0.679473015873016
"Combined_vs_NP","Met+Fun",303,0.514,0.680757413859853
"Combined_vs_NP","Met+Fun",303,0.515,0.68204181184669
"Combined_vs_NP","Met+Fun",303,0.516,0.683326209833527
"Combined_vs_NP","Met+Fun",303,0.517,0.684610607820364
"Combined_vs_NP","Met+Fun",303,0.518,0.685895005807201
"Combined_vs_NP","Met+Fun",303,0.519,0.687179403794038
"Combined_vs_NP","Met+Fun",303,0.52,0.688463801780875
"Combined_vs_NP","Met+Fun",303,0.521,0.689748199767712
"Combined_vs_NP","Met+Fun",303,0.522,0.691032597754549
"Combined_vs_NP","Met+Fun",303,0.523,0.692300669210774
"Combined_vs_NP","Met+Fun",303,0.524,0.693525203252033
"Combined_vs_NP","Met+Fun",303,0.525,0.694749737293291
"Combined_vs_NP","Met+Fun",303,0.526,0.69573300149328
"Combined_vs_NP","Met+Fun",303,0.527,0.696398805375809
"Combined_vs_NP","Met+Fun",303,0.528,0.697064609258337
"Combined_vs_NP","Met+Fun",303,0.529,0.697808608629588
"Combined_vs_NP","Met+Fun",303,0.53,0.698606743339184
"Combined_vs_NP","Met+Fun",303,0.531,0.69940487804878
"Combined_vs_NP","Met+Fun",303,0.532,0.700203012758377
"Combined_vs_NP","Met+Fun",303,0.533,0.701001147467973
"Combined_vs_NP","Met+Fun",303,0.534,0.701799282177569
"Combined_vs_NP","Met+Fun",303,0.535,0.702597416887166
"Combined_vs_NP","Met+Fun",303,0.536,0.703395551596762
"Combined_vs_NP","Met+Fun",303,0.537,0.704193686306358
"Combined_vs_NP","Met+Fun",303,0.538,0.704991821015955
"Combined_vs_NP","Met+Fun",303,0.539,0.705789955725551
"Combined_vs_NP","Met+Fun",303,0.54,0.706588090435147
"Combined_vs_NP","Met+Fun",303,0.541,0.707386225144743
"Combined_vs_NP","Met+Fun",303,0.542,0.70818435985434
"Combined_vs_NP","Met+Fun",303,0.543,0.708843719053732
"Combined_vs_NP","Met+Fun",303,0.544,0.709282670089859
"Combined_vs_NP","Met+Fun",303,0.545,0.709721621125986
"Combined_vs_NP","Met+Fun",303,0.546,0.710160572162113
"Combined_vs_NP","Met+Fun",303,0.547,0.710599523198239
"Combined_vs_NP","Met+Fun",303,0.548,0.711038474234366
"Combined_vs_NP","Met+Fun",303,0.549,0.711477425270493
"Combined_vs_NP","Met+Fun",303,0.55,0.71191637630662
"Combined_vs_NP","Met+Fun",303,0.551,0.712355327342747
"Combined_vs_NP","Met+Fun",303,0.552,0.712794278378874
"Combined_vs_NP","Met+Fun",303,0.553,0.713233229415001
"Combined_vs_NP","Met+Fun",303,0.554,0.713672180451128
"Combined_vs_NP","Met+Fun",303,0.555,0.714111131487255
"Combined_vs_NP","Met+Fun",303,0.556,0.714550082523382
"Combined_vs_NP","Met+Fun",303,0.557,0.714989033559509
"Combined_vs_NP","Met+Fun",303,0.558,0.715427984595636
"Combined_vs_NP","Met+Fun",303,0.559,0.715866935631762
"Combined_vs_NP","Met+Fun",303,0.56,0.716305886667889
"Combined_vs_NP","Met+Fun",303,0.561,0.716744837704016
"Combined_vs_NP","Met+Fun",303,0.562,0.717183788740143
"Combined_vs_NP","Met+Fun",303,0.563,0.71762273977627
"Combined_vs_NP","Met+Fun",303,0.564,0.718061690812397
"Combined_vs_NP","Met+Fun",303,0.565,0.718500641848524
"Combined_vs_NP","Met+Fun",303,0.566,0.719307846852905
"Combined_vs_NP","Met+Fun",303,0.567,0.720305528047762
"Combined_vs_NP","Met+Fun",303,0.568,0.721303209242619
"Combined_vs_NP","Met+Fun",303,0.569,0.722300890437476
"Combined_vs_NP","Met+Fun",303,0.57,0.723298571632333
"Combined_vs_NP","Met+Fun",303,0.571,0.72429625282719
"Combined_vs_NP","Met+Fun",303,0.572,0.725293934022047
"Combined_vs_NP","Met+Fun",303,0.573,0.726291615216904
"Combined_vs_NP","Met+Fun",303,0.574,0.727289296411761
"Combined_vs_NP","Met+Fun",303,0.575,0.728286977606618
"Combined_vs_NP","Met+Fun",303,0.576,0.729284658801475
"Combined_vs_NP","Met+Fun",303,0.577,0.730282339996332
"Combined_vs_NP","Met+Fun",303,0.578,0.731280021191189
"Combined_vs_NP","Met+Fun",303,0.579,0.732277702386046
"Combined_vs_NP","Met+Fun",303,0.58,0.733275383580903
"Combined_vs_NP","Met+Fun",303,0.581,0.73427306477576
"Combined_vs_NP","Met+Fun",303,0.582,0.735270745970618
"Combined_vs_NP","Met+Fun",303,0.583,0.736268427165475
"Combined_vs_NP","Met+Fun",303,0.584,0.737266108360332
"Combined_vs_NP","Met+Fun",303,0.585,0.738263789555189
"Combined_vs_NP","Met+Fun",303,0.586,0.739261470750046
"Combined_vs_NP","Met+Fun",303,0.587,0.740259151944903
"Combined_vs_NP","Met+Fun",303,0.588,0.74125683313976
"Combined_vs_NP","Met+Fun",303,0.589,0.742254514334617
"Combined_vs_NP","Met+Fun",303,0.59,0.743252195529474
"Combined_vs_NP","Met+Fun",303,0.591,0.744199083073538
"Combined_vs_NP","Met+Fun",303,0.592,0.744638034109664
"Combined_vs_NP","Met+Fun",303,0.593,0.745076985145791
"Combined_vs_NP","Met+Fun",303,0.594,0.745515936181918
"Combined_vs_NP","Met+Fun",303,0.595,0.745954887218045
"Combined_vs_NP","Met+Fun",303,0.596,0.746393838254172
"Combined_vs_NP","Met+Fun",303,0.597,0.746832789290299
"Combined_vs_NP","Met+Fun",303,0.598,0.747271740326426
"Combined_vs_NP","Met+Fun",303,0.599,0.747710691362553
"Combined_vs_NP","Met+Fun",303,0.6,0.74814964239868
"Combined_vs_NP","Met+Fun",303,0.601,0.748588593434807
"Combined_vs_NP","Met+Fun",303,0.602,0.749027544470933
"Combined_vs_NP","Met+Fun",303,0.603,0.74946649550706
"Combined_vs_NP","Met+Fun",303,0.604,0.749905446543187
"Combined_vs_NP","Met+Fun",303,0.605,0.750344397579314
"Combined_vs_NP","Met+Fun",303,0.606,0.750783348615441
"Combined_vs_NP","Met+Fun",303,0.607,0.751222299651568
"Combined_vs_NP","Met+Fun",303,0.608,0.751676488782933
"Combined_vs_NP","Met+Fun",303,0.609,0.752450677914298
"Combined_vs_NP","Met+Fun",303,0.61,0.753224867045663
"Combined_vs_NP","Met+Fun",303,0.611,0.753999056177028
"Combined_vs_NP","Met+Fun",303,0.612,0.754773245308393
"Combined_vs_NP","Met+Fun",303,0.613,0.755547434439758
"Combined_vs_NP","Met+Fun",303,0.614,0.756255839598997
"Combined_vs_NP","Met+Fun",303,0.615,0.756849122807018
"Combined_vs_NP","Met+Fun",303,0.616,0.757442406015038
"Combined_vs_NP","Met+Fun",303,0.617,0.758035689223058
"Combined_vs_NP","Met+Fun",303,0.618,0.758628972431078
"Combined_vs_NP","Met+Fun",303,0.619,0.759222255639098
"Combined_vs_NP","Met+Fun",303,0.62,0.759815538847118
"Combined_vs_NP","Met+Fun",303,0.621,0.760408822055138
"Combined_vs_NP","Met+Fun",303,0.622,0.761002105263158
"Combined_vs_NP","Met+Fun",303,0.623,0.761595388471178
"Combined_vs_NP","Met+Fun",303,0.624,0.762188671679198
"Combined_vs_NP","Met+Fun",303,0.625,0.762781954887218
"Combined_vs_NP","Met+Fun",303,0.626,0.763614693877551
"Combined_vs_NP","Met+Fun",303,0.627,0.764447432867884
"Combined_vs_NP","Met+Fun",303,0.628,0.765280171858217
"Combined_vs_NP","Met+Fun",303,0.629,0.76611291084855
"Combined_vs_NP","Met+Fun",303,0.63,0.766945649838883
"Combined_vs_NP","Met+Fun",303,0.631,0.767778388829216
"Combined_vs_NP","Met+Fun",303,0.632,0.768611127819549
"Combined_vs_NP","Met+Fun",303,0.633,0.769443866809882
"Combined_vs_NP","Met+Fun",303,0.634,0.770276605800215
"Combined_vs_NP","Met+Fun",303,0.635,0.771109344790548
"Combined_vs_NP","Met+Fun",303,0.636,0.771942083780881
"Combined_vs_NP","Met+Fun",303,0.637,0.772774822771214
"Combined_vs_NP","Met+Fun",303,0.638,0.773607561761547
"Combined_vs_NP","Met+Fun",303,0.639,0.77444030075188
"Combined_vs_NP","Met+Fun",303,0.64,0.775273039742213
"Combined_vs_NP","Met+Fun",303,0.641,0.776105778732546
"Combined_vs_NP","Met+Fun",303,0.642,0.776938517722879
"Combined_vs_NP","Met+Fun",303,0.643,0.777771256713212
"Combined_vs_NP","Met+Fun",303,0.644,0.778603995703545
"Combined_vs_NP","Met+Fun",303,0.645,0.779436734693878
"Combined_vs_NP","Met+Fun",303,0.646,0.780269473684211
"Combined_vs_NP","Met+Fun",303,0.647,0.781102212674543
"Combined_vs_NP","Met+Fun",303,0.648,0.781934951664876
"Combined_vs_NP","Met+Fun",303,0.649,0.782767690655209
"Combined_vs_NP","Met+Fun",303,0.65,0.783600429645542
"Combined_vs_NP","Met+Fun",303,0.651,0.784433168635875
"Combined_vs_NP","Met+Fun",303,0.652,0.785265907626208
"Combined_vs_NP","Met+Fun",303,0.653,0.786098646616541
"Combined_vs_NP","Met+Fun",303,0.654,0.786931385606874
"Combined_vs_NP","Met+Fun",303,0.655,0.787764124597207
"Combined_vs_NP","Met+Fun",303,0.656,0.78859686358754
"Combined_vs_NP","Met+Fun",303,0.657,0.789429602577873
"Combined_vs_NP","Met+Fun",303,0.658,0.790262341568206
"Combined_vs_NP","Met+Fun",303,0.659,0.791095080558539
"Combined_vs_NP","Met+Fun",303,0.66,0.791927819548872
"Combined_vs_NP","Met+Fun",303,0.661,0.792760558539205
"Combined_vs_NP","Met+Fun",303,0.662,0.793593297529538
"Combined_vs_NP","Met+Fun",303,0.663,0.794426036519871
"Combined_vs_NP","Met+Fun",303,0.664,0.795258775510204
"Combined_vs_NP","Met+Fun",303,0.665,0.796091514500537
"Combined_vs_NP","Met+Fun",303,0.666,0.79692425349087
"Combined_vs_NP","Met+Fun",303,0.667,0.797756992481203
"Combined_vs_NP","Met+Fun",303,0.668,0.798589731471536
"Combined_vs_NP","Met+Fun",303,0.669,0.799422470461869
"Combined_vs_NP","Met+Fun",303,0.67,0.800255209452202
"Combined_vs_NP","Met+Fun",303,0.671,0.801064341885158
"Combined_vs_NP","Met+Fun",303,0.672,0.801853802186966
"Combined_vs_NP","Met+Fun",303,0.673,0.802643262488775
"Combined_vs_NP","Met+Fun",303,0.674,0.803432722790583
"Combined_vs_NP","Met+Fun",303,0.675,0.804222183092391
"Combined_vs_NP","Met+Fun",303,0.676,0.8050116433942
"Combined_vs_NP","Met+Fun",303,0.677,0.805801103696008
"Combined_vs_NP","Met+Fun",303,0.678,0.806590563997817
"Combined_vs_NP","Met+Fun",303,0.679,0.807380024299625
"Combined_vs_NP","Met+Fun",303,0.68,0.808169484601433
"Combined_vs_NP","Met+Fun",303,0.681,0.808958944903242
"Combined_vs_NP","Met+Fun",303,0.682,0.80974840520505
"Combined_vs_NP","Met+Fun",303,0.683,0.810537865506858
"Combined_vs_NP","Met+Fun",303,0.684,0.811327325808667
"Combined_vs_NP","Met+Fun",303,0.685,0.812116786110475
"Combined_vs_NP","Met+Fun",303,0.686,0.812906246412284
"Combined_vs_NP","Met+Fun",303,0.687,0.813695706714092
"Combined_vs_NP","Met+Fun",303,0.688,0.8144851670159
"Combined_vs_NP","Met+Fun",303,0.689,0.815274627317709
"Combined_vs_NP","Met+Fun",303,0.69,0.816064087619517
"Combined_vs_NP","Met+Fun",303,0.691,0.816916979226862
"Combined_vs_NP","Met+Fun",303,0.692,0.817802680130174
"Combined_vs_NP","Met+Fun",303,0.693,0.818688381033486
"Combined_vs_NP","Met+Fun",303,0.694,0.819299796222513
"Combined_vs_NP","Met+Fun",303,0.695,0.819850259030587
"Combined_vs_NP","Met+Fun",303,0.696,0.820400721838661
"Combined_vs_NP","Met+Fun",303,0.697,0.820951184646735
"Combined_vs_NP","Met+Fun",303,0.698,0.821501647454809
"Combined_vs_NP","Met+Fun",303,0.699,0.822052110262883
"Combined_vs_NP","Met+Fun",303,0.7,0.822602573070957
"Combined_vs_NP","Met+Fun",303,0.701,0.823153035879031
"Combined_vs_NP","Met+Fun",303,0.702,0.823703498687105
"Combined_vs_NP","Met+Fun",303,0.703,0.824253961495179
"Combined_vs_NP","Met+Fun",303,0.704,0.824804424303253
"Combined_vs_NP","Met+Fun",303,0.705,0.825354887111327
"Combined_vs_NP","Met+Fun",303,0.706,0.825905349919401
"Combined_vs_NP","Met+Fun",303,0.707,0.826455812727475
"Combined_vs_NP","Met+Fun",303,0.708,0.82700627553555
"Combined_vs_NP","Met+Fun",303,0.709,0.827556738343624
"Combined_vs_NP","Met+Fun",303,0.71,0.828107201151698
"Combined_vs_NP","Met+Fun",303,0.711,0.828657663959772
"Combined_vs_NP","Met+Fun",303,0.712,0.829208126767846
"Combined_vs_NP","Met+Fun",303,0.713,0.82975858957592
"Combined_vs_NP","Met+Fun",303,0.714,0.830309052383994
"Combined_vs_NP","Met+Fun",303,0.715,0.830859515192068
"Combined_vs_NP","Met+Fun",303,0.716,0.831409978000142
"Combined_vs_NP","Met+Fun",303,0.717,0.831960440808216
"Combined_vs_NP","Met+Fun",303,0.718,0.83251090361629
"Combined_vs_NP","Met+Fun",303,0.719,0.833061366424364
"Combined_vs_NP","Met+Fun",303,0.72,0.833611829232438
"Combined_vs_NP","Met+Fun",303,0.721,0.834162292040512
"Combined_vs_NP","Met+Fun",303,0.722,0.834712754848586
"Combined_vs_NP","Met+Fun",303,0.723,0.83526321765666
"Combined_vs_NP","Met+Fun",303,0.724,0.835813680464734
"Combined_vs_NP","Met+Fun",303,0.725,0.836364143272808
"Combined_vs_NP","Met+Fun",303,0.726,0.836914606080882
"Combined_vs_NP","Met+Fun",303,0.727,0.837465068888956
"Combined_vs_NP","Met+Fun",303,0.728,0.83801553169703
"Combined_vs_NP","Met+Fun",303,0.729,0.838565994505105
"Combined_vs_NP","Met+Fun",303,0.73,0.839116457313179
"Combined_vs_NP","Met+Fun",303,0.731,0.839666920121253
"Combined_vs_NP","Met+Fun",303,0.732,0.840217382929327
"Combined_vs_NP","Met+Fun",303,0.733,0.840767845737401
"Combined_vs_NP","Met+Fun",303,0.734,0.841318308545475
"Combined_vs_NP","Met+Fun",303,0.735,0.841868771353549
"Combined_vs_NP","Met+Fun",303,0.736,0.842419234161623
"Combined_vs_NP","Met+Fun",303,0.737,0.842969696969697
"Combined_vs_NP","Met+Fun",303,0.738,0.843520159777771
"Combined_vs_NP","Met+Fun",303,0.739,0.844070622585845
"Combined_vs_NP","Met+Fun",303,0.74,0.844621085393919
"Combined_vs_NP","Met+Fun",303,0.741,0.845171548201993
"Combined_vs_NP","Met+Fun",303,0.742,0.845722011010067
"Combined_vs_NP","Met+Fun",303,0.743,0.846272473818141
"Combined_vs_NP","Met+Fun",303,0.744,0.846822936626215
"Combined_vs_NP","Met+Fun",303,0.745,0.847571036383806
"Combined_vs_NP","Met+Fun",303,0.746,0.848411366717838
"Combined_vs_NP","Met+Fun",303,0.747,0.84925169705187
"Combined_vs_NP","Met+Fun",303,0.748,0.850092027385901
"Combined_vs_NP","Met+Fun",303,0.749,0.850932357719933
"Combined_vs_NP","Met+Fun",303,0.75,0.851772688053965
"Combined_vs_NP","Met+Fun",303,0.751,0.852613018387997
"Combined_vs_NP","Met+Fun",303,0.752,0.853453348722029
"Combined_vs_NP","Met+Fun",303,0.753,0.85429367905606
"Combined_vs_NP","Met+Fun",303,0.754,0.855134009390092
"Combined_vs_NP","Met+Fun",303,0.755,0.855974339724124
"Combined_vs_NP","Met+Fun",303,0.756,0.856814670058156
"Combined_vs_NP","Met+Fun",303,0.757,0.857655000392188
"Combined_vs_NP","Met+Fun",303,0.758,0.858495330726219
"Combined_vs_NP","Met+Fun",303,0.759,0.859335661060251
"Combined_vs_NP","Met+Fun",303,0.76,0.860175991394283
"Combined_vs_NP","Met+Fun",303,0.761,0.861016321728315
"Combined_vs_NP","Met+Fun",303,0.762,0.861856652062347
"Combined_vs_NP","Met+Fun",303,0.763,0.862696982396378
"Combined_vs_NP","Met+Fun",303,0.764,0.86353731273041
"Combined_vs_NP","Met+Fun",303,0.765,0.864377643064442
"Combined_vs_NP","Met+Fun",303,0.766,0.865217973398474
"Combined_vs_NP","Met+Fun",303,0.767,0.866058303732506
"Combined_vs_NP","Met+Fun",303,0.768,0.866898634066537
"Combined_vs_NP","Met+Fun",303,0.769,0.867738964400569
"Combined_vs_NP","Met+Fun",303,0.77,0.868605268760575
"Combined_vs_NP","Met+Fun",303,0.771,0.869674170523178
"Combined_vs_NP","Met+Fun",303,0.772,0.870743072285782
"Combined_vs_NP","Met+Fun",303,0.773,0.871811974048385
"Combined_vs_NP","Met+Fun",303,0.774,0.872880875810988
"Combined_vs_NP","Met+Fun",303,0.775,0.873949777573591
"Combined_vs_NP","Met+Fun",303,0.776,0.875018679336194
"Combined_vs_NP","Met+Fun",303,0.777,0.876087581098798
"Combined_vs_NP","Met+Fun",303,0.778,0.877156482861401
"Combined_vs_NP","Met+Fun",303,0.779,0.878225384624004
"Combined_vs_NP","Met+Fun",303,0.78,0.879294286386607
"Combined_vs_NP","Met+Fun",303,0.781,0.880363188149211
"Combined_vs_NP","Met+Fun",303,0.782,0.881432089911814
"Combined_vs_NP","Met+Fun",303,0.783,0.882500991674417
"Combined_vs_NP","Met+Fun",303,0.784,0.88356989343702
"Combined_vs_NP","Met+Fun",303,0.785,0.884548219109047
"Combined_vs_NP","Met+Fun",303,0.786,0.885517487172017
"Combined_vs_NP","Met+Fun",303,0.787,0.886486755234987
"Combined_vs_NP","Met+Fun",303,0.788,0.887456023297956
"Combined_vs_NP","Met+Fun",303,0.789,0.888425291360926
"Combined_vs_NP","Met+Fun",303,0.79,0.889394559423895
"Combined_vs_NP","Met+Fun",303,0.791,0.890363827486865
"Combined_vs_NP","Met+Fun",303,0.792,0.891333095549834
"Combined_vs_NP","Met+Fun",303,0.793,0.892302363612804
"Combined_vs_NP","Met+Fun",303,0.794,0.893271631675773
"Combined_vs_NP","Met+Fun",303,0.795,0.894240899738743
"Combined_vs_NP","Met+Fun",303,0.796,0.895210167801712
"Combined_vs_NP","Met+Fun",303,0.797,0.896179435864682
"Combined_vs_NP","Met+Fun",303,0.798,0.897148703927651
"Combined_vs_NP","Met+Fun",303,0.799,0.897745039659794
"Combined_vs_NP","Met+Fun",303,0.8,0.898184984414493
"Combined_vs_NP","Met+Fun",303,0.801,0.898624929169191
"Combined_vs_NP","Met+Fun",303,0.802,0.89906487392389
"Combined_vs_NP","Met+Fun",303,0.803,0.899504818678589
"Combined_vs_NP","Met+Fun",303,0.804,0.899944763433288
"Combined_vs_NP","Met+Fun",303,0.805,0.900384708187987
"Combined_vs_NP","Met+Fun",303,0.806,0.900824652942686
"Combined_vs_NP","Met+Fun",303,0.807,0.901264597697385
"Combined_vs_NP","Met+Fun",303,0.808,0.901704542452083
"Combined_vs_NP","Met+Fun",303,0.809,0.902144487206782
"Combined_vs_NP","Met+Fun",303,0.81,0.902584431961481
"Combined_vs_NP","Met+Fun",303,0.811,0.90302437671618
"Combined_vs_NP","Met+Fun",303,0.812,0.903464321470879
"Combined_vs_NP","Met+Fun",303,0.813,0.903904266225578
"Combined_vs_NP","Met+Fun",303,0.814,0.904344210980277
"Combined_vs_NP","Met+Fun",303,0.815,0.904784155734976
"Combined_vs_NP","Met+Fun",303,0.816,0.905224100489674
"Combined_vs_NP","Met+Fun",303,0.817,0.905664045244373
"Combined_vs_NP","Met+Fun",303,0.818,0.906103989999072
"Combined_vs_NP","Met+Fun",303,0.819,0.906543934753771
"Combined_vs_NP","Met+Fun",303,0.82,0.90698387950847
"Combined_vs_NP","Met+Fun",303,0.821,0.907423824263169
"Combined_vs_NP","Met+Fun",303,0.822,0.907986626160725
"Combined_vs_NP","Met+Fun",303,0.823,0.908552285201138
"Combined_vs_NP","Met+Fun",303,0.824,0.909117944241551
"Combined_vs_NP","Met+Fun",303,0.825,0.909683603281964
"Combined_vs_NP","Met+Fun",303,0.826,0.910249262322377
"Combined_vs_NP","Met+Fun",303,0.827,0.91081492136279
"Combined_vs_NP","Met+Fun",303,0.828,0.911380580403203
"Combined_vs_NP","Met+Fun",303,0.829,0.911946239443617
"Combined_vs_NP","Met+Fun",303,0.83,0.91251189848403
"Combined_vs_NP","Met+Fun",303,0.831,0.913077557524443
"Combined_vs_NP","Met+Fun",303,0.832,0.913643216564856
"Combined_vs_NP","Met+Fun",303,0.833,0.914424659821053
"Combined_vs_NP","Met+Fun",303,0.834,0.915341967213115
"Combined_vs_NP","Met+Fun",303,0.835,0.916259274605176
"Combined_vs_NP","Met+Fun",303,0.836,0.917176581997238
"Combined_vs_NP","Met+Fun",303,0.837,0.918093889389299
"Combined_vs_NP","Met+Fun",303,0.838,0.919011196781361
"Combined_vs_NP","Met+Fun",303,0.839,0.919928504173422
"Combined_vs_NP","Met+Fun",303,0.84,0.920845811565484
"Combined_vs_NP","Met+Fun",303,0.841,0.921763118957545
"Combined_vs_NP","Met+Fun",303,0.842,0.922680426349607
"Combined_vs_NP","Met+Fun",303,0.843,0.923597733741668
"Combined_vs_NP","Met+Fun",303,0.844,0.924494432234432
"Combined_vs_NP","Met+Fun",303,0.845,0.925329304029304
"Combined_vs_NP","Met+Fun",303,0.846,0.926164175824176
"Combined_vs_NP","Met+Fun",303,0.847,0.926999047619048
"Combined_vs_NP","Met+Fun",303,0.848,0.927833919413919
"Combined_vs_NP","Met+Fun",303,0.849,0.928668791208791
"Combined_vs_NP","Met+Fun",303,0.85,0.929503663003663
"Combined_vs_NP","Met+Fun",303,0.851,0.930338534798535
"Combined_vs_NP","Met+Fun",303,0.852,0.931173406593407
"Combined_vs_NP","Met+Fun",303,0.853,0.932008278388278
"Combined_vs_NP","Met+Fun",303,0.854,0.93284315018315
"Combined_vs_NP","Met+Fun",303,0.855,0.933678021978022
"Combined_vs_NP","Met+Fun",303,0.856,0.934512893772894
"Combined_vs_NP","Met+Fun",303,0.857,0.935347765567766
"Combined_vs_NP","Met+Fun",303,0.858,0.936182637362637
"Combined_vs_NP","Met+Fun",303,0.859,0.937017509157509
"Combined_vs_NP","Met+Fun",303,0.86,0.937852380952381
"Combined_vs_NP","Met+Fun",303,0.861,0.938687252747253
"Combined_vs_NP","Met+Fun",303,0.862,0.939522124542125
"Combined_vs_NP","Met+Fun",303,0.863,0.940356996336996
"Combined_vs_NP","Met+Fun",303,0.864,0.941191868131868
"Combined_vs_NP","Met+Fun",303,0.865,0.94202673992674
"Combined_vs_NP","Met+Fun",303,0.866,0.942861611721612
"Combined_vs_NP","Met+Fun",303,0.867,0.943696483516483
"Combined_vs_NP","Met+Fun",303,0.868,0.944531355311355
"Combined_vs_NP","Met+Fun",303,0.869,0.945366227106227
"Combined_vs_NP","Met+Fun",303,0.87,0.945805494505495
"Combined_vs_NP","Met+Fun",303,0.871,0.946060146520147
"Combined_vs_NP","Met+Fun",303,0.872,0.946314798534799
"Combined_vs_NP","Met+Fun",303,0.873,0.946569450549451
"Combined_vs_NP","Met+Fun",303,0.874,0.946824102564103
"Combined_vs_NP","Met+Fun",303,0.875,0.947078754578755
"Combined_vs_NP","Met+Fun",303,0.876,0.947333406593407
"Combined_vs_NP","Met+Fun",303,0.877,0.947588058608059
"Combined_vs_NP","Met+Fun",303,0.878,0.947822710622711
"Combined_vs_NP","Met+Fun",303,0.879,0.947951648351648
"Combined_vs_NP","Met+Fun",303,0.88,0.948080586080586
"Combined_vs_NP","Met+Fun",303,0.881,0.948209523809524
"Combined_vs_NP","Met+Fun",303,0.882,0.948338461538462
"Combined_vs_NP","Met+Fun",303,0.883,0.948467399267399
"Combined_vs_NP","Met+Fun",303,0.884,0.948596336996337
"Combined_vs_NP","Met+Fun",303,0.885,0.948725274725275
"Combined_vs_NP","Met+Fun",303,0.886,0.948854212454213
"Combined_vs_NP","Met+Fun",303,0.887,0.949042409442409
"Combined_vs_NP","Met+Fun",303,0.888,0.949264468864469
"Combined_vs_NP","Met+Fun",303,0.889,0.949486528286528
"Combined_vs_NP","Met+Fun",303,0.89,0.949708587708588
"Combined_vs_NP","Met+Fun",303,0.891,0.949930647130647
"Combined_vs_NP","Met+Fun",303,0.892,0.950152706552707
"Combined_vs_NP","Met+Fun",303,0.893,0.950374765974766
"Combined_vs_NP","Met+Fun",303,0.894,0.950596825396825
"Combined_vs_NP","Met+Fun",303,0.895,0.950804232804233
"Combined_vs_NP","Met+Fun",303,0.896,0.950897354497355
"Combined_vs_NP","Met+Fun",303,0.897,0.950990476190476
"Combined_vs_NP","Met+Fun",303,0.898,0.951083597883598
"Combined_vs_NP","Met+Fun",303,0.899,0.95117671957672
"Combined_vs_NP","Met+Fun",303,0.9,0.951269841269841
"Combined_vs_NP","Met+Fun",303,0.901,0.951362962962963
"Combined_vs_NP","Met+Fun",303,0.902,0.951456084656085
"Combined_vs_NP","Met+Fun",303,0.903,0.951549206349206
"Combined_vs_NP","Met+Fun",303,0.904,0.951642328042328
"Combined_vs_NP","Met+Fun",303,0.905,0.95173544973545
"Combined_vs_NP","Met+Fun",303,0.906,0.951828571428571
"Combined_vs_NP","Met+Fun",303,0.907,0.951921693121693
"Combined_vs_NP","Met+Fun",303,0.908,0.952014814814815
"Combined_vs_NP","Met+Fun",303,0.909,0.952107936507937
"Combined_vs_NP","Met+Fun",303,0.91,0.952201058201058
"Combined_vs_NP","Met+Fun",303,0.911,0.95229417989418
"Combined_vs_NP","Met+Fun",303,0.912,0.952387301587302
"Combined_vs_NP","Met+Fun",303,0.913,0.952480423280423
"Combined_vs_NP","Met+Fun",303,0.914,0.952573544973545
"Combined_vs_NP","Met+Fun",303,0.915,0.952761904761905
"Combined_vs_NP","Met+Fun",303,0.916,0.953274074074074
"Combined_vs_NP","Met+Fun",303,0.917,0.953786243386243
"Combined_vs_NP","Met+Fun",303,0.918,0.954298412698413
"Combined_vs_NP","Met+Fun",303,0.919,0.954810582010582
"Combined_vs_NP","Met+Fun",303,0.92,0.955322751322751
"Combined_vs_NP","Met+Fun",303,0.921,0.955834920634921
"Combined_vs_NP","Met+Fun",303,0.922,0.95634708994709
"Combined_vs_NP","Met+Fun",303,0.923,0.956859259259259
"Combined_vs_NP","Met+Fun",303,0.924,0.957371428571429
"Combined_vs_NP","Met+Fun",303,0.925,0.957883597883598
"Combined_vs_NP","Met+Fun",303,0.926,0.958395767195767
"Combined_vs_NP","Met+Fun",303,0.927,0.958907936507936
"Combined_vs_NP","Met+Fun",303,0.928,0.959420105820106
"Combined_vs_NP","Met+Fun",303,0.929,0.959932275132275
"Combined_vs_NP","Met+Fun",303,0.93,0.960444444444444
"Combined_vs_NP","Met+Fun",303,0.931,0.960956613756614
"Combined_vs_NP","Met+Fun",303,0.932,0.961468783068783
"Combined_vs_NP","Met+Fun",303,0.933,0.961980952380952
"Combined_vs_NP","Met+Fun",303,0.934,0.962493121693122
"Combined_vs_NP","Met+Fun",303,0.935,0.963005291005291
"Combined_vs_NP","Met+Fun",303,0.936,0.96351746031746
"Combined_vs_NP","Met+Fun",303,0.937,0.96402962962963
"Combined_vs_NP","Met+Fun",303,0.938,0.964541798941799
"Combined_vs_NP","Met+Fun",303,0.939,0.965053968253968
"Combined_vs_NP","Met+Fun",303,0.94,0.965566137566138
"Combined_vs_NP","Met+Fun",303,0.941,0.966078306878307
"Combined_vs_NP","Met+Fun",303,0.942,0.966590476190476
"Combined_vs_NP","Met+Fun",303,0.943,0.967102645502646
"Combined_vs_NP","Met+Fun",303,0.944,0.967614814814815
"Combined_vs_NP","Met+Fun",303,0.945,0.968126984126984
"Combined_vs_NP","Met+Fun",303,0.946,0.968639153439154
"Combined_vs_NP","Met+Fun",303,0.947,0.969151322751323
"Combined_vs_NP","Met+Fun",303,0.948,0.969663492063492
"Combined_vs_NP","Met+Fun",303,0.949,0.970118518518518
"Combined_vs_NP","Met+Fun",303,0.95,0.97021164021164
"Combined_vs_NP","Met+Fun",303,0.951,0.970304761904762
"Combined_vs_NP","Met+Fun",303,0.952,0.970397883597884
"Combined_vs_NP","Met+Fun",303,0.953,0.970491005291005
"Combined_vs_NP","Met+Fun",303,0.954,0.970584126984127
"Combined_vs_NP","Met+Fun",303,0.955,0.970677248677249
"Combined_vs_NP","Met+Fun",303,0.956,0.97077037037037
"Combined_vs_NP","Met+Fun",303,0.957,0.970863492063492
"Combined_vs_NP","Met+Fun",303,0.958,0.970956613756614
"Combined_vs_NP","Met+Fun",303,0.959,0.971049735449735
"Combined_vs_NP","Met+Fun",303,0.96,0.971142857142857
"Combined_vs_NP","Met+Fun",303,0.961,0.971667724867725
"Combined_vs_NP","Met+Fun",303,0.962,0.972319576719577
"Combined_vs_NP","Met+Fun",303,0.963,0.972971428571429
"Combined_vs_NP","Met+Fun",303,0.964,0.973536507936508
"Combined_vs_NP","Met+Fun",303,0.965,0.974095238095238
"Combined_vs_NP","Met+Fun",303,0.966,0.974676825396825
"Combined_vs_NP","Met+Fun",303,0.967,0.975486984126984
"Combined_vs_NP","Met+Fun",303,0.968,0.976297142857143
"Combined_vs_NP","Met+Fun",303,0.969,0.977107301587302
"Combined_vs_NP","Met+Fun",303,0.97,0.97791746031746
"Combined_vs_NP","Met+Fun",303,0.971,0.978727619047619
"Combined_vs_NP","Met+Fun",303,0.972,0.979537777777778
"Combined_vs_NP","Met+Fun",303,0.973,0.980347936507937
"Combined_vs_NP","Met+Fun",303,0.974,0.981158095238095
"Combined_vs_NP","Met+Fun",303,0.975,0.981968253968254
"Combined_vs_NP","Met+Fun",303,0.976,0.982778412698413
"Combined_vs_NP","Met+Fun",303,0.977,0.983588571428571
"Combined_vs_NP","Met+Fun",303,0.978,0.984764444444444
"Combined_vs_NP","Met+Fun",303,0.979,0.98607746031746
"Combined_vs_NP","Met+Fun",303,0.98,0.987390476190476
"Combined_vs_NP","Met+Fun",303,0.981,0.988703492063492
"Combined_vs_NP","Met+Fun",303,0.982,0.990016507936508
"Combined_vs_NP","Met+Fun",303,0.983,0.991329523809524
"Combined_vs_NP","Met+Fun",303,0.984,0.99264253968254
"Combined_vs_NP","Met+Fun",303,0.985,0.993955555555556
"Combined_vs_NP","Met+Fun",303,0.986,0.995154285714286
"Combined_vs_NP","Met+Fun",303,0.987,0.995908571428571
"Combined_vs_NP","Met+Fun",303,0.988,0.996662857142857
"Combined_vs_NP","Met+Fun",303,0.989,0.997417142857143
"Combined_vs_NP","Met+Fun",303,0.99,0.998171428571429
"Combined_vs_NP","Met+Fun",303,0.991,0.998925714285714
"Combined_vs_NP","Met+Fun",303,0.992,0.999417142857143
"Combined_vs_NP","Met+Fun",303,0.993,0.999668571428571
"Combined_vs_NP","Met+Fun",303,0.994,0.99992
"Combined_vs_NP","Met+Fun",303,0.995,1
"Combined_vs_NP","Met+Fun",303,0.996,1
"Combined_vs_NP","Met+Fun",303,0.997,1
"Combined_vs_NP","Met+Fun",303,0.998,1
"Combined_vs_NP","Met+Fun",303,0.999,1
"Combined_vs_NP","Met+Fun",303,1,1
"Combined_vs_NP","Met+Bac",303,0,0.0928571428571428
"Combined_vs_NP","Met+Bac",303,0.001,0.0928571428571428
"Combined_vs_NP","Met+Bac",303,0.002,0.0928571428571428
"Combined_vs_NP","Met+Bac",303,0.003,0.1
"Combined_vs_NP","Met+Bac",303,0.004,0.1
"Combined_vs_NP","Met+Bac",303,0.005,0.1
"Combined_vs_NP","Met+Bac",303,0.006,0.1008
"Combined_vs_NP","Met+Bac",303,0.007,0.103314285714286
"Combined_vs_NP","Met+Bac",303,0.008,0.105828571428571
"Combined_vs_NP","Met+Bac",303,0.009,0.107142857142857
"Combined_vs_NP","Met+Bac",303,0.01,0.107142857142857
"Combined_vs_NP","Met+Bac",303,0.011,0.107142857142857
"Combined_vs_NP","Met+Bac",303,0.012,0.108742857142857
"Combined_vs_NP","Met+Bac",303,0.013,0.111257142857143
"Combined_vs_NP","Met+Bac",303,0.014,0.113771428571429
"Combined_vs_NP","Met+Bac",303,0.015,0.128571428571429
"Combined_vs_NP","Met+Bac",303,0.016,0.128571428571429
"Combined_vs_NP","Met+Bac",303,0.017,0.128571428571429
"Combined_vs_NP","Met+Bac",303,0.018,0.161942857142857
"Combined_vs_NP","Met+Bac",303,0.019,0.166971428571429
"Combined_vs_NP","Met+Bac",303,0.02,0.214571428571429
"Combined_vs_NP","Met+Bac",303,0.021,0.217085714285714
"Combined_vs_NP","Met+Bac",303,0.022,0.2196
"Combined_vs_NP","Met+Bac",303,0.023,0.222114285714286
"Combined_vs_NP","Met+Bac",303,0.024,0.224628571428572
"Combined_vs_NP","Met+Bac",303,0.025,0.227142857142857
"Combined_vs_NP","Met+Bac",303,0.026,0.2368
"Combined_vs_NP","Met+Bac",303,0.027,0.239314285714286
"Combined_vs_NP","Met+Bac",303,0.028,0.241828571428571
"Combined_vs_NP","Met+Bac",303,0.029,0.242857142857143
"Combined_vs_NP","Met+Bac",303,0.03,0.242857142857143
"Combined_vs_NP","Met+Bac",303,0.031,0.242857142857143
"Combined_vs_NP","Met+Bac",303,0.032,0.242857142857143
"Combined_vs_NP","Met+Bac",303,0.033,0.242857142857143
"Combined_vs_NP","Met+Bac",303,0.034,0.242857142857143
"Combined_vs_NP","Met+Bac",303,0.035,0.245142857142857
"Combined_vs_NP","Met+Bac",303,0.036,0.247657142857143
"Combined_vs_NP","Met+Bac",303,0.037,0.25
"Combined_vs_NP","Met+Bac",303,0.038,0.25
"Combined_vs_NP","Met+Bac",303,0.039,0.25
"Combined_vs_NP","Met+Bac",303,0.04,0.25
"Combined_vs_NP","Met+Bac",303,0.041,0.25
"Combined_vs_NP","Met+Bac",303,0.042,0.25
"Combined_vs_NP","Met+Bac",303,0.043,0.25
"Combined_vs_NP","Met+Bac",303,0.044,0.25
"Combined_vs_NP","Met+Bac",303,0.045,0.25
"Combined_vs_NP","Met+Bac",303,0.046,0.25
"Combined_vs_NP","Met+Bac",303,0.047,0.25
"Combined_vs_NP","Met+Bac",303,0.048,0.25
"Combined_vs_NP","Met+Bac",303,0.049,0.25
"Combined_vs_NP","Met+Bac",303,0.05,0.25
"Combined_vs_NP","Met+Bac",303,0.051,0.25
"Combined_vs_NP","Met+Bac",303,0.052,0.257142857142857
"Combined_vs_NP","Met+Bac",303,0.053,0.257142857142857
"Combined_vs_NP","Met+Bac",303,0.054,0.257257142857143
"Combined_vs_NP","Met+Bac",303,0.055,0.262285714285715
"Combined_vs_NP","Met+Bac",303,0.056,0.267314285714286
"Combined_vs_NP","Met+Bac",303,0.057,0.271428571428571
"Combined_vs_NP","Met+Bac",303,0.058,0.271428571428571
"Combined_vs_NP","Met+Bac",303,0.059,0.271428571428571
"Combined_vs_NP","Met+Bac",303,0.06,0.271428571428571
"Combined_vs_NP","Met+Bac",303,0.061,0.271428571428571
"Combined_vs_NP","Met+Bac",303,0.062,0.271428571428571
"Combined_vs_NP","Met+Bac",303,0.063,0.278571428571429
"Combined_vs_NP","Met+Bac",303,0.064,0.278571428571429
"Combined_vs_NP","Met+Bac",303,0.065,0.278571428571429
"Combined_vs_NP","Met+Bac",303,0.066,0.27912380952381
"Combined_vs_NP","Met+Bac",303,0.067,0.279961904761905
"Combined_vs_NP","Met+Bac",303,0.068,0.2808
"Combined_vs_NP","Met+Bac",303,0.069,0.283695238095238
"Combined_vs_NP","Met+Bac",303,0.07,0.287047619047619
"Combined_vs_NP","Met+Bac",303,0.071,0.2904
"Combined_vs_NP","Met+Bac",303,0.072,0.291295238095238
"Combined_vs_NP","Met+Bac",303,0.073,0.292133333333333
"Combined_vs_NP","Met+Bac",303,0.074,0.292857142857143
"Combined_vs_NP","Met+Bac",303,0.075,0.292857142857143
"Combined_vs_NP","Met+Bac",303,0.076,0.292857142857143
"Combined_vs_NP","Met+Bac",303,0.077,0.2936
"Combined_vs_NP","Met+Bac",303,0.078,0.296114285714286
"Combined_vs_NP","Met+Bac",303,0.079,0.298628571428571
"Combined_vs_NP","Met+Bac",303,0.08,0.302285714285714
"Combined_vs_NP","Met+Bac",303,0.081,0.307314285714285
"Combined_vs_NP","Met+Bac",303,0.082,0.312342857142857
"Combined_vs_NP","Met+Bac",303,0.083,0.3166
"Combined_vs_NP","Met+Bac",303,0.084,0.320371428571429
"Combined_vs_NP","Met+Bac",303,0.085,0.324142857142857
"Combined_vs_NP","Met+Bac",303,0.086,0.329209523809524
"Combined_vs_NP","Met+Bac",303,0.087,0.334657142857143
"Combined_vs_NP","Met+Bac",303,0.088,0.340104761904762
"Combined_vs_NP","Met+Bac",303,0.089,0.343209523809524
"Combined_vs_NP","Met+Bac",303,0.09,0.346142857142857
"Combined_vs_NP","Met+Bac",303,0.091,0.349152380952381
"Combined_vs_NP","Met+Bac",303,0.092,0.352923809523809
"Combined_vs_NP","Met+Bac",303,0.093,0.356695238095238
"Combined_vs_NP","Met+Bac",303,0.094,0.360361904761905
"Combined_vs_NP","Met+Bac",303,0.095,0.363714285714286
"Combined_vs_NP","Met+Bac",303,0.096,0.367066666666666
"Combined_vs_NP","Met+Bac",303,0.097,0.370419047619047
"Combined_vs_NP","Met+Bac",303,0.098,0.373771428571428
"Combined_vs_NP","Met+Bac",303,0.099,0.377123809523809
"Combined_vs_NP","Met+Bac",303,0.1,0.381428571428571
"Combined_vs_NP","Met+Bac",303,0.101,0.386457142857143
"Combined_vs_NP","Met+Bac",303,0.102,0.391485714285714
"Combined_vs_NP","Met+Bac",303,0.103,0.392857142857143
"Combined_vs_NP","Met+Bac",303,0.104,0.392857142857143
"Combined_vs_NP","Met+Bac",303,0.105,0.392857142857143
"Combined_vs_NP","Met+Bac",303,0.106,0.392857142857143
"Combined_vs_NP","Met+Bac",303,0.107,0.392857142857143
"Combined_vs_NP","Met+Bac",303,0.108,0.392857142857143
"Combined_vs_NP","Met+Bac",303,0.109,0.392857142857143
"Combined_vs_NP","Met+Bac",303,0.11,0.392857142857143
"Combined_vs_NP","Met+Bac",303,0.111,0.392857142857143
"Combined_vs_NP","Met+Bac",303,0.112,0.392857142857143
"Combined_vs_NP","Met+Bac",303,0.113,0.392857142857143
"Combined_vs_NP","Met+Bac",303,0.114,0.392857142857143
"Combined_vs_NP","Met+Bac",303,0.115,0.392857142857143
"Combined_vs_NP","Met+Bac",303,0.116,0.392857142857143
"Combined_vs_NP","Met+Bac",303,0.117,0.392857142857143
"Combined_vs_NP","Met+Bac",303,0.118,0.392857142857143
"Combined_vs_NP","Met+Bac",303,0.119,0.392857142857143
"Combined_vs_NP","Met+Bac",303,0.12,0.392857142857143
"Combined_vs_NP","Met+Bac",303,0.121,0.392857142857143
"Combined_vs_NP","Met+Bac",303,0.122,0.392857142857143
"Combined_vs_NP","Met+Bac",303,0.123,0.392857142857143
"Combined_vs_NP","Met+Bac",303,0.124,0.392857142857143
"Combined_vs_NP","Met+Bac",303,0.125,0.392857142857143
"Combined_vs_NP","Met+Bac",303,0.126,0.392857142857143
"Combined_vs_NP","Met+Bac",303,0.127,0.392857142857143
"Combined_vs_NP","Met+Bac",303,0.128,0.392857142857143
"Combined_vs_NP","Met+Bac",303,0.129,0.392857142857143
"Combined_vs_NP","Met+Bac",303,0.13,0.392857142857143
"Combined_vs_NP","Met+Bac",303,0.131,0.393123809523809
"Combined_vs_NP","Met+Bac",303,0.132,0.393961904761905
"Combined_vs_NP","Met+Bac",303,0.133,0.3948
"Combined_vs_NP","Met+Bac",303,0.134,0.395638095238095
"Combined_vs_NP","Met+Bac",303,0.135,0.39647619047619
"Combined_vs_NP","Met+Bac",303,0.136,0.397314285714286
"Combined_vs_NP","Met+Bac",303,0.137,0.398152380952381
"Combined_vs_NP","Met+Bac",303,0.138,0.398990476190476
"Combined_vs_NP","Met+Bac",303,0.139,0.399828571428571
"Combined_vs_NP","Met+Bac",303,0.14,0.4
"Combined_vs_NP","Met+Bac",303,0.141,0.4
"Combined_vs_NP","Met+Bac",303,0.142,0.4
"Combined_vs_NP","Met+Bac",303,0.143,0.4
"Combined_vs_NP","Met+Bac",303,0.144,0.4
"Combined_vs_NP","Met+Bac",303,0.145,0.4
"Combined_vs_NP","Met+Bac",303,0.146,0.4
"Combined_vs_NP","Met+Bac",303,0.147,0.4
"Combined_vs_NP","Met+Bac",303,0.148,0.4
"Combined_vs_NP","Met+Bac",303,0.149,0.4
"Combined_vs_NP","Met+Bac",303,0.15,0.4
"Combined_vs_NP","Met+Bac",303,0.151,0.400271428571429
"Combined_vs_NP","Met+Bac",303,0.152,0.4009
"Combined_vs_NP","Met+Bac",303,0.153,0.401528571428571
"Combined_vs_NP","Met+Bac",303,0.154,0.402157142857143
"Combined_vs_NP","Met+Bac",303,0.155,0.402785714285714
"Combined_vs_NP","Met+Bac",303,0.156,0.403414285714286
"Combined_vs_NP","Met+Bac",303,0.157,0.404042857142857
"Combined_vs_NP","Met+Bac",303,0.158,0.404671428571429
"Combined_vs_NP","Met+Bac",303,0.159,0.4053
"Combined_vs_NP","Met+Bac",303,0.16,0.413071428571429
"Combined_vs_NP","Met+Bac",303,0.161,0.4137
"Combined_vs_NP","Met+Bac",303,0.162,0.414285714285714
"Combined_vs_NP","Met+Bac",303,0.163,0.414285714285714
"Combined_vs_NP","Met+Bac",303,0.164,0.414285714285714
"Combined_vs_NP","Met+Bac",303,0.165,0.414285714285714
"Combined_vs_NP","Met+Bac",303,0.166,0.414285714285714
"Combined_vs_NP","Met+Bac",303,0.167,0.414285714285714
"Combined_vs_NP","Met+Bac",303,0.168,0.414285714285714
"Combined_vs_NP","Met+Bac",303,0.169,0.414285714285714
"Combined_vs_NP","Met+Bac",303,0.17,0.414285714285714
"Combined_vs_NP","Met+Bac",303,0.171,0.414285714285714
"Combined_vs_NP","Met+Bac",303,0.172,0.414285714285714
"Combined_vs_NP","Met+Bac",303,0.173,0.414285714285714
"Combined_vs_NP","Met+Bac",303,0.174,0.415466666666667
"Combined_vs_NP","Met+Bac",303,0.175,0.417142857142857
"Combined_vs_NP","Met+Bac",303,0.176,0.418819047619047
"Combined_vs_NP","Met+Bac",303,0.177,0.420495238095238
"Combined_vs_NP","Met+Bac",303,0.178,0.422171428571428
"Combined_vs_NP","Met+Bac",303,0.179,0.423904761904762
"Combined_vs_NP","Met+Bac",303,0.18,0.428095238095238
"Combined_vs_NP","Met+Bac",303,0.181,0.432285714285715
"Combined_vs_NP","Met+Bac",303,0.182,0.435714285714286
"Combined_vs_NP","Met+Bac",303,0.183,0.435714285714286
"Combined_vs_NP","Met+Bac",303,0.184,0.435714285714286
"Combined_vs_NP","Met+Bac",303,0.185,0.435714285714286
"Combined_vs_NP","Met+Bac",303,0.186,0.435714285714286
"Combined_vs_NP","Met+Bac",303,0.187,0.435714285714286
"Combined_vs_NP","Met+Bac",303,0.188,0.443485714285714
"Combined_vs_NP","Met+Bac",303,0.189,0.444742857142857
"Combined_vs_NP","Met+Bac",303,0.19,0.446
"Combined_vs_NP","Met+Bac",303,0.191,0.447257142857143
"Combined_vs_NP","Met+Bac",303,0.192,0.448514285714286
"Combined_vs_NP","Met+Bac",303,0.193,0.449771428571429
"Combined_vs_NP","Met+Bac",303,0.194,0.45
"Combined_vs_NP","Met+Bac",303,0.195,0.45
"Combined_vs_NP","Met+Bac",303,0.196,0.45
"Combined_vs_NP","Met+Bac",303,0.197,0.45
"Combined_vs_NP","Met+Bac",303,0.198,0.45
"Combined_vs_NP","Met+Bac",303,0.199,0.45
"Combined_vs_NP","Met+Bac",303,0.2,0.45
"Combined_vs_NP","Met+Bac",303,0.201,0.45
"Combined_vs_NP","Met+Bac",303,0.202,0.450742857142857
"Combined_vs_NP","Met+Bac",303,0.203,0.453257142857143
"Combined_vs_NP","Met+Bac",303,0.204,0.455771428571428
"Combined_vs_NP","Met+Bac",303,0.205,0.458285714285714
"Combined_vs_NP","Met+Bac",303,0.206,0.4608
"Combined_vs_NP","Met+Bac",303,0.207,0.463314285714286
"Combined_vs_NP","Met+Bac",303,0.208,0.464285714285714
"Combined_vs_NP","Met+Bac",303,0.209,0.464285714285714
"Combined_vs_NP","Met+Bac",303,0.21,0.464285714285714
"Combined_vs_NP","Met+Bac",303,0.211,0.464285714285714
"Combined_vs_NP","Met+Bac",303,0.212,0.464285714285714
"Combined_vs_NP","Met+Bac",303,0.213,0.464285714285714
"Combined_vs_NP","Met+Bac",303,0.214,0.464285714285714
"Combined_vs_NP","Met+Bac",303,0.215,0.464285714285714
"Combined_vs_NP","Met+Bac",303,0.216,0.464285714285714
"Combined_vs_NP","Met+Bac",303,0.217,0.464285714285714
"Combined_vs_NP","Met+Bac",303,0.218,0.464285714285714
"Combined_vs_NP","Met+Bac",303,0.219,0.464285714285714
"Combined_vs_NP","Met+Bac",303,0.22,0.464285714285714
"Combined_vs_NP","Met+Bac",303,0.221,0.464285714285714
"Combined_vs_NP","Met+Bac",303,0.222,0.464285714285714
"Combined_vs_NP","Met+Bac",303,0.223,0.464285714285714
"Combined_vs_NP","Met+Bac",303,0.224,0.464285714285714
"Combined_vs_NP","Met+Bac",303,0.225,0.464642857142857
"Combined_vs_NP","Met+Bac",303,0.226,0.465271428571429
"Combined_vs_NP","Met+Bac",303,0.227,0.4659
"Combined_vs_NP","Met+Bac",303,0.228,0.466528571428571
"Combined_vs_NP","Met+Bac",303,0.229,0.467157142857143
"Combined_vs_NP","Met+Bac",303,0.23,0.467785714285714
"Combined_vs_NP","Met+Bac",303,0.231,0.469528571428571
"Combined_vs_NP","Met+Bac",303,0.232,0.471414285714286
"Combined_vs_NP","Met+Bac",303,0.233,0.473338095238095
"Combined_vs_NP","Met+Bac",303,0.234,0.476061904761905
"Combined_vs_NP","Met+Bac",303,0.235,0.478785714285714
"Combined_vs_NP","Met+Bac",303,0.236,0.481638095238095
"Combined_vs_NP","Met+Bac",303,0.237,0.484990476190476
"Combined_vs_NP","Met+Bac",303,0.238,0.488342857142857
"Combined_vs_NP","Met+Bac",303,0.239,0.492152380952381
"Combined_vs_NP","Met+Bac",303,0.24,0.496761904761905
"Combined_vs_NP","Met+Bac",303,0.241,0.501371428571429
"Combined_vs_NP","Met+Bac",303,0.242,0.504666666666667
"Combined_vs_NP","Met+Bac",303,0.243,0.506761904761905
"Combined_vs_NP","Met+Bac",303,0.244,0.508857142857143
"Combined_vs_NP","Met+Bac",303,0.245,0.510952380952381
"Combined_vs_NP","Met+Bac",303,0.246,0.513047619047619
"Combined_vs_NP","Met+Bac",303,0.247,0.515142857142857
"Combined_vs_NP","Met+Bac",303,0.248,0.517238095238095
"Combined_vs_NP","Met+Bac",303,0.249,0.519333333333333
"Combined_vs_NP","Met+Bac",303,0.25,0.521428571428571
"Combined_vs_NP","Met+Bac",303,0.251,0.52352380952381
"Combined_vs_NP","Met+Bac",303,0.252,0.525619047619048
"Combined_vs_NP","Met+Bac",303,0.253,0.527847619047619
"Combined_vs_NP","Met+Bac",303,0.254,0.530780952380952
"Combined_vs_NP","Met+Bac",303,0.255,0.533714285714286
"Combined_vs_NP","Met+Bac",303,0.256,0.538247619047619
"Combined_vs_NP","Met+Bac",303,0.257,0.546209523809524
"Combined_vs_NP","Met+Bac",303,0.258,0.554171428571429
"Combined_vs_NP","Met+Bac",303,0.259,0.561733333333333
"Combined_vs_NP","Met+Bac",303,0.26,0.568857142857143
"Combined_vs_NP","Met+Bac",303,0.261,0.575980952380952
"Combined_vs_NP","Met+Bac",303,0.262,0.578571428571429
"Combined_vs_NP","Met+Bac",303,0.263,0.578571428571429
"Combined_vs_NP","Met+Bac",303,0.264,0.578571428571429
"Combined_vs_NP","Met+Bac",303,0.265,0.578571428571429
"Combined_vs_NP","Met+Bac",303,0.266,0.578571428571429
"Combined_vs_NP","Met+Bac",303,0.267,0.578571428571429
"Combined_vs_NP","Met+Bac",303,0.268,0.579371428571429
"Combined_vs_NP","Met+Bac",303,0.269,0.580209523809524
"Combined_vs_NP","Met+Bac",303,0.27,0.581047619047619
"Combined_vs_NP","Met+Bac",303,0.271,0.581885714285714
"Combined_vs_NP","Met+Bac",303,0.272,0.58272380952381
"Combined_vs_NP","Met+Bac",303,0.273,0.583561904761905
"Combined_vs_NP","Met+Bac",303,0.274,0.5844
"Combined_vs_NP","Met+Bac",303,0.275,0.585238095238095
"Combined_vs_NP","Met+Bac",303,0.276,0.585714285714286
"Combined_vs_NP","Met+Bac",303,0.277,0.585714285714286
"Combined_vs_NP","Met+Bac",303,0.278,0.585714285714286
"Combined_vs_NP","Met+Bac",303,0.279,0.585714285714286
"Combined_vs_NP","Met+Bac",303,0.28,0.585714285714286
"Combined_vs_NP","Met+Bac",303,0.281,0.585714285714286
"Combined_vs_NP","Met+Bac",303,0.282,0.585714285714286
"Combined_vs_NP","Met+Bac",303,0.283,0.585714285714286
"Combined_vs_NP","Met+Bac",303,0.284,0.585714285714286
"Combined_vs_NP","Met+Bac",303,0.285,0.585714285714286
"Combined_vs_NP","Met+Bac",303,0.286,0.585714285714286
"Combined_vs_NP","Met+Bac",303,0.287,0.585738775510204
"Combined_vs_NP","Met+Bac",303,0.288,0.586097959183673
"Combined_vs_NP","Met+Bac",303,0.289,0.586457142857143
"Combined_vs_NP","Met+Bac",303,0.29,0.586816326530612
"Combined_vs_NP","Met+Bac",303,0.291,0.587175510204082
"Combined_vs_NP","Met+Bac",303,0.292,0.587534693877551
"Combined_vs_NP","Met+Bac",303,0.293,0.58789387755102
"Combined_vs_NP","Met+Bac",303,0.294,0.58825306122449
"Combined_vs_NP","Met+Bac",303,0.295,0.588612244897959
"Combined_vs_NP","Met+Bac",303,0.296,0.589657142857143
"Combined_vs_NP","Met+Bac",303,0.297,0.591273469387755
"Combined_vs_NP","Met+Bac",303,0.298,0.592889795918367
"Combined_vs_NP","Met+Bac",303,0.299,0.594506122448979
"Combined_vs_NP","Met+Bac",303,0.3,0.596122448979592
"Combined_vs_NP","Met+Bac",303,0.301,0.597738775510204
"Combined_vs_NP","Met+Bac",303,0.302,0.598269387755102
"Combined_vs_NP","Met+Bac",303,0.303,0.598628571428571
"Combined_vs_NP","Met+Bac",303,0.304,0.598987755102041
"Combined_vs_NP","Met+Bac",303,0.305,0.59934693877551
"Combined_vs_NP","Met+Bac",303,0.306,0.59970612244898
"Combined_vs_NP","Met+Bac",303,0.307,0.600114285714286
"Combined_vs_NP","Met+Bac",303,0.308,0.600742857142857
"Combined_vs_NP","Met+Bac",303,0.309,0.601371428571429
"Combined_vs_NP","Met+Bac",303,0.31,0.602
"Combined_vs_NP","Met+Bac",303,0.311,0.602628571428571
"Combined_vs_NP","Met+Bac",303,0.312,0.603257142857143
"Combined_vs_NP","Met+Bac",303,0.313,0.611028571428571
"Combined_vs_NP","Met+Bac",303,0.314,0.611657142857143
"Combined_vs_NP","Met+Bac",303,0.315,0.612285714285714
"Combined_vs_NP","Met+Bac",303,0.316,0.612914285714286
"Combined_vs_NP","Met+Bac",303,0.317,0.613542857142857
"Combined_vs_NP","Met+Bac",303,0.318,0.614171428571429
"Combined_vs_NP","Met+Bac",303,0.319,0.614285714285714
"Combined_vs_NP","Met+Bac",303,0.32,0.614285714285714
"Combined_vs_NP","Met+Bac",303,0.321,0.614285714285714
"Combined_vs_NP","Met+Bac",303,0.322,0.615514285714286
"Combined_vs_NP","Met+Bac",303,0.323,0.616771428571429
"Combined_vs_NP","Met+Bac",303,0.324,0.618028571428571
"Combined_vs_NP","Met+Bac",303,0.325,0.619285714285714
"Combined_vs_NP","Met+Bac",303,0.326,0.620542857142857
"Combined_vs_NP","Met+Bac",303,0.327,0.621428571428571
"Combined_vs_NP","Met+Bac",303,0.328,0.621428571428571
"Combined_vs_NP","Met+Bac",303,0.329,0.621428571428571
"Combined_vs_NP","Met+Bac",303,0.33,0.621428571428571
"Combined_vs_NP","Met+Bac",303,0.331,0.621428571428571
"Combined_vs_NP","Met+Bac",303,0.332,0.621428571428571
"Combined_vs_NP","Met+Bac",303,0.333,0.622971428571429
"Combined_vs_NP","Met+Bac",303,0.334,0.625485714285715
"Combined_vs_NP","Met+Bac",303,0.335,0.628
"Combined_vs_NP","Met+Bac",303,0.336,0.628571428571429
"Combined_vs_NP","Met+Bac",303,0.337,0.628571428571429
"Combined_vs_NP","Met+Bac",303,0.338,0.628571428571429
"Combined_vs_NP","Met+Bac",303,0.339,0.628571428571429
"Combined_vs_NP","Met+Bac",303,0.34,0.628571428571429
"Combined_vs_NP","Met+Bac",303,0.341,0.628647619047619
"Combined_vs_NP","Met+Bac",303,0.342,0.629485714285714
"Combined_vs_NP","Met+Bac",303,0.343,0.63032380952381
"Combined_vs_NP","Met+Bac",303,0.344,0.631161904761905
"Combined_vs_NP","Met+Bac",303,0.345,0.632
"Combined_vs_NP","Met+Bac",303,0.346,0.632838095238095
"Combined_vs_NP","Met+Bac",303,0.347,0.634019047619048
"Combined_vs_NP","Met+Bac",303,0.348,0.635695238095238
"Combined_vs_NP","Met+Bac",303,0.349,0.637371428571429
"Combined_vs_NP","Met+Bac",303,0.35,0.638571428571429
"Combined_vs_NP","Met+Bac",303,0.351,0.639409523809524
"Combined_vs_NP","Met+Bac",303,0.352,0.640247619047619
"Combined_vs_NP","Met+Bac",303,0.353,0.641085714285714
"Combined_vs_NP","Met+Bac",303,0.354,0.64192380952381
"Combined_vs_NP","Met+Bac",303,0.355,0.642761904761905
"Combined_vs_NP","Met+Bac",303,0.356,0.642857142857143
"Combined_vs_NP","Met+Bac",303,0.357,0.642857142857143
"Combined_vs_NP","Met+Bac",303,0.358,0.642857142857143
"Combined_vs_NP","Met+Bac",303,0.359,0.642857142857143
"Combined_vs_NP","Met+Bac",303,0.36,0.642857142857143
"Combined_vs_NP","Met+Bac",303,0.361,0.65
"Combined_vs_NP","Met+Bac",303,0.362,0.65
"Combined_vs_NP","Met+Bac",303,0.363,0.65
"Combined_vs_NP","Met+Bac",303,0.364,0.65
"Combined_vs_NP","Met+Bac",303,0.365,0.65
"Combined_vs_NP","Met+Bac",303,0.366,0.65
"Combined_vs_NP","Met+Bac",303,0.367,0.65
"Combined_vs_NP","Met+Bac",303,0.368,0.65
"Combined_vs_NP","Met+Bac",303,0.369,0.65
"Combined_vs_NP","Met+Bac",303,0.37,0.65
"Combined_vs_NP","Met+Bac",303,0.371,0.65
"Combined_vs_NP","Met+Bac",303,0.372,0.65
"Combined_vs_NP","Met+Bac",303,0.373,0.65
"Combined_vs_NP","Met+Bac",303,0.374,0.65
"Combined_vs_NP","Met+Bac",303,0.375,0.65
"Combined_vs_NP","Met+Bac",303,0.376,0.65
"Combined_vs_NP","Met+Bac",303,0.377,0.65
"Combined_vs_NP","Met+Bac",303,0.378,0.65
"Combined_vs_NP","Met+Bac",303,0.379,0.65
"Combined_vs_NP","Met+Bac",303,0.38,0.65
"Combined_vs_NP","Met+Bac",303,0.381,0.65
"Combined_vs_NP","Met+Bac",303,0.382,0.65
"Combined_vs_NP","Met+Bac",303,0.383,0.65
"Combined_vs_NP","Met+Bac",303,0.384,0.65
"Combined_vs_NP","Met+Bac",303,0.385,0.65
"Combined_vs_NP","Met+Bac",303,0.386,0.65
"Combined_vs_NP","Met+Bac",303,0.387,0.65
"Combined_vs_NP","Met+Bac",303,0.388,0.65
"Combined_vs_NP","Met+Bac",303,0.389,0.65
"Combined_vs_NP","Met+Bac",303,0.39,0.65
"Combined_vs_NP","Met+Bac",303,0.391,0.65
"Combined_vs_NP","Met+Bac",303,0.392,0.65
"Combined_vs_NP","Met+Bac",303,0.393,0.65
"Combined_vs_NP","Met+Bac",303,0.394,0.65
"Combined_vs_NP","Met+Bac",303,0.395,0.65
"Combined_vs_NP","Met+Bac",303,0.396,0.65
"Combined_vs_NP","Met+Bac",303,0.397,0.65
"Combined_vs_NP","Met+Bac",303,0.398,0.65
"Combined_vs_NP","Met+Bac",303,0.399,0.65
"Combined_vs_NP","Met+Bac",303,0.4,0.65
"Combined_vs_NP","Met+Bac",303,0.401,0.65
"Combined_vs_NP","Met+Bac",303,0.402,0.65
"Combined_vs_NP","Met+Bac",303,0.403,0.65
"Combined_vs_NP","Met+Bac",303,0.404,0.65
"Combined_vs_NP","Met+Bac",303,0.405,0.65
"Combined_vs_NP","Met+Bac",303,0.406,0.65
"Combined_vs_NP","Met+Bac",303,0.407,0.65
"Combined_vs_NP","Met+Bac",303,0.408,0.65
"Combined_vs_NP","Met+Bac",303,0.409,0.65
"Combined_vs_NP","Met+Bac",303,0.41,0.65
"Combined_vs_NP","Met+Bac",303,0.411,0.65
"Combined_vs_NP","Met+Bac",303,0.412,0.65
"Combined_vs_NP","Met+Bac",303,0.413,0.65
"Combined_vs_NP","Met+Bac",303,0.414,0.65
"Combined_vs_NP","Met+Bac",303,0.415,0.65
"Combined_vs_NP","Met+Bac",303,0.416,0.65
"Combined_vs_NP","Met+Bac",303,0.417,0.65
"Combined_vs_NP","Met+Bac",303,0.418,0.65
"Combined_vs_NP","Met+Bac",303,0.419,0.65
"Combined_vs_NP","Met+Bac",303,0.42,0.65
"Combined_vs_NP","Met+Bac",303,0.421,0.65
"Combined_vs_NP","Met+Bac",303,0.422,0.65
"Combined_vs_NP","Met+Bac",303,0.423,0.65
"Combined_vs_NP","Met+Bac",303,0.424,0.65
"Combined_vs_NP","Met+Bac",303,0.425,0.65
"Combined_vs_NP","Met+Bac",303,0.426,0.65
"Combined_vs_NP","Met+Bac",303,0.427,0.65
"Combined_vs_NP","Met+Bac",303,0.428,0.65
"Combined_vs_NP","Met+Bac",303,0.429,0.65
"Combined_vs_NP","Met+Bac",303,0.43,0.65
"Combined_vs_NP","Met+Bac",303,0.431,0.65
"Combined_vs_NP","Met+Bac",303,0.432,0.65
"Combined_vs_NP","Met+Bac",303,0.433,0.65
"Combined_vs_NP","Met+Bac",303,0.434,0.65
"Combined_vs_NP","Met+Bac",303,0.435,0.65
"Combined_vs_NP","Met+Bac",303,0.436,0.65
"Combined_vs_NP","Met+Bac",303,0.437,0.65
"Combined_vs_NP","Met+Bac",303,0.438,0.65
"Combined_vs_NP","Met+Bac",303,0.439,0.65
"Combined_vs_NP","Met+Bac",303,0.44,0.65
"Combined_vs_NP","Met+Bac",303,0.441,0.65
"Combined_vs_NP","Met+Bac",303,0.442,0.65
"Combined_vs_NP","Met+Bac",303,0.443,0.65
"Combined_vs_NP","Met+Bac",303,0.444,0.65
"Combined_vs_NP","Met+Bac",303,0.445,0.65
"Combined_vs_NP","Met+Bac",303,0.446,0.65
"Combined_vs_NP","Met+Bac",303,0.447,0.65
"Combined_vs_NP","Met+Bac",303,0.448,0.65
"Combined_vs_NP","Met+Bac",303,0.449,0.65
"Combined_vs_NP","Met+Bac",303,0.45,0.65
"Combined_vs_NP","Met+Bac",303,0.451,0.65
"Combined_vs_NP","Met+Bac",303,0.452,0.65
"Combined_vs_NP","Met+Bac",303,0.453,0.65
"Combined_vs_NP","Met+Bac",303,0.454,0.65
"Combined_vs_NP","Met+Bac",303,0.455,0.65
"Combined_vs_NP","Met+Bac",303,0.456,0.65
"Combined_vs_NP","Met+Bac",303,0.457,0.65
"Combined_vs_NP","Met+Bac",303,0.458,0.65
"Combined_vs_NP","Met+Bac",303,0.459,0.65
"Combined_vs_NP","Met+Bac",303,0.46,0.65
"Combined_vs_NP","Met+Bac",303,0.461,0.65
"Combined_vs_NP","Met+Bac",303,0.462,0.65
"Combined_vs_NP","Met+Bac",303,0.463,0.65
"Combined_vs_NP","Met+Bac",303,0.464,0.65
"Combined_vs_NP","Met+Bac",303,0.465,0.65
"Combined_vs_NP","Met+Bac",303,0.466,0.65
"Combined_vs_NP","Met+Bac",303,0.467,0.65
"Combined_vs_NP","Met+Bac",303,0.468,0.65
"Combined_vs_NP","Met+Bac",303,0.469,0.65
"Combined_vs_NP","Met+Bac",303,0.47,0.65
"Combined_vs_NP","Met+Bac",303,0.471,0.65
"Combined_vs_NP","Met+Bac",303,0.472,0.65
"Combined_vs_NP","Met+Bac",303,0.473,0.65
"Combined_vs_NP","Met+Bac",303,0.474,0.65
"Combined_vs_NP","Met+Bac",303,0.475,0.65
"Combined_vs_NP","Met+Bac",303,0.476,0.65
"Combined_vs_NP","Met+Bac",303,0.477,0.65
"Combined_vs_NP","Met+Bac",303,0.478,0.65
"Combined_vs_NP","Met+Bac",303,0.479,0.65
"Combined_vs_NP","Met+Bac",303,0.48,0.65
"Combined_vs_NP","Met+Bac",303,0.481,0.65
"Combined_vs_NP","Met+Bac",303,0.482,0.65
"Combined_vs_NP","Met+Bac",303,0.483,0.65
"Combined_vs_NP","Met+Bac",303,0.484,0.65
"Combined_vs_NP","Met+Bac",303,0.485,0.65
"Combined_vs_NP","Met+Bac",303,0.486,0.65
"Combined_vs_NP","Met+Bac",303,0.487,0.65
"Combined_vs_NP","Met+Bac",303,0.488,0.65
"Combined_vs_NP","Met+Bac",303,0.489,0.65
"Combined_vs_NP","Met+Bac",303,0.49,0.65
"Combined_vs_NP","Met+Bac",303,0.491,0.65
"Combined_vs_NP","Met+Bac",303,0.492,0.65
"Combined_vs_NP","Met+Bac",303,0.493,0.65
"Combined_vs_NP","Met+Bac",303,0.494,0.65
"Combined_vs_NP","Met+Bac",303,0.495,0.65
"Combined_vs_NP","Met+Bac",303,0.496,0.65
"Combined_vs_NP","Met+Bac",303,0.497,0.65
"Combined_vs_NP","Met+Bac",303,0.498,0.650528571428571
"Combined_vs_NP","Met+Bac",303,0.499,0.651157142857143
"Combined_vs_NP","Met+Bac",303,0.5,0.651785714285714
"Combined_vs_NP","Met+Bac",303,0.501,0.652414285714286
"Combined_vs_NP","Met+Bac",303,0.502,0.653042857142857
"Combined_vs_NP","Met+Bac",303,0.503,0.653671428571429
"Combined_vs_NP","Met+Bac",303,0.504,0.6543
"Combined_vs_NP","Met+Bac",303,0.505,0.654928571428571
"Combined_vs_NP","Met+Bac",303,0.506,0.655557142857143
"Combined_vs_NP","Met+Bac",303,0.507,0.656185714285714
"Combined_vs_NP","Met+Bac",303,0.508,0.656814285714286
"Combined_vs_NP","Met+Bac",303,0.509,0.664285714285714
"Combined_vs_NP","Met+Bac",303,0.51,0.664285714285714
"Combined_vs_NP","Met+Bac",303,0.511,0.664285714285714
"Combined_vs_NP","Met+Bac",303,0.512,0.664285714285714
"Combined_vs_NP","Met+Bac",303,0.513,0.664285714285714
"Combined_vs_NP","Met+Bac",303,0.514,0.664285714285714
"Combined_vs_NP","Met+Bac",303,0.515,0.664285714285714
"Combined_vs_NP","Met+Bac",303,0.516,0.664285714285714
"Combined_vs_NP","Met+Bac",303,0.517,0.664285714285714
"Combined_vs_NP","Met+Bac",303,0.518,0.664285714285714
"Combined_vs_NP","Met+Bac",303,0.519,0.664285714285714
"Combined_vs_NP","Met+Bac",303,0.52,0.671428571428571
"Combined_vs_NP","Met+Bac",303,0.521,0.671428571428571
"Combined_vs_NP","Met+Bac",303,0.522,0.671428571428571
"Combined_vs_NP","Met+Bac",303,0.523,0.678571428571429
"Combined_vs_NP","Met+Bac",303,0.524,0.678571428571429
"Combined_vs_NP","Met+Bac",303,0.525,0.678571428571429
"Combined_vs_NP","Met+Bac",303,0.526,0.678571428571429
"Combined_vs_NP","Met+Bac",303,0.527,0.678571428571429
"Combined_vs_NP","Met+Bac",303,0.528,0.678571428571429
"Combined_vs_NP","Met+Bac",303,0.529,0.678571428571429
"Combined_vs_NP","Met+Bac",303,0.53,0.678571428571429
"Combined_vs_NP","Met+Bac",303,0.531,0.678571428571429
"Combined_vs_NP","Met+Bac",303,0.532,0.678571428571429
"Combined_vs_NP","Met+Bac",303,0.533,0.678571428571429
"Combined_vs_NP","Met+Bac",303,0.534,0.678571428571429
"Combined_vs_NP","Met+Bac",303,0.535,0.678571428571429
"Combined_vs_NP","Met+Bac",303,0.536,0.678571428571429
"Combined_vs_NP","Met+Bac",303,0.537,0.685885714285714
"Combined_vs_NP","Met+Bac",303,0.538,0.6884
"Combined_vs_NP","Met+Bac",303,0.539,0.690914285714286
"Combined_vs_NP","Met+Bac",303,0.54,0.692857142857143
"Combined_vs_NP","Met+Bac",303,0.541,0.692857142857143
"Combined_vs_NP","Met+Bac",303,0.542,0.692857142857143
"Combined_vs_NP","Met+Bac",303,0.543,0.694314285714286
"Combined_vs_NP","Met+Bac",303,0.544,0.698085714285714
"Combined_vs_NP","Met+Bac",303,0.545,0.701857142857143
"Combined_vs_NP","Met+Bac",303,0.546,0.704257142857143
"Combined_vs_NP","Met+Bac",303,0.547,0.705514285714286
"Combined_vs_NP","Met+Bac",303,0.548,0.706771428571429
"Combined_vs_NP","Met+Bac",303,0.549,0.707142857142857
"Combined_vs_NP","Met+Bac",303,0.55,0.707142857142857
"Combined_vs_NP","Met+Bac",303,0.551,0.707142857142857
"Combined_vs_NP","Met+Bac",303,0.552,0.707142857142857
"Combined_vs_NP","Met+Bac",303,0.553,0.707142857142857
"Combined_vs_NP","Met+Bac",303,0.554,0.707142857142857
"Combined_vs_NP","Met+Bac",303,0.555,0.707142857142857
"Combined_vs_NP","Met+Bac",303,0.556,0.707142857142857
"Combined_vs_NP","Met+Bac",303,0.557,0.714285714285714
"Combined_vs_NP","Met+Bac",303,0.558,0.714285714285714
"Combined_vs_NP","Met+Bac",303,0.559,0.714285714285714
"Combined_vs_NP","Met+Bac",303,0.56,0.714285714285714
"Combined_vs_NP","Met+Bac",303,0.561,0.714285714285714
"Combined_vs_NP","Met+Bac",303,0.562,0.714285714285714
"Combined_vs_NP","Met+Bac",303,0.563,0.715542857142857
"Combined_vs_NP","Met+Bac",303,0.564,0.718057142857143
"Combined_vs_NP","Met+Bac",303,0.565,0.720571428571429
"Combined_vs_NP","Met+Bac",303,0.566,0.721428571428571
"Combined_vs_NP","Met+Bac",303,0.567,0.721428571428571
"Combined_vs_NP","Met+Bac",303,0.568,0.721428571428571
"Combined_vs_NP","Met+Bac",303,0.569,0.728571428571429
"Combined_vs_NP","Met+Bac",303,0.57,0.728571428571429
"Combined_vs_NP","Met+Bac",303,0.571,0.728571428571429
"Combined_vs_NP","Met+Bac",303,0.572,0.728571428571429
"Combined_vs_NP","Met+Bac",303,0.573,0.728571428571429
"Combined_vs_NP","Met+Bac",303,0.574,0.728571428571429
"Combined_vs_NP","Met+Bac",303,0.575,0.728571428571429
"Combined_vs_NP","Met+Bac",303,0.576,0.728571428571429
"Combined_vs_NP","Met+Bac",303,0.577,0.728571428571429
"Combined_vs_NP","Met+Bac",303,0.578,0.728571428571429
"Combined_vs_NP","Met+Bac",303,0.579,0.728571428571429
"Combined_vs_NP","Met+Bac",303,0.58,0.728571428571429
"Combined_vs_NP","Met+Bac",303,0.581,0.728571428571429
"Combined_vs_NP","Met+Bac",303,0.582,0.728571428571429
"Combined_vs_NP","Met+Bac",303,0.583,0.735714285714286
"Combined_vs_NP","Met+Bac",303,0.584,0.735714285714286
"Combined_vs_NP","Met+Bac",303,0.585,0.735714285714286
"Combined_vs_NP","Met+Bac",303,0.586,0.735714285714286
"Combined_vs_NP","Met+Bac",303,0.587,0.735714285714286
"Combined_vs_NP","Met+Bac",303,0.588,0.735714285714286
"Combined_vs_NP","Met+Bac",303,0.589,0.735714285714286
"Combined_vs_NP","Met+Bac",303,0.59,0.735714285714286
"Combined_vs_NP","Met+Bac",303,0.591,0.735714285714286
"Combined_vs_NP","Met+Bac",303,0.592,0.735714285714286
"Combined_vs_NP","Met+Bac",303,0.593,0.735714285714286
"Combined_vs_NP","Met+Bac",303,0.594,0.736342857142857
"Combined_vs_NP","Met+Bac",303,0.595,0.738857142857143
"Combined_vs_NP","Met+Bac",303,0.596,0.741371428571428
"Combined_vs_NP","Met+Bac",303,0.597,0.7432
"Combined_vs_NP","Met+Bac",303,0.598,0.744038095238095
"Combined_vs_NP","Met+Bac",303,0.599,0.74487619047619
"Combined_vs_NP","Met+Bac",303,0.6,0.745714285714286
"Combined_vs_NP","Met+Bac",303,0.601,0.746552380952381
"Combined_vs_NP","Met+Bac",303,0.602,0.747390476190476
"Combined_vs_NP","Met+Bac",303,0.603,0.748228571428571
"Combined_vs_NP","Met+Bac",303,0.604,0.749066666666667
"Combined_vs_NP","Met+Bac",303,0.605,0.749904761904762
"Combined_vs_NP","Met+Bac",303,0.606,0.75
"Combined_vs_NP","Met+Bac",303,0.607,0.75
"Combined_vs_NP","Met+Bac",303,0.608,0.75
"Combined_vs_NP","Met+Bac",303,0.609,0.75
"Combined_vs_NP","Met+Bac",303,0.61,0.75
"Combined_vs_NP","Met+Bac",303,0.611,0.75
"Combined_vs_NP","Met+Bac",303,0.612,0.75
"Combined_vs_NP","Met+Bac",303,0.613,0.75
"Combined_vs_NP","Met+Bac",303,0.614,0.75
"Combined_vs_NP","Met+Bac",303,0.615,0.75
"Combined_vs_NP","Met+Bac",303,0.616,0.75
"Combined_vs_NP","Met+Bac",303,0.617,0.75
"Combined_vs_NP","Met+Bac",303,0.618,0.75
"Combined_vs_NP","Met+Bac",303,0.619,0.75
"Combined_vs_NP","Met+Bac",303,0.62,0.75
"Combined_vs_NP","Met+Bac",303,0.621,0.75
"Combined_vs_NP","Met+Bac",303,0.622,0.75
"Combined_vs_NP","Met+Bac",303,0.623,0.75
"Combined_vs_NP","Met+Bac",303,0.624,0.75
"Combined_vs_NP","Met+Bac",303,0.625,0.75
"Combined_vs_NP","Met+Bac",303,0.626,0.75
"Combined_vs_NP","Met+Bac",303,0.627,0.75
"Combined_vs_NP","Met+Bac",303,0.628,0.75
"Combined_vs_NP","Met+Bac",303,0.629,0.75
"Combined_vs_NP","Met+Bac",303,0.63,0.75
"Combined_vs_NP","Met+Bac",303,0.631,0.75
"Combined_vs_NP","Met+Bac",303,0.632,0.75
"Combined_vs_NP","Met+Bac",303,0.633,0.75
"Combined_vs_NP","Met+Bac",303,0.634,0.75
"Combined_vs_NP","Met+Bac",303,0.635,0.75
"Combined_vs_NP","Met+Bac",303,0.636,0.75
"Combined_vs_NP","Met+Bac",303,0.637,0.757142857142857
"Combined_vs_NP","Met+Bac",303,0.638,0.757142857142857
"Combined_vs_NP","Met+Bac",303,0.639,0.757142857142857
"Combined_vs_NP","Met+Bac",303,0.64,0.758142857142857
"Combined_vs_NP","Met+Bac",303,0.641,0.7594
"Combined_vs_NP","Met+Bac",303,0.642,0.760657142857143
"Combined_vs_NP","Met+Bac",303,0.643,0.761914285714286
"Combined_vs_NP","Met+Bac",303,0.644,0.763171428571429
"Combined_vs_NP","Met+Bac",303,0.645,0.764285714285714
"Combined_vs_NP","Met+Bac",303,0.646,0.764285714285714
"Combined_vs_NP","Met+Bac",303,0.647,0.764285714285714
"Combined_vs_NP","Met+Bac",303,0.648,0.764285714285714
"Combined_vs_NP","Met+Bac",303,0.649,0.764285714285714
"Combined_vs_NP","Met+Bac",303,0.65,0.764285714285714
"Combined_vs_NP","Met+Bac",303,0.651,0.764285714285714
"Combined_vs_NP","Met+Bac",303,0.652,0.764285714285714
"Combined_vs_NP","Met+Bac",303,0.653,0.764285714285714
"Combined_vs_NP","Met+Bac",303,0.654,0.764285714285714
"Combined_vs_NP","Met+Bac",303,0.655,0.764285714285714
"Combined_vs_NP","Met+Bac",303,0.656,0.764285714285714
"Combined_vs_NP","Met+Bac",303,0.657,0.766171428571429
"Combined_vs_NP","Met+Bac",303,0.658,0.768685714285714
"Combined_vs_NP","Met+Bac",303,0.659,0.7712
"Combined_vs_NP","Met+Bac",303,0.66,0.771428571428571
"Combined_vs_NP","Met+Bac",303,0.661,0.771428571428571
"Combined_vs_NP","Met+Bac",303,0.662,0.778571428571429
"Combined_vs_NP","Met+Bac",303,0.663,0.778571428571429
"Combined_vs_NP","Met+Bac",303,0.664,0.778571428571429
"Combined_vs_NP","Met+Bac",303,0.665,0.778571428571429
"Combined_vs_NP","Met+Bac",303,0.666,0.778571428571429
"Combined_vs_NP","Met+Bac",303,0.667,0.778571428571429
"Combined_vs_NP","Met+Bac",303,0.668,0.778571428571429
"Combined_vs_NP","Met+Bac",303,0.669,0.778571428571429
"Combined_vs_NP","Met+Bac",303,0.67,0.778571428571429
"Combined_vs_NP","Met+Bac",303,0.671,0.779257142857143
"Combined_vs_NP","Met+Bac",303,0.672,0.780514285714286
"Combined_vs_NP","Met+Bac",303,0.673,0.781771428571429
"Combined_vs_NP","Met+Bac",303,0.674,0.783028571428571
"Combined_vs_NP","Met+Bac",303,0.675,0.784285714285714
"Combined_vs_NP","Met+Bac",303,0.676,0.785542857142857
"Combined_vs_NP","Met+Bac",303,0.677,0.785714285714286
"Combined_vs_NP","Met+Bac",303,0.678,0.785714285714286
"Combined_vs_NP","Met+Bac",303,0.679,0.785714285714286
"Combined_vs_NP","Met+Bac",303,0.68,0.785714285714286
"Combined_vs_NP","Met+Bac",303,0.681,0.785714285714286
"Combined_vs_NP","Met+Bac",303,0.682,0.785714285714286
"Combined_vs_NP","Met+Bac",303,0.683,0.785714285714286
"Combined_vs_NP","Met+Bac",303,0.684,0.785714285714286
"Combined_vs_NP","Met+Bac",303,0.685,0.785714285714286
"Combined_vs_NP","Met+Bac",303,0.686,0.785714285714286
"Combined_vs_NP","Met+Bac",303,0.687,0.785714285714286
"Combined_vs_NP","Met+Bac",303,0.688,0.785714285714286
"Combined_vs_NP","Met+Bac",303,0.689,0.785714285714286
"Combined_vs_NP","Met+Bac",303,0.69,0.785714285714286
"Combined_vs_NP","Met+Bac",303,0.691,0.785714285714286
"Combined_vs_NP","Met+Bac",303,0.692,0.785714285714286
"Combined_vs_NP","Met+Bac",303,0.693,0.785714285714286
"Combined_vs_NP","Met+Bac",303,0.694,0.785714285714286
"Combined_vs_NP","Met+Bac",303,0.695,0.785714285714286
"Combined_vs_NP","Met+Bac",303,0.696,0.785714285714286
"Combined_vs_NP","Met+Bac",303,0.697,0.785714285714286
"Combined_vs_NP","Met+Bac",303,0.698,0.785714285714286
"Combined_vs_NP","Met+Bac",303,0.699,0.785714285714286
"Combined_vs_NP","Met+Bac",303,0.7,0.785714285714286
"Combined_vs_NP","Met+Bac",303,0.701,0.785714285714286
"Combined_vs_NP","Met+Bac",303,0.702,0.785714285714286
"Combined_vs_NP","Met+Bac",303,0.703,0.785714285714286
"Combined_vs_NP","Met+Bac",303,0.704,0.785714285714286
"Combined_vs_NP","Met+Bac",303,0.705,0.785714285714286
"Combined_vs_NP","Met+Bac",303,0.706,0.785714285714286
"Combined_vs_NP","Met+Bac",303,0.707,0.785714285714286
"Combined_vs_NP","Met+Bac",303,0.708,0.785714285714286
"Combined_vs_NP","Met+Bac",303,0.709,0.785714285714286
"Combined_vs_NP","Met+Bac",303,0.71,0.785714285714286
"Combined_vs_NP","Met+Bac",303,0.711,0.785714285714286
"Combined_vs_NP","Met+Bac",303,0.712,0.785714285714286
"Combined_vs_NP","Met+Bac",303,0.713,0.785714285714286
"Combined_vs_NP","Met+Bac",303,0.714,0.785714285714286
"Combined_vs_NP","Met+Bac",303,0.715,0.785714285714286
"Combined_vs_NP","Met+Bac",303,0.716,0.785714285714286
"Combined_vs_NP","Met+Bac",303,0.717,0.785714285714286
"Combined_vs_NP","Met+Bac",303,0.718,0.785714285714286
"Combined_vs_NP","Met+Bac",303,0.719,0.785714285714286
"Combined_vs_NP","Met+Bac",303,0.72,0.785714285714286
"Combined_vs_NP","Met+Bac",303,0.721,0.785714285714286
"Combined_vs_NP","Met+Bac",303,0.722,0.8
"Combined_vs_NP","Met+Bac",303,0.723,0.8
"Combined_vs_NP","Met+Bac",303,0.724,0.8
"Combined_vs_NP","Met+Bac",303,0.725,0.815714285714286
"Combined_vs_NP","Met+Bac",303,0.726,0.818228571428571
"Combined_vs_NP","Met+Bac",303,0.727,0.820742857142857
"Combined_vs_NP","Met+Bac",303,0.728,0.821428571428571
"Combined_vs_NP","Met+Bac",303,0.729,0.821428571428571
"Combined_vs_NP","Met+Bac",303,0.73,0.821428571428571
"Combined_vs_NP","Met+Bac",303,0.731,0.821428571428571
"Combined_vs_NP","Met+Bac",303,0.732,0.821428571428571
"Combined_vs_NP","Met+Bac",303,0.733,0.828571428571429
"Combined_vs_NP","Met+Bac",303,0.734,0.828571428571429
"Combined_vs_NP","Met+Bac",303,0.735,0.828571428571429
"Combined_vs_NP","Met+Bac",303,0.736,0.842857142857143
"Combined_vs_NP","Met+Bac",303,0.737,0.842857142857143
"Combined_vs_NP","Met+Bac",303,0.738,0.842857142857143
"Combined_vs_NP","Met+Bac",303,0.739,0.850914285714286
"Combined_vs_NP","Met+Bac",303,0.74,0.853428571428571
"Combined_vs_NP","Met+Bac",303,0.741,0.855942857142857
"Combined_vs_NP","Met+Bac",303,0.742,0.857142857142857
"Combined_vs_NP","Met+Bac",303,0.743,0.857142857142857
"Combined_vs_NP","Met+Bac",303,0.744,0.857142857142857
"Combined_vs_NP","Met+Bac",303,0.745,0.857142857142857
"Combined_vs_NP","Met+Bac",303,0.746,0.857142857142857
"Combined_vs_NP","Met+Bac",303,0.747,0.857142857142857
"Combined_vs_NP","Met+Bac",303,0.748,0.857142857142857
"Combined_vs_NP","Met+Bac",303,0.749,0.857142857142857
"Combined_vs_NP","Met+Bac",303,0.75,0.857142857142857
"Combined_vs_NP","Met+Bac",303,0.751,0.857142857142857
"Combined_vs_NP","Met+Bac",303,0.752,0.857142857142857
"Combined_vs_NP","Met+Bac",303,0.753,0.857142857142857
"Combined_vs_NP","Met+Bac",303,0.754,0.857142857142857
"Combined_vs_NP","Met+Bac",303,0.755,0.857142857142857
"Combined_vs_NP","Met+Bac",303,0.756,0.857142857142857
"Combined_vs_NP","Met+Bac",303,0.757,0.857142857142857
"Combined_vs_NP","Met+Bac",303,0.758,0.857142857142857
"Combined_vs_NP","Met+Bac",303,0.759,0.857142857142857
"Combined_vs_NP","Met+Bac",303,0.76,0.857142857142857
"Combined_vs_NP","Met+Bac",303,0.761,0.857142857142857
"Combined_vs_NP","Met+Bac",303,0.762,0.857142857142857
"Combined_vs_NP","Met+Bac",303,0.763,0.857142857142857
"Combined_vs_NP","Met+Bac",303,0.764,0.857142857142857
"Combined_vs_NP","Met+Bac",303,0.765,0.857142857142857
"Combined_vs_NP","Met+Bac",303,0.766,0.857142857142857
"Combined_vs_NP","Met+Bac",303,0.767,0.857142857142857
"Combined_vs_NP","Met+Bac",303,0.768,0.857142857142857
"Combined_vs_NP","Met+Bac",303,0.769,0.857142857142857
"Combined_vs_NP","Met+Bac",303,0.77,0.857142857142857
"Combined_vs_NP","Met+Bac",303,0.771,0.857142857142857
"Combined_vs_NP","Met+Bac",303,0.772,0.857142857142857
"Combined_vs_NP","Met+Bac",303,0.773,0.857142857142857
"Combined_vs_NP","Met+Bac",303,0.774,0.857142857142857
"Combined_vs_NP","Met+Bac",303,0.775,0.857142857142857
"Combined_vs_NP","Met+Bac",303,0.776,0.857142857142857
"Combined_vs_NP","Met+Bac",303,0.777,0.857142857142857
"Combined_vs_NP","Met+Bac",303,0.778,0.857142857142857
"Combined_vs_NP","Met+Bac",303,0.779,0.857142857142857
"Combined_vs_NP","Met+Bac",303,0.78,0.857142857142857
"Combined_vs_NP","Met+Bac",303,0.781,0.857142857142857
"Combined_vs_NP","Met+Bac",303,0.782,0.857142857142857
"Combined_vs_NP","Met+Bac",303,0.783,0.857142857142857
"Combined_vs_NP","Met+Bac",303,0.784,0.857142857142857
"Combined_vs_NP","Met+Bac",303,0.785,0.857142857142857
"Combined_vs_NP","Met+Bac",303,0.786,0.857142857142857
"Combined_vs_NP","Met+Bac",303,0.787,0.8716
"Combined_vs_NP","Met+Bac",303,0.788,0.874114285714286
"Combined_vs_NP","Met+Bac",303,0.789,0.876628571428572
"Combined_vs_NP","Met+Bac",303,0.79,0.885714285714286
"Combined_vs_NP","Met+Bac",303,0.791,0.885714285714286
"Combined_vs_NP","Met+Bac",303,0.792,0.885714285714286
"Combined_vs_NP","Met+Bac",303,0.793,0.892857142857143
"Combined_vs_NP","Met+Bac",303,0.794,0.892857142857143
"Combined_vs_NP","Met+Bac",303,0.795,0.892857142857143
"Combined_vs_NP","Met+Bac",303,0.796,0.892857142857143
"Combined_vs_NP","Met+Bac",303,0.797,0.892857142857143
"Combined_vs_NP","Met+Bac",303,0.798,0.892857142857143
"Combined_vs_NP","Met+Bac",303,0.799,0.892857142857143
"Combined_vs_NP","Met+Bac",303,0.8,0.892857142857143
"Combined_vs_NP","Met+Bac",303,0.801,0.892857142857143
"Combined_vs_NP","Met+Bac",303,0.802,0.9
"Combined_vs_NP","Met+Bac",303,0.803,0.9
"Combined_vs_NP","Met+Bac",303,0.804,0.907142857142857
"Combined_vs_NP","Met+Bac",303,0.805,0.907142857142857
"Combined_vs_NP","Met+Bac",303,0.806,0.907142857142857
"Combined_vs_NP","Met+Bac",303,0.807,0.907142857142857
"Combined_vs_NP","Met+Bac",303,0.808,0.907142857142857
"Combined_vs_NP","Met+Bac",303,0.809,0.907142857142857
"Combined_vs_NP","Met+Bac",303,0.81,0.907142857142857
"Combined_vs_NP","Met+Bac",303,0.811,0.907142857142857
"Combined_vs_NP","Met+Bac",303,0.812,0.907142857142857
"Combined_vs_NP","Met+Bac",303,0.813,0.907142857142857
"Combined_vs_NP","Met+Bac",303,0.814,0.907142857142857
"Combined_vs_NP","Met+Bac",303,0.815,0.907142857142857
"Combined_vs_NP","Met+Bac",303,0.816,0.914285714285714
"Combined_vs_NP","Met+Bac",303,0.817,0.914285714285714
"Combined_vs_NP","Met+Bac",303,0.818,0.914285714285714
"Combined_vs_NP","Met+Bac",303,0.819,0.928571428571429
"Combined_vs_NP","Met+Bac",303,0.82,0.928571428571429
"Combined_vs_NP","Met+Bac",303,0.821,0.928571428571429
"Combined_vs_NP","Met+Bac",303,0.822,0.931028571428572
"Combined_vs_NP","Met+Bac",303,0.823,0.933542857142857
"Combined_vs_NP","Met+Bac",303,0.824,0.942857142857143
"Combined_vs_NP","Met+Bac",303,0.825,0.942857142857143
"Combined_vs_NP","Met+Bac",303,0.826,0.942857142857143
"Combined_vs_NP","Met+Bac",303,0.827,0.950742857142857
"Combined_vs_NP","Met+Bac",303,0.828,0.953257142857143
"Combined_vs_NP","Met+Bac",303,0.829,0.955771428571429
"Combined_vs_NP","Met+Bac",303,0.83,0.964285714285714
"Combined_vs_NP","Met+Bac",303,0.831,0.964285714285714
"Combined_vs_NP","Met+Bac",303,0.832,0.964285714285714
"Combined_vs_NP","Met+Bac",303,0.833,0.964285714285714
"Combined_vs_NP","Met+Bac",303,0.834,0.964285714285714
"Combined_vs_NP","Met+Bac",303,0.835,0.964285714285714
"Combined_vs_NP","Met+Bac",303,0.836,0.971428571428571
"Combined_vs_NP","Met+Bac",303,0.837,0.971428571428571
"Combined_vs_NP","Met+Bac",303,0.838,0.971428571428571
"Combined_vs_NP","Met+Bac",303,0.839,0.971428571428571
"Combined_vs_NP","Met+Bac",303,0.84,0.971428571428571
"Combined_vs_NP","Met+Bac",303,0.841,0.971428571428571
"Combined_vs_NP","Met+Bac",303,0.842,0.971428571428571
"Combined_vs_NP","Met+Bac",303,0.843,0.971428571428571
"Combined_vs_NP","Met+Bac",303,0.844,0.971428571428571
"Combined_vs_NP","Met+Bac",303,0.845,0.971428571428571
"Combined_vs_NP","Met+Bac",303,0.846,0.971428571428571
"Combined_vs_NP","Met+Bac",303,0.847,0.971428571428571
"Combined_vs_NP","Met+Bac",303,0.848,0.971428571428571
"Combined_vs_NP","Met+Bac",303,0.849,0.971428571428571
"Combined_vs_NP","Met+Bac",303,0.85,0.978571428571429
"Combined_vs_NP","Met+Bac",303,0.851,0.978571428571429
"Combined_vs_NP","Met+Bac",303,0.852,0.978571428571429
"Combined_vs_NP","Met+Bac",303,0.853,0.978571428571429
"Combined_vs_NP","Met+Bac",303,0.854,0.978571428571429
"Combined_vs_NP","Met+Bac",303,0.855,0.978571428571429
"Combined_vs_NP","Met+Bac",303,0.856,0.978571428571429
"Combined_vs_NP","Met+Bac",303,0.857,0.978571428571429
"Combined_vs_NP","Met+Bac",303,0.858,0.978685714285714
"Combined_vs_NP","Met+Bac",303,0.859,0.9812
"Combined_vs_NP","Met+Bac",303,0.86,0.983714285714286
"Combined_vs_NP","Met+Bac",303,0.861,0.986228571428571
"Combined_vs_NP","Met+Bac",303,0.862,0.988742857142857
"Combined_vs_NP","Met+Bac",303,0.863,0.991257142857143
"Combined_vs_NP","Met+Bac",303,0.864,0.99304
"Combined_vs_NP","Met+Bac",303,0.865,0.993542857142857
"Combined_vs_NP","Met+Bac",303,0.866,0.994045714285714
"Combined_vs_NP","Met+Bac",303,0.867,0.994548571428571
"Combined_vs_NP","Met+Bac",303,0.868,0.995051428571429
"Combined_vs_NP","Met+Bac",303,0.869,0.995554285714286
"Combined_vs_NP","Met+Bac",303,0.87,0.996057142857143
"Combined_vs_NP","Met+Bac",303,0.871,0.99656
"Combined_vs_NP","Met+Bac",303,0.872,0.997062857142857
"Combined_vs_NP","Met+Bac",303,0.873,0.997565714285714
"Combined_vs_NP","Met+Bac",303,0.874,0.998068571428571
"Combined_vs_NP","Met+Bac",303,0.875,0.998571428571429
"Combined_vs_NP","Met+Bac",303,0.876,0.999074285714286
"Combined_vs_NP","Met+Bac",303,0.877,0.999577142857143
"Combined_vs_NP","Met+Bac",303,0.878,1
"Combined_vs_NP","Met+Bac",303,0.879,1
"Combined_vs_NP","Met+Bac",303,0.88,1
"Combined_vs_NP","Met+Bac",303,0.881,1
"Combined_vs_NP","Met+Bac",303,0.882,1
"Combined_vs_NP","Met+Bac",303,0.883,1
"Combined_vs_NP","Met+Bac",303,0.884,1
"Combined_vs_NP","Met+Bac",303,0.885,1
"Combined_vs_NP","Met+Bac",303,0.886,1
"Combined_vs_NP","Met+Bac",303,0.887,1
"Combined_vs_NP","Met+Bac",303,0.888,1
"Combined_vs_NP","Met+Bac",303,0.889,1
"Combined_vs_NP","Met+Bac",303,0.89,1
"Combined_vs_NP","Met+Bac",303,0.891,1
"Combined_vs_NP","Met+Bac",303,0.892,1
"Combined_vs_NP","Met+Bac",303,0.893,1
"Combined_vs_NP","Met+Bac",303,0.894,1
"Combined_vs_NP","Met+Bac",303,0.895,1
"Combined_vs_NP","Met+Bac",303,0.896,1
"Combined_vs_NP","Met+Bac",303,0.897,1
"Combined_vs_NP","Met+Bac",303,0.898,1
"Combined_vs_NP","Met+Bac",303,0.899,1
"Combined_vs_NP","Met+Bac",303,0.9,1
"Combined_vs_NP","Met+Bac",303,0.901,1
"Combined_vs_NP","Met+Bac",303,0.902,1
"Combined_vs_NP","Met+Bac",303,0.903,1
"Combined_vs_NP","Met+Bac",303,0.904,1
"Combined_vs_NP","Met+Bac",303,0.905,1
"Combined_vs_NP","Met+Bac",303,0.906,1
"Combined_vs_NP","Met+Bac",303,0.907,1
"Combined_vs_NP","Met+Bac",303,0.908,1
"Combined_vs_NP","Met+Bac",303,0.909,1
"Combined_vs_NP","Met+Bac",303,0.91,1
"Combined_vs_NP","Met+Bac",303,0.911,1
"Combined_vs_NP","Met+Bac",303,0.912,1
"Combined_vs_NP","Met+Bac",303,0.913,1
"Combined_vs_NP","Met+Bac",303,0.914,1
"Combined_vs_NP","Met+Bac",303,0.915,1
"Combined_vs_NP","Met+Bac",303,0.916,1
"Combined_vs_NP","Met+Bac",303,0.917,1
"Combined_vs_NP","Met+Bac",303,0.918,1
"Combined_vs_NP","Met+Bac",303,0.919,1
"Combined_vs_NP","Met+Bac",303,0.92,1
"Combined_vs_NP","Met+Bac",303,0.921,1
"Combined_vs_NP","Met+Bac",303,0.922,1
"Combined_vs_NP","Met+Bac",303,0.923,1
"Combined_vs_NP","Met+Bac",303,0.924,1
"Combined_vs_NP","Met+Bac",303,0.925,1
"Combined_vs_NP","Met+Bac",303,0.926,1
"Combined_vs_NP","Met+Bac",303,0.927,1
"Combined_vs_NP","Met+Bac",303,0.928,1
"Combined_vs_NP","Met+Bac",303,0.929,1
"Combined_vs_NP","Met+Bac",303,0.93,1
"Combined_vs_NP","Met+Bac",303,0.931,1
"Combined_vs_NP","Met+Bac",303,0.932,1
"Combined_vs_NP","Met+Bac",303,0.933,1
"Combined_vs_NP","Met+Bac",303,0.934,1
"Combined_vs_NP","Met+Bac",303,0.935,1
"Combined_vs_NP","Met+Bac",303,0.936,1
"Combined_vs_NP","Met+Bac",303,0.937,1
"Combined_vs_NP","Met+Bac",303,0.938,1
"Combined_vs_NP","Met+Bac",303,0.939,1
"Combined_vs_NP","Met+Bac",303,0.94,1
"Combined_vs_NP","Met+Bac",303,0.941,1
"Combined_vs_NP","Met+Bac",303,0.942,1
"Combined_vs_NP","Met+Bac",303,0.943,1
"Combined_vs_NP","Met+Bac",303,0.944,1
"Combined_vs_NP","Met+Bac",303,0.945,1
"Combined_vs_NP","Met+Bac",303,0.946,1
"Combined_vs_NP","Met+Bac",303,0.947,1
"Combined_vs_NP","Met+Bac",303,0.948,1
"Combined_vs_NP","Met+Bac",303,0.949,1
"Combined_vs_NP","Met+Bac",303,0.95,1
"Combined_vs_NP","Met+Bac",303,0.951,1
"Combined_vs_NP","Met+Bac",303,0.952,1
"Combined_vs_NP","Met+Bac",303,0.953,1
"Combined_vs_NP","Met+Bac",303,0.954,1
"Combined_vs_NP","Met+Bac",303,0.955,1
"Combined_vs_NP","Met+Bac",303,0.956,1
"Combined_vs_NP","Met+Bac",303,0.957,1
"Combined_vs_NP","Met+Bac",303,0.958,1
"Combined_vs_NP","Met+Bac",303,0.959,1
"Combined_vs_NP","Met+Bac",303,0.96,1
"Combined_vs_NP","Met+Bac",303,0.961,1
"Combined_vs_NP","Met+Bac",303,0.962,1
"Combined_vs_NP","Met+Bac",303,0.963,1
"Combined_vs_NP","Met+Bac",303,0.964,1
"Combined_vs_NP","Met+Bac",303,0.965,1
"Combined_vs_NP","Met+Bac",303,0.966,1
"Combined_vs_NP","Met+Bac",303,0.967,1
"Combined_vs_NP","Met+Bac",303,0.968,1
"Combined_vs_NP","Met+Bac",303,0.969,1
"Combined_vs_NP","Met+Bac",303,0.97,1
"Combined_vs_NP","Met+Bac",303,0.971,1
"Combined_vs_NP","Met+Bac",303,0.972,1
"Combined_vs_NP","Met+Bac",303,0.973,1
"Combined_vs_NP","Met+Bac",303,0.974,1
"Combined_vs_NP","Met+Bac",303,0.975,1
"Combined_vs_NP","Met+Bac",303,0.976,1
"Combined_vs_NP","Met+Bac",303,0.977,1
"Combined_vs_NP","Met+Bac",303,0.978,1
"Combined_vs_NP","Met+Bac",303,0.979,1
"Combined_vs_NP","Met+Bac",303,0.98,1
"Combined_vs_NP","Met+Bac",303,0.981,1
"Combined_vs_NP","Met+Bac",303,0.982,1
"Combined_vs_NP","Met+Bac",303,0.983,1
"Combined_vs_NP","Met+Bac",303,0.984,1
"Combined_vs_NP","Met+Bac",303,0.985,1
"Combined_vs_NP","Met+Bac",303,0.986,1
"Combined_vs_NP","Met+Bac",303,0.987,1
"Combined_vs_NP","Met+Bac",303,0.988,1
"Combined_vs_NP","Met+Bac",303,0.989,1
"Combined_vs_NP","Met+Bac",303,0.99,1
"Combined_vs_NP","Met+Bac",303,0.991,1
"Combined_vs_NP","Met+Bac",303,0.992,1
"Combined_vs_NP","Met+Bac",303,0.993,1
"Combined_vs_NP","Met+Bac",303,0.994,1
"Combined_vs_NP","Met+Bac",303,0.995,1
"Combined_vs_NP","Met+Bac",303,0.996,1
"Combined_vs_NP","Met+Bac",303,0.997,1
"Combined_vs_NP","Met+Bac",303,0.998,1
"Combined_vs_NP","Met+Bac",303,0.999,1
"Combined_vs_NP","Met+Bac",303,1,1
"Combined_vs_NP","Multi-Omics",303,0,0.0928571428571428
"Combined_vs_NP","Multi-Omics",303,0.001,0.0928571428571428
"Combined_vs_NP","Multi-Omics",303,0.002,0.0928571428571428
"Combined_vs_NP","Multi-Omics",303,0.003,0.0928571428571428
"Combined_vs_NP","Multi-Omics",303,0.004,0.0928571428571428
"Combined_vs_NP","Multi-Omics",303,0.005,0.0928571428571428
"Combined_vs_NP","Multi-Omics",303,0.006,0.0928571428571428
"Combined_vs_NP","Multi-Omics",303,0.007,0.0928571428571428
"Combined_vs_NP","Multi-Omics",303,0.008,0.0928571428571428
"Combined_vs_NP","Multi-Omics",303,0.009,0.107142857142857
"Combined_vs_NP","Multi-Omics",303,0.01,0.107142857142857
"Combined_vs_NP","Multi-Omics",303,0.011,0.107142857142857
"Combined_vs_NP","Multi-Omics",303,0.012,0.107142857142857
"Combined_vs_NP","Multi-Omics",303,0.013,0.107142857142857
"Combined_vs_NP","Multi-Omics",303,0.014,0.107142857142857
"Combined_vs_NP","Multi-Omics",303,0.015,0.128571428571429
"Combined_vs_NP","Multi-Omics",303,0.016,0.128571428571429
"Combined_vs_NP","Multi-Omics",303,0.017,0.128571428571429
"Combined_vs_NP","Multi-Omics",303,0.018,0.161942857142857
"Combined_vs_NP","Multi-Omics",303,0.019,0.166971428571429
"Combined_vs_NP","Multi-Omics",303,0.02,0.2
"Combined_vs_NP","Multi-Omics",303,0.021,0.2
"Combined_vs_NP","Multi-Omics",303,0.022,0.2
"Combined_vs_NP","Multi-Omics",303,0.023,0.2
"Combined_vs_NP","Multi-Omics",303,0.024,0.2
"Combined_vs_NP","Multi-Omics",303,0.025,0.2
"Combined_vs_NP","Multi-Omics",303,0.026,0.2
"Combined_vs_NP","Multi-Omics",303,0.027,0.2
"Combined_vs_NP","Multi-Omics",303,0.028,0.2
"Combined_vs_NP","Multi-Omics",303,0.029,0.235714285714286
"Combined_vs_NP","Multi-Omics",303,0.03,0.235714285714286
"Combined_vs_NP","Multi-Omics",303,0.031,0.235714285714286
"Combined_vs_NP","Multi-Omics",303,0.032,0.25
"Combined_vs_NP","Multi-Omics",303,0.033,0.25
"Combined_vs_NP","Multi-Omics",303,0.034,0.25
"Combined_vs_NP","Multi-Omics",303,0.035,0.25
"Combined_vs_NP","Multi-Omics",303,0.036,0.25
"Combined_vs_NP","Multi-Omics",303,0.037,0.25
"Combined_vs_NP","Multi-Omics",303,0.038,0.25
"Combined_vs_NP","Multi-Omics",303,0.039,0.25
"Combined_vs_NP","Multi-Omics",303,0.04,0.25
"Combined_vs_NP","Multi-Omics",303,0.041,0.25
"Combined_vs_NP","Multi-Omics",303,0.042,0.25
"Combined_vs_NP","Multi-Omics",303,0.043,0.257142857142857
"Combined_vs_NP","Multi-Omics",303,0.044,0.257142857142857
"Combined_vs_NP","Multi-Omics",303,0.045,0.257142857142857
"Combined_vs_NP","Multi-Omics",303,0.046,0.257142857142857
"Combined_vs_NP","Multi-Omics",303,0.047,0.257142857142857
"Combined_vs_NP","Multi-Omics",303,0.048,0.257142857142857
"Combined_vs_NP","Multi-Omics",303,0.049,0.257142857142857
"Combined_vs_NP","Multi-Omics",303,0.05,0.257142857142857
"Combined_vs_NP","Multi-Omics",303,0.051,0.257142857142857
"Combined_vs_NP","Multi-Omics",303,0.052,0.257142857142857
"Combined_vs_NP","Multi-Omics",303,0.053,0.257142857142857
"Combined_vs_NP","Multi-Omics",303,0.054,0.257142857142857
"Combined_vs_NP","Multi-Omics",303,0.055,0.257142857142857
"Combined_vs_NP","Multi-Omics",303,0.056,0.257142857142857
"Combined_vs_NP","Multi-Omics",303,0.057,0.257142857142857
"Combined_vs_NP","Multi-Omics",303,0.058,0.257142857142857
"Combined_vs_NP","Multi-Omics",303,0.059,0.257142857142857
"Combined_vs_NP","Multi-Omics",303,0.06,0.257142857142857
"Combined_vs_NP","Multi-Omics",303,0.061,0.257142857142857
"Combined_vs_NP","Multi-Omics",303,0.062,0.257142857142857
"Combined_vs_NP","Multi-Omics",303,0.063,0.265542857142857
"Combined_vs_NP","Multi-Omics",303,0.064,0.268057142857143
"Combined_vs_NP","Multi-Omics",303,0.065,0.270571428571429
"Combined_vs_NP","Multi-Omics",303,0.066,0.292857142857143
"Combined_vs_NP","Multi-Omics",303,0.067,0.292857142857143
"Combined_vs_NP","Multi-Omics",303,0.068,0.292857142857143
"Combined_vs_NP","Multi-Omics",303,0.069,0.296457142857142
"Combined_vs_NP","Multi-Omics",303,0.07,0.300857142857143
"Combined_vs_NP","Multi-Omics",303,0.071,0.305257142857143
"Combined_vs_NP","Multi-Omics",303,0.072,0.309657142857143
"Combined_vs_NP","Multi-Omics",303,0.073,0.314057142857143
"Combined_vs_NP","Multi-Omics",303,0.074,0.318457142857143
"Combined_vs_NP","Multi-Omics",303,0.075,0.322857142857143
"Combined_vs_NP","Multi-Omics",303,0.076,0.327257142857143
"Combined_vs_NP","Multi-Omics",303,0.077,0.331161904761905
"Combined_vs_NP","Multi-Omics",303,0.078,0.333885714285714
"Combined_vs_NP","Multi-Omics",303,0.079,0.336609523809524
"Combined_vs_NP","Multi-Omics",303,0.08,0.339619047619047
"Combined_vs_NP","Multi-Omics",303,0.081,0.342971428571428
"Combined_vs_NP","Multi-Omics",303,0.082,0.346323809523809
"Combined_vs_NP","Multi-Omics",303,0.083,0.352761904761904
"Combined_vs_NP","Multi-Omics",303,0.084,0.361142857142857
"Combined_vs_NP","Multi-Omics",303,0.085,0.369523809523809
"Combined_vs_NP","Multi-Omics",303,0.086,0.371428571428571
"Combined_vs_NP","Multi-Omics",303,0.087,0.371428571428571
"Combined_vs_NP","Multi-Omics",303,0.088,0.371428571428571
"Combined_vs_NP","Multi-Omics",303,0.089,0.371428571428571
"Combined_vs_NP","Multi-Omics",303,0.09,0.371428571428571
"Combined_vs_NP","Multi-Omics",303,0.091,0.371504761904762
"Combined_vs_NP","Multi-Omics",303,0.092,0.372342857142857
"Combined_vs_NP","Multi-Omics",303,0.093,0.373180952380952
"Combined_vs_NP","Multi-Omics",303,0.094,0.374019047619048
"Combined_vs_NP","Multi-Omics",303,0.095,0.374857142857143
"Combined_vs_NP","Multi-Omics",303,0.096,0.375695238095238
"Combined_vs_NP","Multi-Omics",303,0.097,0.376533333333333
"Combined_vs_NP","Multi-Omics",303,0.098,0.377371428571429
"Combined_vs_NP","Multi-Omics",303,0.099,0.378209523809524
"Combined_vs_NP","Multi-Omics",303,0.1,0.378571428571429
"Combined_vs_NP","Multi-Omics",303,0.101,0.378571428571429
"Combined_vs_NP","Multi-Omics",303,0.102,0.378571428571429
"Combined_vs_NP","Multi-Omics",303,0.103,0.378571428571429
"Combined_vs_NP","Multi-Omics",303,0.104,0.378571428571429
"Combined_vs_NP","Multi-Omics",303,0.105,0.378571428571429
"Combined_vs_NP","Multi-Omics",303,0.106,0.378571428571429
"Combined_vs_NP","Multi-Omics",303,0.107,0.378571428571429
"Combined_vs_NP","Multi-Omics",303,0.108,0.378685714285714
"Combined_vs_NP","Multi-Omics",303,0.109,0.3812
"Combined_vs_NP","Multi-Omics",303,0.11,0.383714285714286
"Combined_vs_NP","Multi-Omics",303,0.111,0.386228571428571
"Combined_vs_NP","Multi-Omics",303,0.112,0.388742857142857
"Combined_vs_NP","Multi-Omics",303,0.113,0.391257142857143
"Combined_vs_NP","Multi-Omics",303,0.114,0.392857142857143
"Combined_vs_NP","Multi-Omics",303,0.115,0.392857142857143
"Combined_vs_NP","Multi-Omics",303,0.116,0.392857142857143
"Combined_vs_NP","Multi-Omics",303,0.117,0.392857142857143
"Combined_vs_NP","Multi-Omics",303,0.118,0.392857142857143
"Combined_vs_NP","Multi-Omics",303,0.119,0.392857142857143
"Combined_vs_NP","Multi-Omics",303,0.12,0.392857142857143
"Combined_vs_NP","Multi-Omics",303,0.121,0.392857142857143
"Combined_vs_NP","Multi-Omics",303,0.122,0.392857142857143
"Combined_vs_NP","Multi-Omics",303,0.123,0.392857142857143
"Combined_vs_NP","Multi-Omics",303,0.124,0.392857142857143
"Combined_vs_NP","Multi-Omics",303,0.125,0.392857142857143
"Combined_vs_NP","Multi-Omics",303,0.126,0.392857142857143
"Combined_vs_NP","Multi-Omics",303,0.127,0.392857142857143
"Combined_vs_NP","Multi-Omics",303,0.128,0.392857142857143
"Combined_vs_NP","Multi-Omics",303,0.129,0.392857142857143
"Combined_vs_NP","Multi-Omics",303,0.13,0.392857142857143
"Combined_vs_NP","Multi-Omics",303,0.131,0.392857142857143
"Combined_vs_NP","Multi-Omics",303,0.132,0.392857142857143
"Combined_vs_NP","Multi-Omics",303,0.133,0.392857142857143
"Combined_vs_NP","Multi-Omics",303,0.134,0.392857142857143
"Combined_vs_NP","Multi-Omics",303,0.135,0.392857142857143
"Combined_vs_NP","Multi-Omics",303,0.136,0.392857142857143
"Combined_vs_NP","Multi-Omics",303,0.137,0.392857142857143
"Combined_vs_NP","Multi-Omics",303,0.138,0.392857142857143
"Combined_vs_NP","Multi-Omics",303,0.139,0.392857142857143
"Combined_vs_NP","Multi-Omics",303,0.14,0.392857142857143
"Combined_vs_NP","Multi-Omics",303,0.141,0.392857142857143
"Combined_vs_NP","Multi-Omics",303,0.142,0.392857142857143
"Combined_vs_NP","Multi-Omics",303,0.143,0.392857142857143
"Combined_vs_NP","Multi-Omics",303,0.144,0.392857142857143
"Combined_vs_NP","Multi-Omics",303,0.145,0.392857142857143
"Combined_vs_NP","Multi-Omics",303,0.146,0.392857142857143
"Combined_vs_NP","Multi-Omics",303,0.147,0.392857142857143
"Combined_vs_NP","Multi-Omics",303,0.148,0.400171428571429
"Combined_vs_NP","Multi-Omics",303,0.149,0.4008
"Combined_vs_NP","Multi-Omics",303,0.15,0.401428571428571
"Combined_vs_NP","Multi-Omics",303,0.151,0.402057142857143
"Combined_vs_NP","Multi-Omics",303,0.152,0.402685714285714
"Combined_vs_NP","Multi-Omics",303,0.153,0.403314285714286
"Combined_vs_NP","Multi-Omics",303,0.154,0.403942857142857
"Combined_vs_NP","Multi-Omics",303,0.155,0.404571428571429
"Combined_vs_NP","Multi-Omics",303,0.156,0.4052
"Combined_vs_NP","Multi-Omics",303,0.157,0.405828571428571
"Combined_vs_NP","Multi-Omics",303,0.158,0.406457142857143
"Combined_vs_NP","Multi-Omics",303,0.159,0.407085714285714
"Combined_vs_NP","Multi-Omics",303,0.16,0.407142857142857
"Combined_vs_NP","Multi-Omics",303,0.161,0.407142857142857
"Combined_vs_NP","Multi-Omics",303,0.162,0.407142857142857
"Combined_vs_NP","Multi-Omics",303,0.163,0.407142857142857
"Combined_vs_NP","Multi-Omics",303,0.164,0.407142857142857
"Combined_vs_NP","Multi-Omics",303,0.165,0.407428571428571
"Combined_vs_NP","Multi-Omics",303,0.166,0.408685714285714
"Combined_vs_NP","Multi-Omics",303,0.167,0.409942857142857
"Combined_vs_NP","Multi-Omics",303,0.168,0.4112
"Combined_vs_NP","Multi-Omics",303,0.169,0.412457142857143
"Combined_vs_NP","Multi-Omics",303,0.17,0.413714285714286
"Combined_vs_NP","Multi-Omics",303,0.171,0.414285714285714
"Combined_vs_NP","Multi-Omics",303,0.172,0.414285714285714
"Combined_vs_NP","Multi-Omics",303,0.173,0.414285714285714
"Combined_vs_NP","Multi-Omics",303,0.174,0.414285714285714
"Combined_vs_NP","Multi-Omics",303,0.175,0.414285714285714
"Combined_vs_NP","Multi-Omics",303,0.176,0.414285714285714
"Combined_vs_NP","Multi-Omics",303,0.177,0.415526530612245
"Combined_vs_NP","Multi-Omics",303,0.178,0.416963265306122
"Combined_vs_NP","Multi-Omics",303,0.179,0.4184
"Combined_vs_NP","Multi-Omics",303,0.18,0.419836734693877
"Combined_vs_NP","Multi-Omics",303,0.181,0.421273469387755
"Combined_vs_NP","Multi-Omics",303,0.182,0.422710204081633
"Combined_vs_NP","Multi-Omics",303,0.183,0.42414693877551
"Combined_vs_NP","Multi-Omics",303,0.184,0.425583673469388
"Combined_vs_NP","Multi-Omics",303,0.185,0.427020408163265
"Combined_vs_NP","Multi-Omics",303,0.186,0.428457142857143
"Combined_vs_NP","Multi-Omics",303,0.187,0.42989387755102
"Combined_vs_NP","Multi-Omics",303,0.188,0.431582040816326
"Combined_vs_NP","Multi-Omics",303,0.189,0.433521632653061
"Combined_vs_NP","Multi-Omics",303,0.19,0.435461224489796
"Combined_vs_NP","Multi-Omics",303,0.191,0.437400816326531
"Combined_vs_NP","Multi-Omics",303,0.192,0.439340408163265
"Combined_vs_NP","Multi-Omics",303,0.193,0.44128
"Combined_vs_NP","Multi-Omics",303,0.194,0.443562448979592
"Combined_vs_NP","Multi-Omics",303,0.195,0.445921088435374
"Combined_vs_NP","Multi-Omics",303,0.196,0.448279727891156
"Combined_vs_NP","Multi-Omics",303,0.197,0.449234285714286
"Combined_vs_NP","Multi-Omics",303,0.198,0.45015619047619
"Combined_vs_NP","Multi-Omics",303,0.199,0.451249523809524
"Combined_vs_NP","Multi-Omics",303,0.2,0.453428571428571
"Combined_vs_NP","Multi-Omics",303,0.201,0.455607619047619
"Combined_vs_NP","Multi-Omics",303,0.202,0.457638095238095
"Combined_vs_NP","Multi-Omics",303,0.203,0.459314285714286
"Combined_vs_NP","Multi-Omics",303,0.204,0.460990476190476
"Combined_vs_NP","Multi-Omics",303,0.205,0.462095238095238
"Combined_vs_NP","Multi-Omics",303,0.206,0.462514285714286
"Combined_vs_NP","Multi-Omics",303,0.207,0.462933333333333
"Combined_vs_NP","Multi-Omics",303,0.208,0.463609523809524
"Combined_vs_NP","Multi-Omics",303,0.209,0.464447619047619
"Combined_vs_NP","Multi-Omics",303,0.21,0.465285714285714
"Combined_vs_NP","Multi-Omics",303,0.211,0.465994285714286
"Combined_vs_NP","Multi-Omics",303,0.212,0.466664761904762
"Combined_vs_NP","Multi-Omics",303,0.213,0.467335238095238
"Combined_vs_NP","Multi-Omics",303,0.214,0.468591428571429
"Combined_vs_NP","Multi-Omics",303,0.215,0.469890476190476
"Combined_vs_NP","Multi-Omics",303,0.216,0.471189523809524
"Combined_vs_NP","Multi-Omics",303,0.217,0.472488571428571
"Combined_vs_NP","Multi-Omics",303,0.218,0.473787619047619
"Combined_vs_NP","Multi-Omics",303,0.219,0.475086666666667
"Combined_vs_NP","Multi-Omics",303,0.22,0.476385714285714
"Combined_vs_NP","Multi-Omics",303,0.221,0.477684761904762
"Combined_vs_NP","Multi-Omics",303,0.222,0.478983809523809
"Combined_vs_NP","Multi-Omics",303,0.223,0.480282857142857
"Combined_vs_NP","Multi-Omics",303,0.224,0.481581904761905
"Combined_vs_NP","Multi-Omics",303,0.225,0.482809523809524
"Combined_vs_NP","Multi-Omics",303,0.226,0.483982857142857
"Combined_vs_NP","Multi-Omics",303,0.227,0.48515619047619
"Combined_vs_NP","Multi-Omics",303,0.228,0.486329523809524
"Combined_vs_NP","Multi-Omics",303,0.229,0.487502857142857
"Combined_vs_NP","Multi-Omics",303,0.23,0.48867619047619
"Combined_vs_NP","Multi-Omics",303,0.231,0.489849523809524
"Combined_vs_NP","Multi-Omics",303,0.232,0.491022857142857
"Combined_vs_NP","Multi-Omics",303,0.233,0.499339047619048
"Combined_vs_NP","Multi-Omics",303,0.234,0.500512380952381
"Combined_vs_NP","Multi-Omics",303,0.235,0.501685714285714
"Combined_vs_NP","Multi-Omics",303,0.236,0.503373333333333
"Combined_vs_NP","Multi-Omics",303,0.237,0.507060952380952
"Combined_vs_NP","Multi-Omics",303,0.238,0.510748571428571
"Combined_vs_NP","Multi-Omics",303,0.239,0.514161904761905
"Combined_vs_NP","Multi-Omics",303,0.24,0.517095238095238
"Combined_vs_NP","Multi-Omics",303,0.241,0.520028571428571
"Combined_vs_NP","Multi-Omics",303,0.242,0.522742857142857
"Combined_vs_NP","Multi-Omics",303,0.243,0.525257142857143
"Combined_vs_NP","Multi-Omics",303,0.244,0.527771428571429
"Combined_vs_NP","Multi-Omics",303,0.245,0.528914285714286
"Combined_vs_NP","Multi-Omics",303,0.246,0.529417142857143
"Combined_vs_NP","Multi-Omics",303,0.247,0.52992
"Combined_vs_NP","Multi-Omics",303,0.248,0.530422857142857
"Combined_vs_NP","Multi-Omics",303,0.249,0.530925714285714
"Combined_vs_NP","Multi-Omics",303,0.25,0.531428571428571
"Combined_vs_NP","Multi-Omics",303,0.251,0.53256
"Combined_vs_NP","Multi-Omics",303,0.252,0.533691428571429
"Combined_vs_NP","Multi-Omics",303,0.253,0.53495619047619
"Combined_vs_NP","Multi-Omics",303,0.254,0.536925714285714
"Combined_vs_NP","Multi-Omics",303,0.255,0.538895238095238
"Combined_vs_NP","Multi-Omics",303,0.256,0.540864761904762
"Combined_vs_NP","Multi-Omics",303,0.257,0.542834285714286
"Combined_vs_NP","Multi-Omics",303,0.258,0.54480380952381
"Combined_vs_NP","Multi-Omics",303,0.259,0.546533333333333
"Combined_vs_NP","Multi-Omics",303,0.26,0.548
"Combined_vs_NP","Multi-Omics",303,0.261,0.549466666666667
"Combined_vs_NP","Multi-Omics",303,0.262,0.5508
"Combined_vs_NP","Multi-Omics",303,0.263,0.552057142857143
"Combined_vs_NP","Multi-Omics",303,0.264,0.553314285714286
"Combined_vs_NP","Multi-Omics",303,0.265,0.554571428571429
"Combined_vs_NP","Multi-Omics",303,0.266,0.555828571428571
"Combined_vs_NP","Multi-Omics",303,0.267,0.557085714285714
"Combined_vs_NP","Multi-Omics",303,0.268,0.558342857142857
"Combined_vs_NP","Multi-Omics",303,0.269,0.5596
"Combined_vs_NP","Multi-Omics",303,0.27,0.560819047619048
"Combined_vs_NP","Multi-Omics",303,0.271,0.561740952380952
"Combined_vs_NP","Multi-Omics",303,0.272,0.562662857142857
"Combined_vs_NP","Multi-Omics",303,0.273,0.563584761904762
"Combined_vs_NP","Multi-Omics",303,0.274,0.564506666666667
"Combined_vs_NP","Multi-Omics",303,0.275,0.565428571428571
"Combined_vs_NP","Multi-Omics",303,0.276,0.566350476190476
"Combined_vs_NP","Multi-Omics",303,0.277,0.567272380952381
"Combined_vs_NP","Multi-Omics",303,0.278,0.568194285714286
"Combined_vs_NP","Multi-Omics",303,0.279,0.569363809523809
"Combined_vs_NP","Multi-Omics",303,0.28,0.570704761904762
"Combined_vs_NP","Multi-Omics",303,0.281,0.572045714285714
"Combined_vs_NP","Multi-Omics",303,0.282,0.573386666666667
"Combined_vs_NP","Multi-Omics",303,0.283,0.574727619047619
"Combined_vs_NP","Multi-Omics",303,0.284,0.576068571428571
"Combined_vs_NP","Multi-Omics",303,0.285,0.579238095238095
"Combined_vs_NP","Multi-Omics",303,0.286,0.582590476190476
"Combined_vs_NP","Multi-Omics",303,0.287,0.586057142857143
"Combined_vs_NP","Multi-Omics",303,0.288,0.591085714285714
"Combined_vs_NP","Multi-Omics",303,0.289,0.596114285714285
"Combined_vs_NP","Multi-Omics",303,0.29,0.600571428571429
"Combined_vs_NP","Multi-Omics",303,0.291,0.603085714285714
"Combined_vs_NP","Multi-Omics",303,0.292,0.6056
"Combined_vs_NP","Multi-Omics",303,0.293,0.607142857142857
"Combined_vs_NP","Multi-Omics",303,0.294,0.607142857142857
"Combined_vs_NP","Multi-Omics",303,0.295,0.607142857142857
"Combined_vs_NP","Multi-Omics",303,0.296,0.607142857142857
"Combined_vs_NP","Multi-Omics",303,0.297,0.607142857142857
"Combined_vs_NP","Multi-Omics",303,0.298,0.607142857142857
"Combined_vs_NP","Multi-Omics",303,0.299,0.607142857142857
"Combined_vs_NP","Multi-Omics",303,0.3,0.607142857142857
"Combined_vs_NP","Multi-Omics",303,0.301,0.607142857142857
"Combined_vs_NP","Multi-Omics",303,0.302,0.607142857142857
"Combined_vs_NP","Multi-Omics",303,0.303,0.607142857142857
"Combined_vs_NP","Multi-Omics",303,0.304,0.607142857142857
"Combined_vs_NP","Multi-Omics",303,0.305,0.607142857142857
"Combined_vs_NP","Multi-Omics",303,0.306,0.607142857142857
"Combined_vs_NP","Multi-Omics",303,0.307,0.607142857142857
"Combined_vs_NP","Multi-Omics",303,0.308,0.607142857142857
"Combined_vs_NP","Multi-Omics",303,0.309,0.607142857142857
"Combined_vs_NP","Multi-Omics",303,0.31,0.607357142857143
"Combined_vs_NP","Multi-Omics",303,0.311,0.607985714285714
"Combined_vs_NP","Multi-Omics",303,0.312,0.608614285714286
"Combined_vs_NP","Multi-Omics",303,0.313,0.609661904761905
"Combined_vs_NP","Multi-Omics",303,0.314,0.611128571428571
"Combined_vs_NP","Multi-Omics",303,0.315,0.612595238095238
"Combined_vs_NP","Multi-Omics",303,0.316,0.614061904761905
"Combined_vs_NP","Multi-Omics",303,0.317,0.615528571428571
"Combined_vs_NP","Multi-Omics",303,0.318,0.616995238095238
"Combined_vs_NP","Multi-Omics",303,0.319,0.618461904761905
"Combined_vs_NP","Multi-Omics",303,0.32,0.619928571428571
"Combined_vs_NP","Multi-Omics",303,0.321,0.621395238095238
"Combined_vs_NP","Multi-Omics",303,0.322,0.622042857142857
"Combined_vs_NP","Multi-Omics",303,0.323,0.622671428571429
"Combined_vs_NP","Multi-Omics",303,0.324,0.6233
"Combined_vs_NP","Multi-Omics",303,0.325,0.623928571428571
"Combined_vs_NP","Multi-Omics",303,0.326,0.624557142857143
"Combined_vs_NP","Multi-Omics",303,0.327,0.625185714285714
"Combined_vs_NP","Multi-Omics",303,0.328,0.625814285714286
"Combined_vs_NP","Multi-Omics",303,0.329,0.626442857142857
"Combined_vs_NP","Multi-Omics",303,0.33,0.627357142857143
"Combined_vs_NP","Multi-Omics",303,0.331,0.628614285714286
"Combined_vs_NP","Multi-Omics",303,0.332,0.629871428571429
"Combined_vs_NP","Multi-Omics",303,0.333,0.630742857142857
"Combined_vs_NP","Multi-Omics",303,0.334,0.631371428571429
"Combined_vs_NP","Multi-Omics",303,0.335,0.632
"Combined_vs_NP","Multi-Omics",303,0.336,0.632628571428571
"Combined_vs_NP","Multi-Omics",303,0.337,0.633257142857143
"Combined_vs_NP","Multi-Omics",303,0.338,0.633885714285714
"Combined_vs_NP","Multi-Omics",303,0.339,0.634514285714286
"Combined_vs_NP","Multi-Omics",303,0.34,0.635142857142857
"Combined_vs_NP","Multi-Omics",303,0.341,0.635942857142857
"Combined_vs_NP","Multi-Omics",303,0.342,0.638457142857143
"Combined_vs_NP","Multi-Omics",303,0.343,0.640971428571429
"Combined_vs_NP","Multi-Omics",303,0.344,0.642857142857143
"Combined_vs_NP","Multi-Omics",303,0.345,0.642857142857143
"Combined_vs_NP","Multi-Omics",303,0.346,0.642857142857143
"Combined_vs_NP","Multi-Omics",303,0.347,0.642857142857143
"Combined_vs_NP","Multi-Omics",303,0.348,0.642857142857143
"Combined_vs_NP","Multi-Omics",303,0.349,0.642857142857143
"Combined_vs_NP","Multi-Omics",303,0.35,0.642857142857143
"Combined_vs_NP","Multi-Omics",303,0.351,0.642857142857143
"Combined_vs_NP","Multi-Omics",303,0.352,0.642857142857143
"Combined_vs_NP","Multi-Omics",303,0.353,0.642857142857143
"Combined_vs_NP","Multi-Omics",303,0.354,0.642857142857143
"Combined_vs_NP","Multi-Omics",303,0.355,0.642857142857143
"Combined_vs_NP","Multi-Omics",303,0.356,0.642857142857143
"Combined_vs_NP","Multi-Omics",303,0.357,0.642857142857143
"Combined_vs_NP","Multi-Omics",303,0.358,0.642857142857143
"Combined_vs_NP","Multi-Omics",303,0.359,0.642857142857143
"Combined_vs_NP","Multi-Omics",303,0.36,0.642857142857143
"Combined_vs_NP","Multi-Omics",303,0.361,0.642857142857143
"Combined_vs_NP","Multi-Omics",303,0.362,0.642857142857143
"Combined_vs_NP","Multi-Omics",303,0.363,0.642857142857143
"Combined_vs_NP","Multi-Omics",303,0.364,0.643085714285714
"Combined_vs_NP","Multi-Omics",303,0.365,0.643714285714286
"Combined_vs_NP","Multi-Omics",303,0.366,0.644342857142857
"Combined_vs_NP","Multi-Omics",303,0.367,0.644971428571429
"Combined_vs_NP","Multi-Omics",303,0.368,0.6456
"Combined_vs_NP","Multi-Omics",303,0.369,0.646228571428571
"Combined_vs_NP","Multi-Omics",303,0.37,0.646857142857143
"Combined_vs_NP","Multi-Omics",303,0.371,0.647485714285714
"Combined_vs_NP","Multi-Omics",303,0.372,0.648114285714286
"Combined_vs_NP","Multi-Omics",303,0.373,0.648742857142857
"Combined_vs_NP","Multi-Omics",303,0.374,0.649371428571429
"Combined_vs_NP","Multi-Omics",303,0.375,0.65
"Combined_vs_NP","Multi-Omics",303,0.376,0.65
"Combined_vs_NP","Multi-Omics",303,0.377,0.65
"Combined_vs_NP","Multi-Omics",303,0.378,0.65
"Combined_vs_NP","Multi-Omics",303,0.379,0.65
"Combined_vs_NP","Multi-Omics",303,0.38,0.65
"Combined_vs_NP","Multi-Omics",303,0.381,0.65
"Combined_vs_NP","Multi-Omics",303,0.382,0.65
"Combined_vs_NP","Multi-Omics",303,0.383,0.65
"Combined_vs_NP","Multi-Omics",303,0.384,0.65
"Combined_vs_NP","Multi-Omics",303,0.385,0.65
"Combined_vs_NP","Multi-Omics",303,0.386,0.65
"Combined_vs_NP","Multi-Omics",303,0.387,0.65
"Combined_vs_NP","Multi-Omics",303,0.388,0.65
"Combined_vs_NP","Multi-Omics",303,0.389,0.65
"Combined_vs_NP","Multi-Omics",303,0.39,0.65
"Combined_vs_NP","Multi-Omics",303,0.391,0.65
"Combined_vs_NP","Multi-Omics",303,0.392,0.65
"Combined_vs_NP","Multi-Omics",303,0.393,0.65
"Combined_vs_NP","Multi-Omics",303,0.394,0.65
"Combined_vs_NP","Multi-Omics",303,0.395,0.650142857142857
"Combined_vs_NP","Multi-Omics",303,0.396,0.6514
"Combined_vs_NP","Multi-Omics",303,0.397,0.652657142857143
"Combined_vs_NP","Multi-Omics",303,0.398,0.653914285714286
"Combined_vs_NP","Multi-Omics",303,0.399,0.655171428571429
"Combined_vs_NP","Multi-Omics",303,0.4,0.656428571428572
"Combined_vs_NP","Multi-Omics",303,0.401,0.657142857142857
"Combined_vs_NP","Multi-Omics",303,0.402,0.657142857142857
"Combined_vs_NP","Multi-Omics",303,0.403,0.657142857142857
"Combined_vs_NP","Multi-Omics",303,0.404,0.657142857142857
"Combined_vs_NP","Multi-Omics",303,0.405,0.657142857142857
"Combined_vs_NP","Multi-Omics",303,0.406,0.657142857142857
"Combined_vs_NP","Multi-Omics",303,0.407,0.657142857142857
"Combined_vs_NP","Multi-Omics",303,0.408,0.657142857142857
"Combined_vs_NP","Multi-Omics",303,0.409,0.657142857142857
"Combined_vs_NP","Multi-Omics",303,0.41,0.657142857142857
"Combined_vs_NP","Multi-Omics",303,0.411,0.657142857142857
"Combined_vs_NP","Multi-Omics",303,0.412,0.657142857142857
"Combined_vs_NP","Multi-Omics",303,0.413,0.657142857142857
"Combined_vs_NP","Multi-Omics",303,0.414,0.657142857142857
"Combined_vs_NP","Multi-Omics",303,0.415,0.657142857142857
"Combined_vs_NP","Multi-Omics",303,0.416,0.657142857142857
"Combined_vs_NP","Multi-Omics",303,0.417,0.657142857142857
"Combined_vs_NP","Multi-Omics",303,0.418,0.657142857142857
"Combined_vs_NP","Multi-Omics",303,0.419,0.657142857142857
"Combined_vs_NP","Multi-Omics",303,0.42,0.657142857142857
"Combined_vs_NP","Multi-Omics",303,0.421,0.657142857142857
"Combined_vs_NP","Multi-Omics",303,0.422,0.657142857142857
"Combined_vs_NP","Multi-Omics",303,0.423,0.657142857142857
"Combined_vs_NP","Multi-Omics",303,0.424,0.657142857142857
"Combined_vs_NP","Multi-Omics",303,0.425,0.657142857142857
"Combined_vs_NP","Multi-Omics",303,0.426,0.657142857142857
"Combined_vs_NP","Multi-Omics",303,0.427,0.657142857142857
"Combined_vs_NP","Multi-Omics",303,0.428,0.657142857142857
"Combined_vs_NP","Multi-Omics",303,0.429,0.657142857142857
"Combined_vs_NP","Multi-Omics",303,0.43,0.657142857142857
"Combined_vs_NP","Multi-Omics",303,0.431,0.657142857142857
"Combined_vs_NP","Multi-Omics",303,0.432,0.657142857142857
"Combined_vs_NP","Multi-Omics",303,0.433,0.657142857142857
"Combined_vs_NP","Multi-Omics",303,0.434,0.657142857142857
"Combined_vs_NP","Multi-Omics",303,0.435,0.657142857142857
"Combined_vs_NP","Multi-Omics",303,0.436,0.657142857142857
"Combined_vs_NP","Multi-Omics",303,0.437,0.657142857142857
"Combined_vs_NP","Multi-Omics",303,0.438,0.657142857142857
"Combined_vs_NP","Multi-Omics",303,0.439,0.657142857142857
"Combined_vs_NP","Multi-Omics",303,0.44,0.657142857142857
"Combined_vs_NP","Multi-Omics",303,0.441,0.657142857142857
"Combined_vs_NP","Multi-Omics",303,0.442,0.657142857142857
"Combined_vs_NP","Multi-Omics",303,0.443,0.657142857142857
"Combined_vs_NP","Multi-Omics",303,0.444,0.657142857142857
"Combined_vs_NP","Multi-Omics",303,0.445,0.657142857142857
"Combined_vs_NP","Multi-Omics",303,0.446,0.657142857142857
"Combined_vs_NP","Multi-Omics",303,0.447,0.657142857142857
"Combined_vs_NP","Multi-Omics",303,0.448,0.657142857142857
"Combined_vs_NP","Multi-Omics",303,0.449,0.657142857142857
"Combined_vs_NP","Multi-Omics",303,0.45,0.657142857142857
"Combined_vs_NP","Multi-Omics",303,0.451,0.657142857142857
"Combined_vs_NP","Multi-Omics",303,0.452,0.657142857142857
"Combined_vs_NP","Multi-Omics",303,0.453,0.657142857142857
"Combined_vs_NP","Multi-Omics",303,0.454,0.657142857142857
"Combined_vs_NP","Multi-Omics",303,0.455,0.657142857142857
"Combined_vs_NP","Multi-Omics",303,0.456,0.657142857142857
"Combined_vs_NP","Multi-Omics",303,0.457,0.657142857142857
"Combined_vs_NP","Multi-Omics",303,0.458,0.658685714285714
"Combined_vs_NP","Multi-Omics",303,0.459,0.6612
"Combined_vs_NP","Multi-Omics",303,0.46,0.663714285714286
"Combined_vs_NP","Multi-Omics",303,0.461,0.664285714285714
"Combined_vs_NP","Multi-Omics",303,0.462,0.664285714285714
"Combined_vs_NP","Multi-Omics",303,0.463,0.664285714285714
"Combined_vs_NP","Multi-Omics",303,0.464,0.664285714285714
"Combined_vs_NP","Multi-Omics",303,0.465,0.664285714285714
"Combined_vs_NP","Multi-Omics",303,0.466,0.664285714285714
"Combined_vs_NP","Multi-Omics",303,0.467,0.664285714285714
"Combined_vs_NP","Multi-Omics",303,0.468,0.664285714285714
"Combined_vs_NP","Multi-Omics",303,0.469,0.664285714285714
"Combined_vs_NP","Multi-Omics",303,0.47,0.664285714285714
"Combined_vs_NP","Multi-Omics",303,0.471,0.664285714285714
"Combined_vs_NP","Multi-Omics",303,0.472,0.664285714285714
"Combined_vs_NP","Multi-Omics",303,0.473,0.664285714285714
"Combined_vs_NP","Multi-Omics",303,0.474,0.664285714285714
"Combined_vs_NP","Multi-Omics",303,0.475,0.664285714285714
"Combined_vs_NP","Multi-Omics",303,0.476,0.664285714285714
"Combined_vs_NP","Multi-Omics",303,0.477,0.664285714285714
"Combined_vs_NP","Multi-Omics",303,0.478,0.664285714285714
"Combined_vs_NP","Multi-Omics",303,0.479,0.664285714285714
"Combined_vs_NP","Multi-Omics",303,0.48,0.664285714285714
"Combined_vs_NP","Multi-Omics",303,0.481,0.664285714285714
"Combined_vs_NP","Multi-Omics",303,0.482,0.664285714285714
"Combined_vs_NP","Multi-Omics",303,0.483,0.664285714285714
"Combined_vs_NP","Multi-Omics",303,0.484,0.664285714285714
"Combined_vs_NP","Multi-Omics",303,0.485,0.664285714285714
"Combined_vs_NP","Multi-Omics",303,0.486,0.664285714285714
"Combined_vs_NP","Multi-Omics",303,0.487,0.664285714285714
"Combined_vs_NP","Multi-Omics",303,0.488,0.664285714285714
"Combined_vs_NP","Multi-Omics",303,0.489,0.664285714285714
"Combined_vs_NP","Multi-Omics",303,0.49,0.664285714285714
"Combined_vs_NP","Multi-Omics",303,0.491,0.664285714285714
"Combined_vs_NP","Multi-Omics",303,0.492,0.664285714285714
"Combined_vs_NP","Multi-Omics",303,0.493,0.664285714285714
"Combined_vs_NP","Multi-Omics",303,0.494,0.664285714285714
"Combined_vs_NP","Multi-Omics",303,0.495,0.664285714285714
"Combined_vs_NP","Multi-Omics",303,0.496,0.664285714285714
"Combined_vs_NP","Multi-Omics",303,0.497,0.664285714285714
"Combined_vs_NP","Multi-Omics",303,0.498,0.665342857142857
"Combined_vs_NP","Multi-Omics",303,0.499,0.6666
"Combined_vs_NP","Multi-Omics",303,0.5,0.667857142857143
"Combined_vs_NP","Multi-Omics",303,0.501,0.669114285714286
"Combined_vs_NP","Multi-Omics",303,0.502,0.670371428571429
"Combined_vs_NP","Multi-Omics",303,0.503,0.678571428571429
"Combined_vs_NP","Multi-Omics",303,0.504,0.678571428571429
"Combined_vs_NP","Multi-Omics",303,0.505,0.678571428571429
"Combined_vs_NP","Multi-Omics",303,0.506,0.678571428571429
"Combined_vs_NP","Multi-Omics",303,0.507,0.678571428571429
"Combined_vs_NP","Multi-Omics",303,0.508,0.678571428571429
"Combined_vs_NP","Multi-Omics",303,0.509,0.678571428571429
"Combined_vs_NP","Multi-Omics",303,0.51,0.678571428571429
"Combined_vs_NP","Multi-Omics",303,0.511,0.678571428571429
"Combined_vs_NP","Multi-Omics",303,0.512,0.678571428571429
"Combined_vs_NP","Multi-Omics",303,0.513,0.678571428571429
"Combined_vs_NP","Multi-Omics",303,0.514,0.678571428571429
"Combined_vs_NP","Multi-Omics",303,0.515,0.678571428571429
"Combined_vs_NP","Multi-Omics",303,0.516,0.678571428571429
"Combined_vs_NP","Multi-Omics",303,0.517,0.678571428571429
"Combined_vs_NP","Multi-Omics",303,0.518,0.678571428571429
"Combined_vs_NP","Multi-Omics",303,0.519,0.678571428571429
"Combined_vs_NP","Multi-Omics",303,0.52,0.678571428571429
"Combined_vs_NP","Multi-Omics",303,0.521,0.678571428571429
"Combined_vs_NP","Multi-Omics",303,0.522,0.678571428571429
"Combined_vs_NP","Multi-Omics",303,0.523,0.678571428571429
"Combined_vs_NP","Multi-Omics",303,0.524,0.678571428571429
"Combined_vs_NP","Multi-Omics",303,0.525,0.678571428571429
"Combined_vs_NP","Multi-Omics",303,0.526,0.678571428571429
"Combined_vs_NP","Multi-Omics",303,0.527,0.678571428571429
"Combined_vs_NP","Multi-Omics",303,0.528,0.678571428571429
"Combined_vs_NP","Multi-Omics",303,0.529,0.678571428571429
"Combined_vs_NP","Multi-Omics",303,0.53,0.678571428571429
"Combined_vs_NP","Multi-Omics",303,0.531,0.678571428571429
"Combined_vs_NP","Multi-Omics",303,0.532,0.678571428571429
"Combined_vs_NP","Multi-Omics",303,0.533,0.678571428571429
"Combined_vs_NP","Multi-Omics",303,0.534,0.678571428571429
"Combined_vs_NP","Multi-Omics",303,0.535,0.679714285714286
"Combined_vs_NP","Multi-Omics",303,0.536,0.680971428571429
"Combined_vs_NP","Multi-Omics",303,0.537,0.682228571428572
"Combined_vs_NP","Multi-Omics",303,0.538,0.683485714285714
"Combined_vs_NP","Multi-Omics",303,0.539,0.684742857142857
"Combined_vs_NP","Multi-Omics",303,0.54,0.686285714285714
"Combined_vs_NP","Multi-Omics",303,0.541,0.6888
"Combined_vs_NP","Multi-Omics",303,0.542,0.691314285714286
"Combined_vs_NP","Multi-Omics",303,0.543,0.692857142857143
"Combined_vs_NP","Multi-Omics",303,0.544,0.692857142857143
"Combined_vs_NP","Multi-Omics",303,0.545,0.692857142857143
"Combined_vs_NP","Multi-Omics",303,0.546,0.707142857142857
"Combined_vs_NP","Multi-Omics",303,0.547,0.707142857142857
"Combined_vs_NP","Multi-Omics",303,0.548,0.707142857142857
"Combined_vs_NP","Multi-Omics",303,0.549,0.707142857142857
"Combined_vs_NP","Multi-Omics",303,0.55,0.707142857142857
"Combined_vs_NP","Multi-Omics",303,0.551,0.707142857142857
"Combined_vs_NP","Multi-Omics",303,0.552,0.707142857142857
"Combined_vs_NP","Multi-Omics",303,0.553,0.707142857142857
"Combined_vs_NP","Multi-Omics",303,0.554,0.707142857142857
"Combined_vs_NP","Multi-Omics",303,0.555,0.707142857142857
"Combined_vs_NP","Multi-Omics",303,0.556,0.707142857142857
"Combined_vs_NP","Multi-Omics",303,0.557,0.707234285714286
"Combined_vs_NP","Multi-Omics",303,0.558,0.707737142857143
"Combined_vs_NP","Multi-Omics",303,0.559,0.70824
"Combined_vs_NP","Multi-Omics",303,0.56,0.708742857142857
"Combined_vs_NP","Multi-Omics",303,0.561,0.709245714285714
"Combined_vs_NP","Multi-Omics",303,0.562,0.709748571428572
"Combined_vs_NP","Multi-Omics",303,0.563,0.710251428571429
"Combined_vs_NP","Multi-Omics",303,0.564,0.710754285714286
"Combined_vs_NP","Multi-Omics",303,0.565,0.711257142857143
"Combined_vs_NP","Multi-Omics",303,0.566,0.71176
"Combined_vs_NP","Multi-Omics",303,0.567,0.712262857142857
"Combined_vs_NP","Multi-Omics",303,0.568,0.712765714285714
"Combined_vs_NP","Multi-Omics",303,0.569,0.724525714285715
"Combined_vs_NP","Multi-Omics",303,0.57,0.730057142857143
"Combined_vs_NP","Multi-Omics",303,0.571,0.735588571428572
"Combined_vs_NP","Multi-Omics",303,0.572,0.735714285714286
"Combined_vs_NP","Multi-Omics",303,0.573,0.735714285714286
"Combined_vs_NP","Multi-Omics",303,0.574,0.735714285714286
"Combined_vs_NP","Multi-Omics",303,0.575,0.735714285714286
"Combined_vs_NP","Multi-Omics",303,0.576,0.735714285714286
"Combined_vs_NP","Multi-Omics",303,0.577,0.735961904761905
"Combined_vs_NP","Multi-Omics",303,0.578,0.7368
"Combined_vs_NP","Multi-Omics",303,0.579,0.737638095238095
"Combined_vs_NP","Multi-Omics",303,0.58,0.73847619047619
"Combined_vs_NP","Multi-Omics",303,0.581,0.739314285714286
"Combined_vs_NP","Multi-Omics",303,0.582,0.740152380952381
"Combined_vs_NP","Multi-Omics",303,0.583,0.740990476190476
"Combined_vs_NP","Multi-Omics",303,0.584,0.741828571428571
"Combined_vs_NP","Multi-Omics",303,0.585,0.742666666666667
"Combined_vs_NP","Multi-Omics",303,0.586,0.742857142857143
"Combined_vs_NP","Multi-Omics",303,0.587,0.742857142857143
"Combined_vs_NP","Multi-Omics",303,0.588,0.742857142857143
"Combined_vs_NP","Multi-Omics",303,0.589,0.743638095238095
"Combined_vs_NP","Multi-Omics",303,0.59,0.74447619047619
"Combined_vs_NP","Multi-Omics",303,0.591,0.745314285714286
"Combined_vs_NP","Multi-Omics",303,0.592,0.746152380952381
"Combined_vs_NP","Multi-Omics",303,0.593,0.746990476190476
"Combined_vs_NP","Multi-Omics",303,0.594,0.747828571428571
"Combined_vs_NP","Multi-Omics",303,0.595,0.748666666666667
"Combined_vs_NP","Multi-Omics",303,0.596,0.749504761904762
"Combined_vs_NP","Multi-Omics",303,0.597,0.75
"Combined_vs_NP","Multi-Omics",303,0.598,0.75
"Combined_vs_NP","Multi-Omics",303,0.599,0.75
"Combined_vs_NP","Multi-Omics",303,0.6,0.75
"Combined_vs_NP","Multi-Omics",303,0.601,0.75
"Combined_vs_NP","Multi-Omics",303,0.602,0.75
"Combined_vs_NP","Multi-Omics",303,0.603,0.75
"Combined_vs_NP","Multi-Omics",303,0.604,0.75
"Combined_vs_NP","Multi-Omics",303,0.605,0.75
"Combined_vs_NP","Multi-Omics",303,0.606,0.75
"Combined_vs_NP","Multi-Omics",303,0.607,0.75
"Combined_vs_NP","Multi-Omics",303,0.608,0.75
"Combined_vs_NP","Multi-Omics",303,0.609,0.75
"Combined_vs_NP","Multi-Omics",303,0.61,0.75
"Combined_vs_NP","Multi-Omics",303,0.611,0.757142857142857
"Combined_vs_NP","Multi-Omics",303,0.612,0.757142857142857
"Combined_vs_NP","Multi-Omics",303,0.613,0.757142857142857
"Combined_vs_NP","Multi-Omics",303,0.614,0.757142857142857
"Combined_vs_NP","Multi-Omics",303,0.615,0.757142857142857
"Combined_vs_NP","Multi-Omics",303,0.616,0.757142857142857
"Combined_vs_NP","Multi-Omics",303,0.617,0.757142857142857
"Combined_vs_NP","Multi-Omics",303,0.618,0.757142857142857
"Combined_vs_NP","Multi-Omics",303,0.619,0.757142857142857
"Combined_vs_NP","Multi-Omics",303,0.62,0.757142857142857
"Combined_vs_NP","Multi-Omics",303,0.621,0.757142857142857
"Combined_vs_NP","Multi-Omics",303,0.622,0.757142857142857
"Combined_vs_NP","Multi-Omics",303,0.623,0.757142857142857
"Combined_vs_NP","Multi-Omics",303,0.624,0.757142857142857
"Combined_vs_NP","Multi-Omics",303,0.625,0.757142857142857
"Combined_vs_NP","Multi-Omics",303,0.626,0.757142857142857
"Combined_vs_NP","Multi-Omics",303,0.627,0.757142857142857
"Combined_vs_NP","Multi-Omics",303,0.628,0.757142857142857
"Combined_vs_NP","Multi-Omics",303,0.629,0.757142857142857
"Combined_vs_NP","Multi-Omics",303,0.63,0.757142857142857
"Combined_vs_NP","Multi-Omics",303,0.631,0.757142857142857
"Combined_vs_NP","Multi-Omics",303,0.632,0.757142857142857
"Combined_vs_NP","Multi-Omics",303,0.633,0.757142857142857
"Combined_vs_NP","Multi-Omics",303,0.634,0.764285714285714
"Combined_vs_NP","Multi-Omics",303,0.635,0.764285714285714
"Combined_vs_NP","Multi-Omics",303,0.636,0.764285714285714
"Combined_vs_NP","Multi-Omics",303,0.637,0.764285714285714
"Combined_vs_NP","Multi-Omics",303,0.638,0.764285714285714
"Combined_vs_NP","Multi-Omics",303,0.639,0.764285714285714
"Combined_vs_NP","Multi-Omics",303,0.64,0.764285714285714
"Combined_vs_NP","Multi-Omics",303,0.641,0.764285714285714
"Combined_vs_NP","Multi-Omics",303,0.642,0.764285714285714
"Combined_vs_NP","Multi-Omics",303,0.643,0.764285714285714
"Combined_vs_NP","Multi-Omics",303,0.644,0.764285714285714
"Combined_vs_NP","Multi-Omics",303,0.645,0.764285714285714
"Combined_vs_NP","Multi-Omics",303,0.646,0.764285714285714
"Combined_vs_NP","Multi-Omics",303,0.647,0.764285714285714
"Combined_vs_NP","Multi-Omics",303,0.648,0.764285714285714
"Combined_vs_NP","Multi-Omics",303,0.649,0.764285714285714
"Combined_vs_NP","Multi-Omics",303,0.65,0.764285714285714
"Combined_vs_NP","Multi-Omics",303,0.651,0.764285714285714
"Combined_vs_NP","Multi-Omics",303,0.652,0.764285714285714
"Combined_vs_NP","Multi-Omics",303,0.653,0.764285714285714
"Combined_vs_NP","Multi-Omics",303,0.654,0.771428571428571
"Combined_vs_NP","Multi-Omics",303,0.655,0.771428571428571
"Combined_vs_NP","Multi-Omics",303,0.656,0.771428571428571
"Combined_vs_NP","Multi-Omics",303,0.657,0.771428571428571
"Combined_vs_NP","Multi-Omics",303,0.658,0.771428571428571
"Combined_vs_NP","Multi-Omics",303,0.659,0.771428571428571
"Combined_vs_NP","Multi-Omics",303,0.66,0.771428571428571
"Combined_vs_NP","Multi-Omics",303,0.661,0.771428571428571
"Combined_vs_NP","Multi-Omics",303,0.662,0.771514285714286
"Combined_vs_NP","Multi-Omics",303,0.663,0.772771428571429
"Combined_vs_NP","Multi-Omics",303,0.664,0.774028571428572
"Combined_vs_NP","Multi-Omics",303,0.665,0.775285714285714
"Combined_vs_NP","Multi-Omics",303,0.666,0.776542857142857
"Combined_vs_NP","Multi-Omics",303,0.667,0.7778
"Combined_vs_NP","Multi-Omics",303,0.668,0.778571428571429
"Combined_vs_NP","Multi-Omics",303,0.669,0.778571428571429
"Combined_vs_NP","Multi-Omics",303,0.67,0.778571428571429
"Combined_vs_NP","Multi-Omics",303,0.671,0.778571428571429
"Combined_vs_NP","Multi-Omics",303,0.672,0.778571428571429
"Combined_vs_NP","Multi-Omics",303,0.673,0.778571428571429
"Combined_vs_NP","Multi-Omics",303,0.674,0.778571428571429
"Combined_vs_NP","Multi-Omics",303,0.675,0.778571428571429
"Combined_vs_NP","Multi-Omics",303,0.676,0.778571428571429
"Combined_vs_NP","Multi-Omics",303,0.677,0.779657142857143
"Combined_vs_NP","Multi-Omics",303,0.678,0.780914285714286
"Combined_vs_NP","Multi-Omics",303,0.679,0.782171428571429
"Combined_vs_NP","Multi-Omics",303,0.68,0.783428571428571
"Combined_vs_NP","Multi-Omics",303,0.681,0.784685714285714
"Combined_vs_NP","Multi-Omics",303,0.682,0.785714285714286
"Combined_vs_NP","Multi-Omics",303,0.683,0.785714285714286
"Combined_vs_NP","Multi-Omics",303,0.684,0.785714285714286
"Combined_vs_NP","Multi-Omics",303,0.685,0.785714285714286
"Combined_vs_NP","Multi-Omics",303,0.686,0.785714285714286
"Combined_vs_NP","Multi-Omics",303,0.687,0.785714285714286
"Combined_vs_NP","Multi-Omics",303,0.688,0.785714285714286
"Combined_vs_NP","Multi-Omics",303,0.689,0.785714285714286
"Combined_vs_NP","Multi-Omics",303,0.69,0.785714285714286
"Combined_vs_NP","Multi-Omics",303,0.691,0.785714285714286
"Combined_vs_NP","Multi-Omics",303,0.692,0.785714285714286
"Combined_vs_NP","Multi-Omics",303,0.693,0.785714285714286
"Combined_vs_NP","Multi-Omics",303,0.694,0.785714285714286
"Combined_vs_NP","Multi-Omics",303,0.695,0.785714285714286
"Combined_vs_NP","Multi-Omics",303,0.696,0.785714285714286
"Combined_vs_NP","Multi-Omics",303,0.697,0.785714285714286
"Combined_vs_NP","Multi-Omics",303,0.698,0.785714285714286
"Combined_vs_NP","Multi-Omics",303,0.699,0.785714285714286
"Combined_vs_NP","Multi-Omics",303,0.7,0.785714285714286
"Combined_vs_NP","Multi-Omics",303,0.701,0.785714285714286
"Combined_vs_NP","Multi-Omics",303,0.702,0.785714285714286
"Combined_vs_NP","Multi-Omics",303,0.703,0.785714285714286
"Combined_vs_NP","Multi-Omics",303,0.704,0.785714285714286
"Combined_vs_NP","Multi-Omics",303,0.705,0.785714285714286
"Combined_vs_NP","Multi-Omics",303,0.706,0.785714285714286
"Combined_vs_NP","Multi-Omics",303,0.707,0.785714285714286
"Combined_vs_NP","Multi-Omics",303,0.708,0.785714285714286
"Combined_vs_NP","Multi-Omics",303,0.709,0.785714285714286
"Combined_vs_NP","Multi-Omics",303,0.71,0.785714285714286
"Combined_vs_NP","Multi-Omics",303,0.711,0.785714285714286
"Combined_vs_NP","Multi-Omics",303,0.712,0.785714285714286
"Combined_vs_NP","Multi-Omics",303,0.713,0.785714285714286
"Combined_vs_NP","Multi-Omics",303,0.714,0.785714285714286
"Combined_vs_NP","Multi-Omics",303,0.715,0.785714285714286
"Combined_vs_NP","Multi-Omics",303,0.716,0.785714285714286
"Combined_vs_NP","Multi-Omics",303,0.717,0.785714285714286
"Combined_vs_NP","Multi-Omics",303,0.718,0.785714285714286
"Combined_vs_NP","Multi-Omics",303,0.719,0.785714285714286
"Combined_vs_NP","Multi-Omics",303,0.72,0.785714285714286
"Combined_vs_NP","Multi-Omics",303,0.721,0.785714285714286
"Combined_vs_NP","Multi-Omics",303,0.722,0.792857142857143
"Combined_vs_NP","Multi-Omics",303,0.723,0.792857142857143
"Combined_vs_NP","Multi-Omics",303,0.724,0.792857142857143
"Combined_vs_NP","Multi-Omics",303,0.725,0.807142857142857
"Combined_vs_NP","Multi-Omics",303,0.726,0.807142857142857
"Combined_vs_NP","Multi-Omics",303,0.727,0.807142857142857
"Combined_vs_NP","Multi-Omics",303,0.728,0.821428571428571
"Combined_vs_NP","Multi-Omics",303,0.729,0.821428571428571
"Combined_vs_NP","Multi-Omics",303,0.73,0.821428571428571
"Combined_vs_NP","Multi-Omics",303,0.731,0.821428571428571
"Combined_vs_NP","Multi-Omics",303,0.732,0.821428571428571
"Combined_vs_NP","Multi-Omics",303,0.733,0.821542857142857
"Combined_vs_NP","Multi-Omics",303,0.734,0.824057142857143
"Combined_vs_NP","Multi-Omics",303,0.735,0.826571428571429
"Combined_vs_NP","Multi-Omics",303,0.736,0.842857142857143
"Combined_vs_NP","Multi-Omics",303,0.737,0.842857142857143
"Combined_vs_NP","Multi-Omics",303,0.738,0.842857142857143
"Combined_vs_NP","Multi-Omics",303,0.739,0.85
"Combined_vs_NP","Multi-Omics",303,0.74,0.85
"Combined_vs_NP","Multi-Omics",303,0.741,0.85
"Combined_vs_NP","Multi-Omics",303,0.742,0.851314285714286
"Combined_vs_NP","Multi-Omics",303,0.743,0.853828571428571
"Combined_vs_NP","Multi-Omics",303,0.744,0.856342857142857
"Combined_vs_NP","Multi-Omics",303,0.745,0.857142857142857
"Combined_vs_NP","Multi-Omics",303,0.746,0.857142857142857
"Combined_vs_NP","Multi-Omics",303,0.747,0.857142857142857
"Combined_vs_NP","Multi-Omics",303,0.748,0.857142857142857
"Combined_vs_NP","Multi-Omics",303,0.749,0.857142857142857
"Combined_vs_NP","Multi-Omics",303,0.75,0.857142857142857
"Combined_vs_NP","Multi-Omics",303,0.751,0.857142857142857
"Combined_vs_NP","Multi-Omics",303,0.752,0.857142857142857
"Combined_vs_NP","Multi-Omics",303,0.753,0.857142857142857
"Combined_vs_NP","Multi-Omics",303,0.754,0.857142857142857
"Combined_vs_NP","Multi-Omics",303,0.755,0.857142857142857
"Combined_vs_NP","Multi-Omics",303,0.756,0.857142857142857
"Combined_vs_NP","Multi-Omics",303,0.757,0.857142857142857
"Combined_vs_NP","Multi-Omics",303,0.758,0.857142857142857
"Combined_vs_NP","Multi-Omics",303,0.759,0.857142857142857
"Combined_vs_NP","Multi-Omics",303,0.76,0.857142857142857
"Combined_vs_NP","Multi-Omics",303,0.761,0.857142857142857
"Combined_vs_NP","Multi-Omics",303,0.762,0.857142857142857
"Combined_vs_NP","Multi-Omics",303,0.763,0.857142857142857
"Combined_vs_NP","Multi-Omics",303,0.764,0.857142857142857
"Combined_vs_NP","Multi-Omics",303,0.765,0.857142857142857
"Combined_vs_NP","Multi-Omics",303,0.766,0.857142857142857
"Combined_vs_NP","Multi-Omics",303,0.767,0.857142857142857
"Combined_vs_NP","Multi-Omics",303,0.768,0.857142857142857
"Combined_vs_NP","Multi-Omics",303,0.769,0.857142857142857
"Combined_vs_NP","Multi-Omics",303,0.77,0.857142857142857
"Combined_vs_NP","Multi-Omics",303,0.771,0.857142857142857
"Combined_vs_NP","Multi-Omics",303,0.772,0.857142857142857
"Combined_vs_NP","Multi-Omics",303,0.773,0.864285714285714
"Combined_vs_NP","Multi-Omics",303,0.774,0.864285714285714
"Combined_vs_NP","Multi-Omics",303,0.775,0.864285714285714
"Combined_vs_NP","Multi-Omics",303,0.776,0.864285714285714
"Combined_vs_NP","Multi-Omics",303,0.777,0.864285714285714
"Combined_vs_NP","Multi-Omics",303,0.778,0.864285714285714
"Combined_vs_NP","Multi-Omics",303,0.779,0.871428571428571
"Combined_vs_NP","Multi-Omics",303,0.78,0.871428571428571
"Combined_vs_NP","Multi-Omics",303,0.781,0.871428571428571
"Combined_vs_NP","Multi-Omics",303,0.782,0.873314285714286
"Combined_vs_NP","Multi-Omics",303,0.783,0.875828571428572
"Combined_vs_NP","Multi-Omics",303,0.784,0.878342857142857
"Combined_vs_NP","Multi-Omics",303,0.785,0.879714285714286
"Combined_vs_NP","Multi-Omics",303,0.786,0.880971428571429
"Combined_vs_NP","Multi-Omics",303,0.787,0.882228571428571
"Combined_vs_NP","Multi-Omics",303,0.788,0.883485714285714
"Combined_vs_NP","Multi-Omics",303,0.789,0.884742857142857
"Combined_vs_NP","Multi-Omics",303,0.79,0.892857142857143
"Combined_vs_NP","Multi-Omics",303,0.791,0.892857142857143
"Combined_vs_NP","Multi-Omics",303,0.792,0.892857142857143
"Combined_vs_NP","Multi-Omics",303,0.793,0.892857142857143
"Combined_vs_NP","Multi-Omics",303,0.794,0.892857142857143
"Combined_vs_NP","Multi-Omics",303,0.795,0.892857142857143
"Combined_vs_NP","Multi-Omics",303,0.796,0.892857142857143
"Combined_vs_NP","Multi-Omics",303,0.797,0.892857142857143
"Combined_vs_NP","Multi-Omics",303,0.798,0.892857142857143
"Combined_vs_NP","Multi-Omics",303,0.799,0.892857142857143
"Combined_vs_NP","Multi-Omics",303,0.8,0.892857142857143
"Combined_vs_NP","Multi-Omics",303,0.801,0.892857142857143
"Combined_vs_NP","Multi-Omics",303,0.802,0.9
"Combined_vs_NP","Multi-Omics",303,0.803,0.9
"Combined_vs_NP","Multi-Omics",303,0.804,0.900028571428572
"Combined_vs_NP","Multi-Omics",303,0.805,0.901285714285714
"Combined_vs_NP","Multi-Omics",303,0.806,0.902542857142857
"Combined_vs_NP","Multi-Omics",303,0.807,0.9038
"Combined_vs_NP","Multi-Omics",303,0.808,0.905057142857143
"Combined_vs_NP","Multi-Omics",303,0.809,0.906314285714286
"Combined_vs_NP","Multi-Omics",303,0.81,0.914285714285714
"Combined_vs_NP","Multi-Omics",303,0.811,0.914285714285714
"Combined_vs_NP","Multi-Omics",303,0.812,0.914285714285714
"Combined_vs_NP","Multi-Omics",303,0.813,0.921428571428571
"Combined_vs_NP","Multi-Omics",303,0.814,0.921428571428571
"Combined_vs_NP","Multi-Omics",303,0.815,0.921428571428571
"Combined_vs_NP","Multi-Omics",303,0.816,0.921428571428571
"Combined_vs_NP","Multi-Omics",303,0.817,0.921428571428571
"Combined_vs_NP","Multi-Omics",303,0.818,0.921428571428571
"Combined_vs_NP","Multi-Omics",303,0.819,0.928571428571429
"Combined_vs_NP","Multi-Omics",303,0.82,0.928571428571429
"Combined_vs_NP","Multi-Omics",303,0.821,0.928571428571429
"Combined_vs_NP","Multi-Omics",303,0.822,0.928571428571429
"Combined_vs_NP","Multi-Omics",303,0.823,0.928571428571429
"Combined_vs_NP","Multi-Omics",303,0.824,0.928571428571429
"Combined_vs_NP","Multi-Omics",303,0.825,0.928571428571429
"Combined_vs_NP","Multi-Omics",303,0.826,0.928571428571429
"Combined_vs_NP","Multi-Omics",303,0.827,0.943228571428572
"Combined_vs_NP","Multi-Omics",303,0.828,0.944485714285714
"Combined_vs_NP","Multi-Omics",303,0.829,0.945742857142857
"Combined_vs_NP","Multi-Omics",303,0.83,0.954142857142857
"Combined_vs_NP","Multi-Omics",303,0.831,0.9554
"Combined_vs_NP","Multi-Omics",303,0.832,0.956657142857143
"Combined_vs_NP","Multi-Omics",303,0.833,0.965828571428571
"Combined_vs_NP","Multi-Omics",303,0.834,0.968342857142857
"Combined_vs_NP","Multi-Omics",303,0.835,0.970857142857143
"Combined_vs_NP","Multi-Omics",303,0.836,0.971428571428571
"Combined_vs_NP","Multi-Omics",303,0.837,0.971428571428571
"Combined_vs_NP","Multi-Omics",303,0.838,0.971428571428571
"Combined_vs_NP","Multi-Omics",303,0.839,0.971428571428571
"Combined_vs_NP","Multi-Omics",303,0.84,0.971428571428571
"Combined_vs_NP","Multi-Omics",303,0.841,0.971428571428571
"Combined_vs_NP","Multi-Omics",303,0.842,0.971428571428571
"Combined_vs_NP","Multi-Omics",303,0.843,0.971428571428571
"Combined_vs_NP","Multi-Omics",303,0.844,0.9792
"Combined_vs_NP","Multi-Omics",303,0.845,0.981714285714286
"Combined_vs_NP","Multi-Omics",303,0.846,0.984228571428571
"Combined_vs_NP","Multi-Omics",303,0.847,0.985971428571429
"Combined_vs_NP","Multi-Omics",303,0.848,0.9866
"Combined_vs_NP","Multi-Omics",303,0.849,0.987228571428571
"Combined_vs_NP","Multi-Omics",303,0.85,0.987857142857143
"Combined_vs_NP","Multi-Omics",303,0.851,0.988485714285714
"Combined_vs_NP","Multi-Omics",303,0.852,0.989114285714286
"Combined_vs_NP","Multi-Omics",303,0.853,0.989742857142857
"Combined_vs_NP","Multi-Omics",303,0.854,0.990371428571429
"Combined_vs_NP","Multi-Omics",303,0.855,0.991
"Combined_vs_NP","Multi-Omics",303,0.856,0.991628571428571
"Combined_vs_NP","Multi-Omics",303,0.857,0.992257142857143
"Combined_vs_NP","Multi-Omics",303,0.858,0.992857142857143
"Combined_vs_NP","Multi-Omics",303,0.859,0.992857142857143
"Combined_vs_NP","Multi-Omics",303,0.86,0.992857142857143
"Combined_vs_NP","Multi-Omics",303,0.861,0.993371428571428
"Combined_vs_NP","Multi-Omics",303,0.862,0.995885714285714
"Combined_vs_NP","Multi-Omics",303,0.863,0.9984
"Combined_vs_NP","Multi-Omics",303,0.864,1
"Combined_vs_NP","Multi-Omics",303,0.865,1
"Combined_vs_NP","Multi-Omics",303,0.866,1
"Combined_vs_NP","Multi-Omics",303,0.867,1
"Combined_vs_NP","Multi-Omics",303,0.868,1
"Combined_vs_NP","Multi-Omics",303,0.869,1
"Combined_vs_NP","Multi-Omics",303,0.87,1
"Combined_vs_NP","Multi-Omics",303,0.871,1
"Combined_vs_NP","Multi-Omics",303,0.872,1
"Combined_vs_NP","Multi-Omics",303,0.873,1
"Combined_vs_NP","Multi-Omics",303,0.874,1
"Combined_vs_NP","Multi-Omics",303,0.875,1
"Combined_vs_NP","Multi-Omics",303,0.876,1
"Combined_vs_NP","Multi-Omics",303,0.877,1
"Combined_vs_NP","Multi-Omics",303,0.878,1
"Combined_vs_NP","Multi-Omics",303,0.879,1
"Combined_vs_NP","Multi-Omics",303,0.88,1
"Combined_vs_NP","Multi-Omics",303,0.881,1
"Combined_vs_NP","Multi-Omics",303,0.882,1
"Combined_vs_NP","Multi-Omics",303,0.883,1
"Combined_vs_NP","Multi-Omics",303,0.884,1
"Combined_vs_NP","Multi-Omics",303,0.885,1
"Combined_vs_NP","Multi-Omics",303,0.886,1
"Combined_vs_NP","Multi-Omics",303,0.887,1
"Combined_vs_NP","Multi-Omics",303,0.888,1
"Combined_vs_NP","Multi-Omics",303,0.889,1
"Combined_vs_NP","Multi-Omics",303,0.89,1
"Combined_vs_NP","Multi-Omics",303,0.891,1
"Combined_vs_NP","Multi-Omics",303,0.892,1
"Combined_vs_NP","Multi-Omics",303,0.893,1
"Combined_vs_NP","Multi-Omics",303,0.894,1
"Combined_vs_NP","Multi-Omics",303,0.895,1
"Combined_vs_NP","Multi-Omics",303,0.896,1
"Combined_vs_NP","Multi-Omics",303,0.897,1
"Combined_vs_NP","Multi-Omics",303,0.898,1
"Combined_vs_NP","Multi-Omics",303,0.899,1
"Combined_vs_NP","Multi-Omics",303,0.9,1
"Combined_vs_NP","Multi-Omics",303,0.901,1
"Combined_vs_NP","Multi-Omics",303,0.902,1
"Combined_vs_NP","Multi-Omics",303,0.903,1
"Combined_vs_NP","Multi-Omics",303,0.904,1
"Combined_vs_NP","Multi-Omics",303,0.905,1
"Combined_vs_NP","Multi-Omics",303,0.906,1
"Combined_vs_NP","Multi-Omics",303,0.907,1
"Combined_vs_NP","Multi-Omics",303,0.908,1
"Combined_vs_NP","Multi-Omics",303,0.909,1
"Combined_vs_NP","Multi-Omics",303,0.91,1
"Combined_vs_NP","Multi-Omics",303,0.911,1
"Combined_vs_NP","Multi-Omics",303,0.912,1
"Combined_vs_NP","Multi-Omics",303,0.913,1
"Combined_vs_NP","Multi-Omics",303,0.914,1
"Combined_vs_NP","Multi-Omics",303,0.915,1
"Combined_vs_NP","Multi-Omics",303,0.916,1
"Combined_vs_NP","Multi-Omics",303,0.917,1
"Combined_vs_NP","Multi-Omics",303,0.918,1
"Combined_vs_NP","Multi-Omics",303,0.919,1
"Combined_vs_NP","Multi-Omics",303,0.92,1
"Combined_vs_NP","Multi-Omics",303,0.921,1
"Combined_vs_NP","Multi-Omics",303,0.922,1
"Combined_vs_NP","Multi-Omics",303,0.923,1
"Combined_vs_NP","Multi-Omics",303,0.924,1
"Combined_vs_NP","Multi-Omics",303,0.925,1
"Combined_vs_NP","Multi-Omics",303,0.926,1
"Combined_vs_NP","Multi-Omics",303,0.927,1
"Combined_vs_NP","Multi-Omics",303,0.928,1
"Combined_vs_NP","Multi-Omics",303,0.929,1
"Combined_vs_NP","Multi-Omics",303,0.93,1
"Combined_vs_NP","Multi-Omics",303,0.931,1
"Combined_vs_NP","Multi-Omics",303,0.932,1
"Combined_vs_NP","Multi-Omics",303,0.933,1
"Combined_vs_NP","Multi-Omics",303,0.934,1
"Combined_vs_NP","Multi-Omics",303,0.935,1
"Combined_vs_NP","Multi-Omics",303,0.936,1
"Combined_vs_NP","Multi-Omics",303,0.937,1
"Combined_vs_NP","Multi-Omics",303,0.938,1
"Combined_vs_NP","Multi-Omics",303,0.939,1
"Combined_vs_NP","Multi-Omics",303,0.94,1
"Combined_vs_NP","Multi-Omics",303,0.941,1
"Combined_vs_NP","Multi-Omics",303,0.942,1
"Combined_vs_NP","Multi-Omics",303,0.943,1
"Combined_vs_NP","Multi-Omics",303,0.944,1
"Combined_vs_NP","Multi-Omics",303,0.945,1
"Combined_vs_NP","Multi-Omics",303,0.946,1
"Combined_vs_NP","Multi-Omics",303,0.947,1
"Combined_vs_NP","Multi-Omics",303,0.948,1
"Combined_vs_NP","Multi-Omics",303,0.949,1
"Combined_vs_NP","Multi-Omics",303,0.95,1
"Combined_vs_NP","Multi-Omics",303,0.951,1
"Combined_vs_NP","Multi-Omics",303,0.952,1
"Combined_vs_NP","Multi-Omics",303,0.953,1
"Combined_vs_NP","Multi-Omics",303,0.954,1
"Combined_vs_NP","Multi-Omics",303,0.955,1
"Combined_vs_NP","Multi-Omics",303,0.956,1
"Combined_vs_NP","Multi-Omics",303,0.957,1
"Combined_vs_NP","Multi-Omics",303,0.958,1
"Combined_vs_NP","Multi-Omics",303,0.959,1
"Combined_vs_NP","Multi-Omics",303,0.96,1
"Combined_vs_NP","Multi-Omics",303,0.961,1
"Combined_vs_NP","Multi-Omics",303,0.962,1
"Combined_vs_NP","Multi-Omics",303,0.963,1
"Combined_vs_NP","Multi-Omics",303,0.964,1
"Combined_vs_NP","Multi-Omics",303,0.965,1
"Combined_vs_NP","Multi-Omics",303,0.966,1
"Combined_vs_NP","Multi-Omics",303,0.967,1
"Combined_vs_NP","Multi-Omics",303,0.968,1
"Combined_vs_NP","Multi-Omics",303,0.969,1
"Combined_vs_NP","Multi-Omics",303,0.97,1
"Combined_vs_NP","Multi-Omics",303,0.971,1
"Combined_vs_NP","Multi-Omics",303,0.972,1
"Combined_vs_NP","Multi-Omics",303,0.973,1
"Combined_vs_NP","Multi-Omics",303,0.974,1
"Combined_vs_NP","Multi-Omics",303,0.975,1
"Combined_vs_NP","Multi-Omics",303,0.976,1
"Combined_vs_NP","Multi-Omics",303,0.977,1
"Combined_vs_NP","Multi-Omics",303,0.978,1
"Combined_vs_NP","Multi-Omics",303,0.979,1
"Combined_vs_NP","Multi-Omics",303,0.98,1
"Combined_vs_NP","Multi-Omics",303,0.981,1
"Combined_vs_NP","Multi-Omics",303,0.982,1
"Combined_vs_NP","Multi-Omics",303,0.983,1
"Combined_vs_NP","Multi-Omics",303,0.984,1
"Combined_vs_NP","Multi-Omics",303,0.985,1
"Combined_vs_NP","Multi-Omics",303,0.986,1
"Combined_vs_NP","Multi-Omics",303,0.987,1
"Combined_vs_NP","Multi-Omics",303,0.988,1
"Combined_vs_NP","Multi-Omics",303,0.989,1
"Combined_vs_NP","Multi-Omics",303,0.99,1
"Combined_vs_NP","Multi-Omics",303,0.991,1
"Combined_vs_NP","Multi-Omics",303,0.992,1
"Combined_vs_NP","Multi-Omics",303,0.993,1
"Combined_vs_NP","Multi-Omics",303,0.994,1
"Combined_vs_NP","Multi-Omics",303,0.995,1
"Combined_vs_NP","Multi-Omics",303,0.996,1
"Combined_vs_NP","Multi-Omics",303,0.997,1
"Combined_vs_NP","Multi-Omics",303,0.998,1
"Combined_vs_NP","Multi-Omics",303,0.999,1
"Combined_vs_NP","Multi-Omics",303,1,1
