"outcome","ft_type","seed_val","fpr","sens"
"Combined_vs_NP","Baseline",505,0,0
"Combined_vs_NP","Baseline",505,0.001,0
"Combined_vs_NP","Baseline",505,0.002,0
"Combined_vs_NP","Baseline",505,0.003,0
"Combined_vs_NP","Baseline",505,0.004,0.0208333333333333
"Combined_vs_NP","Baseline",505,0.005,0.0208333333333333
"Combined_vs_NP","Baseline",505,0.006,0.0208333333333333
"Combined_vs_NP","Baseline",505,0.007,0.0208333333333333
"Combined_vs_NP","Baseline",505,0.008,0.0208333333333333
"Combined_vs_NP","Baseline",505,0.009,0.0208333333333333
"Combined_vs_NP","Baseline",505,0.01,0.0208333333333333
"Combined_vs_NP","Baseline",505,0.011,0.0416666666666667
"Combined_vs_NP","Baseline",505,0.012,0.0416666666666667
"Combined_vs_NP","Baseline",505,0.013,0.0583333333333333
"Combined_vs_NP","Baseline",505,0.014,0.0958333333333333
"Combined_vs_NP","Baseline",505,0.015,0.0958333333333333
"Combined_vs_NP","Baseline",505,0.016,0.1
"Combined_vs_NP","Baseline",505,0.017,0.104166666666667
"Combined_vs_NP","Baseline",505,0.018,0.104166666666667
"Combined_vs_NP","Baseline",505,0.019,0.104166666666667
"Combined_vs_NP","Baseline",505,0.02,0.104166666666667
"Combined_vs_NP","Baseline",505,0.021,0.104166666666667
"Combined_vs_NP","Baseline",505,0.022,0.116666666666667
"Combined_vs_NP","Baseline",505,0.023,0.116666666666667
"Combined_vs_NP","Baseline",505,0.024,0.116666666666667
"Combined_vs_NP","Baseline",505,0.025,0.120833333333333
"Combined_vs_NP","Baseline",505,0.026,0.125
"Combined_vs_NP","Baseline",505,0.027,0.125
"Combined_vs_NP","Baseline",505,0.028,0.125
"Combined_vs_NP","Baseline",505,0.029,0.125
"Combined_vs_NP","Baseline",505,0.03,0.125
"Combined_vs_NP","Baseline",505,0.031,0.129166666666667
"Combined_vs_NP","Baseline",505,0.032,0.133683333333333
"Combined_vs_NP","Baseline",505,0.033,0.137795833333333
"Combined_vs_NP","Baseline",505,0.034,0.144525
"Combined_vs_NP","Baseline",505,0.035,0.15
"Combined_vs_NP","Baseline",505,0.036,0.15
"Combined_vs_NP","Baseline",505,0.037,0.15
"Combined_vs_NP","Baseline",505,0.038,0.15
"Combined_vs_NP","Baseline",505,0.039,0.15
"Combined_vs_NP","Baseline",505,0.04,0.154166666666667
"Combined_vs_NP","Baseline",505,0.041,0.154166666666667
"Combined_vs_NP","Baseline",505,0.042,0.158333333333333
"Combined_vs_NP","Baseline",505,0.043,0.158945833333333
"Combined_vs_NP","Baseline",505,0.044,0.160316666666667
"Combined_vs_NP","Baseline",505,0.045,0.170020833333333
"Combined_vs_NP","Baseline",505,0.046,0.17195
"Combined_vs_NP","Baseline",505,0.047,0.174691666666667
"Combined_vs_NP","Baseline",505,0.048,0.191666666666667
"Combined_vs_NP","Baseline",505,0.049,0.196841666666667
"Combined_vs_NP","Baseline",505,0.05,0.199583333333333
"Combined_vs_NP","Baseline",505,0.051,0.2
"Combined_vs_NP","Baseline",505,0.052,0.208333333333333
"Combined_vs_NP","Baseline",505,0.053,0.208333333333333
"Combined_vs_NP","Baseline",505,0.054,0.208333333333333
"Combined_vs_NP","Baseline",505,0.055,0.208333333333333
"Combined_vs_NP","Baseline",505,0.056,0.208333333333333
"Combined_vs_NP","Baseline",505,0.057,0.208333333333333
"Combined_vs_NP","Baseline",505,0.058,0.208333333333333
"Combined_vs_NP","Baseline",505,0.059,0.208333333333333
"Combined_vs_NP","Baseline",505,0.06,0.208333333333333
"Combined_vs_NP","Baseline",505,0.061,0.208333333333333
"Combined_vs_NP","Baseline",505,0.062,0.208333333333333
"Combined_vs_NP","Baseline",505,0.063,0.208333333333333
"Combined_vs_NP","Baseline",505,0.064,0.208333333333333
"Combined_vs_NP","Baseline",505,0.065,0.208333333333333
"Combined_vs_NP","Baseline",505,0.066,0.208333333333333
"Combined_vs_NP","Baseline",505,0.067,0.208333333333333
"Combined_vs_NP","Baseline",505,0.068,0.208333333333333
"Combined_vs_NP","Baseline",505,0.069,0.208333333333333
"Combined_vs_NP","Baseline",505,0.07,0.208333333333333
"Combined_vs_NP","Baseline",505,0.071,0.208333333333333
"Combined_vs_NP","Baseline",505,0.072,0.208333333333333
"Combined_vs_NP","Baseline",505,0.073,0.208333333333333
"Combined_vs_NP","Baseline",505,0.074,0.208333333333333
"Combined_vs_NP","Baseline",505,0.075,0.208333333333333
"Combined_vs_NP","Baseline",505,0.076,0.208333333333333
"Combined_vs_NP","Baseline",505,0.077,0.208333333333333
"Combined_vs_NP","Baseline",505,0.078,0.208333333333333
"Combined_vs_NP","Baseline",505,0.079,0.208333333333333
"Combined_vs_NP","Baseline",505,0.08,0.208333333333333
"Combined_vs_NP","Baseline",505,0.081,0.208333333333333
"Combined_vs_NP","Baseline",505,0.082,0.208333333333333
"Combined_vs_NP","Baseline",505,0.083,0.208333333333333
"Combined_vs_NP","Baseline",505,0.084,0.208333333333333
"Combined_vs_NP","Baseline",505,0.085,0.208333333333333
"Combined_vs_NP","Baseline",505,0.086,0.208333333333333
"Combined_vs_NP","Baseline",505,0.087,0.208333333333333
"Combined_vs_NP","Baseline",505,0.088,0.208333333333333
"Combined_vs_NP","Baseline",505,0.089,0.208333333333333
"Combined_vs_NP","Baseline",505,0.09,0.20925
"Combined_vs_NP","Baseline",505,0.091,0.211991666666667
"Combined_vs_NP","Baseline",505,0.092,0.216666666666667
"Combined_vs_NP","Baseline",505,0.093,0.216666666666667
"Combined_vs_NP","Baseline",505,0.094,0.216666666666667
"Combined_vs_NP","Baseline",505,0.095,0.216666666666667
"Combined_vs_NP","Baseline",505,0.096,0.216666666666667
"Combined_vs_NP","Baseline",505,0.097,0.216666666666667
"Combined_vs_NP","Baseline",505,0.098,0.220833333333333
"Combined_vs_NP","Baseline",505,0.099,0.220833333333333
"Combined_vs_NP","Baseline",505,0.1,0.220833333333333
"Combined_vs_NP","Baseline",505,0.101,0.220833333333333
"Combined_vs_NP","Baseline",505,0.102,0.220833333333333
"Combined_vs_NP","Baseline",505,0.103,0.220833333333333
"Combined_vs_NP","Baseline",505,0.104,0.220833333333333
"Combined_vs_NP","Baseline",505,0.105,0.229166666666667
"Combined_vs_NP","Baseline",505,0.106,0.229166666666667
"Combined_vs_NP","Baseline",505,0.107,0.230858333333333
"Combined_vs_NP","Baseline",505,0.108,0.2336
"Combined_vs_NP","Baseline",505,0.109,0.236341666666667
"Combined_vs_NP","Baseline",505,0.11,0.241666666666667
"Combined_vs_NP","Baseline",505,0.111,0.241666666666667
"Combined_vs_NP","Baseline",505,0.112,0.241666666666667
"Combined_vs_NP","Baseline",505,0.113,0.245833333333333
"Combined_vs_NP","Baseline",505,0.114,0.245833333333333
"Combined_vs_NP","Baseline",505,0.115,0.245833333333333
"Combined_vs_NP","Baseline",505,0.116,0.25
"Combined_vs_NP","Baseline",505,0.117,0.25
"Combined_vs_NP","Baseline",505,0.118,0.25
"Combined_vs_NP","Baseline",505,0.119,0.25
"Combined_vs_NP","Baseline",505,0.12,0.25
"Combined_vs_NP","Baseline",505,0.121,0.254166666666667
"Combined_vs_NP","Baseline",505,0.122,0.259483333333333
"Combined_vs_NP","Baseline",505,0.123,0.262225
"Combined_vs_NP","Baseline",505,0.124,0.269133333333333
"Combined_vs_NP","Baseline",505,0.125,0.270833333333333
"Combined_vs_NP","Baseline",505,0.126,0.270833333333333
"Combined_vs_NP","Baseline",505,0.127,0.275
"Combined_vs_NP","Baseline",505,0.128,0.279166666666667
"Combined_vs_NP","Baseline",505,0.129,0.279166666666667
"Combined_vs_NP","Baseline",505,0.13,0.279166666666667
"Combined_vs_NP","Baseline",505,0.131,0.279166666666667
"Combined_vs_NP","Baseline",505,0.132,0.279166666666667
"Combined_vs_NP","Baseline",505,0.133,0.279166666666667
"Combined_vs_NP","Baseline",505,0.134,0.279166666666667
"Combined_vs_NP","Baseline",505,0.135,0.279166666666667
"Combined_vs_NP","Baseline",505,0.136,0.2875
"Combined_vs_NP","Baseline",505,0.137,0.2875
"Combined_vs_NP","Baseline",505,0.138,0.2875
"Combined_vs_NP","Baseline",505,0.139,0.2884625
"Combined_vs_NP","Baseline",505,0.14,0.289833333333333
"Combined_vs_NP","Baseline",505,0.141,0.291204166666667
"Combined_vs_NP","Baseline",505,0.142,0.291666666666667
"Combined_vs_NP","Baseline",505,0.143,0.2918625
"Combined_vs_NP","Baseline",505,0.144,0.293233333333333
"Combined_vs_NP","Baseline",505,0.145,0.294604166666667
"Combined_vs_NP","Baseline",505,0.146,0.3
"Combined_vs_NP","Baseline",505,0.147,0.3
"Combined_vs_NP","Baseline",505,0.148,0.3
"Combined_vs_NP","Baseline",505,0.149,0.3
"Combined_vs_NP","Baseline",505,0.15,0.3
"Combined_vs_NP","Baseline",505,0.151,0.3022375
"Combined_vs_NP","Baseline",505,0.152,0.30635
"Combined_vs_NP","Baseline",505,0.153,0.3104625
"Combined_vs_NP","Baseline",505,0.154,0.3125
"Combined_vs_NP","Baseline",505,0.155,0.3125
"Combined_vs_NP","Baseline",505,0.156,0.3125
"Combined_vs_NP","Baseline",505,0.157,0.316666666666667
"Combined_vs_NP","Baseline",505,0.158,0.316666666666667
"Combined_vs_NP","Baseline",505,0.159,0.316666666666667
"Combined_vs_NP","Baseline",505,0.16,0.316666666666667
"Combined_vs_NP","Baseline",505,0.161,0.316666666666667
"Combined_vs_NP","Baseline",505,0.162,0.316666666666667
"Combined_vs_NP","Baseline",505,0.163,0.316666666666667
"Combined_vs_NP","Baseline",505,0.164,0.316666666666667
"Combined_vs_NP","Baseline",505,0.165,0.316666666666667
"Combined_vs_NP","Baseline",505,0.166,0.320833333333333
"Combined_vs_NP","Baseline",505,0.167,0.320833333333333
"Combined_vs_NP","Baseline",505,0.168,0.320833333333333
"Combined_vs_NP","Baseline",505,0.169,0.320833333333333
"Combined_vs_NP","Baseline",505,0.17,0.320833333333333
"Combined_vs_NP","Baseline",505,0.171,0.320833333333333
"Combined_vs_NP","Baseline",505,0.172,0.3212
"Combined_vs_NP","Baseline",505,0.173,0.322570833333333
"Combined_vs_NP","Baseline",505,0.174,0.328108333333333
"Combined_vs_NP","Baseline",505,0.175,0.329166666666667
"Combined_vs_NP","Baseline",505,0.176,0.329166666666667
"Combined_vs_NP","Baseline",505,0.177,0.329166666666667
"Combined_vs_NP","Baseline",505,0.178,0.329166666666667
"Combined_vs_NP","Baseline",505,0.179,0.329166666666667
"Combined_vs_NP","Baseline",505,0.18,0.329166666666667
"Combined_vs_NP","Baseline",505,0.181,0.329166666666667
"Combined_vs_NP","Baseline",505,0.182,0.329166666666667
"Combined_vs_NP","Baseline",505,0.183,0.329166666666667
"Combined_vs_NP","Baseline",505,0.184,0.329166666666667
"Combined_vs_NP","Baseline",505,0.185,0.329166666666667
"Combined_vs_NP","Baseline",505,0.186,0.329166666666667
"Combined_vs_NP","Baseline",505,0.187,0.329166666666667
"Combined_vs_NP","Baseline",505,0.188,0.329166666666667
"Combined_vs_NP","Baseline",505,0.189,0.329166666666667
"Combined_vs_NP","Baseline",505,0.19,0.32925
"Combined_vs_NP","Baseline",505,0.191,0.331991666666667
"Combined_vs_NP","Baseline",505,0.192,0.334733333333333
"Combined_vs_NP","Baseline",505,0.193,0.337475
"Combined_vs_NP","Baseline",505,0.194,0.3375
"Combined_vs_NP","Baseline",505,0.195,0.3375
"Combined_vs_NP","Baseline",505,0.196,0.3375
"Combined_vs_NP","Baseline",505,0.197,0.3375
"Combined_vs_NP","Baseline",505,0.198,0.3375
"Combined_vs_NP","Baseline",505,0.199,0.3375
"Combined_vs_NP","Baseline",505,0.2,0.3375
"Combined_vs_NP","Baseline",505,0.201,0.3375
"Combined_vs_NP","Baseline",505,0.202,0.3375
"Combined_vs_NP","Baseline",505,0.203,0.3375
"Combined_vs_NP","Baseline",505,0.204,0.3375
"Combined_vs_NP","Baseline",505,0.205,0.3375
"Combined_vs_NP","Baseline",505,0.206,0.3375
"Combined_vs_NP","Baseline",505,0.207,0.3375
"Combined_vs_NP","Baseline",505,0.208,0.3375
"Combined_vs_NP","Baseline",505,0.209,0.339675
"Combined_vs_NP","Baseline",505,0.21,0.341666666666667
"Combined_vs_NP","Baseline",505,0.211,0.341666666666667
"Combined_vs_NP","Baseline",505,0.212,0.341666666666667
"Combined_vs_NP","Baseline",505,0.213,0.341666666666667
"Combined_vs_NP","Baseline",505,0.214,0.341666666666667
"Combined_vs_NP","Baseline",505,0.215,0.345833333333333
"Combined_vs_NP","Baseline",505,0.216,0.35
"Combined_vs_NP","Baseline",505,0.217,0.35
"Combined_vs_NP","Baseline",505,0.218,0.35
"Combined_vs_NP","Baseline",505,0.219,0.35
"Combined_vs_NP","Baseline",505,0.22,0.35
"Combined_vs_NP","Baseline",505,0.221,0.354166666666667
"Combined_vs_NP","Baseline",505,0.222,0.354166666666667
"Combined_vs_NP","Baseline",505,0.223,0.354166666666667
"Combined_vs_NP","Baseline",505,0.224,0.354166666666667
"Combined_vs_NP","Baseline",505,0.225,0.354166666666667
"Combined_vs_NP","Baseline",505,0.226,0.354166666666667
"Combined_vs_NP","Baseline",505,0.227,0.355691666666667
"Combined_vs_NP","Baseline",505,0.228,0.358333333333333
"Combined_vs_NP","Baseline",505,0.229,0.358333333333333
"Combined_vs_NP","Baseline",505,0.23,0.366666666666667
"Combined_vs_NP","Baseline",505,0.231,0.366666666666667
"Combined_vs_NP","Baseline",505,0.232,0.3694
"Combined_vs_NP","Baseline",505,0.233,0.370833333333333
"Combined_vs_NP","Baseline",505,0.234,0.370833333333333
"Combined_vs_NP","Baseline",505,0.235,0.370833333333333
"Combined_vs_NP","Baseline",505,0.236,0.370833333333333
"Combined_vs_NP","Baseline",505,0.237,0.370833333333333
"Combined_vs_NP","Baseline",505,0.238,0.370833333333333
"Combined_vs_NP","Baseline",505,0.239,0.370833333333333
"Combined_vs_NP","Baseline",505,0.24,0.370833333333333
"Combined_vs_NP","Baseline",505,0.241,0.370833333333333
"Combined_vs_NP","Baseline",505,0.242,0.371325
"Combined_vs_NP","Baseline",505,0.243,0.372695833333333
"Combined_vs_NP","Baseline",505,0.244,0.376366666666667
"Combined_vs_NP","Baseline",505,0.245,0.379166666666667
"Combined_vs_NP","Baseline",505,0.246,0.379166666666667
"Combined_vs_NP","Baseline",505,0.247,0.379166666666667
"Combined_vs_NP","Baseline",505,0.248,0.383333333333333
"Combined_vs_NP","Baseline",505,0.249,0.383333333333333
"Combined_vs_NP","Baseline",505,0.25,0.385416666666667
"Combined_vs_NP","Baseline",505,0.251,0.391886111111111
"Combined_vs_NP","Baseline",505,0.252,0.3928
"Combined_vs_NP","Baseline",505,0.253,0.393713888888889
"Combined_vs_NP","Baseline",505,0.254,0.394627777777778
"Combined_vs_NP","Baseline",505,0.255,0.395541666666667
"Combined_vs_NP","Baseline",505,0.256,0.3977
"Combined_vs_NP","Baseline",505,0.257,0.400220833333333
"Combined_vs_NP","Baseline",505,0.258,0.401591666666667
"Combined_vs_NP","Baseline",505,0.259,0.4029625
"Combined_vs_NP","Baseline",505,0.26,0.404166666666667
"Combined_vs_NP","Baseline",505,0.261,0.404166666666667
"Combined_vs_NP","Baseline",505,0.262,0.404716666666667
"Combined_vs_NP","Baseline",505,0.263,0.405630555555556
"Combined_vs_NP","Baseline",505,0.264,0.406544444444444
"Combined_vs_NP","Baseline",505,0.265,0.407458333333333
"Combined_vs_NP","Baseline",505,0.266,0.408333333333333
"Combined_vs_NP","Baseline",505,0.267,0.408333333333333
"Combined_vs_NP","Baseline",505,0.268,0.408333333333333
"Combined_vs_NP","Baseline",505,0.269,0.4125
"Combined_vs_NP","Baseline",505,0.27,0.4125
"Combined_vs_NP","Baseline",505,0.271,0.4125
"Combined_vs_NP","Baseline",505,0.272,0.4125
"Combined_vs_NP","Baseline",505,0.273,0.416022222222222
"Combined_vs_NP","Baseline",505,0.274,0.418461111111111
"Combined_vs_NP","Baseline",505,0.275,0.419375
"Combined_vs_NP","Baseline",505,0.276,0.420288888888889
"Combined_vs_NP","Baseline",505,0.277,0.420833333333333
"Combined_vs_NP","Baseline",505,0.278,0.420833333333333
"Combined_vs_NP","Baseline",505,0.279,0.420833333333333
"Combined_vs_NP","Baseline",505,0.28,0.420833333333333
"Combined_vs_NP","Baseline",505,0.281,0.420833333333333
"Combined_vs_NP","Baseline",505,0.282,0.425
"Combined_vs_NP","Baseline",505,0.283,0.425
"Combined_vs_NP","Baseline",505,0.284,0.425
"Combined_vs_NP","Baseline",505,0.285,0.425
"Combined_vs_NP","Baseline",505,0.286,0.425
"Combined_vs_NP","Baseline",505,0.287,0.425
"Combined_vs_NP","Baseline",505,0.288,0.42605
"Combined_vs_NP","Baseline",505,0.289,0.427420833333333
"Combined_vs_NP","Baseline",505,0.29,0.428791666666667
"Combined_vs_NP","Baseline",505,0.291,0.429166666666667
"Combined_vs_NP","Baseline",505,0.292,0.429166666666667
"Combined_vs_NP","Baseline",505,0.293,0.429166666666667
"Combined_vs_NP","Baseline",505,0.294,0.429166666666667
"Combined_vs_NP","Baseline",505,0.295,0.429625
"Combined_vs_NP","Baseline",505,0.296,0.432366666666667
"Combined_vs_NP","Baseline",505,0.297,0.433333333333333
"Combined_vs_NP","Baseline",505,0.298,0.433333333333333
"Combined_vs_NP","Baseline",505,0.299,0.433333333333333
"Combined_vs_NP","Baseline",505,0.3,0.45
"Combined_vs_NP","Baseline",505,0.301,0.45
"Combined_vs_NP","Baseline",505,0.302,0.45
"Combined_vs_NP","Baseline",505,0.303,0.451558333333333
"Combined_vs_NP","Baseline",505,0.304,0.454166666666667
"Combined_vs_NP","Baseline",505,0.305,0.454166666666667
"Combined_vs_NP","Baseline",505,0.306,0.454166666666667
"Combined_vs_NP","Baseline",505,0.307,0.454166666666667
"Combined_vs_NP","Baseline",505,0.308,0.454166666666667
"Combined_vs_NP","Baseline",505,0.309,0.454166666666667
"Combined_vs_NP","Baseline",505,0.31,0.454166666666667
"Combined_vs_NP","Baseline",505,0.311,0.454166666666667
"Combined_vs_NP","Baseline",505,0.312,0.455646666666667
"Combined_vs_NP","Baseline",505,0.313,0.458936666666667
"Combined_vs_NP","Baseline",505,0.314,0.459676666666667
"Combined_vs_NP","Baseline",505,0.315,0.460225
"Combined_vs_NP","Baseline",505,0.316,0.460773333333333
"Combined_vs_NP","Baseline",505,0.317,0.463763333333333
"Combined_vs_NP","Baseline",505,0.318,0.466036666666667
"Combined_vs_NP","Baseline",505,0.319,0.466585
"Combined_vs_NP","Baseline",505,0.32,0.467833333333333
"Combined_vs_NP","Baseline",505,0.321,0.469204166666667
"Combined_vs_NP","Baseline",505,0.322,0.470575
"Combined_vs_NP","Baseline",505,0.323,0.470833333333333
"Combined_vs_NP","Baseline",505,0.324,0.470833333333333
"Combined_vs_NP","Baseline",505,0.325,0.470833333333333
"Combined_vs_NP","Baseline",505,0.326,0.470833333333333
"Combined_vs_NP","Baseline",505,0.327,0.470833333333333
"Combined_vs_NP","Baseline",505,0.328,0.470833333333333
"Combined_vs_NP","Baseline",505,0.329,0.470833333333333
"Combined_vs_NP","Baseline",505,0.33,0.470979166666667
"Combined_vs_NP","Baseline",505,0.331,0.471664583333333
"Combined_vs_NP","Baseline",505,0.332,0.47235
"Combined_vs_NP","Baseline",505,0.333,0.473154166666667
"Combined_vs_NP","Baseline",505,0.334,0.474525
"Combined_vs_NP","Baseline",505,0.335,0.476791666666667
"Combined_vs_NP","Baseline",505,0.336,0.479441666666667
"Combined_vs_NP","Baseline",505,0.337,0.481497916666667
"Combined_vs_NP","Baseline",505,0.338,0.4827125
"Combined_vs_NP","Baseline",505,0.339,0.483677777777778
"Combined_vs_NP","Baseline",505,0.34,0.487333333333334
"Combined_vs_NP","Baseline",505,0.341,0.489413888888889
"Combined_vs_NP","Baseline",505,0.342,0.490327777777778
"Combined_vs_NP","Baseline",505,0.343,0.491241666666667
"Combined_vs_NP","Baseline",505,0.344,0.491666666666667
"Combined_vs_NP","Baseline",505,0.345,0.491680555555556
"Combined_vs_NP","Baseline",505,0.346,0.492594444444445
"Combined_vs_NP","Baseline",505,0.347,0.494866666666667
"Combined_vs_NP","Baseline",505,0.348,0.498522222222222
"Combined_vs_NP","Baseline",505,0.349,0.499502777777778
"Combined_vs_NP","Baseline",505,0.35,0.5
"Combined_vs_NP","Baseline",505,0.351,0.5
"Combined_vs_NP","Baseline",505,0.352,0.5
"Combined_vs_NP","Baseline",505,0.353,0.505308333333333
"Combined_vs_NP","Baseline",505,0.354,0.50805
"Combined_vs_NP","Baseline",505,0.355,0.508825
"Combined_vs_NP","Baseline",505,0.356,0.51354
"Combined_vs_NP","Baseline",505,0.357,0.514088333333333
"Combined_vs_NP","Baseline",505,0.358,0.514636666666667
"Combined_vs_NP","Baseline",505,0.359,0.515185
"Combined_vs_NP","Baseline",505,0.36,0.515733333333333
"Combined_vs_NP","Baseline",505,0.361,0.517028888888889
"Combined_vs_NP","Baseline",505,0.362,0.518327777777778
"Combined_vs_NP","Baseline",505,0.363,0.519241666666667
"Combined_vs_NP","Baseline",505,0.364,0.520155555555555
"Combined_vs_NP","Baseline",505,0.365,0.520833333333333
"Combined_vs_NP","Baseline",505,0.366,0.520833333333333
"Combined_vs_NP","Baseline",505,0.367,0.520833333333333
"Combined_vs_NP","Baseline",505,0.368,0.521033333333333
"Combined_vs_NP","Baseline",505,0.369,0.521947222222222
"Combined_vs_NP","Baseline",505,0.37,0.5235
"Combined_vs_NP","Baseline",505,0.371,0.525327777777778
"Combined_vs_NP","Baseline",505,0.372,0.527155555555555
"Combined_vs_NP","Baseline",505,0.373,0.528380555555556
"Combined_vs_NP","Baseline",505,0.374,0.529166666666667
"Combined_vs_NP","Baseline",505,0.375,0.529166666666667
"Combined_vs_NP","Baseline",505,0.376,0.529166666666667
"Combined_vs_NP","Baseline",505,0.377,0.533745833333333
"Combined_vs_NP","Baseline",505,0.378,0.537858333333333
"Combined_vs_NP","Baseline",505,0.379,0.540379166666667
"Combined_vs_NP","Baseline",505,0.38,0.541666666666667
"Combined_vs_NP","Baseline",505,0.381,0.541666666666667
"Combined_vs_NP","Baseline",505,0.382,0.541666666666667
"Combined_vs_NP","Baseline",505,0.383,0.5458625
"Combined_vs_NP","Baseline",505,0.384,0.547233333333333
"Combined_vs_NP","Baseline",505,0.385,0.548604166666667
"Combined_vs_NP","Baseline",505,0.386,0.549975
"Combined_vs_NP","Baseline",505,0.387,0.551345833333333
"Combined_vs_NP","Baseline",505,0.388,0.55525
"Combined_vs_NP","Baseline",505,0.389,0.562104166666666
"Combined_vs_NP","Baseline",505,0.39,0.5625
"Combined_vs_NP","Baseline",505,0.391,0.5625
"Combined_vs_NP","Baseline",505,0.392,0.5625
"Combined_vs_NP","Baseline",505,0.393,0.5637375
"Combined_vs_NP","Baseline",505,0.394,0.565458333333333
"Combined_vs_NP","Baseline",505,0.395,0.567743055555556
"Combined_vs_NP","Baseline",505,0.396,0.568844444444444
"Combined_vs_NP","Baseline",505,0.397,0.570229166666667
"Combined_vs_NP","Baseline",505,0.398,0.572513888888889
"Combined_vs_NP","Baseline",505,0.399,0.574045833333333
"Combined_vs_NP","Baseline",505,0.4,0.575
"Combined_vs_NP","Baseline",505,0.401,0.575
"Combined_vs_NP","Baseline",505,0.402,0.575
"Combined_vs_NP","Baseline",505,0.403,0.575483333333333
"Combined_vs_NP","Baseline",505,0.404,0.577311111111111
"Combined_vs_NP","Baseline",505,0.405,0.579138888888889
"Combined_vs_NP","Baseline",505,0.406,0.580966666666667
"Combined_vs_NP","Baseline",505,0.407,0.582794444444445
"Combined_vs_NP","Baseline",505,0.408,0.583333333333333
"Combined_vs_NP","Baseline",505,0.409,0.583333333333333
"Combined_vs_NP","Baseline",505,0.41,0.583333333333333
"Combined_vs_NP","Baseline",505,0.411,0.584063333333333
"Combined_vs_NP","Baseline",505,0.412,0.58516
"Combined_vs_NP","Baseline",505,0.413,0.586256666666667
"Combined_vs_NP","Baseline",505,0.414,0.587353333333333
"Combined_vs_NP","Baseline",505,0.415,0.588741666666667
"Combined_vs_NP","Baseline",505,0.416,0.59258
"Combined_vs_NP","Baseline",505,0.417,0.596418333333334
"Combined_vs_NP","Baseline",505,0.418,0.600045833333333
"Combined_vs_NP","Baseline",505,0.419,0.60073125
"Combined_vs_NP","Baseline",505,0.42,0.601416666666667
"Combined_vs_NP","Baseline",505,0.421,0.602102083333333
"Combined_vs_NP","Baseline",505,0.422,0.6027875
"Combined_vs_NP","Baseline",505,0.423,0.603472916666667
"Combined_vs_NP","Baseline",505,0.424,0.604158333333333
"Combined_vs_NP","Baseline",505,0.425,0.604166666666667
"Combined_vs_NP","Baseline",505,0.426,0.604166666666667
"Combined_vs_NP","Baseline",505,0.427,0.604166666666667
"Combined_vs_NP","Baseline",505,0.428,0.605466666666667
"Combined_vs_NP","Baseline",505,0.429,0.6068375
"Combined_vs_NP","Baseline",505,0.43,0.608208333333333
"Combined_vs_NP","Baseline",505,0.431,0.608333333333333
"Combined_vs_NP","Baseline",505,0.432,0.6125
"Combined_vs_NP","Baseline",505,0.433,0.6125
"Combined_vs_NP","Baseline",505,0.434,0.6125
"Combined_vs_NP","Baseline",505,0.435,0.6125
"Combined_vs_NP","Baseline",505,0.436,0.6125
"Combined_vs_NP","Baseline",505,0.437,0.6125
"Combined_vs_NP","Baseline",505,0.438,0.6125
"Combined_vs_NP","Baseline",505,0.439,0.6125
"Combined_vs_NP","Baseline",505,0.44,0.6125
"Combined_vs_NP","Baseline",505,0.441,0.6125
"Combined_vs_NP","Baseline",505,0.442,0.6125
"Combined_vs_NP","Baseline",505,0.443,0.6125
"Combined_vs_NP","Baseline",505,0.444,0.6125
"Combined_vs_NP","Baseline",505,0.445,0.6125
"Combined_vs_NP","Baseline",505,0.446,0.6125
"Combined_vs_NP","Baseline",505,0.447,0.6125
"Combined_vs_NP","Baseline",505,0.448,0.6125
"Combined_vs_NP","Baseline",505,0.449,0.6125
"Combined_vs_NP","Baseline",505,0.45,0.6125
"Combined_vs_NP","Baseline",505,0.451,0.6125
"Combined_vs_NP","Baseline",505,0.452,0.613366666666667
"Combined_vs_NP","Baseline",505,0.453,0.618904166666667
"Combined_vs_NP","Baseline",505,0.454,0.620275
"Combined_vs_NP","Baseline",505,0.455,0.621239583333333
"Combined_vs_NP","Baseline",505,0.456,0.622025
"Combined_vs_NP","Baseline",505,0.457,0.62408125
"Combined_vs_NP","Baseline",505,0.458,0.6261375
"Combined_vs_NP","Baseline",505,0.459,0.628147916666667
"Combined_vs_NP","Baseline",505,0.46,0.628833333333333
"Combined_vs_NP","Baseline",505,0.461,0.629166666666667
"Combined_vs_NP","Baseline",505,0.462,0.629166666666667
"Combined_vs_NP","Baseline",505,0.463,0.629166666666667
"Combined_vs_NP","Baseline",505,0.464,0.629166666666667
"Combined_vs_NP","Baseline",505,0.465,0.629166666666667
"Combined_vs_NP","Baseline",505,0.466,0.629166666666667
"Combined_vs_NP","Baseline",505,0.467,0.629166666666667
"Combined_vs_NP","Baseline",505,0.468,0.629166666666667
"Combined_vs_NP","Baseline",505,0.469,0.629166666666667
"Combined_vs_NP","Baseline",505,0.47,0.629166666666667
"Combined_vs_NP","Baseline",505,0.471,0.629166666666667
"Combined_vs_NP","Baseline",505,0.472,0.629766666666667
"Combined_vs_NP","Baseline",505,0.473,0.630452083333333
"Combined_vs_NP","Baseline",505,0.474,0.6311375
"Combined_vs_NP","Baseline",505,0.475,0.63228125
"Combined_vs_NP","Baseline",505,0.476,0.638259444444444
"Combined_vs_NP","Baseline",505,0.477,0.641320972222223
"Combined_vs_NP","Baseline",505,0.478,0.643836666666667
"Combined_vs_NP","Baseline",505,0.479,0.646212777777778
"Combined_vs_NP","Baseline",505,0.48,0.648588888888889
"Combined_vs_NP","Baseline",505,0.481,0.649581666666667
"Combined_vs_NP","Baseline",505,0.482,0.65
"Combined_vs_NP","Baseline",505,0.483,0.65
"Combined_vs_NP","Baseline",505,0.484,0.650983333333333
"Combined_vs_NP","Baseline",505,0.485,0.652354166666667
"Combined_vs_NP","Baseline",505,0.486,0.653725
"Combined_vs_NP","Baseline",505,0.487,0.654166666666667
"Combined_vs_NP","Baseline",505,0.488,0.654166666666667
"Combined_vs_NP","Baseline",505,0.489,0.654166666666667
"Combined_vs_NP","Baseline",505,0.49,0.654166666666667
"Combined_vs_NP","Baseline",505,0.491,0.654166666666667
"Combined_vs_NP","Baseline",505,0.492,0.654166666666667
"Combined_vs_NP","Baseline",505,0.493,0.654166666666667
"Combined_vs_NP","Baseline",505,0.494,0.6625
"Combined_vs_NP","Baseline",505,0.495,0.6625
"Combined_vs_NP","Baseline",505,0.496,0.6625
"Combined_vs_NP","Baseline",505,0.497,0.6625
"Combined_vs_NP","Baseline",505,0.498,0.6625
"Combined_vs_NP","Baseline",505,0.499,0.6625
"Combined_vs_NP","Baseline",505,0.5,0.6625
"Combined_vs_NP","Baseline",505,0.501,0.6625
"Combined_vs_NP","Baseline",505,0.502,0.6625
"Combined_vs_NP","Baseline",505,0.503,0.6625
"Combined_vs_NP","Baseline",505,0.504,0.6625
"Combined_vs_NP","Baseline",505,0.505,0.6625
"Combined_vs_NP","Baseline",505,0.506,0.6625
"Combined_vs_NP","Baseline",505,0.507,0.6625
"Combined_vs_NP","Baseline",505,0.508,0.6625
"Combined_vs_NP","Baseline",505,0.509,0.6625
"Combined_vs_NP","Baseline",505,0.51,0.6625
"Combined_vs_NP","Baseline",505,0.511,0.6625
"Combined_vs_NP","Baseline",505,0.512,0.6625
"Combined_vs_NP","Baseline",505,0.513,0.6625
"Combined_vs_NP","Baseline",505,0.514,0.6625
"Combined_vs_NP","Baseline",505,0.515,0.6625
"Combined_vs_NP","Baseline",505,0.516,0.6625
"Combined_vs_NP","Baseline",505,0.517,0.6625
"Combined_vs_NP","Baseline",505,0.518,0.6625
"Combined_vs_NP","Baseline",505,0.519,0.6625
"Combined_vs_NP","Baseline",505,0.52,0.6625
"Combined_vs_NP","Baseline",505,0.521,0.6625
"Combined_vs_NP","Baseline",505,0.522,0.6625
"Combined_vs_NP","Baseline",505,0.523,0.6625
"Combined_vs_NP","Baseline",505,0.524,0.6625
"Combined_vs_NP","Baseline",505,0.525,0.664375
"Combined_vs_NP","Baseline",505,0.526,0.666666666666667
"Combined_vs_NP","Baseline",505,0.527,0.666666666666667
"Combined_vs_NP","Baseline",505,0.528,0.6726
"Combined_vs_NP","Baseline",505,0.529,0.675
"Combined_vs_NP","Baseline",505,0.53,0.675
"Combined_vs_NP","Baseline",505,0.531,0.675
"Combined_vs_NP","Baseline",505,0.532,0.675
"Combined_vs_NP","Baseline",505,0.533,0.675
"Combined_vs_NP","Baseline",505,0.534,0.675
"Combined_vs_NP","Baseline",505,0.535,0.675
"Combined_vs_NP","Baseline",505,0.536,0.675
"Combined_vs_NP","Baseline",505,0.537,0.675
"Combined_vs_NP","Baseline",505,0.538,0.675016666666667
"Combined_vs_NP","Baseline",505,0.539,0.677758333333333
"Combined_vs_NP","Baseline",505,0.54,0.679166666666667
"Combined_vs_NP","Baseline",505,0.541,0.679166666666667
"Combined_vs_NP","Baseline",505,0.542,0.679166666666667
"Combined_vs_NP","Baseline",505,0.543,0.679166666666667
"Combined_vs_NP","Baseline",505,0.544,0.679166666666667
"Combined_vs_NP","Baseline",505,0.545,0.683333333333333
"Combined_vs_NP","Baseline",505,0.546,0.688058333333333
"Combined_vs_NP","Baseline",505,0.547,0.689429166666667
"Combined_vs_NP","Baseline",505,0.548,0.693233333333333
"Combined_vs_NP","Baseline",505,0.549,0.695833333333333
"Combined_vs_NP","Baseline",505,0.55,0.695833333333333
"Combined_vs_NP","Baseline",505,0.551,0.695833333333333
"Combined_vs_NP","Baseline",505,0.552,0.695833333333333
"Combined_vs_NP","Baseline",505,0.553,0.695833333333333
"Combined_vs_NP","Baseline",505,0.554,0.695833333333333
"Combined_vs_NP","Baseline",505,0.555,0.695833333333333
"Combined_vs_NP","Baseline",505,0.556,0.695833333333333
"Combined_vs_NP","Baseline",505,0.557,0.695833333333333
"Combined_vs_NP","Baseline",505,0.558,0.695833333333333
"Combined_vs_NP","Baseline",505,0.559,0.695833333333333
"Combined_vs_NP","Baseline",505,0.56,0.695833333333333
"Combined_vs_NP","Baseline",505,0.561,0.695833333333333
"Combined_vs_NP","Baseline",505,0.562,0.695833333333333
"Combined_vs_NP","Baseline",505,0.563,0.695833333333333
"Combined_vs_NP","Baseline",505,0.564,0.695833333333333
"Combined_vs_NP","Baseline",505,0.565,0.695833333333333
"Combined_vs_NP","Baseline",505,0.566,0.695833333333333
"Combined_vs_NP","Baseline",505,0.567,0.695833333333333
"Combined_vs_NP","Baseline",505,0.568,0.695833333333333
"Combined_vs_NP","Baseline",505,0.569,0.695833333333333
"Combined_vs_NP","Baseline",505,0.57,0.695833333333333
"Combined_vs_NP","Baseline",505,0.571,0.695833333333333
"Combined_vs_NP","Baseline",505,0.572,0.695833333333333
"Combined_vs_NP","Baseline",505,0.573,0.695833333333333
"Combined_vs_NP","Baseline",505,0.574,0.695833333333333
"Combined_vs_NP","Baseline",505,0.575,0.697291666666667
"Combined_vs_NP","Baseline",505,0.576,0.7
"Combined_vs_NP","Baseline",505,0.577,0.7
"Combined_vs_NP","Baseline",505,0.578,0.7
"Combined_vs_NP","Baseline",505,0.579,0.7
"Combined_vs_NP","Baseline",505,0.58,0.7
"Combined_vs_NP","Baseline",505,0.581,0.7
"Combined_vs_NP","Baseline",505,0.582,0.7
"Combined_vs_NP","Baseline",505,0.583,0.7
"Combined_vs_NP","Baseline",505,0.584,0.7
"Combined_vs_NP","Baseline",505,0.585,0.7
"Combined_vs_NP","Baseline",505,0.586,0.700816666666667
"Combined_vs_NP","Baseline",505,0.587,0.701730555555556
"Combined_vs_NP","Baseline",505,0.588,0.702644444444444
"Combined_vs_NP","Baseline",505,0.589,0.703558333333333
"Combined_vs_NP","Baseline",505,0.59,0.705083333333333
"Combined_vs_NP","Baseline",505,0.591,0.707825
"Combined_vs_NP","Baseline",505,0.592,0.708333333333333
"Combined_vs_NP","Baseline",505,0.593,0.708333333333333
"Combined_vs_NP","Baseline",505,0.594,0.708333333333333
"Combined_vs_NP","Baseline",505,0.595,0.708333333333333
"Combined_vs_NP","Baseline",505,0.596,0.708333333333333
"Combined_vs_NP","Baseline",505,0.597,0.708333333333333
"Combined_vs_NP","Baseline",505,0.598,0.71035
"Combined_vs_NP","Baseline",505,0.599,0.712618333333333
"Combined_vs_NP","Baseline",505,0.6,0.713166666666667
"Combined_vs_NP","Baseline",505,0.601,0.713715
"Combined_vs_NP","Baseline",505,0.602,0.714263333333333
"Combined_vs_NP","Baseline",505,0.603,0.714811666666667
"Combined_vs_NP","Baseline",505,0.604,0.71536
"Combined_vs_NP","Baseline",505,0.605,0.715908333333333
"Combined_vs_NP","Baseline",505,0.606,0.716456666666667
"Combined_vs_NP","Baseline",505,0.607,0.716666666666667
"Combined_vs_NP","Baseline",505,0.608,0.716755555555556
"Combined_vs_NP","Baseline",505,0.609,0.717669444444444
"Combined_vs_NP","Baseline",505,0.61,0.718583333333333
"Combined_vs_NP","Baseline",505,0.611,0.719536805555556
"Combined_vs_NP","Baseline",505,0.612,0.721136111111111
"Combined_vs_NP","Baseline",505,0.613,0.72224375
"Combined_vs_NP","Baseline",505,0.614,0.722929166666667
"Combined_vs_NP","Baseline",505,0.615,0.723614583333333
"Combined_vs_NP","Baseline",505,0.616,0.7243
"Combined_vs_NP","Baseline",505,0.617,0.724985416666667
"Combined_vs_NP","Baseline",505,0.618,0.725
"Combined_vs_NP","Baseline",505,0.619,0.725
"Combined_vs_NP","Baseline",505,0.62,0.725
"Combined_vs_NP","Baseline",505,0.621,0.727942857142857
"Combined_vs_NP","Baseline",505,0.622,0.72992619047619
"Combined_vs_NP","Baseline",505,0.623,0.730317857142857
"Combined_vs_NP","Baseline",505,0.624,0.731120634920635
"Combined_vs_NP","Baseline",505,0.625,0.731969246031746
"Combined_vs_NP","Baseline",505,0.626,0.732817857142857
"Combined_vs_NP","Baseline",505,0.627,0.733666468253968
"Combined_vs_NP","Baseline",505,0.628,0.734515079365079
"Combined_vs_NP","Baseline",505,0.629,0.73536369047619
"Combined_vs_NP","Baseline",505,0.63,0.736212301587302
"Combined_vs_NP","Baseline",505,0.631,0.736943055555556
"Combined_vs_NP","Baseline",505,0.632,0.7374
"Combined_vs_NP","Baseline",505,0.633,0.741666666666667
"Combined_vs_NP","Baseline",505,0.634,0.741666666666667
"Combined_vs_NP","Baseline",505,0.635,0.741666666666667
"Combined_vs_NP","Baseline",505,0.636,0.742683333333333
"Combined_vs_NP","Baseline",505,0.637,0.7446625
"Combined_vs_NP","Baseline",505,0.638,0.748775
"Combined_vs_NP","Baseline",505,0.639,0.75
"Combined_vs_NP","Baseline",505,0.64,0.75
"Combined_vs_NP","Baseline",505,0.641,0.75
"Combined_vs_NP","Baseline",505,0.642,0.754166666666667
"Combined_vs_NP","Baseline",505,0.643,0.758333333333333
"Combined_vs_NP","Baseline",505,0.644,0.758333333333333
"Combined_vs_NP","Baseline",505,0.645,0.758333333333333
"Combined_vs_NP","Baseline",505,0.646,0.758333333333333
"Combined_vs_NP","Baseline",505,0.647,0.758333333333333
"Combined_vs_NP","Baseline",505,0.648,0.758333333333333
"Combined_vs_NP","Baseline",505,0.649,0.758420833333333
"Combined_vs_NP","Baseline",505,0.65,0.759791666666667
"Combined_vs_NP","Baseline",505,0.651,0.7611625
"Combined_vs_NP","Baseline",505,0.652,0.7625
"Combined_vs_NP","Baseline",505,0.653,0.7625
"Combined_vs_NP","Baseline",505,0.654,0.764344444444444
"Combined_vs_NP","Baseline",505,0.655,0.768
"Combined_vs_NP","Baseline",505,0.656,0.768955555555556
"Combined_vs_NP","Baseline",505,0.657,0.769869444444444
"Combined_vs_NP","Baseline",505,0.658,0.770783333333333
"Combined_vs_NP","Baseline",505,0.659,0.770833333333333
"Combined_vs_NP","Baseline",505,0.66,0.770833333333333
"Combined_vs_NP","Baseline",505,0.661,0.770833333333333
"Combined_vs_NP","Baseline",505,0.662,0.770833333333333
"Combined_vs_NP","Baseline",505,0.663,0.783686111111111
"Combined_vs_NP","Baseline",505,0.664,0.7846
"Combined_vs_NP","Baseline",505,0.665,0.786701388888889
"Combined_vs_NP","Baseline",505,0.666,0.788986111111111
"Combined_vs_NP","Baseline",505,0.667,0.791270833333333
"Combined_vs_NP","Baseline",505,0.668,0.791666666666667
"Combined_vs_NP","Baseline",505,0.669,0.791666666666667
"Combined_vs_NP","Baseline",505,0.67,0.791666666666667
"Combined_vs_NP","Baseline",505,0.671,0.793825
"Combined_vs_NP","Baseline",505,0.672,0.797177777777778
"Combined_vs_NP","Baseline",505,0.673,0.802204166666667
"Combined_vs_NP","Baseline",505,0.674,0.805180555555556
"Combined_vs_NP","Baseline",505,0.675,0.807152777777778
"Combined_vs_NP","Baseline",505,0.676,0.808066666666667
"Combined_vs_NP","Baseline",505,0.677,0.808333333333333
"Combined_vs_NP","Baseline",505,0.678,0.808333333333333
"Combined_vs_NP","Baseline",505,0.679,0.808333333333333
"Combined_vs_NP","Baseline",505,0.68,0.808944444444444
"Combined_vs_NP","Baseline",505,0.681,0.8100625
"Combined_vs_NP","Baseline",505,0.682,0.812347222222222
"Combined_vs_NP","Baseline",505,0.683,0.814631944444445
"Combined_vs_NP","Baseline",505,0.684,0.816666666666667
"Combined_vs_NP","Baseline",505,0.685,0.816666666666667
"Combined_vs_NP","Baseline",505,0.686,0.816666666666667
"Combined_vs_NP","Baseline",505,0.687,0.816666666666667
"Combined_vs_NP","Baseline",505,0.688,0.816666666666667
"Combined_vs_NP","Baseline",505,0.689,0.816666666666667
"Combined_vs_NP","Baseline",505,0.69,0.816666666666667
"Combined_vs_NP","Baseline",505,0.691,0.816666666666667
"Combined_vs_NP","Baseline",505,0.692,0.816666666666667
"Combined_vs_NP","Baseline",505,0.693,0.816666666666667
"Combined_vs_NP","Baseline",505,0.694,0.816666666666667
"Combined_vs_NP","Baseline",505,0.695,0.816666666666667
"Combined_vs_NP","Baseline",505,0.696,0.816666666666667
"Combined_vs_NP","Baseline",505,0.697,0.816666666666667
"Combined_vs_NP","Baseline",505,0.698,0.816666666666667
"Combined_vs_NP","Baseline",505,0.699,0.816666666666667
"Combined_vs_NP","Baseline",505,0.7,0.816666666666667
"Combined_vs_NP","Baseline",505,0.701,0.816666666666667
"Combined_vs_NP","Baseline",505,0.702,0.816666666666667
"Combined_vs_NP","Baseline",505,0.703,0.816666666666667
"Combined_vs_NP","Baseline",505,0.704,0.816666666666667
"Combined_vs_NP","Baseline",505,0.705,0.816666666666667
"Combined_vs_NP","Baseline",505,0.706,0.816666666666667
"Combined_vs_NP","Baseline",505,0.707,0.826144444444444
"Combined_vs_NP","Baseline",505,0.708,0.8298
"Combined_vs_NP","Baseline",505,0.709,0.831280555555556
"Combined_vs_NP","Baseline",505,0.71,0.832194444444444
"Combined_vs_NP","Baseline",505,0.711,0.833108333333333
"Combined_vs_NP","Baseline",505,0.712,0.833333333333333
"Combined_vs_NP","Baseline",505,0.713,0.833333333333333
"Combined_vs_NP","Baseline",505,0.714,0.833333333333333
"Combined_vs_NP","Baseline",505,0.715,0.833333333333333
"Combined_vs_NP","Baseline",505,0.716,0.833866666666667
"Combined_vs_NP","Baseline",505,0.717,0.836608333333333
"Combined_vs_NP","Baseline",505,0.718,0.8375
"Combined_vs_NP","Baseline",505,0.719,0.8377125
"Combined_vs_NP","Baseline",505,0.72,0.839083333333333
"Combined_vs_NP","Baseline",505,0.721,0.840454166666667
"Combined_vs_NP","Baseline",505,0.722,0.841666666666667
"Combined_vs_NP","Baseline",505,0.723,0.841666666666667
"Combined_vs_NP","Baseline",505,0.724,0.841666666666667
"Combined_vs_NP","Baseline",505,0.725,0.841666666666667
"Combined_vs_NP","Baseline",505,0.726,0.841666666666667
"Combined_vs_NP","Baseline",505,0.727,0.841666666666667
"Combined_vs_NP","Baseline",505,0.728,0.841666666666667
"Combined_vs_NP","Baseline",505,0.729,0.841666666666667
"Combined_vs_NP","Baseline",505,0.73,0.841666666666667
"Combined_vs_NP","Baseline",505,0.731,0.841666666666667
"Combined_vs_NP","Baseline",505,0.732,0.841666666666667
"Combined_vs_NP","Baseline",505,0.733,0.841666666666667
"Combined_vs_NP","Baseline",505,0.734,0.841666666666667
"Combined_vs_NP","Baseline",505,0.735,0.841666666666667
"Combined_vs_NP","Baseline",505,0.736,0.841666666666667
"Combined_vs_NP","Baseline",505,0.737,0.841666666666667
"Combined_vs_NP","Baseline",505,0.738,0.841666666666667
"Combined_vs_NP","Baseline",505,0.739,0.841666666666667
"Combined_vs_NP","Baseline",505,0.74,0.841666666666667
"Combined_vs_NP","Baseline",505,0.741,0.841666666666667
"Combined_vs_NP","Baseline",505,0.742,0.841666666666667
"Combined_vs_NP","Baseline",505,0.743,0.841666666666667
"Combined_vs_NP","Baseline",505,0.744,0.841666666666667
"Combined_vs_NP","Baseline",505,0.745,0.841666666666667
"Combined_vs_NP","Baseline",505,0.746,0.841666666666667
"Combined_vs_NP","Baseline",505,0.747,0.841666666666667
"Combined_vs_NP","Baseline",505,0.748,0.841666666666667
"Combined_vs_NP","Baseline",505,0.749,0.841666666666667
"Combined_vs_NP","Baseline",505,0.75,0.841666666666667
"Combined_vs_NP","Baseline",505,0.751,0.841666666666667
"Combined_vs_NP","Baseline",505,0.752,0.841666666666667
"Combined_vs_NP","Baseline",505,0.753,0.841666666666667
"Combined_vs_NP","Baseline",505,0.754,0.841666666666667
"Combined_vs_NP","Baseline",505,0.755,0.841666666666667
"Combined_vs_NP","Baseline",505,0.756,0.841666666666667
"Combined_vs_NP","Baseline",505,0.757,0.841666666666667
"Combined_vs_NP","Baseline",505,0.758,0.841666666666667
"Combined_vs_NP","Baseline",505,0.759,0.841666666666667
"Combined_vs_NP","Baseline",505,0.76,0.841666666666667
"Combined_vs_NP","Baseline",505,0.761,0.841666666666667
"Combined_vs_NP","Baseline",505,0.762,0.841666666666667
"Combined_vs_NP","Baseline",505,0.763,0.841666666666667
"Combined_vs_NP","Baseline",505,0.764,0.841666666666667
"Combined_vs_NP","Baseline",505,0.765,0.841666666666667
"Combined_vs_NP","Baseline",505,0.766,0.841666666666667
"Combined_vs_NP","Baseline",505,0.767,0.841666666666667
"Combined_vs_NP","Baseline",505,0.768,0.841666666666667
"Combined_vs_NP","Baseline",505,0.769,0.841666666666667
"Combined_vs_NP","Baseline",505,0.77,0.841666666666667
"Combined_vs_NP","Baseline",505,0.771,0.841666666666667
"Combined_vs_NP","Baseline",505,0.772,0.841666666666667
"Combined_vs_NP","Baseline",505,0.773,0.842547222222222
"Combined_vs_NP","Baseline",505,0.774,0.843461111111111
"Combined_vs_NP","Baseline",505,0.775,0.844375
"Combined_vs_NP","Baseline",505,0.776,0.845288888888889
"Combined_vs_NP","Baseline",505,0.777,0.846941666666667
"Combined_vs_NP","Baseline",505,0.778,0.849683333333333
"Combined_vs_NP","Baseline",505,0.779,0.85
"Combined_vs_NP","Baseline",505,0.78,0.85
"Combined_vs_NP","Baseline",505,0.781,0.85
"Combined_vs_NP","Baseline",505,0.782,0.85
"Combined_vs_NP","Baseline",505,0.783,0.850297222222222
"Combined_vs_NP","Baseline",505,0.784,0.851211111111111
"Combined_vs_NP","Baseline",505,0.785,0.852125
"Combined_vs_NP","Baseline",505,0.786,0.853038888888889
"Combined_vs_NP","Baseline",505,0.787,0.853952777777778
"Combined_vs_NP","Baseline",505,0.788,0.854166666666667
"Combined_vs_NP","Baseline",505,0.789,0.854166666666667
"Combined_vs_NP","Baseline",505,0.79,0.854166666666667
"Combined_vs_NP","Baseline",505,0.791,0.854166666666667
"Combined_vs_NP","Baseline",505,0.792,0.854166666666667
"Combined_vs_NP","Baseline",505,0.793,0.854166666666667
"Combined_vs_NP","Baseline",505,0.794,0.854166666666667
"Combined_vs_NP","Baseline",505,0.795,0.858791666666667
"Combined_vs_NP","Baseline",505,0.796,0.861533333333333
"Combined_vs_NP","Baseline",505,0.797,0.8625
"Combined_vs_NP","Baseline",505,0.798,0.8625
"Combined_vs_NP","Baseline",505,0.799,0.8625
"Combined_vs_NP","Baseline",505,0.8,0.8625
"Combined_vs_NP","Baseline",505,0.801,0.8625
"Combined_vs_NP","Baseline",505,0.802,0.8625
"Combined_vs_NP","Baseline",505,0.803,0.8625
"Combined_vs_NP","Baseline",505,0.804,0.8625
"Combined_vs_NP","Baseline",505,0.805,0.8625
"Combined_vs_NP","Baseline",505,0.806,0.8625
"Combined_vs_NP","Baseline",505,0.807,0.8625
"Combined_vs_NP","Baseline",505,0.808,0.8625
"Combined_vs_NP","Baseline",505,0.809,0.8625
"Combined_vs_NP","Baseline",505,0.81,0.8625
"Combined_vs_NP","Baseline",505,0.811,0.8625
"Combined_vs_NP","Baseline",505,0.812,0.862808333333333
"Combined_vs_NP","Baseline",505,0.813,0.86349375
"Combined_vs_NP","Baseline",505,0.814,0.864179166666667
"Combined_vs_NP","Baseline",505,0.815,0.865089583333333
"Combined_vs_NP","Baseline",505,0.816,0.866323333333333
"Combined_vs_NP","Baseline",505,0.817,0.868777916666667
"Combined_vs_NP","Baseline",505,0.818,0.871128333333334
"Combined_vs_NP","Baseline",505,0.819,0.8730475
"Combined_vs_NP","Baseline",505,0.82,0.874966666666667
"Combined_vs_NP","Baseline",505,0.821,0.877112916666667
"Combined_vs_NP","Baseline",505,0.822,0.8797175
"Combined_vs_NP","Baseline",505,0.823,0.882989583333334
"Combined_vs_NP","Baseline",505,0.824,0.886416666666667
"Combined_vs_NP","Baseline",505,0.825,0.88984375
"Combined_vs_NP","Baseline",505,0.826,0.891154166666667
"Combined_vs_NP","Baseline",505,0.827,0.891666666666667
"Combined_vs_NP","Baseline",505,0.828,0.891666666666667
"Combined_vs_NP","Baseline",505,0.829,0.891666666666667
"Combined_vs_NP","Baseline",505,0.83,0.892347222222222
"Combined_vs_NP","Baseline",505,0.831,0.895545833333334
"Combined_vs_NP","Baseline",505,0.832,0.898744444444445
"Combined_vs_NP","Baseline",505,0.833,0.901626388888889
"Combined_vs_NP","Baseline",505,0.834,0.902997222222222
"Combined_vs_NP","Baseline",505,0.835,0.904368055555556
"Combined_vs_NP","Baseline",505,0.836,0.905738888888889
"Combined_vs_NP","Baseline",505,0.837,0.907109722222222
"Combined_vs_NP","Baseline",505,0.838,0.908480555555556
"Combined_vs_NP","Baseline",505,0.839,0.909872916666667
"Combined_vs_NP","Baseline",505,0.84,0.911472222222222
"Combined_vs_NP","Baseline",505,0.841,0.913071527777778
"Combined_vs_NP","Baseline",505,0.842,0.914670833333333
"Combined_vs_NP","Baseline",505,0.843,0.916270138888889
"Combined_vs_NP","Baseline",505,0.844,0.919336111111111
"Combined_vs_NP","Baseline",505,0.845,0.923645833333333
"Combined_vs_NP","Baseline",505,0.846,0.925930555555555
"Combined_vs_NP","Baseline",505,0.847,0.9277625
"Combined_vs_NP","Baseline",505,0.848,0.929133333333333
"Combined_vs_NP","Baseline",505,0.849,0.929166666666667
"Combined_vs_NP","Baseline",505,0.85,0.929166666666667
"Combined_vs_NP","Baseline",505,0.851,0.929166666666667
"Combined_vs_NP","Baseline",505,0.852,0.930022222222222
"Combined_vs_NP","Baseline",505,0.853,0.935102777777778
"Combined_vs_NP","Baseline",505,0.854,0.936016666666667
"Combined_vs_NP","Baseline",505,0.855,0.936930555555555
"Combined_vs_NP","Baseline",505,0.856,0.9375
"Combined_vs_NP","Baseline",505,0.857,0.9375
"Combined_vs_NP","Baseline",505,0.858,0.9375
"Combined_vs_NP","Baseline",505,0.859,0.9375
"Combined_vs_NP","Baseline",505,0.86,0.9375
"Combined_vs_NP","Baseline",505,0.861,0.9375
"Combined_vs_NP","Baseline",505,0.862,0.938316666666667
"Combined_vs_NP","Baseline",505,0.863,0.941058333333333
"Combined_vs_NP","Baseline",505,0.864,0.941666666666667
"Combined_vs_NP","Baseline",505,0.865,0.942020833333333
"Combined_vs_NP","Baseline",505,0.866,0.943391666666667
"Combined_vs_NP","Baseline",505,0.867,0.9447625
"Combined_vs_NP","Baseline",505,0.868,0.945833333333333
"Combined_vs_NP","Baseline",505,0.869,0.945833333333333
"Combined_vs_NP","Baseline",505,0.87,0.945833333333333
"Combined_vs_NP","Baseline",505,0.871,0.945833333333333
"Combined_vs_NP","Baseline",505,0.872,0.945833333333333
"Combined_vs_NP","Baseline",505,0.873,0.946436111111111
"Combined_vs_NP","Baseline",505,0.874,0.94735
"Combined_vs_NP","Baseline",505,0.875,0.948263888888889
"Combined_vs_NP","Baseline",505,0.876,0.949177777777778
"Combined_vs_NP","Baseline",505,0.877,0.95
"Combined_vs_NP","Baseline",505,0.878,0.95
"Combined_vs_NP","Baseline",505,0.879,0.950795833333333
"Combined_vs_NP","Baseline",505,0.88,0.952166666666667
"Combined_vs_NP","Baseline",505,0.881,0.9535375
"Combined_vs_NP","Baseline",505,0.882,0.954166666666667
"Combined_vs_NP","Baseline",505,0.883,0.954166666666667
"Combined_vs_NP","Baseline",505,0.884,0.954166666666667
"Combined_vs_NP","Baseline",505,0.885,0.954166666666667
"Combined_vs_NP","Baseline",505,0.886,0.954166666666667
"Combined_vs_NP","Baseline",505,0.887,0.954166666666667
"Combined_vs_NP","Baseline",505,0.888,0.955433333333333
"Combined_vs_NP","Baseline",505,0.889,0.958175
"Combined_vs_NP","Baseline",505,0.89,0.958333333333333
"Combined_vs_NP","Baseline",505,0.891,0.958333333333333
"Combined_vs_NP","Baseline",505,0.892,0.958333333333333
"Combined_vs_NP","Baseline",505,0.893,0.958333333333333
"Combined_vs_NP","Baseline",505,0.894,0.958333333333333
"Combined_vs_NP","Baseline",505,0.895,0.958333333333333
"Combined_vs_NP","Baseline",505,0.896,0.958333333333333
"Combined_vs_NP","Baseline",505,0.897,0.958333333333333
"Combined_vs_NP","Baseline",505,0.898,0.958333333333333
"Combined_vs_NP","Baseline",505,0.899,0.958333333333333
"Combined_vs_NP","Baseline",505,0.9,0.958333333333333
"Combined_vs_NP","Baseline",505,0.901,0.958333333333333
"Combined_vs_NP","Baseline",505,0.902,0.958333333333333
"Combined_vs_NP","Baseline",505,0.903,0.958333333333333
"Combined_vs_NP","Baseline",505,0.904,0.958333333333333
"Combined_vs_NP","Baseline",505,0.905,0.958333333333333
"Combined_vs_NP","Baseline",505,0.906,0.958333333333333
"Combined_vs_NP","Baseline",505,0.907,0.958333333333333
"Combined_vs_NP","Baseline",505,0.908,0.958333333333333
"Combined_vs_NP","Baseline",505,0.909,0.958333333333333
"Combined_vs_NP","Baseline",505,0.91,0.958333333333333
"Combined_vs_NP","Baseline",505,0.911,0.958333333333333
"Combined_vs_NP","Baseline",505,0.912,0.958333333333333
"Combined_vs_NP","Baseline",505,0.913,0.958333333333333
"Combined_vs_NP","Baseline",505,0.914,0.958333333333333
"Combined_vs_NP","Baseline",505,0.915,0.958333333333333
"Combined_vs_NP","Baseline",505,0.916,0.958333333333333
"Combined_vs_NP","Baseline",505,0.917,0.958333333333333
"Combined_vs_NP","Baseline",505,0.918,0.958333333333333
"Combined_vs_NP","Baseline",505,0.919,0.958333333333333
"Combined_vs_NP","Baseline",505,0.92,0.958333333333333
"Combined_vs_NP","Baseline",505,0.921,0.958333333333333
"Combined_vs_NP","Baseline",505,0.922,0.958333333333333
"Combined_vs_NP","Baseline",505,0.923,0.958333333333333
"Combined_vs_NP","Baseline",505,0.924,0.958333333333333
"Combined_vs_NP","Baseline",505,0.925,0.958333333333333
"Combined_vs_NP","Baseline",505,0.926,0.958333333333333
"Combined_vs_NP","Baseline",505,0.927,0.958333333333333
"Combined_vs_NP","Baseline",505,0.928,0.958333333333333
"Combined_vs_NP","Baseline",505,0.929,0.958333333333333
"Combined_vs_NP","Baseline",505,0.93,0.958333333333333
"Combined_vs_NP","Baseline",505,0.931,0.958333333333333
"Combined_vs_NP","Baseline",505,0.932,0.958333333333333
"Combined_vs_NP","Baseline",505,0.933,0.958333333333333
"Combined_vs_NP","Baseline",505,0.934,0.958929166666667
"Combined_vs_NP","Baseline",505,0.935,0.959614583333333
"Combined_vs_NP","Baseline",505,0.936,0.9603
"Combined_vs_NP","Baseline",505,0.937,0.960985416666667
"Combined_vs_NP","Baseline",505,0.938,0.961670833333333
"Combined_vs_NP","Baseline",505,0.939,0.96235625
"Combined_vs_NP","Baseline",505,0.94,0.963583333333333
"Combined_vs_NP","Baseline",505,0.941,0.964954166666667
"Combined_vs_NP","Baseline",505,0.942,0.966325
"Combined_vs_NP","Baseline",505,0.943,0.967695833333333
"Combined_vs_NP","Baseline",505,0.944,0.969225
"Combined_vs_NP","Baseline",505,0.945,0.97128125
"Combined_vs_NP","Baseline",505,0.946,0.9733375
"Combined_vs_NP","Baseline",505,0.947,0.97539375
"Combined_vs_NP","Baseline",505,0.948,0.97745
"Combined_vs_NP","Baseline",505,0.949,0.978585416666667
"Combined_vs_NP","Baseline",505,0.95,0.979270833333333
"Combined_vs_NP","Baseline",505,0.951,0.97995625
"Combined_vs_NP","Baseline",505,0.952,0.980641666666667
"Combined_vs_NP","Baseline",505,0.953,0.981327083333333
"Combined_vs_NP","Baseline",505,0.954,0.9820125
"Combined_vs_NP","Baseline",505,0.955,0.982697916666667
"Combined_vs_NP","Baseline",505,0.956,0.983333333333333
"Combined_vs_NP","Baseline",505,0.957,0.983333333333333
"Combined_vs_NP","Baseline",505,0.958,0.983586111111111
"Combined_vs_NP","Baseline",505,0.959,0.984056150793651
"Combined_vs_NP","Baseline",505,0.96,0.984904761904762
"Combined_vs_NP","Baseline",505,0.961,0.985753373015873
"Combined_vs_NP","Baseline",505,0.962,0.986601984126984
"Combined_vs_NP","Baseline",505,0.963,0.987450595238095
"Combined_vs_NP","Baseline",505,0.964,0.988299206349206
"Combined_vs_NP","Baseline",505,0.965,0.989147817460317
"Combined_vs_NP","Baseline",505,0.966,0.989996428571429
"Combined_vs_NP","Baseline",505,0.967,0.990646428571429
"Combined_vs_NP","Baseline",505,0.968,0.991038095238095
"Combined_vs_NP","Baseline",505,0.969,0.991429761904762
"Combined_vs_NP","Baseline",505,0.97,0.991666666666667
"Combined_vs_NP","Baseline",505,0.971,0.991666666666667
"Combined_vs_NP","Baseline",505,0.972,0.991666666666667
"Combined_vs_NP","Baseline",505,0.973,0.991666666666667
"Combined_vs_NP","Baseline",505,0.974,0.991666666666667
"Combined_vs_NP","Baseline",505,0.975,0.992621527777778
"Combined_vs_NP","Baseline",505,0.976,0.993763888888889
"Combined_vs_NP","Baseline",505,0.977,0.99490625
"Combined_vs_NP","Baseline",505,0.978,0.996048611111111
"Combined_vs_NP","Baseline",505,0.979,0.997190972222222
"Combined_vs_NP","Baseline",505,0.98,0.998333333333333
"Combined_vs_NP","Baseline",505,0.981,0.998956944444444
"Combined_vs_NP","Baseline",505,0.982,0.999413888888889
"Combined_vs_NP","Baseline",505,0.983,0.999870833333333
"Combined_vs_NP","Baseline",505,0.984,1
"Combined_vs_NP","Baseline",505,0.985,1
"Combined_vs_NP","Baseline",505,0.986,1
"Combined_vs_NP","Baseline",505,0.987,1
"Combined_vs_NP","Baseline",505,0.988,1
"Combined_vs_NP","Baseline",505,0.989,1
"Combined_vs_NP","Baseline",505,0.99,1
"Combined_vs_NP","Baseline",505,0.991,1
"Combined_vs_NP","Baseline",505,0.992,1
"Combined_vs_NP","Baseline",505,0.993,1
"Combined_vs_NP","Baseline",505,0.994,1
"Combined_vs_NP","Baseline",505,0.995,1
"Combined_vs_NP","Baseline",505,0.996,1
"Combined_vs_NP","Baseline",505,0.997,1
"Combined_vs_NP","Baseline",505,0.998,1
"Combined_vs_NP","Baseline",505,0.999,1
"Combined_vs_NP","Baseline",505,1,1
"Combined_vs_NP","Met+Fun",505,0,0
"Combined_vs_NP","Met+Fun",505,0.001,0
"Combined_vs_NP","Met+Fun",505,0.002,0
"Combined_vs_NP","Met+Fun",505,0.003,0
"Combined_vs_NP","Met+Fun",505,0.004,0
"Combined_vs_NP","Met+Fun",505,0.005,0
"Combined_vs_NP","Met+Fun",505,0.006,0
"Combined_vs_NP","Met+Fun",505,0.007,0.038004166666667
"Combined_vs_NP","Met+Fun",505,0.008,0.0443
"Combined_vs_NP","Met+Fun",505,0.009,0.0456708333333333
"Combined_vs_NP","Met+Fun",505,0.01,0.0541666666666667
"Combined_vs_NP","Met+Fun",505,0.011,0.0603166666666669
"Combined_vs_NP","Met+Fun",505,0.012,0.0658000000000001
"Combined_vs_NP","Met+Fun",505,0.013,0.0708333333333333
"Combined_vs_NP","Met+Fun",505,0.014,0.0725999999999999
"Combined_vs_NP","Met+Fun",505,0.015,0.0780833333333335
"Combined_vs_NP","Met+Fun",505,0.016,0.0877333333333334
"Combined_vs_NP","Met+Fun",505,0.017,0.0969958333333334
"Combined_vs_NP","Met+Fun",505,0.018,0.101108333333334
"Combined_vs_NP","Met+Fun",505,0.019,0.103129166666667
"Combined_vs_NP","Met+Fun",505,0.02,0.125
"Combined_vs_NP","Met+Fun",505,0.021,0.125
"Combined_vs_NP","Met+Fun",505,0.022,0.125
"Combined_vs_NP","Met+Fun",505,0.023,0.133333333333333
"Combined_vs_NP","Met+Fun",505,0.024,0.133333333333333
"Combined_vs_NP","Met+Fun",505,0.025,0.133333333333333
"Combined_vs_NP","Met+Fun",505,0.026,0.138625
"Combined_vs_NP","Met+Fun",505,0.027,0.145479166666667
"Combined_vs_NP","Met+Fun",505,0.028,0.150566666666667
"Combined_vs_NP","Met+Fun",505,0.029,0.155020833333333
"Combined_vs_NP","Met+Fun",505,0.03,0.161875
"Combined_vs_NP","Met+Fun",505,0.031,0.1654125
"Combined_vs_NP","Met+Fun",505,0.032,0.170911111111111
"Combined_vs_NP","Met+Fun",505,0.033,0.171825
"Combined_vs_NP","Met+Fun",505,0.034,0.173255555555556
"Combined_vs_NP","Met+Fun",505,0.035,0.175083333333333
"Combined_vs_NP","Met+Fun",505,0.036,0.176911111111111
"Combined_vs_NP","Met+Fun",505,0.037,0.179099305555556
"Combined_vs_NP","Met+Fun",505,0.038,0.181619444444444
"Combined_vs_NP","Met+Fun",505,0.039,0.185275
"Combined_vs_NP","Met+Fun",505,0.04,0.189375
"Combined_vs_NP","Met+Fun",505,0.041,0.193944444444445
"Combined_vs_NP","Met+Fun",505,0.042,0.197630555555556
"Combined_vs_NP","Met+Fun",505,0.043,0.200979861111111
"Combined_vs_NP","Met+Fun",505,0.044,0.20395
"Combined_vs_NP","Met+Fun",505,0.045,0.20955257936508
"Combined_vs_NP","Met+Fun",505,0.046,0.214803968253968
"Combined_vs_NP","Met+Fun",505,0.047,0.219242857142857
"Combined_vs_NP","Met+Fun",505,0.048,0.222465079365079
"Combined_vs_NP","Met+Fun",505,0.049,0.225533134920635
"Combined_vs_NP","Met+Fun",505,0.05,0.228601190476191
"Combined_vs_NP","Met+Fun",505,0.051,0.232250496031746
"Combined_vs_NP","Met+Fun",505,0.052,0.236003968253968
"Combined_vs_NP","Met+Fun",505,0.053,0.239757440476191
"Combined_vs_NP","Met+Fun",505,0.054,0.243326190476191
"Combined_vs_NP","Met+Fun",505,0.055,0.246229166666667
"Combined_vs_NP","Met+Fun",505,0.056,0.2476
"Combined_vs_NP","Met+Fun",505,0.057,0.251817083333334
"Combined_vs_NP","Met+Fun",505,0.058,0.256376666666667
"Combined_vs_NP","Met+Fun",505,0.059,0.2593925
"Combined_vs_NP","Met+Fun",505,0.06,0.270075000000001
"Combined_vs_NP","Met+Fun",505,0.061,0.2774575
"Combined_vs_NP","Met+Fun",505,0.062,0.283215
"Combined_vs_NP","Met+Fun",505,0.063,0.287711388888889
"Combined_vs_NP","Met+Fun",505,0.064,0.291244444444445
"Combined_vs_NP","Met+Fun",505,0.065,0.29284375
"Combined_vs_NP","Met+Fun",505,0.066,0.2950375
"Combined_vs_NP","Met+Fun",505,0.067,0.297444047619048
"Combined_vs_NP","Met+Fun",505,0.068,0.29914126984127
"Combined_vs_NP","Met+Fun",505,0.069,0.304188492063492
"Combined_vs_NP","Met+Fun",505,0.07,0.311035714285715
"Combined_vs_NP","Met+Fun",505,0.071,0.314560714285714
"Combined_vs_NP","Met+Fun",505,0.072,0.31704126984127
"Combined_vs_NP","Met+Fun",505,0.073,0.318738492063492
"Combined_vs_NP","Met+Fun",505,0.074,0.320435714285714
"Combined_vs_NP","Met+Fun",505,0.075,0.322132936507936
"Combined_vs_NP","Met+Fun",505,0.076,0.323819047619048
"Combined_vs_NP","Met+Fun",505,0.077,0.324602380952381
"Combined_vs_NP","Met+Fun",505,0.078,0.3253375
"Combined_vs_NP","Met+Fun",505,0.079,0.326022916666667
"Combined_vs_NP","Met+Fun",505,0.08,0.326708333333333
"Combined_vs_NP","Met+Fun",505,0.081,0.32739375
"Combined_vs_NP","Met+Fun",505,0.082,0.328079166666667
"Combined_vs_NP","Met+Fun",505,0.083,0.328764583333333
"Combined_vs_NP","Met+Fun",505,0.084,0.329166666666667
"Combined_vs_NP","Met+Fun",505,0.085,0.329166666666667
"Combined_vs_NP","Met+Fun",505,0.086,0.329166666666667
"Combined_vs_NP","Met+Fun",505,0.087,0.329166666666667
"Combined_vs_NP","Met+Fun",505,0.088,0.329166666666667
"Combined_vs_NP","Met+Fun",505,0.089,0.329166666666667
"Combined_vs_NP","Met+Fun",505,0.09,0.329166666666667
"Combined_vs_NP","Met+Fun",505,0.091,0.329166666666667
"Combined_vs_NP","Met+Fun",505,0.092,0.329166666666667
"Combined_vs_NP","Met+Fun",505,0.093,0.329570833333333
"Combined_vs_NP","Met+Fun",505,0.094,0.330941666666667
"Combined_vs_NP","Met+Fun",505,0.095,0.3323125
"Combined_vs_NP","Met+Fun",505,0.096,0.333333333333333
"Combined_vs_NP","Met+Fun",505,0.097,0.333333333333333
"Combined_vs_NP","Met+Fun",505,0.098,0.333333333333333
"Combined_vs_NP","Met+Fun",505,0.099,0.333333333333333
"Combined_vs_NP","Met+Fun",505,0.1,0.333333333333333
"Combined_vs_NP","Met+Fun",505,0.101,0.333333333333333
"Combined_vs_NP","Met+Fun",505,0.102,0.333615277777778
"Combined_vs_NP","Met+Fun",505,0.103,0.335214583333333
"Combined_vs_NP","Met+Fun",505,0.104,0.336813888888889
"Combined_vs_NP","Met+Fun",505,0.105,0.338488194444444
"Combined_vs_NP","Met+Fun",505,0.106,0.340635833333333
"Combined_vs_NP","Met+Fun",505,0.107,0.342219583333333
"Combined_vs_NP","Met+Fun",505,0.108,0.343386666666667
"Combined_vs_NP","Met+Fun",505,0.109,0.343935
"Combined_vs_NP","Met+Fun",505,0.11,0.344483333333333
"Combined_vs_NP","Met+Fun",505,0.111,0.345031666666667
"Combined_vs_NP","Met+Fun",505,0.112,0.34558
"Combined_vs_NP","Met+Fun",505,0.113,0.346079166666667
"Combined_vs_NP","Met+Fun",505,0.114,0.346536111111111
"Combined_vs_NP","Met+Fun",505,0.115,0.346993055555556
"Combined_vs_NP","Met+Fun",505,0.116,0.348588888888889
"Combined_vs_NP","Met+Fun",505,0.117,0.351330555555556
"Combined_vs_NP","Met+Fun",505,0.118,0.354072222222222
"Combined_vs_NP","Met+Fun",505,0.119,0.356604166666667
"Combined_vs_NP","Met+Fun",505,0.12,0.358888888888889
"Combined_vs_NP","Met+Fun",505,0.121,0.360683134920635
"Combined_vs_NP","Met+Fun",505,0.122,0.362253968253968
"Combined_vs_NP","Met+Fun",505,0.123,0.363559523809524
"Combined_vs_NP","Met+Fun",505,0.124,0.364042857142857
"Combined_vs_NP","Met+Fun",505,0.125,0.364434523809524
"Combined_vs_NP","Met+Fun",505,0.126,0.36482619047619
"Combined_vs_NP","Met+Fun",505,0.127,0.365689523809524
"Combined_vs_NP","Met+Fun",505,0.128,0.366629523809524
"Combined_vs_NP","Met+Fun",505,0.129,0.367569523809524
"Combined_vs_NP","Met+Fun",505,0.13,0.368509523809524
"Combined_vs_NP","Met+Fun",505,0.131,0.370156666666667
"Combined_vs_NP","Met+Fun",505,0.132,0.373446666666667
"Combined_vs_NP","Met+Fun",505,0.133,0.375206904761905
"Combined_vs_NP","Met+Fun",505,0.134,0.376395238095238
"Combined_vs_NP","Met+Fun",505,0.135,0.377178571428571
"Combined_vs_NP","Met+Fun",505,0.136,0.377961904761905
"Combined_vs_NP","Met+Fun",505,0.137,0.379049404761905
"Combined_vs_NP","Met+Fun",505,0.138,0.381203571428571
"Combined_vs_NP","Met+Fun",505,0.139,0.383357738095238
"Combined_vs_NP","Met+Fun",505,0.14,0.385428571428571
"Combined_vs_NP","Met+Fun",505,0.141,0.387125793650794
"Combined_vs_NP","Met+Fun",505,0.142,0.388823015873016
"Combined_vs_NP","Met+Fun",505,0.143,0.390408333333333
"Combined_vs_NP","Met+Fun",505,0.144,0.391322222222222
"Combined_vs_NP","Met+Fun",505,0.145,0.391666666666667
"Combined_vs_NP","Met+Fun",505,0.146,0.391666666666667
"Combined_vs_NP","Met+Fun",505,0.147,0.391666666666667
"Combined_vs_NP","Met+Fun",505,0.148,0.392055238095238
"Combined_vs_NP","Met+Fun",505,0.149,0.392721071428571
"Combined_vs_NP","Met+Fun",505,0.15,0.393386904761905
"Combined_vs_NP","Met+Fun",505,0.151,0.394052738095238
"Combined_vs_NP","Met+Fun",505,0.152,0.394718571428571
"Combined_vs_NP","Met+Fun",505,0.153,0.395384404761905
"Combined_vs_NP","Met+Fun",505,0.154,0.396050238095238
"Combined_vs_NP","Met+Fun",505,0.155,0.396716071428571
"Combined_vs_NP","Met+Fun",505,0.156,0.397681904761905
"Combined_vs_NP","Met+Fun",505,0.157,0.398652367724868
"Combined_vs_NP","Met+Fun",505,0.158,0.399622830687831
"Combined_vs_NP","Met+Fun",505,0.159,0.400870972222222
"Combined_vs_NP","Met+Fun",505,0.16,0.402135185185185
"Combined_vs_NP","Met+Fun",505,0.161,0.403399398148148
"Combined_vs_NP","Met+Fun",505,0.162,0.404663611111111
"Combined_vs_NP","Met+Fun",505,0.163,0.405821990740741
"Combined_vs_NP","Met+Fun",505,0.164,0.406812037037037
"Combined_vs_NP","Met+Fun",505,0.165,0.407208333333333
"Combined_vs_NP","Met+Fun",505,0.166,0.407562962962963
"Combined_vs_NP","Met+Fun",505,0.167,0.408011890838207
"Combined_vs_NP","Met+Fun",505,0.168,0.40846081871345
"Combined_vs_NP","Met+Fun",505,0.169,0.408936466165414
"Combined_vs_NP","Met+Fun",505,0.17,0.409472431077694
"Combined_vs_NP","Met+Fun",505,0.171,0.410008395989975
"Combined_vs_NP","Met+Fun",505,0.172,0.410544360902256
"Combined_vs_NP","Met+Fun",505,0.173,0.411080325814536
"Combined_vs_NP","Met+Fun",505,0.174,0.411616290726817
"Combined_vs_NP","Met+Fun",505,0.175,0.412152255639098
"Combined_vs_NP","Met+Fun",505,0.176,0.412688220551378
"Combined_vs_NP","Met+Fun",505,0.177,0.413224185463659
"Combined_vs_NP","Met+Fun",505,0.178,0.41376015037594
"Combined_vs_NP","Met+Fun",505,0.179,0.414296115288221
"Combined_vs_NP","Met+Fun",505,0.18,0.414570175438596
"Combined_vs_NP","Met+Fun",505,0.181,0.414765515350877
"Combined_vs_NP","Met+Fun",505,0.182,0.415252521929825
"Combined_vs_NP","Met+Fun",505,0.183,0.415739528508772
"Combined_vs_NP","Met+Fun",505,0.184,0.416226535087719
"Combined_vs_NP","Met+Fun",505,0.185,0.416713541666667
"Combined_vs_NP","Met+Fun",505,0.186,0.417200548245614
"Combined_vs_NP","Met+Fun",505,0.187,0.417687554824561
"Combined_vs_NP","Met+Fun",505,0.188,0.418174561403509
"Combined_vs_NP","Met+Fun",505,0.189,0.418661567982456
"Combined_vs_NP","Met+Fun",505,0.19,0.419148574561403
"Combined_vs_NP","Met+Fun",505,0.191,0.419635581140351
"Combined_vs_NP","Met+Fun",505,0.192,0.420122587719298
"Combined_vs_NP","Met+Fun",505,0.193,0.420609594298246
"Combined_vs_NP","Met+Fun",505,0.194,0.421209795321637
"Combined_vs_NP","Met+Fun",505,0.195,0.422001388888889
"Combined_vs_NP","Met+Fun",505,0.196,0.423006666666667
"Combined_vs_NP","Met+Fun",505,0.197,0.424011944444445
"Combined_vs_NP","Met+Fun",505,0.198,0.425017222222222
"Combined_vs_NP","Met+Fun",505,0.199,0.4260225
"Combined_vs_NP","Met+Fun",505,0.2,0.427027777777778
"Combined_vs_NP","Met+Fun",505,0.201,0.428033055555556
"Combined_vs_NP","Met+Fun",505,0.202,0.429038333333333
"Combined_vs_NP","Met+Fun",505,0.203,0.429565277777778
"Combined_vs_NP","Met+Fun",505,0.204,0.430022222222222
"Combined_vs_NP","Met+Fun",505,0.205,0.430479166666667
"Combined_vs_NP","Met+Fun",505,0.206,0.430936111111111
"Combined_vs_NP","Met+Fun",505,0.207,0.431393055555556
"Combined_vs_NP","Met+Fun",505,0.208,0.43185
"Combined_vs_NP","Met+Fun",505,0.209,0.433239087301587
"Combined_vs_NP","Met+Fun",505,0.21,0.434871031746032
"Combined_vs_NP","Met+Fun",505,0.211,0.436502976190476
"Combined_vs_NP","Met+Fun",505,0.212,0.438020105820106
"Combined_vs_NP","Met+Fun",505,0.213,0.439499735449735
"Combined_vs_NP","Met+Fun",505,0.214,0.440979365079365
"Combined_vs_NP","Met+Fun",505,0.215,0.442703786375661
"Combined_vs_NP","Met+Fun",505,0.216,0.444526124338624
"Combined_vs_NP","Met+Fun",505,0.217,0.446348462301587
"Combined_vs_NP","Met+Fun",505,0.218,0.44817080026455
"Combined_vs_NP","Met+Fun",505,0.219,0.45023599537037
"Combined_vs_NP","Met+Fun",505,0.22,0.453625
"Combined_vs_NP","Met+Fun",505,0.221,0.455272337962963
"Combined_vs_NP","Met+Fun",505,0.222,0.455972453703704
"Combined_vs_NP","Met+Fun",505,0.223,0.457076736111111
"Combined_vs_NP","Met+Fun",505,0.224,0.458181018518519
"Combined_vs_NP","Met+Fun",505,0.225,0.459678819444444
"Combined_vs_NP","Met+Fun",505,0.226,0.465961805555555
"Combined_vs_NP","Met+Fun",505,0.227,0.469657738095238
"Combined_vs_NP","Met+Fun",505,0.228,0.471289682539683
"Combined_vs_NP","Met+Fun",505,0.229,0.472921626984127
"Combined_vs_NP","Met+Fun",505,0.23,0.474553571428571
"Combined_vs_NP","Met+Fun",505,0.231,0.476185515873016
"Combined_vs_NP","Met+Fun",505,0.232,0.476906349206349
"Combined_vs_NP","Met+Fun",505,0.233,0.478147738095238
"Combined_vs_NP","Met+Fun",505,0.234,0.47996246031746
"Combined_vs_NP","Met+Fun",505,0.235,0.481777182539683
"Combined_vs_NP","Met+Fun",505,0.236,0.483591904761905
"Combined_vs_NP","Met+Fun",505,0.237,0.485406626984127
"Combined_vs_NP","Met+Fun",505,0.238,0.487221349206349
"Combined_vs_NP","Met+Fun",505,0.239,0.489036071428571
"Combined_vs_NP","Met+Fun",505,0.24,0.490850793650794
"Combined_vs_NP","Met+Fun",505,0.241,0.49178246031746
"Combined_vs_NP","Met+Fun",505,0.242,0.492591904761905
"Combined_vs_NP","Met+Fun",505,0.243,0.493401349206349
"Combined_vs_NP","Met+Fun",505,0.244,0.494210793650794
"Combined_vs_NP","Met+Fun",505,0.245,0.495020238095238
"Combined_vs_NP","Met+Fun",505,0.246,0.495829682539683
"Combined_vs_NP","Met+Fun",505,0.247,0.496639126984127
"Combined_vs_NP","Met+Fun",505,0.248,0.497448571428571
"Combined_vs_NP","Met+Fun",505,0.249,0.498258015873016
"Combined_vs_NP","Met+Fun",505,0.25,0.49906746031746
"Combined_vs_NP","Met+Fun",505,0.251,0.499970952380952
"Combined_vs_NP","Met+Fun",505,0.252,0.501172063492063
"Combined_vs_NP","Met+Fun",505,0.253,0.502373174603175
"Combined_vs_NP","Met+Fun",505,0.254,0.503574285714286
"Combined_vs_NP","Met+Fun",505,0.255,0.504775396825397
"Combined_vs_NP","Met+Fun",505,0.256,0.505706878306878
"Combined_vs_NP","Met+Fun",505,0.257,0.506511970899471
"Combined_vs_NP","Met+Fun",505,0.258,0.507317063492064
"Combined_vs_NP","Met+Fun",505,0.259,0.508394279100529
"Combined_vs_NP","Met+Fun",505,0.26,0.509623677248677
"Combined_vs_NP","Met+Fun",505,0.261,0.510853075396825
"Combined_vs_NP","Met+Fun",505,0.262,0.511846759259259
"Combined_vs_NP","Met+Fun",505,0.263,0.512684490740741
"Combined_vs_NP","Met+Fun",505,0.264,0.513522222222222
"Combined_vs_NP","Met+Fun",505,0.265,0.514359953703704
"Combined_vs_NP","Met+Fun",505,0.266,0.515208291245791
"Combined_vs_NP","Met+Fun",505,0.267,0.516295265151515
"Combined_vs_NP","Met+Fun",505,0.268,0.517382239057239
"Combined_vs_NP","Met+Fun",505,0.269,0.518469212962963
"Combined_vs_NP","Met+Fun",505,0.27,0.519556186868687
"Combined_vs_NP","Met+Fun",505,0.271,0.520643160774411
"Combined_vs_NP","Met+Fun",505,0.272,0.521730134680135
"Combined_vs_NP","Met+Fun",505,0.273,0.522817108585859
"Combined_vs_NP","Met+Fun",505,0.274,0.523904082491582
"Combined_vs_NP","Met+Fun",505,0.275,0.524991056397306
"Combined_vs_NP","Met+Fun",505,0.276,0.52607803030303
"Combined_vs_NP","Met+Fun",505,0.277,0.527134217171717
"Combined_vs_NP","Met+Fun",505,0.278,0.528145033670034
"Combined_vs_NP","Met+Fun",505,0.279,0.52915585016835
"Combined_vs_NP","Met+Fun",505,0.28,0.530166666666667
"Combined_vs_NP","Met+Fun",505,0.281,0.531177483164983
"Combined_vs_NP","Met+Fun",505,0.282,0.5321882996633
"Combined_vs_NP","Met+Fun",505,0.283,0.533187407407407
"Combined_vs_NP","Met+Fun",505,0.284,0.534162222222222
"Combined_vs_NP","Met+Fun",505,0.285,0.535137037037037
"Combined_vs_NP","Met+Fun",505,0.286,0.536111851851852
"Combined_vs_NP","Met+Fun",505,0.287,0.537086666666667
"Combined_vs_NP","Met+Fun",505,0.288,0.538061481481481
"Combined_vs_NP","Met+Fun",505,0.289,0.539036296296296
"Combined_vs_NP","Met+Fun",505,0.29,0.540011111111111
"Combined_vs_NP","Met+Fun",505,0.291,0.540827857142857
"Combined_vs_NP","Met+Fun",505,0.292,0.541585079365079
"Combined_vs_NP","Met+Fun",505,0.293,0.542342301587302
"Combined_vs_NP","Met+Fun",505,0.294,0.543099523809524
"Combined_vs_NP","Met+Fun",505,0.295,0.543914037698413
"Combined_vs_NP","Met+Fun",505,0.296,0.545013968253968
"Combined_vs_NP","Met+Fun",505,0.297,0.546113898809524
"Combined_vs_NP","Met+Fun",505,0.298,0.547213829365079
"Combined_vs_NP","Met+Fun",505,0.299,0.548313759920635
"Combined_vs_NP","Met+Fun",505,0.3,0.54941369047619
"Combined_vs_NP","Met+Fun",505,0.301,0.550479097222222
"Combined_vs_NP","Met+Fun",505,0.302,0.551187361111111
"Combined_vs_NP","Met+Fun",505,0.303,0.551895625
"Combined_vs_NP","Met+Fun",505,0.304,0.552603888888889
"Combined_vs_NP","Met+Fun",505,0.305,0.553312152777778
"Combined_vs_NP","Met+Fun",505,0.306,0.553947916666667
"Combined_vs_NP","Met+Fun",505,0.307,0.554520138888889
"Combined_vs_NP","Met+Fun",505,0.308,0.555205555555556
"Combined_vs_NP","Met+Fun",505,0.309,0.555890972222222
"Combined_vs_NP","Met+Fun",505,0.31,0.556576388888889
"Combined_vs_NP","Met+Fun",505,0.311,0.557261805555555
"Combined_vs_NP","Met+Fun",505,0.312,0.558255555555556
"Combined_vs_NP","Met+Fun",505,0.313,0.559626388888889
"Combined_vs_NP","Met+Fun",505,0.314,0.560997222222222
"Combined_vs_NP","Met+Fun",505,0.315,0.562368055555555
"Combined_vs_NP","Met+Fun",505,0.316,0.563738888888889
"Combined_vs_NP","Met+Fun",505,0.317,0.564702777777778
"Combined_vs_NP","Met+Fun",505,0.318,0.565870833333333
"Combined_vs_NP","Met+Fun",505,0.319,0.567470138888889
"Combined_vs_NP","Met+Fun",505,0.32,0.569069444444445
"Combined_vs_NP","Met+Fun",505,0.321,0.570214583333333
"Combined_vs_NP","Met+Fun",505,0.322,0.570443055555556
"Combined_vs_NP","Met+Fun",505,0.323,0.570671527777778
"Combined_vs_NP","Met+Fun",505,0.324,0.570833333333333
"Combined_vs_NP","Met+Fun",505,0.325,0.570833333333333
"Combined_vs_NP","Met+Fun",505,0.326,0.570833333333333
"Combined_vs_NP","Met+Fun",505,0.327,0.570833333333333
"Combined_vs_NP","Met+Fun",505,0.328,0.570833333333333
"Combined_vs_NP","Met+Fun",505,0.329,0.571235
"Combined_vs_NP","Met+Fun",505,0.33,0.571783333333333
"Combined_vs_NP","Met+Fun",505,0.331,0.572331666666667
"Combined_vs_NP","Met+Fun",505,0.332,0.573513333333333
"Combined_vs_NP","Met+Fun",505,0.333,0.574975555555555
"Combined_vs_NP","Met+Fun",505,0.334,0.576437777777778
"Combined_vs_NP","Met+Fun",505,0.335,0.5779
"Combined_vs_NP","Met+Fun",505,0.336,0.579288888888889
"Combined_vs_NP","Met+Fun",505,0.337,0.580202777777778
"Combined_vs_NP","Met+Fun",505,0.338,0.581116666666667
"Combined_vs_NP","Met+Fun",505,0.339,0.582030555555555
"Combined_vs_NP","Met+Fun",505,0.34,0.582944444444444
"Combined_vs_NP","Met+Fun",505,0.341,0.583858333333333
"Combined_vs_NP","Met+Fun",505,0.342,0.584772222222222
"Combined_vs_NP","Met+Fun",505,0.343,0.585686111111111
"Combined_vs_NP","Met+Fun",505,0.344,0.587333333333333
"Combined_vs_NP","Met+Fun",505,0.345,0.589618055555555
"Combined_vs_NP","Met+Fun",505,0.346,0.591902777777778
"Combined_vs_NP","Met+Fun",505,0.347,0.5941875
"Combined_vs_NP","Met+Fun",505,0.348,0.596472222222223
"Combined_vs_NP","Met+Fun",505,0.349,0.598756944444444
"Combined_vs_NP","Met+Fun",505,0.35,0.6
"Combined_vs_NP","Met+Fun",505,0.351,0.6
"Combined_vs_NP","Met+Fun",505,0.352,0.6
"Combined_vs_NP","Met+Fun",505,0.353,0.6
"Combined_vs_NP","Met+Fun",505,0.354,0.6
"Combined_vs_NP","Met+Fun",505,0.355,0.6
"Combined_vs_NP","Met+Fun",505,0.356,0.6
"Combined_vs_NP","Met+Fun",505,0.357,0.6
"Combined_vs_NP","Met+Fun",505,0.358,0.600235
"Combined_vs_NP","Met+Fun",505,0.359,0.600971666666667
"Combined_vs_NP","Met+Fun",505,0.36,0.602616666666667
"Combined_vs_NP","Met+Fun",505,0.361,0.604261666666667
"Combined_vs_NP","Met+Fun",505,0.362,0.6057025
"Combined_vs_NP","Met+Fun",505,0.363,0.606662083333333
"Combined_vs_NP","Met+Fun",505,0.364,0.607621666666667
"Combined_vs_NP","Met+Fun",505,0.365,0.60858125
"Combined_vs_NP","Met+Fun",505,0.366,0.609540833333333
"Combined_vs_NP","Met+Fun",505,0.367,0.610500416666667
"Combined_vs_NP","Met+Fun",505,0.368,0.61131
"Combined_vs_NP","Met+Fun",505,0.369,0.611584166666667
"Combined_vs_NP","Met+Fun",505,0.37,0.611858333333333
"Combined_vs_NP","Met+Fun",505,0.371,0.6121325
"Combined_vs_NP","Met+Fun",505,0.372,0.612406666666667
"Combined_vs_NP","Met+Fun",505,0.373,0.6125
"Combined_vs_NP","Met+Fun",505,0.374,0.6125
"Combined_vs_NP","Met+Fun",505,0.375,0.6125
"Combined_vs_NP","Met+Fun",505,0.376,0.61318
"Combined_vs_NP","Met+Fun",505,0.377,0.614276666666667
"Combined_vs_NP","Met+Fun",505,0.378,0.615373333333333
"Combined_vs_NP","Met+Fun",505,0.379,0.616735277777778
"Combined_vs_NP","Met+Fun",505,0.38,0.618288888888889
"Combined_vs_NP","Met+Fun",505,0.381,0.6198425
"Combined_vs_NP","Met+Fun",505,0.382,0.621396111111111
"Combined_vs_NP","Met+Fun",505,0.383,0.622945833333333
"Combined_vs_NP","Met+Fun",505,0.384,0.624316666666667
"Combined_vs_NP","Met+Fun",505,0.385,0.6256875
"Combined_vs_NP","Met+Fun",505,0.386,0.627058333333333
"Combined_vs_NP","Met+Fun",505,0.387,0.628429166666667
"Combined_vs_NP","Met+Fun",505,0.388,0.629166666666667
"Combined_vs_NP","Met+Fun",505,0.389,0.629166666666667
"Combined_vs_NP","Met+Fun",505,0.39,0.629166666666667
"Combined_vs_NP","Met+Fun",505,0.391,0.629166666666667
"Combined_vs_NP","Met+Fun",505,0.392,0.629166666666667
"Combined_vs_NP","Met+Fun",505,0.393,0.629166666666667
"Combined_vs_NP","Met+Fun",505,0.394,0.629166666666667
"Combined_vs_NP","Met+Fun",505,0.395,0.629166666666667
"Combined_vs_NP","Met+Fun",505,0.396,0.630688095238095
"Combined_vs_NP","Met+Fun",505,0.397,0.632450595238095
"Combined_vs_NP","Met+Fun",505,0.398,0.634213095238095
"Combined_vs_NP","Met+Fun",505,0.399,0.635599206349206
"Combined_vs_NP","Met+Fun",505,0.4,0.636904761904762
"Combined_vs_NP","Met+Fun",505,0.401,0.638210317460318
"Combined_vs_NP","Met+Fun",505,0.402,0.639515873015873
"Combined_vs_NP","Met+Fun",505,0.403,0.641356547619048
"Combined_vs_NP","Met+Fun",505,0.404,0.644685714285714
"Combined_vs_NP","Met+Fun",505,0.405,0.646228422619048
"Combined_vs_NP","Met+Fun",505,0.406,0.647070535714286
"Combined_vs_NP","Met+Fun",505,0.407,0.647609077380952
"Combined_vs_NP","Met+Fun",505,0.408,0.648147619047619
"Combined_vs_NP","Met+Fun",505,0.409,0.648686160714286
"Combined_vs_NP","Met+Fun",505,0.41,0.649224702380952
"Combined_vs_NP","Met+Fun",505,0.411,0.652044494047619
"Combined_vs_NP","Met+Fun",505,0.412,0.655850119047619
"Combined_vs_NP","Met+Fun",505,0.413,0.658719077380952
"Combined_vs_NP","Met+Fun",505,0.414,0.661588035714286
"Combined_vs_NP","Met+Fun",505,0.415,0.664456994047619
"Combined_vs_NP","Met+Fun",505,0.416,0.667325952380952
"Combined_vs_NP","Met+Fun",505,0.417,0.669913452380952
"Combined_vs_NP","Met+Fun",505,0.418,0.672302619047619
"Combined_vs_NP","Met+Fun",505,0.419,0.674691785714286
"Combined_vs_NP","Met+Fun",505,0.42,0.676180952380952
"Combined_vs_NP","Met+Fun",505,0.421,0.676931369047619
"Combined_vs_NP","Met+Fun",505,0.422,0.677904007936508
"Combined_vs_NP","Met+Fun",505,0.423,0.678876646825397
"Combined_vs_NP","Met+Fun",505,0.424,0.679849285714286
"Combined_vs_NP","Met+Fun",505,0.425,0.680763888888889
"Combined_vs_NP","Met+Fun",505,0.426,0.681677777777778
"Combined_vs_NP","Met+Fun",505,0.427,0.682591666666667
"Combined_vs_NP","Met+Fun",505,0.428,0.686105555555555
"Combined_vs_NP","Met+Fun",505,0.429,0.689761111111111
"Combined_vs_NP","Met+Fun",505,0.43,0.693416666666667
"Combined_vs_NP","Met+Fun",505,0.431,0.693957638888889
"Combined_vs_NP","Met+Fun",505,0.432,0.694452777777778
"Combined_vs_NP","Met+Fun",505,0.433,0.695366666666667
"Combined_vs_NP","Met+Fun",505,0.434,0.696280555555555
"Combined_vs_NP","Met+Fun",505,0.435,0.697194444444445
"Combined_vs_NP","Met+Fun",505,0.436,0.698108333333333
"Combined_vs_NP","Met+Fun",505,0.437,0.699022222222222
"Combined_vs_NP","Met+Fun",505,0.438,0.700006944444444
"Combined_vs_NP","Met+Fun",505,0.439,0.701149305555556
"Combined_vs_NP","Met+Fun",505,0.44,0.702111111111111
"Combined_vs_NP","Met+Fun",505,0.441,0.703025
"Combined_vs_NP","Met+Fun",505,0.442,0.703938888888889
"Combined_vs_NP","Met+Fun",505,0.443,0.704166666666667
"Combined_vs_NP","Met+Fun",505,0.444,0.704257142857143
"Combined_vs_NP","Met+Fun",505,0.445,0.704648809523809
"Combined_vs_NP","Met+Fun",505,0.446,0.705319047619048
"Combined_vs_NP","Met+Fun",505,0.447,0.706102380952381
"Combined_vs_NP","Met+Fun",505,0.448,0.706885714285714
"Combined_vs_NP","Met+Fun",505,0.449,0.707669047619048
"Combined_vs_NP","Met+Fun",505,0.45,0.708452380952381
"Combined_vs_NP","Met+Fun",505,0.451,0.709235714285714
"Combined_vs_NP","Met+Fun",505,0.452,0.710019047619048
"Combined_vs_NP","Met+Fun",505,0.453,0.710802380952381
"Combined_vs_NP","Met+Fun",505,0.454,0.711585714285714
"Combined_vs_NP","Met+Fun",505,0.455,0.714574404761905
"Combined_vs_NP","Met+Fun",505,0.456,0.71907
"Combined_vs_NP","Met+Fun",505,0.457,0.723456666666667
"Combined_vs_NP","Met+Fun",505,0.458,0.725568333333333
"Combined_vs_NP","Met+Fun",505,0.459,0.7258425
"Combined_vs_NP","Met+Fun",505,0.46,0.726116666666667
"Combined_vs_NP","Met+Fun",505,0.461,0.726390833333333
"Combined_vs_NP","Met+Fun",505,0.462,0.726665
"Combined_vs_NP","Met+Fun",505,0.463,0.727434621212121
"Combined_vs_NP","Met+Fun",505,0.464,0.728207272727273
"Combined_vs_NP","Met+Fun",505,0.465,0.728979924242424
"Combined_vs_NP","Met+Fun",505,0.466,0.729752575757576
"Combined_vs_NP","Met+Fun",505,0.467,0.730525227272727
"Combined_vs_NP","Met+Fun",505,0.468,0.731297878787879
"Combined_vs_NP","Met+Fun",505,0.469,0.73207053030303
"Combined_vs_NP","Met+Fun",505,0.47,0.732843181818182
"Combined_vs_NP","Met+Fun",505,0.471,0.733615833333333
"Combined_vs_NP","Met+Fun",505,0.472,0.734388484848485
"Combined_vs_NP","Met+Fun",505,0.473,0.735161136363636
"Combined_vs_NP","Met+Fun",505,0.474,0.735933787878788
"Combined_vs_NP","Met+Fun",505,0.475,0.736706439393939
"Combined_vs_NP","Met+Fun",505,0.476,0.737479090909091
"Combined_vs_NP","Met+Fun",505,0.477,0.738251742424243
"Combined_vs_NP","Met+Fun",505,0.478,0.739024393939394
"Combined_vs_NP","Met+Fun",505,0.479,0.739797045454545
"Combined_vs_NP","Met+Fun",505,0.48,0.740569696969697
"Combined_vs_NP","Met+Fun",505,0.481,0.742725681818182
"Combined_vs_NP","Met+Fun",505,0.482,0.745326111111111
"Combined_vs_NP","Met+Fun",505,0.483,0.74792654040404
"Combined_vs_NP","Met+Fun",505,0.484,0.75052696969697
"Combined_vs_NP","Met+Fun",505,0.485,0.752766287878788
"Combined_vs_NP","Met+Fun",505,0.486,0.753538939393939
"Combined_vs_NP","Met+Fun",505,0.487,0.754294696969697
"Combined_vs_NP","Met+Fun",505,0.488,0.755042424242424
"Combined_vs_NP","Met+Fun",505,0.489,0.755790151515151
"Combined_vs_NP","Met+Fun",505,0.49,0.756537878787879
"Combined_vs_NP","Met+Fun",505,0.491,0.757285606060606
"Combined_vs_NP","Met+Fun",505,0.492,0.758033333333333
"Combined_vs_NP","Met+Fun",505,0.493,0.758781060606061
"Combined_vs_NP","Met+Fun",505,0.494,0.759528787878788
"Combined_vs_NP","Met+Fun",505,0.495,0.760276515151515
"Combined_vs_NP","Met+Fun",505,0.496,0.760898787878788
"Combined_vs_NP","Met+Fun",505,0.497,0.761422196969697
"Combined_vs_NP","Met+Fun",505,0.498,0.761945606060606
"Combined_vs_NP","Met+Fun",505,0.499,0.762587765151515
"Combined_vs_NP","Met+Fun",505,0.5,0.763339646464646
"Combined_vs_NP","Met+Fun",505,0.501,0.764091527777778
"Combined_vs_NP","Met+Fun",505,0.502,0.764843409090909
"Combined_vs_NP","Met+Fun",505,0.503,0.76559529040404
"Combined_vs_NP","Met+Fun",505,0.504,0.766347171717172
"Combined_vs_NP","Met+Fun",505,0.505,0.767099053030303
"Combined_vs_NP","Met+Fun",505,0.506,0.767850934343434
"Combined_vs_NP","Met+Fun",505,0.507,0.768602815656566
"Combined_vs_NP","Met+Fun",505,0.508,0.769354696969697
"Combined_vs_NP","Met+Fun",505,0.509,0.770106578282828
"Combined_vs_NP","Met+Fun",505,0.51,0.77085845959596
"Combined_vs_NP","Met+Fun",505,0.511,0.771734299242424
"Combined_vs_NP","Met+Fun",505,0.512,0.772828888888889
"Combined_vs_NP","Met+Fun",505,0.513,0.773923478535354
"Combined_vs_NP","Met+Fun",505,0.514,0.775018068181818
"Combined_vs_NP","Met+Fun",505,0.515,0.776112657828283
"Combined_vs_NP","Met+Fun",505,0.516,0.777207247474747
"Combined_vs_NP","Met+Fun",505,0.517,0.778260738636364
"Combined_vs_NP","Met+Fun",505,0.518,0.779209936868687
"Combined_vs_NP","Met+Fun",505,0.519,0.78015913510101
"Combined_vs_NP","Met+Fun",505,0.52,0.781108333333333
"Combined_vs_NP","Met+Fun",505,0.521,0.782057531565657
"Combined_vs_NP","Met+Fun",505,0.522,0.78300672979798
"Combined_vs_NP","Met+Fun",505,0.523,0.783955928030303
"Combined_vs_NP","Met+Fun",505,0.524,0.784905126262626
"Combined_vs_NP","Met+Fun",505,0.525,0.78585432449495
"Combined_vs_NP","Met+Fun",505,0.526,0.786786215034965
"Combined_vs_NP","Met+Fun",505,0.527,0.78762996454934
"Combined_vs_NP","Met+Fun",505,0.528,0.788473714063714
"Combined_vs_NP","Met+Fun",505,0.529,0.789317463578089
"Combined_vs_NP","Met+Fun",505,0.53,0.790161213092463
"Combined_vs_NP","Met+Fun",505,0.531,0.791004962606838
"Combined_vs_NP","Met+Fun",505,0.532,0.791848712121212
"Combined_vs_NP","Met+Fun",505,0.533,0.792692461635587
"Combined_vs_NP","Met+Fun",505,0.534,0.793536211149961
"Combined_vs_NP","Met+Fun",505,0.535,0.794364335664336
"Combined_vs_NP","Met+Fun",505,0.536,0.794865376845377
"Combined_vs_NP","Met+Fun",505,0.537,0.795325461587024
"Combined_vs_NP","Met+Fun",505,0.538,0.795750281177156
"Combined_vs_NP","Met+Fun",505,0.539,0.796447600767288
"Combined_vs_NP","Met+Fun",505,0.54,0.79714492035742
"Combined_vs_NP","Met+Fun",505,0.541,0.797842239947552
"Combined_vs_NP","Met+Fun",505,0.542,0.798539559537685
"Combined_vs_NP","Met+Fun",505,0.543,0.799236879127817
"Combined_vs_NP","Met+Fun",505,0.544,0.799934198717949
"Combined_vs_NP","Met+Fun",505,0.545,0.800631518308081
"Combined_vs_NP","Met+Fun",505,0.546,0.801328837898213
"Combined_vs_NP","Met+Fun",505,0.547,0.802026157488345
"Combined_vs_NP","Met+Fun",505,0.548,0.802723477078477
"Combined_vs_NP","Met+Fun",505,0.549,0.803420796668609
"Combined_vs_NP","Met+Fun",505,0.55,0.804118116258741
"Combined_vs_NP","Met+Fun",505,0.551,0.804815435848873
"Combined_vs_NP","Met+Fun",505,0.552,0.805512755439005
"Combined_vs_NP","Met+Fun",505,0.553,0.806210075029138
"Combined_vs_NP","Met+Fun",505,0.554,0.806962811285936
"Combined_vs_NP","Met+Fun",505,0.555,0.807728672542735
"Combined_vs_NP","Met+Fun",505,0.556,0.808494533799534
"Combined_vs_NP","Met+Fun",505,0.557,0.809260395056333
"Combined_vs_NP","Met+Fun",505,0.558,0.810026256313131
"Combined_vs_NP","Met+Fun",505,0.559,0.81079211756993
"Combined_vs_NP","Met+Fun",505,0.56,0.811557978826729
"Combined_vs_NP","Met+Fun",505,0.561,0.812335387568513
"Combined_vs_NP","Met+Fun",505,0.562,0.813156308572559
"Combined_vs_NP","Met+Fun",505,0.563,0.813977229576605
"Combined_vs_NP","Met+Fun",505,0.564,0.814798150580651
"Combined_vs_NP","Met+Fun",505,0.565,0.815619071584697
"Combined_vs_NP","Met+Fun",505,0.566,0.816217075922076
"Combined_vs_NP","Met+Fun",505,0.567,0.816774013340263
"Combined_vs_NP","Met+Fun",505,0.568,0.817854561869562
"Combined_vs_NP","Met+Fun",505,0.569,0.81893511039886
"Combined_vs_NP","Met+Fun",505,0.57,0.820015658928159
"Combined_vs_NP","Met+Fun",505,0.571,0.821096207457457
"Combined_vs_NP","Met+Fun",505,0.572,0.822176755986756
"Combined_vs_NP","Met+Fun",505,0.573,0.823257304516055
"Combined_vs_NP","Met+Fun",505,0.574,0.824337853045353
"Combined_vs_NP","Met+Fun",505,0.575,0.825418401574652
"Combined_vs_NP","Met+Fun",505,0.576,0.82649895010395
"Combined_vs_NP","Met+Fun",505,0.577,0.827579498633249
"Combined_vs_NP","Met+Fun",505,0.578,0.828660047162547
"Combined_vs_NP","Met+Fun",505,0.579,0.829740595691846
"Combined_vs_NP","Met+Fun",505,0.58,0.830302625702626
"Combined_vs_NP","Met+Fun",505,0.581,0.830850072380072
"Combined_vs_NP","Met+Fun",505,0.582,0.831397519057519
"Combined_vs_NP","Met+Fun",505,0.583,0.831944965734966
"Combined_vs_NP","Met+Fun",505,0.584,0.832492412412412
"Combined_vs_NP","Met+Fun",505,0.585,0.833039859089859
"Combined_vs_NP","Met+Fun",505,0.586,0.833587305767306
"Combined_vs_NP","Met+Fun",505,0.587,0.834134752444752
"Combined_vs_NP","Met+Fun",505,0.588,0.834682199122199
"Combined_vs_NP","Met+Fun",505,0.589,0.835229645799646
"Combined_vs_NP","Met+Fun",505,0.59,0.835777092477092
"Combined_vs_NP","Met+Fun",505,0.591,0.836324539154539
"Combined_vs_NP","Met+Fun",505,0.592,0.836871985831986
"Combined_vs_NP","Met+Fun",505,0.593,0.837419432509433
"Combined_vs_NP","Met+Fun",505,0.594,0.837966879186879
"Combined_vs_NP","Met+Fun",505,0.595,0.838514325864326
"Combined_vs_NP","Met+Fun",505,0.596,0.839131772541773
"Combined_vs_NP","Met+Fun",505,0.597,0.839953385885886
"Combined_vs_NP","Met+Fun",505,0.598,0.840774999229999
"Combined_vs_NP","Met+Fun",505,0.599,0.841596612574113
"Combined_vs_NP","Met+Fun",505,0.6,0.842418225918226
"Combined_vs_NP","Met+Fun",505,0.601,0.843239839262339
"Combined_vs_NP","Met+Fun",505,0.602,0.844061452606453
"Combined_vs_NP","Met+Fun",505,0.603,0.844883065950566
"Combined_vs_NP","Met+Fun",505,0.604,0.845704679294679
"Combined_vs_NP","Met+Fun",505,0.605,0.846526292638793
"Combined_vs_NP","Met+Fun",505,0.606,0.847347905982906
"Combined_vs_NP","Met+Fun",505,0.607,0.848921371178871
"Combined_vs_NP","Met+Fun",505,0.608,0.850961503041503
"Combined_vs_NP","Met+Fun",505,0.609,0.853001634904135
"Combined_vs_NP","Met+Fun",505,0.61,0.854371894971895
"Combined_vs_NP","Met+Fun",505,0.611,0.855236257603758
"Combined_vs_NP","Met+Fun",505,0.612,0.855842286902287
"Combined_vs_NP","Met+Fun",505,0.613,0.856448316200816
"Combined_vs_NP","Met+Fun",505,0.614,0.857054345499345
"Combined_vs_NP","Met+Fun",505,0.615,0.857660374797875
"Combined_vs_NP","Met+Fun",505,0.616,0.858190478170478
"Combined_vs_NP","Met+Fun",505,0.617,0.858644192654193
"Combined_vs_NP","Met+Fun",505,0.618,0.859240051282051
"Combined_vs_NP","Met+Fun",505,0.619,0.859839
"Combined_vs_NP","Met+Fun",505,0.62,0.860437948717949
"Combined_vs_NP","Met+Fun",505,0.621,0.861036897435897
"Combined_vs_NP","Met+Fun",505,0.622,0.861635846153846
"Combined_vs_NP","Met+Fun",505,0.623,0.862234794871795
"Combined_vs_NP","Met+Fun",505,0.624,0.862833743589744
"Combined_vs_NP","Met+Fun",505,0.625,0.86336858974359
"Combined_vs_NP","Met+Fun",505,0.626,0.863798820512821
"Combined_vs_NP","Met+Fun",505,0.627,0.864229051282051
"Combined_vs_NP","Met+Fun",505,0.628,0.864659282051282
"Combined_vs_NP","Met+Fun",505,0.629,0.865089512820513
"Combined_vs_NP","Met+Fun",505,0.63,0.865346666666667
"Combined_vs_NP","Met+Fun",505,0.631,0.865566
"Combined_vs_NP","Met+Fun",505,0.632,0.865785333333333
"Combined_vs_NP","Met+Fun",505,0.633,0.866004666666667
"Combined_vs_NP","Met+Fun",505,0.634,0.866224
"Combined_vs_NP","Met+Fun",505,0.635,0.866443333333333
"Combined_vs_NP","Met+Fun",505,0.636,0.866732781609195
"Combined_vs_NP","Met+Fun",505,0.637,0.867046655172414
"Combined_vs_NP","Met+Fun",505,0.638,0.867360528735632
"Combined_vs_NP","Met+Fun",505,0.639,0.867674402298851
"Combined_vs_NP","Met+Fun",505,0.64,0.867988275862069
"Combined_vs_NP","Met+Fun",505,0.641,0.868302149425287
"Combined_vs_NP","Met+Fun",505,0.642,0.868616022988506
"Combined_vs_NP","Met+Fun",505,0.643,0.868929896551724
"Combined_vs_NP","Met+Fun",505,0.644,0.869243770114943
"Combined_vs_NP","Met+Fun",505,0.645,0.869557643678161
"Combined_vs_NP","Met+Fun",505,0.646,0.869871517241379
"Combined_vs_NP","Met+Fun",505,0.647,0.870185390804598
"Combined_vs_NP","Met+Fun",505,0.648,0.870499264367816
"Combined_vs_NP","Met+Fun",505,0.649,0.870813137931035
"Combined_vs_NP","Met+Fun",505,0.65,0.871127011494253
"Combined_vs_NP","Met+Fun",505,0.651,0.871440885057471
"Combined_vs_NP","Met+Fun",505,0.652,0.87175475862069
"Combined_vs_NP","Met+Fun",505,0.653,0.872068632183908
"Combined_vs_NP","Met+Fun",505,0.654,0.872382505747127
"Combined_vs_NP","Met+Fun",505,0.655,0.872696379310345
"Combined_vs_NP","Met+Fun",505,0.656,0.873154252873563
"Combined_vs_NP","Met+Fun",505,0.657,0.873614348659004
"Combined_vs_NP","Met+Fun",505,0.658,0.874074444444444
"Combined_vs_NP","Met+Fun",505,0.659,0.874534540229885
"Combined_vs_NP","Met+Fun",505,0.66,0.874994636015326
"Combined_vs_NP","Met+Fun",505,0.661,0.875454731800766
"Combined_vs_NP","Met+Fun",505,0.662,0.875914827586207
"Combined_vs_NP","Met+Fun",505,0.663,0.876374923371648
"Combined_vs_NP","Met+Fun",505,0.664,0.876835019157088
"Combined_vs_NP","Met+Fun",505,0.665,0.877295114942529
"Combined_vs_NP","Met+Fun",505,0.666,0.877755210727969
"Combined_vs_NP","Met+Fun",505,0.667,0.87821530651341
"Combined_vs_NP","Met+Fun",505,0.668,0.878675402298851
"Combined_vs_NP","Met+Fun",505,0.669,0.879135498084291
"Combined_vs_NP","Met+Fun",505,0.67,0.879595593869732
"Combined_vs_NP","Met+Fun",505,0.671,0.880055689655172
"Combined_vs_NP","Met+Fun",505,0.672,0.880515785440613
"Combined_vs_NP","Met+Fun",505,0.673,0.880975881226054
"Combined_vs_NP","Met+Fun",505,0.674,0.881435977011494
"Combined_vs_NP","Met+Fun",505,0.675,0.881896072796935
"Combined_vs_NP","Met+Fun",505,0.676,0.882356168582376
"Combined_vs_NP","Met+Fun",505,0.677,0.882816264367816
"Combined_vs_NP","Met+Fun",505,0.678,0.883219772851669
"Combined_vs_NP","Met+Fun",505,0.679,0.883379590859332
"Combined_vs_NP","Met+Fun",505,0.68,0.883476190476191
"Combined_vs_NP","Met+Fun",505,0.681,0.883541468253968
"Combined_vs_NP","Met+Fun",505,0.682,0.883606746031746
"Combined_vs_NP","Met+Fun",505,0.683,0.883672023809524
"Combined_vs_NP","Met+Fun",505,0.684,0.883737301587302
"Combined_vs_NP","Met+Fun",505,0.685,0.883802579365079
"Combined_vs_NP","Met+Fun",505,0.686,0.883867857142857
"Combined_vs_NP","Met+Fun",505,0.687,0.883933134920635
"Combined_vs_NP","Met+Fun",505,0.688,0.883998412698413
"Combined_vs_NP","Met+Fun",505,0.689,0.88406369047619
"Combined_vs_NP","Met+Fun",505,0.69,0.884128968253968
"Combined_vs_NP","Met+Fun",505,0.691,0.884194246031746
"Combined_vs_NP","Met+Fun",505,0.692,0.884259523809524
"Combined_vs_NP","Met+Fun",505,0.693,0.884324801587302
"Combined_vs_NP","Met+Fun",505,0.694,0.884390079365079
"Combined_vs_NP","Met+Fun",505,0.695,0.884455357142857
"Combined_vs_NP","Met+Fun",505,0.696,0.884520634920635
"Combined_vs_NP","Met+Fun",505,0.697,0.884585912698413
"Combined_vs_NP","Met+Fun",505,0.698,0.88465119047619
"Combined_vs_NP","Met+Fun",505,0.699,0.884716468253968
"Combined_vs_NP","Met+Fun",505,0.7,0.884781746031746
"Combined_vs_NP","Met+Fun",505,0.701,0.884847023809524
"Combined_vs_NP","Met+Fun",505,0.702,0.884912301587302
"Combined_vs_NP","Met+Fun",505,0.703,0.884977579365079
"Combined_vs_NP","Met+Fun",505,0.704,0.885042857142857
"Combined_vs_NP","Met+Fun",505,0.705,0.885108134920635
"Combined_vs_NP","Met+Fun",505,0.706,0.885173412698413
"Combined_vs_NP","Met+Fun",505,0.707,0.885238690476191
"Combined_vs_NP","Met+Fun",505,0.708,0.885303968253968
"Combined_vs_NP","Met+Fun",505,0.709,0.885369246031746
"Combined_vs_NP","Met+Fun",505,0.71,0.885434523809524
"Combined_vs_NP","Met+Fun",505,0.711,0.885499801587302
"Combined_vs_NP","Met+Fun",505,0.712,0.885565079365079
"Combined_vs_NP","Met+Fun",505,0.713,0.885630357142857
"Combined_vs_NP","Met+Fun",505,0.714,0.885695634920635
"Combined_vs_NP","Met+Fun",505,0.715,0.885760912698413
"Combined_vs_NP","Met+Fun",505,0.716,0.88582619047619
"Combined_vs_NP","Met+Fun",505,0.717,0.885891468253968
"Combined_vs_NP","Met+Fun",505,0.718,0.885956746031746
"Combined_vs_NP","Met+Fun",505,0.719,0.886022023809524
"Combined_vs_NP","Met+Fun",505,0.72,0.886087301587302
"Combined_vs_NP","Met+Fun",505,0.721,0.886228304002761
"Combined_vs_NP","Met+Fun",505,0.722,0.886412784679089
"Combined_vs_NP","Met+Fun",505,0.723,0.886597265355417
"Combined_vs_NP","Met+Fun",505,0.724,0.886781746031746
"Combined_vs_NP","Met+Fun",505,0.725,0.886966226708075
"Combined_vs_NP","Met+Fun",505,0.726,0.887150707384403
"Combined_vs_NP","Met+Fun",505,0.727,0.887335188060732
"Combined_vs_NP","Met+Fun",505,0.728,0.88751966873706
"Combined_vs_NP","Met+Fun",505,0.729,0.887704149413389
"Combined_vs_NP","Met+Fun",505,0.73,0.887888630089717
"Combined_vs_NP","Met+Fun",505,0.731,0.888073110766046
"Combined_vs_NP","Met+Fun",505,0.732,0.888257591442374
"Combined_vs_NP","Met+Fun",505,0.733,0.888442072118703
"Combined_vs_NP","Met+Fun",505,0.734,0.888626552795031
"Combined_vs_NP","Met+Fun",505,0.735,0.88881103347136
"Combined_vs_NP","Met+Fun",505,0.736,0.888995514147688
"Combined_vs_NP","Met+Fun",505,0.737,0.889179994824017
"Combined_vs_NP","Met+Fun",505,0.738,0.889364475500345
"Combined_vs_NP","Met+Fun",505,0.739,0.889548956176674
"Combined_vs_NP","Met+Fun",505,0.74,0.889733436853002
"Combined_vs_NP","Met+Fun",505,0.741,0.889917917529331
"Combined_vs_NP","Met+Fun",505,0.742,0.890111763285024
"Combined_vs_NP","Met+Fun",505,0.743,0.890322355072464
"Combined_vs_NP","Met+Fun",505,0.744,0.890532946859903
"Combined_vs_NP","Met+Fun",505,0.745,0.890765413647343
"Combined_vs_NP","Met+Fun",505,0.746,0.891044547101449
"Combined_vs_NP","Met+Fun",505,0.747,0.891323680555556
"Combined_vs_NP","Met+Fun",505,0.748,0.891602814009662
"Combined_vs_NP","Met+Fun",505,0.749,0.891881947463768
"Combined_vs_NP","Met+Fun",505,0.75,0.892161080917874
"Combined_vs_NP","Met+Fun",505,0.751,0.892440214371981
"Combined_vs_NP","Met+Fun",505,0.752,0.892719347826087
"Combined_vs_NP","Met+Fun",505,0.753,0.892998481280193
"Combined_vs_NP","Met+Fun",505,0.754,0.8932776147343
"Combined_vs_NP","Met+Fun",505,0.755,0.893556748188406
"Combined_vs_NP","Met+Fun",505,0.756,0.893852967836257
"Combined_vs_NP","Met+Fun",505,0.757,0.894157196637427
"Combined_vs_NP","Met+Fun",505,0.758,0.894461425438597
"Combined_vs_NP","Met+Fun",505,0.759,0.894765654239766
"Combined_vs_NP","Met+Fun",505,0.76,0.895069883040936
"Combined_vs_NP","Met+Fun",505,0.761,0.895374111842105
"Combined_vs_NP","Met+Fun",505,0.762,0.895678340643275
"Combined_vs_NP","Met+Fun",505,0.763,0.895995804738562
"Combined_vs_NP","Met+Fun",505,0.764,0.896461308049536
"Combined_vs_NP","Met+Fun",505,0.765,0.896926811360509
"Combined_vs_NP","Met+Fun",505,0.766,0.897392314671483
"Combined_vs_NP","Met+Fun",505,0.767,0.897857817982456
"Combined_vs_NP","Met+Fun",505,0.768,0.89832332129343
"Combined_vs_NP","Met+Fun",505,0.769,0.898788824604403
"Combined_vs_NP","Met+Fun",505,0.77,0.899254327915377
"Combined_vs_NP","Met+Fun",505,0.771,0.89978608122635
"Combined_vs_NP","Met+Fun",505,0.772,0.900388667870657
"Combined_vs_NP","Met+Fun",505,0.773,0.900991254514964
"Combined_vs_NP","Met+Fun",505,0.774,0.901593841159271
"Combined_vs_NP","Met+Fun",505,0.775,0.902196427803578
"Combined_vs_NP","Met+Fun",505,0.776,0.902799014447884
"Combined_vs_NP","Met+Fun",505,0.777,0.903401601092191
"Combined_vs_NP","Met+Fun",505,0.778,0.904004187736498
"Combined_vs_NP","Met+Fun",505,0.779,0.904606774380805
"Combined_vs_NP","Met+Fun",505,0.78,0.905209361025112
"Combined_vs_NP","Met+Fun",505,0.781,0.905811947669419
"Combined_vs_NP","Met+Fun",505,0.782,0.906414534313726
"Combined_vs_NP","Met+Fun",505,0.783,0.907017120958032
"Combined_vs_NP","Met+Fun",505,0.784,0.907619707602339
"Combined_vs_NP","Met+Fun",505,0.785,0.908106066176471
"Combined_vs_NP","Met+Fun",505,0.786,0.908564354575163
"Combined_vs_NP","Met+Fun",505,0.787,0.909022642973856
"Combined_vs_NP","Met+Fun",505,0.788,0.909494931372549
"Combined_vs_NP","Met+Fun",505,0.789,0.909955898809524
"Combined_vs_NP","Met+Fun",505,0.79,0.910369107142857
"Combined_vs_NP","Met+Fun",505,0.791,0.91078231547619
"Combined_vs_NP","Met+Fun",505,0.792,0.911195523809524
"Combined_vs_NP","Met+Fun",505,0.793,0.911608732142857
"Combined_vs_NP","Met+Fun",505,0.794,0.91202194047619
"Combined_vs_NP","Met+Fun",505,0.795,0.912435148809524
"Combined_vs_NP","Met+Fun",505,0.796,0.912848357142857
"Combined_vs_NP","Met+Fun",505,0.797,0.913261565476191
"Combined_vs_NP","Met+Fun",505,0.798,0.913674773809524
"Combined_vs_NP","Met+Fun",505,0.799,0.914087982142857
"Combined_vs_NP","Met+Fun",505,0.8,0.91450119047619
"Combined_vs_NP","Met+Fun",505,0.801,0.91490231547619
"Combined_vs_NP","Met+Fun",505,0.802,0.91517844047619
"Combined_vs_NP","Met+Fun",505,0.803,0.91545456547619
"Combined_vs_NP","Met+Fun",505,0.804,0.91573069047619
"Combined_vs_NP","Met+Fun",505,0.805,0.91600681547619
"Combined_vs_NP","Met+Fun",505,0.806,0.91624669047619
"Combined_vs_NP","Met+Fun",505,0.807,0.916454273809524
"Combined_vs_NP","Met+Fun",505,0.808,0.916661857142857
"Combined_vs_NP","Met+Fun",505,0.809,0.91686944047619
"Combined_vs_NP","Met+Fun",505,0.81,0.917077023809524
"Combined_vs_NP","Met+Fun",505,0.811,0.917284607142857
"Combined_vs_NP","Met+Fun",505,0.812,0.91749219047619
"Combined_vs_NP","Met+Fun",505,0.813,0.917699773809524
"Combined_vs_NP","Met+Fun",505,0.814,0.917907357142857
"Combined_vs_NP","Met+Fun",505,0.815,0.91811494047619
"Combined_vs_NP","Met+Fun",505,0.816,0.918322523809524
"Combined_vs_NP","Met+Fun",505,0.817,0.918530107142857
"Combined_vs_NP","Met+Fun",505,0.818,0.91873769047619
"Combined_vs_NP","Met+Fun",505,0.819,0.918945273809524
"Combined_vs_NP","Met+Fun",505,0.82,0.919152857142857
"Combined_vs_NP","Met+Fun",505,0.821,0.91936044047619
"Combined_vs_NP","Met+Fun",505,0.822,0.919568023809524
"Combined_vs_NP","Met+Fun",505,0.823,0.919775607142857
"Combined_vs_NP","Met+Fun",505,0.824,0.91998319047619
"Combined_vs_NP","Met+Fun",505,0.825,0.920190773809524
"Combined_vs_NP","Met+Fun",505,0.826,0.92031369047619
"Combined_vs_NP","Met+Fun",505,0.827,0.920411607142857
"Combined_vs_NP","Met+Fun",505,0.828,0.920509523809524
"Combined_vs_NP","Met+Fun",505,0.829,0.92060744047619
"Combined_vs_NP","Met+Fun",505,0.83,0.920705357142857
"Combined_vs_NP","Met+Fun",505,0.831,0.920803273809524
"Combined_vs_NP","Met+Fun",505,0.832,0.92096
"Combined_vs_NP","Met+Fun",505,0.833,0.921142777777778
"Combined_vs_NP","Met+Fun",505,0.834,0.921325555555556
"Combined_vs_NP","Met+Fun",505,0.835,0.921508333333333
"Combined_vs_NP","Met+Fun",505,0.836,0.921691111111111
"Combined_vs_NP","Met+Fun",505,0.837,0.921873888888889
"Combined_vs_NP","Met+Fun",505,0.838,0.922056666666667
"Combined_vs_NP","Met+Fun",505,0.839,0.922239444444444
"Combined_vs_NP","Met+Fun",505,0.84,0.922422222222222
"Combined_vs_NP","Met+Fun",505,0.841,0.922605
"Combined_vs_NP","Met+Fun",505,0.842,0.922787777777778
"Combined_vs_NP","Met+Fun",505,0.843,0.922970555555556
"Combined_vs_NP","Met+Fun",505,0.844,0.923153333333333
"Combined_vs_NP","Met+Fun",505,0.845,0.923336111111111
"Combined_vs_NP","Met+Fun",505,0.846,0.923518888888889
"Combined_vs_NP","Met+Fun",505,0.847,0.923701666666667
"Combined_vs_NP","Met+Fun",505,0.848,0.923884444444444
"Combined_vs_NP","Met+Fun",505,0.849,0.924067222222222
"Combined_vs_NP","Met+Fun",505,0.85,0.92425
"Combined_vs_NP","Met+Fun",505,0.851,0.924432777777778
"Combined_vs_NP","Met+Fun",505,0.852,0.924732222222222
"Combined_vs_NP","Met+Fun",505,0.853,0.925039621212121
"Combined_vs_NP","Met+Fun",505,0.854,0.92534702020202
"Combined_vs_NP","Met+Fun",505,0.855,0.926105113636364
"Combined_vs_NP","Met+Fun",505,0.856,0.926915151515151
"Combined_vs_NP","Met+Fun",505,0.857,0.927725189393939
"Combined_vs_NP","Met+Fun",505,0.858,0.928731060606061
"Combined_vs_NP","Met+Fun",505,0.859,0.929769570707071
"Combined_vs_NP","Met+Fun",505,0.86,0.930808080808081
"Combined_vs_NP","Met+Fun",505,0.861,0.931426278409091
"Combined_vs_NP","Met+Fun",505,0.862,0.931950726010101
"Combined_vs_NP","Met+Fun",505,0.863,0.932475173611111
"Combined_vs_NP","Met+Fun",505,0.864,0.932999621212121
"Combined_vs_NP","Met+Fun",505,0.865,0.933524068813131
"Combined_vs_NP","Met+Fun",505,0.866,0.934048516414141
"Combined_vs_NP","Met+Fun",505,0.867,0.934572964015152
"Combined_vs_NP","Met+Fun",505,0.868,0.935097411616162
"Combined_vs_NP","Met+Fun",505,0.869,0.935621859217172
"Combined_vs_NP","Met+Fun",505,0.87,0.936146306818182
"Combined_vs_NP","Met+Fun",505,0.871,0.936670754419192
"Combined_vs_NP","Met+Fun",505,0.872,0.937195202020202
"Combined_vs_NP","Met+Fun",505,0.873,0.937719649621212
"Combined_vs_NP","Met+Fun",505,0.874,0.938244097222222
"Combined_vs_NP","Met+Fun",505,0.875,0.938768544823232
"Combined_vs_NP","Met+Fun",505,0.876,0.939151325757576
"Combined_vs_NP","Met+Fun",505,0.877,0.939447301136364
"Combined_vs_NP","Met+Fun",505,0.878,0.939743276515152
"Combined_vs_NP","Met+Fun",505,0.879,0.940357585227273
"Combined_vs_NP","Met+Fun",505,0.88,0.941201893939394
"Combined_vs_NP","Met+Fun",505,0.881,0.942046202651515
"Combined_vs_NP","Met+Fun",505,0.882,0.942890511363636
"Combined_vs_NP","Met+Fun",505,0.883,0.943734820075758
"Combined_vs_NP","Met+Fun",505,0.884,0.944579128787879
"Combined_vs_NP","Met+Fun",505,0.885,0.945447413793103
"Combined_vs_NP","Met+Fun",505,0.886,0.946339529780564
"Combined_vs_NP","Met+Fun",505,0.887,0.947231645768025
"Combined_vs_NP","Met+Fun",505,0.888,0.948123761755486
"Combined_vs_NP","Met+Fun",505,0.889,0.949015877742947
"Combined_vs_NP","Met+Fun",505,0.89,0.949907993730408
"Combined_vs_NP","Met+Fun",505,0.891,0.950800109717868
"Combined_vs_NP","Met+Fun",505,0.892,0.951692225705329
"Combined_vs_NP","Met+Fun",505,0.893,0.95258434169279
"Combined_vs_NP","Met+Fun",505,0.894,0.953520207680251
"Combined_vs_NP","Met+Fun",505,0.895,0.954526559778823
"Combined_vs_NP","Met+Fun",505,0.896,0.955532911877395
"Combined_vs_NP","Met+Fun",505,0.897,0.956575481924685
"Combined_vs_NP","Met+Fun",505,0.898,0.957687282741205
"Combined_vs_NP","Met+Fun",505,0.899,0.958799083557726
"Combined_vs_NP","Met+Fun",505,0.9,0.959910884374246
"Combined_vs_NP","Met+Fun",505,0.901,0.961022685190767
"Combined_vs_NP","Met+Fun",505,0.902,0.961635502050069
"Combined_vs_NP","Met+Fun",505,0.903,0.962111001618817
"Combined_vs_NP","Met+Fun",505,0.904,0.962586501187566
"Combined_vs_NP","Met+Fun",505,0.905,0.963062000756315
"Combined_vs_NP","Met+Fun",505,0.906,0.963537500325064
"Combined_vs_NP","Met+Fun",505,0.907,0.964012999893813
"Combined_vs_NP","Met+Fun",505,0.908,0.964488499462561
"Combined_vs_NP","Met+Fun",505,0.909,0.96496399903131
"Combined_vs_NP","Met+Fun",505,0.91,0.965439498600059
"Combined_vs_NP","Met+Fun",505,0.911,0.965914998168808
"Combined_vs_NP","Met+Fun",505,0.912,0.966390497737557
"Combined_vs_NP","Met+Fun",505,0.913,0.966865997306305
"Combined_vs_NP","Met+Fun",505,0.914,0.967341496875054
"Combined_vs_NP","Met+Fun",505,0.915,0.967816996443803
"Combined_vs_NP","Met+Fun",505,0.916,0.968292496012552
"Combined_vs_NP","Met+Fun",505,0.917,0.968767995581301
"Combined_vs_NP","Met+Fun",505,0.918,0.969243495150049
"Combined_vs_NP","Met+Fun",505,0.919,0.969718994718798
"Combined_vs_NP","Met+Fun",505,0.92,0.970194494287547
"Combined_vs_NP","Met+Fun",505,0.921,0.970669993856296
"Combined_vs_NP","Met+Fun",505,0.922,0.971145493425045
"Combined_vs_NP","Met+Fun",505,0.923,0.971620992993793
"Combined_vs_NP","Met+Fun",505,0.924,0.972096492562542
"Combined_vs_NP","Met+Fun",505,0.925,0.972571992131291
"Combined_vs_NP","Met+Fun",505,0.926,0.97304749170004
"Combined_vs_NP","Met+Fun",505,0.927,0.973522991268789
"Combined_vs_NP","Met+Fun",505,0.928,0.973845549661067
"Combined_vs_NP","Met+Fun",505,0.929,0.974192694978632
"Combined_vs_NP","Met+Fun",505,0.93,0.974583733974359
"Combined_vs_NP","Met+Fun",505,0.931,0.975254286858974
"Combined_vs_NP","Met+Fun",505,0.932,0.975952884615385
"Combined_vs_NP","Met+Fun",505,0.933,0.976651482371795
"Combined_vs_NP","Met+Fun",505,0.934,0.977350080128205
"Combined_vs_NP","Met+Fun",505,0.935,0.978048677884615
"Combined_vs_NP","Met+Fun",505,0.936,0.978747275641026
"Combined_vs_NP","Met+Fun",505,0.937,0.979358373397436
"Combined_vs_NP","Met+Fun",505,0.938,0.979951522435897
"Combined_vs_NP","Met+Fun",505,0.939,0.980544671474359
"Combined_vs_NP","Met+Fun",505,0.94,0.981137820512821
"Combined_vs_NP","Met+Fun",505,0.941,0.981730969551282
"Combined_vs_NP","Met+Fun",505,0.942,0.982324118589744
"Combined_vs_NP","Met+Fun",505,0.943,0.982917267628205
"Combined_vs_NP","Met+Fun",505,0.944,0.983510416666667
"Combined_vs_NP","Met+Fun",505,0.945,0.984103565705128
"Combined_vs_NP","Met+Fun",505,0.946,0.98469671474359
"Combined_vs_NP","Met+Fun",505,0.947,0.985289863782051
"Combined_vs_NP","Met+Fun",505,0.948,0.985883012820513
"Combined_vs_NP","Met+Fun",505,0.949,0.986476161858974
"Combined_vs_NP","Met+Fun",505,0.95,0.987005208333333
"Combined_vs_NP","Met+Fun",505,0.951,0.9871765625
"Combined_vs_NP","Met+Fun",505,0.952,0.988214583333333
"Combined_vs_NP","Met+Fun",505,0.953,0.9897375
"Combined_vs_NP","Met+Fun",505,0.954,0.991108333333333
"Combined_vs_NP","Met+Fun",505,0.955,0.991666666666667
"Combined_vs_NP","Met+Fun",505,0.956,0.991666666666667
"Combined_vs_NP","Met+Fun",505,0.957,0.991666666666667
"Combined_vs_NP","Met+Fun",505,0.958,0.991666666666667
"Combined_vs_NP","Met+Fun",505,0.959,0.995833333333333
"Combined_vs_NP","Met+Fun",505,0.96,0.995833333333333
"Combined_vs_NP","Met+Fun",505,0.961,0.995833333333333
"Combined_vs_NP","Met+Fun",505,0.962,0.995833333333333
"Combined_vs_NP","Met+Fun",505,0.963,0.995833333333333
"Combined_vs_NP","Met+Fun",505,0.964,0.995833333333333
"Combined_vs_NP","Met+Fun",505,0.965,0.995833333333333
"Combined_vs_NP","Met+Fun",505,0.966,0.995833333333333
"Combined_vs_NP","Met+Fun",505,0.967,0.995833333333333
"Combined_vs_NP","Met+Fun",505,0.968,0.995833333333333
"Combined_vs_NP","Met+Fun",505,0.969,0.995833333333333
"Combined_vs_NP","Met+Fun",505,0.97,0.995833333333333
"Combined_vs_NP","Met+Fun",505,0.971,0.995833333333333
"Combined_vs_NP","Met+Fun",505,0.972,0.995833333333333
"Combined_vs_NP","Met+Fun",505,0.973,0.995833333333333
"Combined_vs_NP","Met+Fun",505,0.974,0.995833333333333
"Combined_vs_NP","Met+Fun",505,0.975,0.995833333333333
"Combined_vs_NP","Met+Fun",505,0.976,0.995833333333333
"Combined_vs_NP","Met+Fun",505,0.977,0.995833333333333
"Combined_vs_NP","Met+Fun",505,0.978,0.995833333333333
"Combined_vs_NP","Met+Fun",505,0.979,0.995833333333333
"Combined_vs_NP","Met+Fun",505,0.98,0.995833333333333
"Combined_vs_NP","Met+Fun",505,0.981,0.995833333333333
"Combined_vs_NP","Met+Fun",505,0.982,0.995833333333333
"Combined_vs_NP","Met+Fun",505,0.983,0.995833333333333
"Combined_vs_NP","Met+Fun",505,0.984,0.995833333333333
"Combined_vs_NP","Met+Fun",505,0.985,0.995893518518518
"Combined_vs_NP","Met+Fun",505,0.986,0.996198148148148
"Combined_vs_NP","Met+Fun",505,0.987,0.996502777777778
"Combined_vs_NP","Met+Fun",505,0.988,0.996807407407407
"Combined_vs_NP","Met+Fun",505,0.989,0.997112037037037
"Combined_vs_NP","Met+Fun",505,0.99,0.997416666666667
"Combined_vs_NP","Met+Fun",505,0.991,0.997721296296296
"Combined_vs_NP","Met+Fun",505,0.992,0.998025925925926
"Combined_vs_NP","Met+Fun",505,0.993,0.998330555555555
"Combined_vs_NP","Met+Fun",505,0.994,0.998635185185185
"Combined_vs_NP","Met+Fun",505,0.995,0.998939814814815
"Combined_vs_NP","Met+Fun",505,0.996,0.999244444444444
"Combined_vs_NP","Met+Fun",505,0.997,0.999549074074074
"Combined_vs_NP","Met+Fun",505,0.998,0.999853703703704
"Combined_vs_NP","Met+Fun",505,0.999,1
"Combined_vs_NP","Met+Fun",505,1,1
"Combined_vs_NP","Met+Bac",505,0,0
"Combined_vs_NP","Met+Bac",505,0.001,0
"Combined_vs_NP","Met+Bac",505,0.002,0
"Combined_vs_NP","Met+Bac",505,0.003,0
"Combined_vs_NP","Met+Bac",505,0.004,0
"Combined_vs_NP","Met+Bac",505,0.005,0.0125
"Combined_vs_NP","Met+Bac",505,0.006,0.0125
"Combined_vs_NP","Met+Bac",505,0.007,0.0208333333333333
"Combined_vs_NP","Met+Bac",505,0.008,0.0291666666666667
"Combined_vs_NP","Met+Bac",505,0.009,0.0291666666666667
"Combined_vs_NP","Met+Bac",505,0.01,0.0416666666666667
"Combined_vs_NP","Met+Bac",505,0.011,0.0416666666666667
"Combined_vs_NP","Met+Bac",505,0.012,0.0416666666666667
"Combined_vs_NP","Met+Bac",505,0.013,0.0416666666666667
"Combined_vs_NP","Met+Bac",505,0.014,0.0416666666666667
"Combined_vs_NP","Met+Bac",505,0.015,0.0416666666666667
"Combined_vs_NP","Met+Bac",505,0.016,0.0458333333333333
"Combined_vs_NP","Met+Bac",505,0.017,0.05
"Combined_vs_NP","Met+Bac",505,0.018,0.05
"Combined_vs_NP","Met+Bac",505,0.019,0.0541666666666667
"Combined_vs_NP","Met+Bac",505,0.02,0.0541666666666667
"Combined_vs_NP","Met+Bac",505,0.021,0.0541666666666667
"Combined_vs_NP","Met+Bac",505,0.022,0.0728166666666667
"Combined_vs_NP","Met+Bac",505,0.023,0.0797250000000001
"Combined_vs_NP","Met+Bac",505,0.024,0.0824666666666667
"Combined_vs_NP","Met+Bac",505,0.025,0.0916666666666667
"Combined_vs_NP","Met+Bac",505,0.026,0.108783333333333
"Combined_vs_NP","Met+Bac",505,0.027,0.111525
"Combined_vs_NP","Met+Bac",505,0.028,0.12765
"Combined_vs_NP","Met+Bac",505,0.029,0.131591666666667
"Combined_vs_NP","Met+Bac",505,0.03,0.134333333333333
"Combined_vs_NP","Met+Bac",505,0.031,0.1404125
"Combined_vs_NP","Met+Bac",505,0.032,0.146183333333333
"Combined_vs_NP","Met+Bac",505,0.033,0.150295833333333
"Combined_vs_NP","Met+Bac",505,0.034,0.157025
"Combined_vs_NP","Met+Bac",505,0.035,0.158333333333333
"Combined_vs_NP","Met+Bac",505,0.036,0.158333333333333
"Combined_vs_NP","Met+Bac",505,0.037,0.158333333333333
"Combined_vs_NP","Met+Bac",505,0.038,0.162505555555556
"Combined_vs_NP","Met+Bac",505,0.039,0.163419444444444
"Combined_vs_NP","Met+Bac",505,0.04,0.176833333333333
"Combined_vs_NP","Met+Bac",505,0.041,0.177747222222222
"Combined_vs_NP","Met+Bac",505,0.042,0.181311111111111
"Combined_vs_NP","Met+Bac",505,0.043,0.184558333333334
"Combined_vs_NP","Met+Bac",505,0.044,0.1873
"Combined_vs_NP","Met+Bac",505,0.045,0.190041666666667
"Combined_vs_NP","Met+Bac",505,0.046,0.1939
"Combined_vs_NP","Met+Bac",505,0.047,0.199383333333334
"Combined_vs_NP","Met+Bac",505,0.048,0.2066
"Combined_vs_NP","Met+Bac",505,0.049,0.209341666666667
"Combined_vs_NP","Met+Bac",505,0.05,0.212083333333333
"Combined_vs_NP","Met+Bac",505,0.051,0.216666666666667
"Combined_vs_NP","Met+Bac",505,0.052,0.220833333333333
"Combined_vs_NP","Met+Bac",505,0.053,0.220833333333333
"Combined_vs_NP","Met+Bac",505,0.054,0.221941666666667
"Combined_vs_NP","Met+Bac",505,0.055,0.223708333333334
"Combined_vs_NP","Met+Bac",505,0.056,0.22645
"Combined_vs_NP","Met+Bac",505,0.057,0.2281375
"Combined_vs_NP","Met+Bac",505,0.058,0.229166666666667
"Combined_vs_NP","Met+Bac",505,0.059,0.229166666666667
"Combined_vs_NP","Met+Bac",505,0.06,0.229166666666667
"Combined_vs_NP","Met+Bac",505,0.061,0.229166666666667
"Combined_vs_NP","Met+Bac",505,0.062,0.229166666666667
"Combined_vs_NP","Met+Bac",505,0.063,0.23295
"Combined_vs_NP","Met+Bac",505,0.064,0.2375
"Combined_vs_NP","Met+Bac",505,0.065,0.2375
"Combined_vs_NP","Met+Bac",505,0.066,0.2375
"Combined_vs_NP","Met+Bac",505,0.067,0.241666666666667
"Combined_vs_NP","Met+Bac",505,0.068,0.241666666666667
"Combined_vs_NP","Met+Bac",505,0.069,0.242225
"Combined_vs_NP","Met+Bac",505,0.07,0.243263888888889
"Combined_vs_NP","Met+Bac",505,0.071,0.245548611111111
"Combined_vs_NP","Met+Bac",505,0.072,0.247833333333333
"Combined_vs_NP","Met+Bac",505,0.073,0.25
"Combined_vs_NP","Met+Bac",505,0.074,0.25
"Combined_vs_NP","Met+Bac",505,0.075,0.251458333333333
"Combined_vs_NP","Met+Bac",505,0.076,0.254177777777778
"Combined_vs_NP","Met+Bac",505,0.077,0.255091666666667
"Combined_vs_NP","Met+Bac",505,0.078,0.256005555555556
"Combined_vs_NP","Met+Bac",505,0.079,0.256919444444444
"Combined_vs_NP","Met+Bac",505,0.08,0.2585
"Combined_vs_NP","Met+Bac",505,0.081,0.259685416666667
"Combined_vs_NP","Met+Bac",505,0.082,0.260370833333333
"Combined_vs_NP","Met+Bac",505,0.083,0.26105625
"Combined_vs_NP","Met+Bac",505,0.084,0.262875
"Combined_vs_NP","Met+Bac",505,0.085,0.266302083333333
"Combined_vs_NP","Met+Bac",505,0.086,0.272466666666667
"Combined_vs_NP","Met+Bac",505,0.087,0.274294444444444
"Combined_vs_NP","Met+Bac",505,0.088,0.276122222222222
"Combined_vs_NP","Met+Bac",505,0.089,0.27795
"Combined_vs_NP","Met+Bac",505,0.09,0.279777777777778
"Combined_vs_NP","Met+Bac",505,0.091,0.281605555555555
"Combined_vs_NP","Met+Bac",505,0.092,0.28455
"Combined_vs_NP","Met+Bac",505,0.093,0.287748611111111
"Combined_vs_NP","Met+Bac",505,0.094,0.290947222222222
"Combined_vs_NP","Met+Bac",505,0.095,0.295833333333333
"Combined_vs_NP","Met+Bac",505,0.096,0.295833333333333
"Combined_vs_NP","Met+Bac",505,0.097,0.295833333333333
"Combined_vs_NP","Met+Bac",505,0.098,0.296505555555556
"Combined_vs_NP","Met+Bac",505,0.099,0.297419444444444
"Combined_vs_NP","Met+Bac",505,0.1,0.298333333333333
"Combined_vs_NP","Met+Bac",505,0.101,0.299247222222222
"Combined_vs_NP","Met+Bac",505,0.102,0.3
"Combined_vs_NP","Met+Bac",505,0.103,0.3
"Combined_vs_NP","Met+Bac",505,0.104,0.3
"Combined_vs_NP","Met+Bac",505,0.105,0.3
"Combined_vs_NP","Met+Bac",505,0.106,0.3
"Combined_vs_NP","Met+Bac",505,0.107,0.301691666666667
"Combined_vs_NP","Met+Bac",505,0.108,0.304433333333333
"Combined_vs_NP","Met+Bac",505,0.109,0.307175
"Combined_vs_NP","Met+Bac",505,0.11,0.314083333333333
"Combined_vs_NP","Met+Bac",505,0.111,0.316666666666667
"Combined_vs_NP","Met+Bac",505,0.112,0.316666666666667
"Combined_vs_NP","Met+Bac",505,0.113,0.317158333333333
"Combined_vs_NP","Met+Bac",505,0.114,0.318072222222222
"Combined_vs_NP","Met+Bac",505,0.115,0.318986111111111
"Combined_vs_NP","Met+Bac",505,0.116,0.320241666666667
"Combined_vs_NP","Met+Bac",505,0.117,0.321840972222222
"Combined_vs_NP","Met+Bac",505,0.118,0.322545833333333
"Combined_vs_NP","Met+Bac",505,0.119,0.323860416666667
"Combined_vs_NP","Met+Bac",505,0.12,0.325916666666667
"Combined_vs_NP","Met+Bac",505,0.121,0.327972916666667
"Combined_vs_NP","Met+Bac",505,0.122,0.329330952380952
"Combined_vs_NP","Met+Bac",505,0.123,0.329722619047619
"Combined_vs_NP","Met+Bac",505,0.124,0.334280952380952
"Combined_vs_NP","Met+Bac",505,0.125,0.334672619047619
"Combined_vs_NP","Met+Bac",505,0.126,0.335064285714286
"Combined_vs_NP","Met+Bac",505,0.127,0.335455952380952
"Combined_vs_NP","Met+Bac",505,0.128,0.336034285714286
"Combined_vs_NP","Met+Bac",505,0.129,0.336974285714286
"Combined_vs_NP","Met+Bac",505,0.13,0.337914285714286
"Combined_vs_NP","Met+Bac",505,0.131,0.339019285714286
"Combined_vs_NP","Met+Bac",505,0.132,0.340507619047619
"Combined_vs_NP","Met+Bac",505,0.133,0.34169
"Combined_vs_NP","Met+Bac",505,0.134,0.342786666666667
"Combined_vs_NP","Met+Bac",505,0.135,0.343883333333333
"Combined_vs_NP","Met+Bac",505,0.136,0.344573333333333
"Combined_vs_NP","Met+Bac",505,0.137,0.345121666666667
"Combined_vs_NP","Met+Bac",505,0.138,0.34567
"Combined_vs_NP","Met+Bac",505,0.139,0.345833333333333
"Combined_vs_NP","Met+Bac",505,0.14,0.345833333333333
"Combined_vs_NP","Met+Bac",505,0.141,0.345833333333333
"Combined_vs_NP","Met+Bac",505,0.142,0.345833333333333
"Combined_vs_NP","Met+Bac",505,0.143,0.345833333333333
"Combined_vs_NP","Met+Bac",505,0.144,0.345833333333333
"Combined_vs_NP","Met+Bac",505,0.145,0.345833333333333
"Combined_vs_NP","Met+Bac",505,0.146,0.345833333333333
"Combined_vs_NP","Met+Bac",505,0.147,0.345833333333333
"Combined_vs_NP","Met+Bac",505,0.148,0.345833333333333
"Combined_vs_NP","Met+Bac",505,0.149,0.345938333333333
"Combined_vs_NP","Met+Bac",505,0.15,0.347583333333333
"Combined_vs_NP","Met+Bac",505,0.151,0.35072
"Combined_vs_NP","Met+Bac",505,0.152,0.355066666666667
"Combined_vs_NP","Met+Bac",505,0.153,0.357808333333333
"Combined_vs_NP","Met+Bac",505,0.154,0.36055
"Combined_vs_NP","Met+Bac",505,0.155,0.363291666666667
"Combined_vs_NP","Met+Bac",505,0.156,0.366933333333334
"Combined_vs_NP","Met+Bac",505,0.157,0.369823888888889
"Combined_vs_NP","Met+Bac",505,0.158,0.371834444444445
"Combined_vs_NP","Met+Bac",505,0.159,0.373845
"Combined_vs_NP","Met+Bac",505,0.16,0.375
"Combined_vs_NP","Met+Bac",505,0.161,0.375
"Combined_vs_NP","Met+Bac",505,0.162,0.3761175
"Combined_vs_NP","Met+Bac",505,0.163,0.37735125
"Combined_vs_NP","Met+Bac",505,0.164,0.378585
"Combined_vs_NP","Met+Bac",505,0.165,0.38100625
"Combined_vs_NP","Met+Bac",505,0.166,0.3877775
"Combined_vs_NP","Met+Bac",505,0.167,0.390382083333333
"Combined_vs_NP","Met+Bac",505,0.168,0.392193333333333
"Combined_vs_NP","Met+Bac",505,0.169,0.393950555555556
"Combined_vs_NP","Met+Bac",505,0.17,0.395961111111111
"Combined_vs_NP","Met+Bac",505,0.171,0.39828
"Combined_vs_NP","Met+Bac",505,0.172,0.400682222222222
"Combined_vs_NP","Met+Bac",505,0.173,0.403084444444445
"Combined_vs_NP","Met+Bac",505,0.174,0.405486666666667
"Combined_vs_NP","Met+Bac",505,0.175,0.407638888888889
"Combined_vs_NP","Met+Bac",505,0.176,0.408944444444444
"Combined_vs_NP","Met+Bac",505,0.177,0.41025
"Combined_vs_NP","Met+Bac",505,0.178,0.4115125
"Combined_vs_NP","Met+Bac",505,0.179,0.412589583333333
"Combined_vs_NP","Met+Bac",505,0.18,0.413666666666667
"Combined_vs_NP","Met+Bac",505,0.181,0.414685416666667
"Combined_vs_NP","Met+Bac",505,0.182,0.415370833333333
"Combined_vs_NP","Met+Bac",505,0.183,0.416271875
"Combined_vs_NP","Met+Bac",505,0.184,0.417225
"Combined_vs_NP","Met+Bac",505,0.185,0.417567708333333
"Combined_vs_NP","Met+Bac",505,0.186,0.417910416666667
"Combined_vs_NP","Met+Bac",505,0.187,0.418253125
"Combined_vs_NP","Met+Bac",505,0.188,0.418595833333333
"Combined_vs_NP","Met+Bac",505,0.189,0.419541875
"Combined_vs_NP","Met+Bac",505,0.19,0.42098125
"Combined_vs_NP","Met+Bac",505,0.191,0.422420625
"Combined_vs_NP","Met+Bac",505,0.192,0.42421
"Combined_vs_NP","Met+Bac",505,0.193,0.426334791666667
"Combined_vs_NP","Met+Bac",505,0.194,0.428459583333333
"Combined_vs_NP","Met+Bac",505,0.195,0.430422916666667
"Combined_vs_NP","Met+Bac",505,0.196,0.432205
"Combined_vs_NP","Met+Bac",505,0.197,0.43294375
"Combined_vs_NP","Met+Bac",505,0.198,0.433502380952381
"Combined_vs_NP","Met+Bac",505,0.199,0.433894047619048
"Combined_vs_NP","Met+Bac",505,0.2,0.434285714285714
"Combined_vs_NP","Met+Bac",505,0.201,0.434677380952381
"Combined_vs_NP","Met+Bac",505,0.202,0.435069047619048
"Combined_vs_NP","Met+Bac",505,0.203,0.435460714285714
"Combined_vs_NP","Met+Bac",505,0.204,0.436819047619048
"Combined_vs_NP","Met+Bac",505,0.205,0.439952380952381
"Combined_vs_NP","Met+Bac",505,0.206,0.440802380952381
"Combined_vs_NP","Met+Bac",505,0.207,0.441194047619048
"Combined_vs_NP","Met+Bac",505,0.208,0.441585714285714
"Combined_vs_NP","Met+Bac",505,0.209,0.442391666666667
"Combined_vs_NP","Met+Bac",505,0.21,0.443493055555556
"Combined_vs_NP","Met+Bac",505,0.211,0.445092361111111
"Combined_vs_NP","Met+Bac",505,0.212,0.447208333333333
"Combined_vs_NP","Met+Bac",505,0.213,0.449279166666667
"Combined_vs_NP","Met+Bac",505,0.214,0.45065
"Combined_vs_NP","Met+Bac",505,0.215,0.452510416666667
"Combined_vs_NP","Met+Bac",505,0.216,0.454433333333333
"Combined_vs_NP","Met+Bac",505,0.217,0.455804166666667
"Combined_vs_NP","Met+Bac",505,0.218,0.460879166666667
"Combined_vs_NP","Met+Bac",505,0.219,0.461564583333333
"Combined_vs_NP","Met+Bac",505,0.22,0.46225
"Combined_vs_NP","Met+Bac",505,0.221,0.4625
"Combined_vs_NP","Met+Bac",505,0.222,0.4625
"Combined_vs_NP","Met+Bac",505,0.223,0.4625
"Combined_vs_NP","Met+Bac",505,0.224,0.4625
"Combined_vs_NP","Met+Bac",505,0.225,0.462526041666667
"Combined_vs_NP","Met+Bac",505,0.226,0.46286875
"Combined_vs_NP","Met+Bac",505,0.227,0.463719791666667
"Combined_vs_NP","Met+Bac",505,0.228,0.464976388888889
"Combined_vs_NP","Met+Bac",505,0.229,0.466232986111111
"Combined_vs_NP","Met+Bac",505,0.23,0.467489583333333
"Combined_vs_NP","Met+Bac",505,0.231,0.468746180555556
"Combined_vs_NP","Met+Bac",505,0.232,0.469853846153846
"Combined_vs_NP","Met+Bac",505,0.233,0.475127724358974
"Combined_vs_NP","Met+Bac",505,0.234,0.476234935897436
"Combined_vs_NP","Met+Bac",505,0.235,0.477342147435897
"Combined_vs_NP","Met+Bac",505,0.236,0.478449358974359
"Combined_vs_NP","Met+Bac",505,0.237,0.47955657051282
"Combined_vs_NP","Met+Bac",505,0.238,0.480349198717949
"Combined_vs_NP","Met+Bac",505,0.239,0.481113701923077
"Combined_vs_NP","Met+Bac",505,0.24,0.481878205128205
"Combined_vs_NP","Met+Bac",505,0.241,0.482642708333333
"Combined_vs_NP","Met+Bac",505,0.242,0.483505544871795
"Combined_vs_NP","Met+Bac",505,0.243,0.48454421474359
"Combined_vs_NP","Met+Bac",505,0.244,0.485870384615385
"Combined_vs_NP","Met+Bac",505,0.245,0.487251762820513
"Combined_vs_NP","Met+Bac",505,0.246,0.488633141025641
"Combined_vs_NP","Met+Bac",505,0.247,0.490014519230769
"Combined_vs_NP","Met+Bac",505,0.248,0.491395897435897
"Combined_vs_NP","Met+Bac",505,0.249,0.492777275641026
"Combined_vs_NP","Met+Bac",505,0.25,0.493637820512821
"Combined_vs_NP","Met+Bac",505,0.251,0.494583611111111
"Combined_vs_NP","Met+Bac",505,0.252,0.49632
"Combined_vs_NP","Met+Bac",505,0.253,0.498056388888889
"Combined_vs_NP","Met+Bac",505,0.254,0.499792777777778
"Combined_vs_NP","Met+Bac",505,0.255,0.501529166666667
"Combined_vs_NP","Met+Bac",505,0.256,0.504976666666667
"Combined_vs_NP","Met+Bac",505,0.257,0.508917083333333
"Combined_vs_NP","Met+Bac",505,0.258,0.5112475
"Combined_vs_NP","Met+Bac",505,0.259,0.51322625
"Combined_vs_NP","Met+Bac",505,0.26,0.515008333333333
"Combined_vs_NP","Met+Bac",505,0.261,0.516790416666667
"Combined_vs_NP","Met+Bac",505,0.262,0.52036
"Combined_vs_NP","Met+Bac",505,0.263,0.525112222222222
"Combined_vs_NP","Met+Bac",505,0.264,0.529864444444444
"Combined_vs_NP","Met+Bac",505,0.265,0.534
"Combined_vs_NP","Met+Bac",505,0.266,0.537733333333333
"Combined_vs_NP","Met+Bac",505,0.267,0.543216666666667
"Combined_vs_NP","Met+Bac",505,0.268,0.545833333333333
"Combined_vs_NP","Met+Bac",505,0.269,0.545833333333333
"Combined_vs_NP","Met+Bac",505,0.27,0.545833333333333
"Combined_vs_NP","Met+Bac",505,0.271,0.545833333333333
"Combined_vs_NP","Met+Bac",505,0.272,0.545833333333333
"Combined_vs_NP","Met+Bac",505,0.273,0.545833333333333
"Combined_vs_NP","Met+Bac",505,0.274,0.546238888888889
"Combined_vs_NP","Met+Bac",505,0.275,0.547152777777778
"Combined_vs_NP","Met+Bac",505,0.276,0.54862962962963
"Combined_vs_NP","Met+Bac",505,0.277,0.550152777777778
"Combined_vs_NP","Met+Bac",505,0.278,0.551675925925926
"Combined_vs_NP","Met+Bac",505,0.279,0.552390740740741
"Combined_vs_NP","Met+Bac",505,0.28,0.553
"Combined_vs_NP","Met+Bac",505,0.281,0.553609259259259
"Combined_vs_NP","Met+Bac",505,0.282,0.554218518518519
"Combined_vs_NP","Met+Bac",505,0.283,0.554827777777778
"Combined_vs_NP","Met+Bac",505,0.284,0.555437037037037
"Combined_vs_NP","Met+Bac",505,0.285,0.556046296296296
"Combined_vs_NP","Met+Bac",505,0.286,0.556655555555556
"Combined_vs_NP","Met+Bac",505,0.287,0.557264814814815
"Combined_vs_NP","Met+Bac",505,0.288,0.557874074074074
"Combined_vs_NP","Met+Bac",505,0.289,0.56277
"Combined_vs_NP","Met+Bac",505,0.29,0.563866666666667
"Combined_vs_NP","Met+Bac",505,0.291,0.564963333333333
"Combined_vs_NP","Met+Bac",505,0.292,0.56606
"Combined_vs_NP","Met+Bac",505,0.293,0.567156666666667
"Combined_vs_NP","Met+Bac",505,0.294,0.568253333333333
"Combined_vs_NP","Met+Bac",505,0.295,0.56935
"Combined_vs_NP","Met+Bac",505,0.296,0.570446666666667
"Combined_vs_NP","Met+Bac",505,0.297,0.570960119047619
"Combined_vs_NP","Met+Bac",505,0.298,0.571155952380952
"Combined_vs_NP","Met+Bac",505,0.299,0.571351785714286
"Combined_vs_NP","Met+Bac",505,0.3,0.573214285714286
"Combined_vs_NP","Met+Bac",505,0.301,0.575910119047619
"Combined_vs_NP","Met+Bac",505,0.302,0.576105952380952
"Combined_vs_NP","Met+Bac",505,0.303,0.576301785714286
"Combined_vs_NP","Met+Bac",505,0.304,0.576497619047619
"Combined_vs_NP","Met+Bac",505,0.305,0.576693452380952
"Combined_vs_NP","Met+Bac",505,0.306,0.576889285714286
"Combined_vs_NP","Met+Bac",505,0.307,0.577085119047619
"Combined_vs_NP","Met+Bac",505,0.308,0.577280952380952
"Combined_vs_NP","Met+Bac",505,0.309,0.577476785714286
"Combined_vs_NP","Met+Bac",505,0.31,0.577672619047619
"Combined_vs_NP","Met+Bac",505,0.311,0.577868452380952
"Combined_vs_NP","Met+Bac",505,0.312,0.578064285714286
"Combined_vs_NP","Met+Bac",505,0.313,0.578260119047619
"Combined_vs_NP","Met+Bac",505,0.314,0.578455952380952
"Combined_vs_NP","Met+Bac",505,0.315,0.578651785714286
"Combined_vs_NP","Met+Bac",505,0.316,0.578847619047619
"Combined_vs_NP","Met+Bac",505,0.317,0.580264285714286
"Combined_vs_NP","Met+Bac",505,0.318,0.581758333333333
"Combined_vs_NP","Met+Bac",505,0.319,0.583129166666667
"Combined_vs_NP","Met+Bac",505,0.32,0.583333333333333
"Combined_vs_NP","Met+Bac",505,0.321,0.583636111111111
"Combined_vs_NP","Met+Bac",505,0.322,0.58455
"Combined_vs_NP","Met+Bac",505,0.323,0.585463888888889
"Combined_vs_NP","Met+Bac",505,0.324,0.587177777777778
"Combined_vs_NP","Met+Bac",505,0.325,0.590833333333333
"Combined_vs_NP","Met+Bac",505,0.326,0.591666666666667
"Combined_vs_NP","Met+Bac",505,0.327,0.592127777777778
"Combined_vs_NP","Met+Bac",505,0.328,0.593955555555556
"Combined_vs_NP","Met+Bac",505,0.329,0.595783333333333
"Combined_vs_NP","Met+Bac",505,0.33,0.597611111111111
"Combined_vs_NP","Met+Bac",505,0.331,0.599438888888889
"Combined_vs_NP","Met+Bac",505,0.332,0.6
"Combined_vs_NP","Met+Bac",505,0.333,0.6
"Combined_vs_NP","Met+Bac",505,0.334,0.6
"Combined_vs_NP","Met+Bac",505,0.335,0.6
"Combined_vs_NP","Met+Bac",505,0.336,0.600073333333333
"Combined_vs_NP","Met+Bac",505,0.337,0.600621666666667
"Combined_vs_NP","Met+Bac",505,0.338,0.60117
"Combined_vs_NP","Met+Bac",505,0.339,0.601718333333333
"Combined_vs_NP","Met+Bac",505,0.34,0.602266666666667
"Combined_vs_NP","Met+Bac",505,0.341,0.602815
"Combined_vs_NP","Met+Bac",505,0.342,0.603363333333333
"Combined_vs_NP","Met+Bac",505,0.343,0.603911666666667
"Combined_vs_NP","Met+Bac",505,0.344,0.604655555555556
"Combined_vs_NP","Met+Bac",505,0.345,0.605569444444444
"Combined_vs_NP","Met+Bac",505,0.346,0.606483333333333
"Combined_vs_NP","Met+Bac",505,0.347,0.607397222222222
"Combined_vs_NP","Met+Bac",505,0.348,0.608311111111111
"Combined_vs_NP","Met+Bac",505,0.349,0.609225
"Combined_vs_NP","Met+Bac",505,0.35,0.610138888888889
"Combined_vs_NP","Met+Bac",505,0.351,0.611052777777778
"Combined_vs_NP","Met+Bac",505,0.352,0.611966666666667
"Combined_vs_NP","Met+Bac",505,0.353,0.612603787878788
"Combined_vs_NP","Met+Bac",505,0.354,0.61285303030303
"Combined_vs_NP","Met+Bac",505,0.355,0.613102272727273
"Combined_vs_NP","Met+Bac",505,0.356,0.613351515151515
"Combined_vs_NP","Met+Bac",505,0.357,0.613600757575757
"Combined_vs_NP","Met+Bac",505,0.358,0.61385
"Combined_vs_NP","Met+Bac",505,0.359,0.614099242424242
"Combined_vs_NP","Met+Bac",505,0.36,0.614348484848485
"Combined_vs_NP","Met+Bac",505,0.361,0.614597727272727
"Combined_vs_NP","Met+Bac",505,0.362,0.61484696969697
"Combined_vs_NP","Met+Bac",505,0.363,0.615096212121212
"Combined_vs_NP","Met+Bac",505,0.364,0.615345454545455
"Combined_vs_NP","Met+Bac",505,0.365,0.615837554112554
"Combined_vs_NP","Met+Bac",505,0.366,0.617026796536796
"Combined_vs_NP","Met+Bac",505,0.367,0.618216038961039
"Combined_vs_NP","Met+Bac",505,0.368,0.619405281385281
"Combined_vs_NP","Met+Bac",505,0.369,0.620594523809524
"Combined_vs_NP","Met+Bac",505,0.37,0.621609523809524
"Combined_vs_NP","Met+Bac",505,0.371,0.622549523809524
"Combined_vs_NP","Met+Bac",505,0.372,0.623489523809524
"Combined_vs_NP","Met+Bac",505,0.373,0.624067857142857
"Combined_vs_NP","Met+Bac",505,0.374,0.624491468253968
"Combined_vs_NP","Met+Bac",505,0.375,0.625111607142857
"Combined_vs_NP","Met+Bac",505,0.376,0.625701388888889
"Combined_vs_NP","Met+Bac",505,0.377,0.626272569444444
"Combined_vs_NP","Met+Bac",505,0.378,0.62684375
"Combined_vs_NP","Met+Bac",505,0.379,0.631780555555556
"Combined_vs_NP","Met+Bac",505,0.38,0.632694444444444
"Combined_vs_NP","Met+Bac",505,0.381,0.633608333333333
"Combined_vs_NP","Met+Bac",505,0.382,0.634522222222222
"Combined_vs_NP","Met+Bac",505,0.383,0.635436111111111
"Combined_vs_NP","Met+Bac",505,0.384,0.63635
"Combined_vs_NP","Met+Bac",505,0.385,0.637263888888889
"Combined_vs_NP","Met+Bac",505,0.386,0.638177777777778
"Combined_vs_NP","Met+Bac",505,0.387,0.639091666666667
"Combined_vs_NP","Met+Bac",505,0.388,0.639962373737374
"Combined_vs_NP","Met+Bac",505,0.389,0.640782796717172
"Combined_vs_NP","Met+Bac",505,0.39,0.64160321969697
"Combined_vs_NP","Met+Bac",505,0.391,0.642278851010101
"Combined_vs_NP","Met+Bac",505,0.392,0.642756565656566
"Combined_vs_NP","Met+Bac",505,0.393,0.64302803030303
"Combined_vs_NP","Met+Bac",505,0.394,0.643277272727273
"Combined_vs_NP","Met+Bac",505,0.395,0.643526515151515
"Combined_vs_NP","Met+Bac",505,0.396,0.643990909090909
"Combined_vs_NP","Met+Bac",505,0.397,0.644489393939394
"Combined_vs_NP","Met+Bac",505,0.398,0.644987878787879
"Combined_vs_NP","Met+Bac",505,0.399,0.645486363636364
"Combined_vs_NP","Met+Bac",505,0.4,0.645984848484848
"Combined_vs_NP","Met+Bac",505,0.401,0.646483333333333
"Combined_vs_NP","Met+Bac",505,0.402,0.646981818181818
"Combined_vs_NP","Met+Bac",505,0.403,0.647480303030303
"Combined_vs_NP","Met+Bac",505,0.404,0.647978787878788
"Combined_vs_NP","Met+Bac",505,0.405,0.648291666666667
"Combined_vs_NP","Met+Bac",505,0.406,0.648540909090909
"Combined_vs_NP","Met+Bac",505,0.407,0.648790151515152
"Combined_vs_NP","Met+Bac",505,0.408,0.649039393939394
"Combined_vs_NP","Met+Bac",505,0.409,0.649288636363636
"Combined_vs_NP","Met+Bac",505,0.41,0.649537878787879
"Combined_vs_NP","Met+Bac",505,0.411,0.649787121212121
"Combined_vs_NP","Met+Bac",505,0.412,0.65
"Combined_vs_NP","Met+Bac",505,0.413,0.65
"Combined_vs_NP","Met+Bac",505,0.414,0.65
"Combined_vs_NP","Met+Bac",505,0.415,0.65
"Combined_vs_NP","Met+Bac",505,0.416,0.65
"Combined_vs_NP","Met+Bac",505,0.417,0.65
"Combined_vs_NP","Met+Bac",505,0.418,0.65002619047619
"Combined_vs_NP","Met+Bac",505,0.419,0.650417857142857
"Combined_vs_NP","Met+Bac",505,0.42,0.650809523809524
"Combined_vs_NP","Met+Bac",505,0.421,0.651201190476191
"Combined_vs_NP","Met+Bac",505,0.422,0.651592857142857
"Combined_vs_NP","Met+Bac",505,0.423,0.651984523809524
"Combined_vs_NP","Met+Bac",505,0.424,0.65237619047619
"Combined_vs_NP","Met+Bac",505,0.425,0.654122023809524
"Combined_vs_NP","Met+Bac",505,0.426,0.655884523809524
"Combined_vs_NP","Met+Bac",505,0.427,0.657647023809524
"Combined_vs_NP","Met+Bac",505,0.428,0.659409523809524
"Combined_vs_NP","Met+Bac",505,0.429,0.6606125
"Combined_vs_NP","Met+Bac",505,0.43,0.661069444444444
"Combined_vs_NP","Met+Bac",505,0.431,0.661526388888889
"Combined_vs_NP","Met+Bac",505,0.432,0.661983333333333
"Combined_vs_NP","Met+Bac",505,0.433,0.662440277777778
"Combined_vs_NP","Met+Bac",505,0.434,0.662670238095238
"Combined_vs_NP","Met+Bac",505,0.435,0.662985863095238
"Combined_vs_NP","Met+Bac",505,0.436,0.663524404761905
"Combined_vs_NP","Met+Bac",505,0.437,0.664062946428571
"Combined_vs_NP","Met+Bac",505,0.438,0.664651488095238
"Combined_vs_NP","Met+Bac",505,0.439,0.665351304271709
"Combined_vs_NP","Met+Bac",505,0.44,0.666051120448179
"Combined_vs_NP","Met+Bac",505,0.441,0.66675093662465
"Combined_vs_NP","Met+Bac",505,0.442,0.66745075280112
"Combined_vs_NP","Met+Bac",505,0.443,0.668150568977591
"Combined_vs_NP","Met+Bac",505,0.444,0.668850385154062
"Combined_vs_NP","Met+Bac",505,0.445,0.669550201330532
"Combined_vs_NP","Met+Bac",505,0.446,0.671225017507003
"Combined_vs_NP","Met+Bac",505,0.447,0.673230042016807
"Combined_vs_NP","Met+Bac",505,0.448,0.674957983193277
"Combined_vs_NP","Met+Bac",505,0.449,0.676685924369748
"Combined_vs_NP","Met+Bac",505,0.45,0.678622198879552
"Combined_vs_NP","Met+Bac",505,0.451,0.681720973389356
"Combined_vs_NP","Met+Bac",505,0.452,0.68811974789916
"Combined_vs_NP","Met+Bac",505,0.453,0.689693522408964
"Combined_vs_NP","Met+Bac",505,0.454,0.690050630252101
"Combined_vs_NP","Met+Bac",505,0.455,0.690439393939394
"Combined_vs_NP","Met+Bac",505,0.456,0.69084991087344
"Combined_vs_NP","Met+Bac",505,0.457,0.691260427807487
"Combined_vs_NP","Met+Bac",505,0.458,0.691670944741533
"Combined_vs_NP","Met+Bac",505,0.459,0.692081461675579
"Combined_vs_NP","Met+Bac",505,0.46,0.692491978609626
"Combined_vs_NP","Met+Bac",505,0.461,0.692902495543672
"Combined_vs_NP","Met+Bac",505,0.462,0.693313012477718
"Combined_vs_NP","Met+Bac",505,0.463,0.693723529411765
"Combined_vs_NP","Met+Bac",505,0.464,0.694057575757576
"Combined_vs_NP","Met+Bac",505,0.465,0.694306818181818
"Combined_vs_NP","Met+Bac",505,0.466,0.694556060606061
"Combined_vs_NP","Met+Bac",505,0.467,0.694805303030303
"Combined_vs_NP","Met+Bac",505,0.468,0.695054545454545
"Combined_vs_NP","Met+Bac",505,0.469,0.695303787878788
"Combined_vs_NP","Met+Bac",505,0.47,0.69555303030303
"Combined_vs_NP","Met+Bac",505,0.471,0.695802272727273
"Combined_vs_NP","Met+Bac",505,0.472,0.6961
"Combined_vs_NP","Met+Bac",505,0.473,0.69640462962963
"Combined_vs_NP","Met+Bac",505,0.474,0.696709259259259
"Combined_vs_NP","Met+Bac",505,0.475,0.697013888888889
"Combined_vs_NP","Met+Bac",505,0.476,0.697318518518518
"Combined_vs_NP","Met+Bac",505,0.477,0.697623148148148
"Combined_vs_NP","Met+Bac",505,0.478,0.697927777777778
"Combined_vs_NP","Met+Bac",505,0.479,0.698232407407407
"Combined_vs_NP","Met+Bac",505,0.48,0.698537037037037
"Combined_vs_NP","Met+Bac",505,0.481,0.698841666666667
"Combined_vs_NP","Met+Bac",505,0.482,0.699146296296296
"Combined_vs_NP","Met+Bac",505,0.483,0.699450925925926
"Combined_vs_NP","Met+Bac",505,0.484,0.699755555555556
"Combined_vs_NP","Met+Bac",505,0.485,0.7
"Combined_vs_NP","Met+Bac",505,0.486,0.7
"Combined_vs_NP","Met+Bac",505,0.487,0.7
"Combined_vs_NP","Met+Bac",505,0.488,0.7
"Combined_vs_NP","Met+Bac",505,0.489,0.7
"Combined_vs_NP","Met+Bac",505,0.49,0.7
"Combined_vs_NP","Met+Bac",505,0.491,0.7
"Combined_vs_NP","Met+Bac",505,0.492,0.7
"Combined_vs_NP","Met+Bac",505,0.493,0.7
"Combined_vs_NP","Met+Bac",505,0.494,0.7
"Combined_vs_NP","Met+Bac",505,0.495,0.7
"Combined_vs_NP","Met+Bac",505,0.496,0.700766666666667
"Combined_vs_NP","Met+Bac",505,0.497,0.7021375
"Combined_vs_NP","Met+Bac",505,0.498,0.703508333333333
"Combined_vs_NP","Met+Bac",505,0.499,0.704166666666667
"Combined_vs_NP","Met+Bac",505,0.5,0.704166666666667
"Combined_vs_NP","Met+Bac",505,0.501,0.704623611111111
"Combined_vs_NP","Met+Bac",505,0.502,0.705080555555556
"Combined_vs_NP","Met+Bac",505,0.503,0.7055375
"Combined_vs_NP","Met+Bac",505,0.504,0.705994444444444
"Combined_vs_NP","Met+Bac",505,0.505,0.706451388888889
"Combined_vs_NP","Met+Bac",505,0.506,0.706908333333333
"Combined_vs_NP","Met+Bac",505,0.507,0.707365277777778
"Combined_vs_NP","Met+Bac",505,0.508,0.707822222222222
"Combined_vs_NP","Met+Bac",505,0.509,0.708279166666667
"Combined_vs_NP","Met+Bac",505,0.51,0.708635416666667
"Combined_vs_NP","Met+Bac",505,0.511,0.708978125
"Combined_vs_NP","Met+Bac",505,0.512,0.709320833333333
"Combined_vs_NP","Met+Bac",505,0.513,0.709663541666667
"Combined_vs_NP","Met+Bac",505,0.514,0.710447916666667
"Combined_vs_NP","Met+Bac",505,0.515,0.712161458333333
"Combined_vs_NP","Met+Bac",505,0.516,0.713875
"Combined_vs_NP","Met+Bac",505,0.517,0.715201041666667
"Combined_vs_NP","Met+Bac",505,0.518,0.71554375
"Combined_vs_NP","Met+Bac",505,0.519,0.715886458333333
"Combined_vs_NP","Met+Bac",505,0.52,0.716229166666667
"Combined_vs_NP","Met+Bac",505,0.521,0.716571875
"Combined_vs_NP","Met+Bac",505,0.522,0.716666666666667
"Combined_vs_NP","Met+Bac",505,0.523,0.716666666666667
"Combined_vs_NP","Met+Bac",505,0.524,0.716666666666667
"Combined_vs_NP","Met+Bac",505,0.525,0.716666666666667
"Combined_vs_NP","Met+Bac",505,0.526,0.716666666666667
"Combined_vs_NP","Met+Bac",505,0.527,0.716666666666667
"Combined_vs_NP","Met+Bac",505,0.528,0.716666666666667
"Combined_vs_NP","Met+Bac",505,0.529,0.716666666666667
"Combined_vs_NP","Met+Bac",505,0.53,0.716666666666667
"Combined_vs_NP","Met+Bac",505,0.531,0.716666666666667
"Combined_vs_NP","Met+Bac",505,0.532,0.716666666666667
"Combined_vs_NP","Met+Bac",505,0.533,0.716666666666667
"Combined_vs_NP","Met+Bac",505,0.534,0.716666666666667
"Combined_vs_NP","Met+Bac",505,0.535,0.716666666666667
"Combined_vs_NP","Met+Bac",505,0.536,0.716666666666667
"Combined_vs_NP","Met+Bac",505,0.537,0.7173875
"Combined_vs_NP","Met+Bac",505,0.538,0.718758333333333
"Combined_vs_NP","Met+Bac",505,0.539,0.720129166666667
"Combined_vs_NP","Met+Bac",505,0.54,0.720833333333333
"Combined_vs_NP","Met+Bac",505,0.541,0.720833333333333
"Combined_vs_NP","Met+Bac",505,0.542,0.720833333333333
"Combined_vs_NP","Met+Bac",505,0.543,0.720833333333333
"Combined_vs_NP","Met+Bac",505,0.544,0.720833333333333
"Combined_vs_NP","Met+Bac",505,0.545,0.720833333333333
"Combined_vs_NP","Met+Bac",505,0.546,0.720833333333333
"Combined_vs_NP","Met+Bac",505,0.547,0.720833333333333
"Combined_vs_NP","Met+Bac",505,0.548,0.72132
"Combined_vs_NP","Met+Bac",505,0.549,0.721868333333333
"Combined_vs_NP","Met+Bac",505,0.55,0.722416666666667
"Combined_vs_NP","Met+Bac",505,0.551,0.722965
"Combined_vs_NP","Met+Bac",505,0.552,0.723513333333333
"Combined_vs_NP","Met+Bac",505,0.553,0.724061666666667
"Combined_vs_NP","Met+Bac",505,0.554,0.728776666666667
"Combined_vs_NP","Met+Bac",505,0.555,0.729166666666667
"Combined_vs_NP","Met+Bac",505,0.556,0.729166666666667
"Combined_vs_NP","Met+Bac",505,0.557,0.729166666666667
"Combined_vs_NP","Met+Bac",505,0.558,0.729166666666667
"Combined_vs_NP","Met+Bac",505,0.559,0.729166666666667
"Combined_vs_NP","Met+Bac",505,0.56,0.729166666666667
"Combined_vs_NP","Met+Bac",505,0.561,0.729224166666667
"Combined_vs_NP","Met+Bac",505,0.562,0.729498333333333
"Combined_vs_NP","Met+Bac",505,0.563,0.7297725
"Combined_vs_NP","Met+Bac",505,0.564,0.730046666666667
"Combined_vs_NP","Met+Bac",505,0.565,0.730320833333333
"Combined_vs_NP","Met+Bac",505,0.566,0.730951666666667
"Combined_vs_NP","Met+Bac",505,0.567,0.7321325
"Combined_vs_NP","Met+Bac",505,0.568,0.735696666666667
"Combined_vs_NP","Met+Bac",505,0.569,0.737585833333333
"Combined_vs_NP","Met+Bac",505,0.57,0.738408333333333
"Combined_vs_NP","Met+Bac",505,0.571,0.739230833333333
"Combined_vs_NP","Met+Bac",505,0.572,0.740053333333333
"Combined_vs_NP","Met+Bac",505,0.573,0.740989166666667
"Combined_vs_NP","Met+Bac",505,0.574,0.744005
"Combined_vs_NP","Met+Bac",505,0.575,0.7455625
"Combined_vs_NP","Met+Bac",505,0.576,0.745833333333333
"Combined_vs_NP","Met+Bac",505,0.577,0.745833333333333
"Combined_vs_NP","Met+Bac",505,0.578,0.745833333333333
"Combined_vs_NP","Met+Bac",505,0.579,0.745833333333333
"Combined_vs_NP","Met+Bac",505,0.58,0.745833333333333
"Combined_vs_NP","Met+Bac",505,0.581,0.745833333333333
"Combined_vs_NP","Met+Bac",505,0.582,0.745833333333333
"Combined_vs_NP","Met+Bac",505,0.583,0.745833333333333
"Combined_vs_NP","Met+Bac",505,0.584,0.745833333333333
"Combined_vs_NP","Met+Bac",505,0.585,0.745833333333333
"Combined_vs_NP","Met+Bac",505,0.586,0.745833333333333
"Combined_vs_NP","Met+Bac",505,0.587,0.746345833333333
"Combined_vs_NP","Met+Bac",505,0.588,0.747716666666667
"Combined_vs_NP","Met+Bac",505,0.589,0.749477777777778
"Combined_vs_NP","Met+Bac",505,0.59,0.750847222222222
"Combined_vs_NP","Met+Bac",505,0.591,0.751304166666667
"Combined_vs_NP","Met+Bac",505,0.592,0.752319444444444
"Combined_vs_NP","Met+Bac",505,0.593,0.753461805555556
"Combined_vs_NP","Met+Bac",505,0.594,0.754604166666667
"Combined_vs_NP","Met+Bac",505,0.595,0.755746527777778
"Combined_vs_NP","Met+Bac",505,0.596,0.756888888888889
"Combined_vs_NP","Met+Bac",505,0.597,0.75803125
"Combined_vs_NP","Met+Bac",505,0.598,0.758333333333333
"Combined_vs_NP","Met+Bac",505,0.599,0.758333333333333
"Combined_vs_NP","Met+Bac",505,0.6,0.758333333333333
"Combined_vs_NP","Met+Bac",505,0.601,0.758333333333333
"Combined_vs_NP","Met+Bac",505,0.602,0.758333333333333
"Combined_vs_NP","Met+Bac",505,0.603,0.758333333333333
"Combined_vs_NP","Met+Bac",505,0.604,0.758933333333333
"Combined_vs_NP","Met+Bac",505,0.605,0.759847222222222
"Combined_vs_NP","Met+Bac",505,0.606,0.760761111111111
"Combined_vs_NP","Met+Bac",505,0.607,0.761675
"Combined_vs_NP","Met+Bac",505,0.608,0.762633333333333
"Combined_vs_NP","Met+Bac",505,0.609,0.764004166666667
"Combined_vs_NP","Met+Bac",505,0.61,0.765375
"Combined_vs_NP","Met+Bac",505,0.611,0.76670625
"Combined_vs_NP","Met+Bac",505,0.612,0.767391666666667
"Combined_vs_NP","Met+Bac",505,0.613,0.768814583333333
"Combined_vs_NP","Met+Bac",505,0.614,0.770920833333333
"Combined_vs_NP","Met+Bac",505,0.615,0.77571875
"Combined_vs_NP","Met+Bac",505,0.616,0.778808333333333
"Combined_vs_NP","Met+Bac",505,0.617,0.780179166666667
"Combined_vs_NP","Met+Bac",505,0.618,0.780879166666667
"Combined_vs_NP","Met+Bac",505,0.619,0.78219375
"Combined_vs_NP","Met+Bac",505,0.62,0.78425
"Combined_vs_NP","Met+Bac",505,0.621,0.78630625
"Combined_vs_NP","Met+Bac",505,0.622,0.7875
"Combined_vs_NP","Met+Bac",505,0.623,0.7875
"Combined_vs_NP","Met+Bac",505,0.624,0.7875
"Combined_vs_NP","Met+Bac",505,0.625,0.7875
"Combined_vs_NP","Met+Bac",505,0.626,0.7875
"Combined_vs_NP","Met+Bac",505,0.627,0.7875
"Combined_vs_NP","Met+Bac",505,0.628,0.788433333333333
"Combined_vs_NP","Met+Bac",505,0.629,0.791175
"Combined_vs_NP","Met+Bac",505,0.63,0.791666666666667
"Combined_vs_NP","Met+Bac",505,0.631,0.791666666666667
"Combined_vs_NP","Met+Bac",505,0.632,0.791666666666667
"Combined_vs_NP","Met+Bac",505,0.633,0.791666666666667
"Combined_vs_NP","Met+Bac",505,0.634,0.791666666666667
"Combined_vs_NP","Met+Bac",505,0.635,0.791666666666667
"Combined_vs_NP","Met+Bac",505,0.636,0.791666666666667
"Combined_vs_NP","Met+Bac",505,0.637,0.791666666666667
"Combined_vs_NP","Met+Bac",505,0.638,0.791666666666667
"Combined_vs_NP","Met+Bac",505,0.639,0.791666666666667
"Combined_vs_NP","Met+Bac",505,0.64,0.791666666666667
"Combined_vs_NP","Met+Bac",505,0.641,0.791666666666667
"Combined_vs_NP","Met+Bac",505,0.642,0.791666666666667
"Combined_vs_NP","Met+Bac",505,0.643,0.791666666666667
"Combined_vs_NP","Met+Bac",505,0.644,0.791666666666667
"Combined_vs_NP","Met+Bac",505,0.645,0.791666666666667
"Combined_vs_NP","Met+Bac",505,0.646,0.791666666666667
"Combined_vs_NP","Met+Bac",505,0.647,0.791666666666667
"Combined_vs_NP","Met+Bac",505,0.648,0.791666666666667
"Combined_vs_NP","Met+Bac",505,0.649,0.791666666666667
"Combined_vs_NP","Met+Bac",505,0.65,0.791666666666667
"Combined_vs_NP","Met+Bac",505,0.651,0.791666666666667
"Combined_vs_NP","Met+Bac",505,0.652,0.7917
"Combined_vs_NP","Met+Bac",505,0.653,0.793070833333333
"Combined_vs_NP","Met+Bac",505,0.654,0.794441666666667
"Combined_vs_NP","Met+Bac",505,0.655,0.7958125
"Combined_vs_NP","Met+Bac",505,0.656,0.795833333333333
"Combined_vs_NP","Met+Bac",505,0.657,0.795833333333333
"Combined_vs_NP","Met+Bac",505,0.658,0.795833333333333
"Combined_vs_NP","Met+Bac",505,0.659,0.797129166666667
"Combined_vs_NP","Met+Bac",505,0.66,0.799666666666667
"Combined_vs_NP","Met+Bac",505,0.661,0.803779166666667
"Combined_vs_NP","Met+Bac",505,0.662,0.804166666666667
"Combined_vs_NP","Met+Bac",505,0.663,0.804166666666667
"Combined_vs_NP","Met+Bac",505,0.664,0.804166666666667
"Combined_vs_NP","Met+Bac",505,0.665,0.804166666666667
"Combined_vs_NP","Met+Bac",505,0.666,0.804166666666667
"Combined_vs_NP","Met+Bac",505,0.667,0.804166666666667
"Combined_vs_NP","Met+Bac",505,0.668,0.805677777777778
"Combined_vs_NP","Met+Bac",505,0.669,0.807505555555556
"Combined_vs_NP","Met+Bac",505,0.67,0.809333333333333
"Combined_vs_NP","Met+Bac",505,0.671,0.810081944444444
"Combined_vs_NP","Met+Bac",505,0.672,0.810538888888889
"Combined_vs_NP","Met+Bac",505,0.673,0.810995833333333
"Combined_vs_NP","Met+Bac",505,0.674,0.811452777777778
"Combined_vs_NP","Met+Bac",505,0.675,0.811909722222222
"Combined_vs_NP","Met+Bac",505,0.676,0.812366666666667
"Combined_vs_NP","Met+Bac",505,0.677,0.8125
"Combined_vs_NP","Met+Bac",505,0.678,0.816666666666667
"Combined_vs_NP","Met+Bac",505,0.679,0.816666666666667
"Combined_vs_NP","Met+Bac",505,0.68,0.816666666666667
"Combined_vs_NP","Met+Bac",505,0.681,0.816666666666667
"Combined_vs_NP","Met+Bac",505,0.682,0.816666666666667
"Combined_vs_NP","Met+Bac",505,0.683,0.816666666666667
"Combined_vs_NP","Met+Bac",505,0.684,0.816816666666667
"Combined_vs_NP","Met+Bac",505,0.685,0.8181875
"Combined_vs_NP","Met+Bac",505,0.686,0.819558333333333
"Combined_vs_NP","Met+Bac",505,0.687,0.820833333333333
"Combined_vs_NP","Met+Bac",505,0.688,0.820833333333333
"Combined_vs_NP","Met+Bac",505,0.689,0.820833333333333
"Combined_vs_NP","Met+Bac",505,0.69,0.820833333333333
"Combined_vs_NP","Met+Bac",505,0.691,0.820833333333333
"Combined_vs_NP","Met+Bac",505,0.692,0.820833333333333
"Combined_vs_NP","Met+Bac",505,0.693,0.820833333333333
"Combined_vs_NP","Met+Bac",505,0.694,0.820833333333333
"Combined_vs_NP","Met+Bac",505,0.695,0.820833333333333
"Combined_vs_NP","Met+Bac",505,0.696,0.820833333333333
"Combined_vs_NP","Met+Bac",505,0.697,0.820833333333333
"Combined_vs_NP","Met+Bac",505,0.698,0.820833333333333
"Combined_vs_NP","Met+Bac",505,0.699,0.820833333333333
"Combined_vs_NP","Met+Bac",505,0.7,0.823333333333334
"Combined_vs_NP","Met+Bac",505,0.701,0.826075
"Combined_vs_NP","Met+Bac",505,0.702,0.828816666666667
"Combined_vs_NP","Met+Bac",505,0.703,0.829166666666667
"Combined_vs_NP","Met+Bac",505,0.704,0.829166666666667
"Combined_vs_NP","Met+Bac",505,0.705,0.829166666666667
"Combined_vs_NP","Met+Bac",505,0.706,0.829166666666667
"Combined_vs_NP","Met+Bac",505,0.707,0.829166666666667
"Combined_vs_NP","Met+Bac",505,0.708,0.829166666666667
"Combined_vs_NP","Met+Bac",505,0.709,0.830254166666667
"Combined_vs_NP","Met+Bac",505,0.71,0.831625
"Combined_vs_NP","Met+Bac",505,0.711,0.832995833333333
"Combined_vs_NP","Met+Bac",505,0.712,0.833333333333333
"Combined_vs_NP","Met+Bac",505,0.713,0.833333333333333
"Combined_vs_NP","Met+Bac",505,0.714,0.833333333333333
"Combined_vs_NP","Met+Bac",505,0.715,0.833333333333333
"Combined_vs_NP","Met+Bac",505,0.716,0.833333333333333
"Combined_vs_NP","Met+Bac",505,0.717,0.833333333333333
"Combined_vs_NP","Met+Bac",505,0.718,0.833333333333333
"Combined_vs_NP","Met+Bac",505,0.719,0.833333333333333
"Combined_vs_NP","Met+Bac",505,0.72,0.833333333333333
"Combined_vs_NP","Met+Bac",505,0.721,0.833333333333333
"Combined_vs_NP","Met+Bac",505,0.722,0.833333333333333
"Combined_vs_NP","Met+Bac",505,0.723,0.833333333333333
"Combined_vs_NP","Met+Bac",505,0.724,0.833333333333333
"Combined_vs_NP","Met+Bac",505,0.725,0.833333333333333
"Combined_vs_NP","Met+Bac",505,0.726,0.833333333333333
"Combined_vs_NP","Met+Bac",505,0.727,0.833333333333333
"Combined_vs_NP","Met+Bac",505,0.728,0.833333333333333
"Combined_vs_NP","Met+Bac",505,0.729,0.833333333333333
"Combined_vs_NP","Met+Bac",505,0.73,0.833333333333333
"Combined_vs_NP","Met+Bac",505,0.731,0.833333333333333
"Combined_vs_NP","Met+Bac",505,0.732,0.833333333333333
"Combined_vs_NP","Met+Bac",505,0.733,0.833333333333333
"Combined_vs_NP","Met+Bac",505,0.734,0.833333333333333
"Combined_vs_NP","Met+Bac",505,0.735,0.833333333333333
"Combined_vs_NP","Met+Bac",505,0.736,0.833333333333333
"Combined_vs_NP","Met+Bac",505,0.737,0.833333333333333
"Combined_vs_NP","Met+Bac",505,0.738,0.833333333333333
"Combined_vs_NP","Met+Bac",505,0.739,0.833333333333333
"Combined_vs_NP","Met+Bac",505,0.74,0.833333333333333
"Combined_vs_NP","Met+Bac",505,0.741,0.833333333333333
"Combined_vs_NP","Met+Bac",505,0.742,0.833333333333333
"Combined_vs_NP","Met+Bac",505,0.743,0.833333333333333
"Combined_vs_NP","Met+Bac",505,0.744,0.833333333333333
"Combined_vs_NP","Met+Bac",505,0.745,0.833333333333333
"Combined_vs_NP","Met+Bac",505,0.746,0.833333333333333
"Combined_vs_NP","Met+Bac",505,0.747,0.833333333333333
"Combined_vs_NP","Met+Bac",505,0.748,0.833333333333333
"Combined_vs_NP","Met+Bac",505,0.749,0.833333333333333
"Combined_vs_NP","Met+Bac",505,0.75,0.833333333333333
"Combined_vs_NP","Met+Bac",505,0.751,0.833333333333333
"Combined_vs_NP","Met+Bac",505,0.752,0.833333333333333
"Combined_vs_NP","Met+Bac",505,0.753,0.833333333333333
"Combined_vs_NP","Met+Bac",505,0.754,0.833333333333333
"Combined_vs_NP","Met+Bac",505,0.755,0.833333333333333
"Combined_vs_NP","Met+Bac",505,0.756,0.833333333333333
"Combined_vs_NP","Met+Bac",505,0.757,0.833333333333333
"Combined_vs_NP","Met+Bac",505,0.758,0.833333333333333
"Combined_vs_NP","Met+Bac",505,0.759,0.833333333333333
"Combined_vs_NP","Met+Bac",505,0.76,0.833333333333333
"Combined_vs_NP","Met+Bac",505,0.761,0.833333333333333
"Combined_vs_NP","Met+Bac",505,0.762,0.833333333333333
"Combined_vs_NP","Met+Bac",505,0.763,0.833333333333333
"Combined_vs_NP","Met+Bac",505,0.764,0.833333333333333
"Combined_vs_NP","Met+Bac",505,0.765,0.833333333333333
"Combined_vs_NP","Met+Bac",505,0.766,0.833333333333333
"Combined_vs_NP","Met+Bac",505,0.767,0.833333333333333
"Combined_vs_NP","Met+Bac",505,0.768,0.833333333333333
"Combined_vs_NP","Met+Bac",505,0.769,0.833333333333333
"Combined_vs_NP","Met+Bac",505,0.77,0.833333333333333
"Combined_vs_NP","Met+Bac",505,0.771,0.833333333333333
"Combined_vs_NP","Met+Bac",505,0.772,0.833333333333333
"Combined_vs_NP","Met+Bac",505,0.773,0.833333333333333
"Combined_vs_NP","Met+Bac",505,0.774,0.833333333333333
"Combined_vs_NP","Met+Bac",505,0.775,0.833333333333333
"Combined_vs_NP","Met+Bac",505,0.776,0.833333333333333
"Combined_vs_NP","Met+Bac",505,0.777,0.833333333333333
"Combined_vs_NP","Met+Bac",505,0.778,0.833333333333333
"Combined_vs_NP","Met+Bac",505,0.779,0.833333333333333
"Combined_vs_NP","Met+Bac",505,0.78,0.833333333333333
"Combined_vs_NP","Met+Bac",505,0.781,0.833333333333333
"Combined_vs_NP","Met+Bac",505,0.782,0.833333333333333
"Combined_vs_NP","Met+Bac",505,0.783,0.833333333333333
"Combined_vs_NP","Met+Bac",505,0.784,0.833333333333333
"Combined_vs_NP","Met+Bac",505,0.785,0.833333333333333
"Combined_vs_NP","Met+Bac",505,0.786,0.833333333333333
"Combined_vs_NP","Met+Bac",505,0.787,0.833333333333333
"Combined_vs_NP","Met+Bac",505,0.788,0.833333333333333
"Combined_vs_NP","Met+Bac",505,0.789,0.833333333333333
"Combined_vs_NP","Met+Bac",505,0.79,0.833333333333333
"Combined_vs_NP","Met+Bac",505,0.791,0.833333333333333
"Combined_vs_NP","Met+Bac",505,0.792,0.833333333333333
"Combined_vs_NP","Met+Bac",505,0.793,0.833333333333333
"Combined_vs_NP","Met+Bac",505,0.794,0.833333333333333
"Combined_vs_NP","Met+Bac",505,0.795,0.8375
"Combined_vs_NP","Met+Bac",505,0.796,0.8375
"Combined_vs_NP","Met+Bac",505,0.797,0.8375
"Combined_vs_NP","Met+Bac",505,0.798,0.8375
"Combined_vs_NP","Met+Bac",505,0.799,0.8375
"Combined_vs_NP","Met+Bac",505,0.8,0.845833333333333
"Combined_vs_NP","Met+Bac",505,0.801,0.854166666666667
"Combined_vs_NP","Met+Bac",505,0.802,0.854166666666667
"Combined_vs_NP","Met+Bac",505,0.803,0.854166666666667
"Combined_vs_NP","Met+Bac",505,0.804,0.854166666666667
"Combined_vs_NP","Met+Bac",505,0.805,0.854166666666667
"Combined_vs_NP","Met+Bac",505,0.806,0.854166666666667
"Combined_vs_NP","Met+Bac",505,0.807,0.854166666666667
"Combined_vs_NP","Met+Bac",505,0.808,0.854166666666667
"Combined_vs_NP","Met+Bac",505,0.809,0.854166666666667
"Combined_vs_NP","Met+Bac",505,0.81,0.854166666666667
"Combined_vs_NP","Met+Bac",505,0.811,0.854166666666667
"Combined_vs_NP","Met+Bac",505,0.812,0.854166666666667
"Combined_vs_NP","Met+Bac",505,0.813,0.854166666666667
"Combined_vs_NP","Met+Bac",505,0.814,0.854166666666667
"Combined_vs_NP","Met+Bac",505,0.815,0.854166666666667
"Combined_vs_NP","Met+Bac",505,0.816,0.854166666666667
"Combined_vs_NP","Met+Bac",505,0.817,0.854166666666667
"Combined_vs_NP","Met+Bac",505,0.818,0.854166666666667
"Combined_vs_NP","Met+Bac",505,0.819,0.854166666666667
"Combined_vs_NP","Met+Bac",505,0.82,0.854166666666667
"Combined_vs_NP","Met+Bac",505,0.821,0.854166666666667
"Combined_vs_NP","Met+Bac",505,0.822,0.854166666666667
"Combined_vs_NP","Met+Bac",505,0.823,0.854166666666667
"Combined_vs_NP","Met+Bac",505,0.824,0.854166666666667
"Combined_vs_NP","Met+Bac",505,0.825,0.854166666666667
"Combined_vs_NP","Met+Bac",505,0.826,0.854166666666667
"Combined_vs_NP","Met+Bac",505,0.827,0.854166666666667
"Combined_vs_NP","Met+Bac",505,0.828,0.854166666666667
"Combined_vs_NP","Met+Bac",505,0.829,0.854166666666667
"Combined_vs_NP","Met+Bac",505,0.83,0.858916666666667
"Combined_vs_NP","Met+Bac",505,0.831,0.861658333333334
"Combined_vs_NP","Met+Bac",505,0.832,0.875
"Combined_vs_NP","Met+Bac",505,0.833,0.875
"Combined_vs_NP","Met+Bac",505,0.834,0.875
"Combined_vs_NP","Met+Bac",505,0.835,0.875
"Combined_vs_NP","Met+Bac",505,0.836,0.875
"Combined_vs_NP","Met+Bac",505,0.837,0.875
"Combined_vs_NP","Met+Bac",505,0.838,0.875
"Combined_vs_NP","Met+Bac",505,0.839,0.883333333333333
"Combined_vs_NP","Met+Bac",505,0.84,0.883333333333333
"Combined_vs_NP","Met+Bac",505,0.841,0.895833333333333
"Combined_vs_NP","Met+Bac",505,0.842,0.895833333333333
"Combined_vs_NP","Met+Bac",505,0.843,0.895833333333333
"Combined_vs_NP","Met+Bac",505,0.844,0.916666666666667
"Combined_vs_NP","Met+Bac",505,0.845,0.916666666666667
"Combined_vs_NP","Met+Bac",505,0.846,0.916666666666667
"Combined_vs_NP","Met+Bac",505,0.847,0.916666666666667
"Combined_vs_NP","Met+Bac",505,0.848,0.916666666666667
"Combined_vs_NP","Met+Bac",505,0.849,0.916666666666667
"Combined_vs_NP","Met+Bac",505,0.85,0.920833333333333
"Combined_vs_NP","Met+Bac",505,0.851,0.920833333333333
"Combined_vs_NP","Met+Bac",505,0.852,0.920833333333333
"Combined_vs_NP","Met+Bac",505,0.853,0.920833333333333
"Combined_vs_NP","Met+Bac",505,0.854,0.920833333333333
"Combined_vs_NP","Met+Bac",505,0.855,0.920833333333333
"Combined_vs_NP","Met+Bac",505,0.856,0.925
"Combined_vs_NP","Met+Bac",505,0.857,0.925
"Combined_vs_NP","Met+Bac",505,0.858,0.925
"Combined_vs_NP","Met+Bac",505,0.859,0.929629166666667
"Combined_vs_NP","Met+Bac",505,0.86,0.931
"Combined_vs_NP","Met+Bac",505,0.861,0.9346125
"Combined_vs_NP","Met+Bac",505,0.862,0.941666666666667
"Combined_vs_NP","Met+Bac",505,0.863,0.941666666666667
"Combined_vs_NP","Met+Bac",505,0.864,0.941666666666667
"Combined_vs_NP","Met+Bac",505,0.865,0.954166666666667
"Combined_vs_NP","Met+Bac",505,0.866,0.954166666666667
"Combined_vs_NP","Met+Bac",505,0.867,0.956191666666667
"Combined_vs_NP","Met+Bac",505,0.868,0.958333333333333
"Combined_vs_NP","Met+Bac",505,0.869,0.958333333333333
"Combined_vs_NP","Met+Bac",505,0.87,0.958333333333333
"Combined_vs_NP","Met+Bac",505,0.871,0.958333333333333
"Combined_vs_NP","Met+Bac",505,0.872,0.958333333333333
"Combined_vs_NP","Met+Bac",505,0.873,0.958333333333333
"Combined_vs_NP","Met+Bac",505,0.874,0.958333333333333
"Combined_vs_NP","Met+Bac",505,0.875,0.958333333333333
"Combined_vs_NP","Met+Bac",505,0.876,0.958333333333333
"Combined_vs_NP","Met+Bac",505,0.877,0.958333333333333
"Combined_vs_NP","Met+Bac",505,0.878,0.958333333333333
"Combined_vs_NP","Met+Bac",505,0.879,0.958333333333333
"Combined_vs_NP","Met+Bac",505,0.88,0.958333333333333
"Combined_vs_NP","Met+Bac",505,0.881,0.958333333333333
"Combined_vs_NP","Met+Bac",505,0.882,0.958333333333333
"Combined_vs_NP","Met+Bac",505,0.883,0.958333333333333
"Combined_vs_NP","Met+Bac",505,0.884,0.958333333333333
"Combined_vs_NP","Met+Bac",505,0.885,0.958333333333333
"Combined_vs_NP","Met+Bac",505,0.886,0.958333333333333
"Combined_vs_NP","Met+Bac",505,0.887,0.958333333333333
"Combined_vs_NP","Met+Bac",505,0.888,0.958333333333333
"Combined_vs_NP","Met+Bac",505,0.889,0.958333333333333
"Combined_vs_NP","Met+Bac",505,0.89,0.960916666666667
"Combined_vs_NP","Met+Bac",505,0.891,0.9625
"Combined_vs_NP","Met+Bac",505,0.892,0.9625
"Combined_vs_NP","Met+Bac",505,0.893,0.9625
"Combined_vs_NP","Met+Bac",505,0.894,0.9625
"Combined_vs_NP","Met+Bac",505,0.895,0.9625
"Combined_vs_NP","Met+Bac",505,0.896,0.9625
"Combined_vs_NP","Met+Bac",505,0.897,0.9625
"Combined_vs_NP","Met+Bac",505,0.898,0.9625
"Combined_vs_NP","Met+Bac",505,0.899,0.9625
"Combined_vs_NP","Met+Bac",505,0.9,0.966666666666667
"Combined_vs_NP","Met+Bac",505,0.901,0.966666666666667
"Combined_vs_NP","Met+Bac",505,0.902,0.967741666666667
"Combined_vs_NP","Met+Bac",505,0.903,0.973424166666667
"Combined_vs_NP","Met+Bac",505,0.904,0.975343333333333
"Combined_vs_NP","Met+Bac",505,0.905,0.976241666666667
"Combined_vs_NP","Met+Bac",505,0.906,0.976944166666667
"Combined_vs_NP","Met+Bac",505,0.907,0.978177916666667
"Combined_vs_NP","Met+Bac",505,0.908,0.979411666666667
"Combined_vs_NP","Met+Bac",505,0.909,0.980645416666667
"Combined_vs_NP","Met+Bac",505,0.91,0.981879166666667
"Combined_vs_NP","Met+Bac",505,0.911,0.982747916666667
"Combined_vs_NP","Met+Bac",505,0.912,0.983390476190476
"Combined_vs_NP","Met+Bac",505,0.913,0.983782142857143
"Combined_vs_NP","Met+Bac",505,0.914,0.98417380952381
"Combined_vs_NP","Met+Bac",505,0.915,0.984565476190476
"Combined_vs_NP","Met+Bac",505,0.916,0.984957142857143
"Combined_vs_NP","Met+Bac",505,0.917,0.98534880952381
"Combined_vs_NP","Met+Bac",505,0.918,0.985740476190476
"Combined_vs_NP","Met+Bac",505,0.919,0.986132142857143
"Combined_vs_NP","Met+Bac",505,0.92,0.986523809523809
"Combined_vs_NP","Met+Bac",505,0.921,0.986915476190476
"Combined_vs_NP","Met+Bac",505,0.922,0.987307142857143
"Combined_vs_NP","Met+Bac",505,0.923,0.9875
"Combined_vs_NP","Met+Bac",505,0.924,0.9875
"Combined_vs_NP","Met+Bac",505,0.925,0.9875
"Combined_vs_NP","Met+Bac",505,0.926,0.9875
"Combined_vs_NP","Met+Bac",505,0.927,0.9875
"Combined_vs_NP","Met+Bac",505,0.928,0.9875
"Combined_vs_NP","Met+Bac",505,0.929,0.9875
"Combined_vs_NP","Met+Bac",505,0.93,0.9875
"Combined_vs_NP","Met+Bac",505,0.931,0.987855952380952
"Combined_vs_NP","Met+Bac",505,0.932,0.988247619047619
"Combined_vs_NP","Met+Bac",505,0.933,0.988639285714286
"Combined_vs_NP","Met+Bac",505,0.934,0.989030952380952
"Combined_vs_NP","Met+Bac",505,0.935,0.993589285714286
"Combined_vs_NP","Met+Bac",505,0.936,0.993980952380952
"Combined_vs_NP","Met+Bac",505,0.937,0.994372619047619
"Combined_vs_NP","Met+Bac",505,0.938,0.994764285714286
"Combined_vs_NP","Met+Bac",505,0.939,0.995155952380952
"Combined_vs_NP","Met+Bac",505,0.94,0.995547619047619
"Combined_vs_NP","Met+Bac",505,0.941,1
"Combined_vs_NP","Met+Bac",505,0.942,1
"Combined_vs_NP","Met+Bac",505,0.943,1
"Combined_vs_NP","Met+Bac",505,0.944,1
"Combined_vs_NP","Met+Bac",505,0.945,1
"Combined_vs_NP","Met+Bac",505,0.946,1
"Combined_vs_NP","Met+Bac",505,0.947,1
"Combined_vs_NP","Met+Bac",505,0.948,1
"Combined_vs_NP","Met+Bac",505,0.949,1
"Combined_vs_NP","Met+Bac",505,0.95,1
"Combined_vs_NP","Met+Bac",505,0.951,1
"Combined_vs_NP","Met+Bac",505,0.952,1
"Combined_vs_NP","Met+Bac",505,0.953,1
"Combined_vs_NP","Met+Bac",505,0.954,1
"Combined_vs_NP","Met+Bac",505,0.955,1
"Combined_vs_NP","Met+Bac",505,0.956,1
"Combined_vs_NP","Met+Bac",505,0.957,1
"Combined_vs_NP","Met+Bac",505,0.958,1
"Combined_vs_NP","Met+Bac",505,0.959,1
"Combined_vs_NP","Met+Bac",505,0.96,1
"Combined_vs_NP","Met+Bac",505,0.961,1
"Combined_vs_NP","Met+Bac",505,0.962,1
"Combined_vs_NP","Met+Bac",505,0.963,1
"Combined_vs_NP","Met+Bac",505,0.964,1
"Combined_vs_NP","Met+Bac",505,0.965,1
"Combined_vs_NP","Met+Bac",505,0.966,1
"Combined_vs_NP","Met+Bac",505,0.967,1
"Combined_vs_NP","Met+Bac",505,0.968,1
"Combined_vs_NP","Met+Bac",505,0.969,1
"Combined_vs_NP","Met+Bac",505,0.97,1
"Combined_vs_NP","Met+Bac",505,0.971,1
"Combined_vs_NP","Met+Bac",505,0.972,1
"Combined_vs_NP","Met+Bac",505,0.973,1
"Combined_vs_NP","Met+Bac",505,0.974,1
"Combined_vs_NP","Met+Bac",505,0.975,1
"Combined_vs_NP","Met+Bac",505,0.976,1
"Combined_vs_NP","Met+Bac",505,0.977,1
"Combined_vs_NP","Met+Bac",505,0.978,1
"Combined_vs_NP","Met+Bac",505,0.979,1
"Combined_vs_NP","Met+Bac",505,0.98,1
"Combined_vs_NP","Met+Bac",505,0.981,1
"Combined_vs_NP","Met+Bac",505,0.982,1
"Combined_vs_NP","Met+Bac",505,0.983,1
"Combined_vs_NP","Met+Bac",505,0.984,1
"Combined_vs_NP","Met+Bac",505,0.985,1
"Combined_vs_NP","Met+Bac",505,0.986,1
"Combined_vs_NP","Met+Bac",505,0.987,1
"Combined_vs_NP","Met+Bac",505,0.988,1
"Combined_vs_NP","Met+Bac",505,0.989,1
"Combined_vs_NP","Met+Bac",505,0.99,1
"Combined_vs_NP","Met+Bac",505,0.991,1
"Combined_vs_NP","Met+Bac",505,0.992,1
"Combined_vs_NP","Met+Bac",505,0.993,1
"Combined_vs_NP","Met+Bac",505,0.994,1
"Combined_vs_NP","Met+Bac",505,0.995,1
"Combined_vs_NP","Met+Bac",505,0.996,1
"Combined_vs_NP","Met+Bac",505,0.997,1
"Combined_vs_NP","Met+Bac",505,0.998,1
"Combined_vs_NP","Met+Bac",505,0.999,1
"Combined_vs_NP","Met+Bac",505,1,1
"Combined_vs_NP","Multi-Omics",505,0,0
"Combined_vs_NP","Multi-Omics",505,0.001,0
"Combined_vs_NP","Multi-Omics",505,0.002,0
"Combined_vs_NP","Multi-Omics",505,0.003,0
"Combined_vs_NP","Multi-Omics",505,0.004,0
"Combined_vs_NP","Multi-Omics",505,0.005,0.00658333333333339
"Combined_vs_NP","Multi-Omics",505,0.006,0.012066666666667
"Combined_vs_NP","Multi-Omics",505,0.007,0.0166666666666667
"Combined_vs_NP","Multi-Omics",505,0.008,0.0166666666666667
"Combined_vs_NP","Multi-Omics",505,0.009,0.0166666666666667
"Combined_vs_NP","Multi-Omics",505,0.01,0.025
"Combined_vs_NP","Multi-Omics",505,0.011,0.0363083333333337
"Combined_vs_NP","Multi-Omics",505,0.012,0.0445333333333334
"Combined_vs_NP","Multi-Omics",505,0.013,0.0458333333333333
"Combined_vs_NP","Multi-Omics",505,0.014,0.05
"Combined_vs_NP","Multi-Omics",505,0.015,0.05
"Combined_vs_NP","Multi-Omics",505,0.016,0.05
"Combined_vs_NP","Multi-Omics",505,0.017,0.050775
"Combined_vs_NP","Multi-Omics",505,0.018,0.0535166666666668
"Combined_vs_NP","Multi-Omics",505,0.019,0.0583333333333333
"Combined_vs_NP","Multi-Omics",505,0.02,0.0721666666666668
"Combined_vs_NP","Multi-Omics",505,0.021,0.07765
"Combined_vs_NP","Multi-Omics",505,0.022,0.0833333333333333
"Combined_vs_NP","Multi-Omics",505,0.023,0.0963916666666668
"Combined_vs_NP","Multi-Omics",505,0.024,0.0991333333333334
"Combined_vs_NP","Multi-Omics",505,0.025,0.104166666666667
"Combined_vs_NP","Multi-Omics",505,0.026,0.1125
"Combined_vs_NP","Multi-Omics",505,0.027,0.1125
"Combined_vs_NP","Multi-Omics",505,0.028,0.125
"Combined_vs_NP","Multi-Omics",505,0.029,0.133447222222222
"Combined_vs_NP","Multi-Omics",505,0.03,0.134361111111111
"Combined_vs_NP","Multi-Omics",505,0.031,0.136104166666667
"Combined_vs_NP","Multi-Omics",505,0.032,0.138388888888889
"Combined_vs_NP","Multi-Omics",505,0.033,0.140673611111111
"Combined_vs_NP","Multi-Omics",505,0.034,0.143733333333333
"Combined_vs_NP","Multi-Omics",505,0.035,0.147263888888889
"Combined_vs_NP","Multi-Omics",505,0.036,0.148177777777778
"Combined_vs_NP","Multi-Omics",505,0.037,0.149091666666667
"Combined_vs_NP","Multi-Omics",505,0.038,0.150016666666667
"Combined_vs_NP","Multi-Omics",505,0.039,0.152758333333333
"Combined_vs_NP","Multi-Omics",505,0.04,0.158333333333333
"Combined_vs_NP","Multi-Omics",505,0.041,0.158333333333333
"Combined_vs_NP","Multi-Omics",505,0.042,0.16515
"Combined_vs_NP","Multi-Omics",505,0.043,0.180391666666667
"Combined_vs_NP","Multi-Omics",505,0.044,0.183133333333333
"Combined_vs_NP","Multi-Omics",505,0.045,0.184604166666667
"Combined_vs_NP","Multi-Omics",505,0.046,0.186905555555556
"Combined_vs_NP","Multi-Omics",505,0.047,0.190561111111111
"Combined_vs_NP","Multi-Omics",505,0.048,0.193
"Combined_vs_NP","Multi-Omics",505,0.049,0.195284722222222
"Combined_vs_NP","Multi-Omics",505,0.05,0.197569444444445
"Combined_vs_NP","Multi-Omics",505,0.051,0.201404166666667
"Combined_vs_NP","Multi-Omics",505,0.052,0.204616666666667
"Combined_vs_NP","Multi-Omics",505,0.053,0.2059875
"Combined_vs_NP","Multi-Omics",505,0.054,0.207358333333333
"Combined_vs_NP","Multi-Omics",505,0.055,0.208333333333333
"Combined_vs_NP","Multi-Omics",505,0.056,0.208333333333333
"Combined_vs_NP","Multi-Omics",505,0.057,0.2125
"Combined_vs_NP","Multi-Omics",505,0.058,0.213183333333333
"Combined_vs_NP","Multi-Omics",505,0.059,0.215925
"Combined_vs_NP","Multi-Omics",505,0.06,0.222833333333334
"Combined_vs_NP","Multi-Omics",505,0.061,0.225
"Combined_vs_NP","Multi-Omics",505,0.062,0.225
"Combined_vs_NP","Multi-Omics",505,0.063,0.228783333333333
"Combined_vs_NP","Multi-Omics",505,0.064,0.233333333333333
"Combined_vs_NP","Multi-Omics",505,0.065,0.233333333333333
"Combined_vs_NP","Multi-Omics",505,0.066,0.233333333333333
"Combined_vs_NP","Multi-Omics",505,0.067,0.233333333333333
"Combined_vs_NP","Multi-Omics",505,0.068,0.233333333333333
"Combined_vs_NP","Multi-Omics",505,0.069,0.241666666666667
"Combined_vs_NP","Multi-Omics",505,0.07,0.241666666666667
"Combined_vs_NP","Multi-Omics",505,0.071,0.241666666666667
"Combined_vs_NP","Multi-Omics",505,0.072,0.242188888888889
"Combined_vs_NP","Multi-Omics",505,0.073,0.243102777777778
"Combined_vs_NP","Multi-Omics",505,0.074,0.244016666666667
"Combined_vs_NP","Multi-Omics",505,0.075,0.244930555555556
"Combined_vs_NP","Multi-Omics",505,0.076,0.245873333333333
"Combined_vs_NP","Multi-Omics",505,0.077,0.249163333333333
"Combined_vs_NP","Multi-Omics",505,0.078,0.251103333333333
"Combined_vs_NP","Multi-Omics",505,0.079,0.251651666666667
"Combined_vs_NP","Multi-Omics",505,0.08,0.253533333333333
"Combined_vs_NP","Multi-Omics",505,0.081,0.2554525
"Combined_vs_NP","Multi-Omics",505,0.082,0.257371666666667
"Combined_vs_NP","Multi-Omics",505,0.083,0.259290833333333
"Combined_vs_NP","Multi-Omics",505,0.084,0.260983333333333
"Combined_vs_NP","Multi-Omics",505,0.085,0.262354166666667
"Combined_vs_NP","Multi-Omics",505,0.086,0.263725
"Combined_vs_NP","Multi-Omics",505,0.087,0.265095833333333
"Combined_vs_NP","Multi-Omics",505,0.088,0.266466666666667
"Combined_vs_NP","Multi-Omics",505,0.089,0.2678375
"Combined_vs_NP","Multi-Omics",505,0.09,0.271194444444444
"Combined_vs_NP","Multi-Omics",505,0.091,0.278505555555555
"Combined_vs_NP","Multi-Omics",505,0.092,0.288866666666666
"Combined_vs_NP","Multi-Omics",505,0.093,0.293594444444444
"Combined_vs_NP","Multi-Omics",505,0.094,0.295422222222222
"Combined_vs_NP","Multi-Omics",505,0.095,0.295833333333333
"Combined_vs_NP","Multi-Omics",505,0.096,0.295833333333333
"Combined_vs_NP","Multi-Omics",505,0.097,0.295833333333333
"Combined_vs_NP","Multi-Omics",505,0.098,0.301008333333333
"Combined_vs_NP","Multi-Omics",505,0.099,0.302379166666667
"Combined_vs_NP","Multi-Omics",505,0.1,0.30375
"Combined_vs_NP","Multi-Omics",505,0.101,0.306075
"Combined_vs_NP","Multi-Omics",505,0.102,0.30843
"Combined_vs_NP","Multi-Omics",505,0.103,0.308978333333333
"Combined_vs_NP","Multi-Omics",505,0.104,0.309526666666667
"Combined_vs_NP","Multi-Omics",505,0.105,0.31045
"Combined_vs_NP","Multi-Omics",505,0.106,0.31374
"Combined_vs_NP","Multi-Omics",505,0.107,0.315338333333333
"Combined_vs_NP","Multi-Omics",505,0.108,0.315886666666667
"Combined_vs_NP","Multi-Omics",505,0.109,0.316435
"Combined_vs_NP","Multi-Omics",505,0.11,0.316666666666667
"Combined_vs_NP","Multi-Omics",505,0.111,0.316666666666667
"Combined_vs_NP","Multi-Omics",505,0.112,0.316666666666667
"Combined_vs_NP","Multi-Omics",505,0.113,0.316666666666667
"Combined_vs_NP","Multi-Omics",505,0.114,0.316691666666667
"Combined_vs_NP","Multi-Omics",505,0.115,0.3180625
"Combined_vs_NP","Multi-Omics",505,0.116,0.320116666666667
"Combined_vs_NP","Multi-Omics",505,0.117,0.322858333333333
"Combined_vs_NP","Multi-Omics",505,0.118,0.3256
"Combined_vs_NP","Multi-Omics",505,0.119,0.328027083333333
"Combined_vs_NP","Multi-Omics",505,0.12,0.330083333333333
"Combined_vs_NP","Multi-Omics",505,0.121,0.330852083333333
"Combined_vs_NP","Multi-Omics",505,0.122,0.3315375
"Combined_vs_NP","Multi-Omics",505,0.123,0.332222916666667
"Combined_vs_NP","Multi-Omics",505,0.124,0.332908333333333
"Combined_vs_NP","Multi-Omics",505,0.125,0.334461805555556
"Combined_vs_NP","Multi-Omics",505,0.126,0.337431944444445
"Combined_vs_NP","Multi-Omics",505,0.127,0.340402083333333
"Combined_vs_NP","Multi-Omics",505,0.128,0.342905555555556
"Combined_vs_NP","Multi-Omics",505,0.129,0.344504861111111
"Combined_vs_NP","Multi-Omics",505,0.13,0.346104166666667
"Combined_vs_NP","Multi-Omics",505,0.131,0.347497222222222
"Combined_vs_NP","Multi-Omics",505,0.132,0.348411111111111
"Combined_vs_NP","Multi-Omics",505,0.133,0.349753333333333
"Combined_vs_NP","Multi-Omics",505,0.134,0.350976666666667
"Combined_vs_NP","Multi-Omics",505,0.135,0.351525
"Combined_vs_NP","Multi-Omics",505,0.136,0.35309
"Combined_vs_NP","Multi-Omics",505,0.137,0.355009166666667
"Combined_vs_NP","Multi-Omics",505,0.138,0.356928333333333
"Combined_vs_NP","Multi-Omics",505,0.139,0.357885
"Combined_vs_NP","Multi-Omics",505,0.14,0.358333333333333
"Combined_vs_NP","Multi-Omics",505,0.141,0.358333333333333
"Combined_vs_NP","Multi-Omics",505,0.142,0.358333333333333
"Combined_vs_NP","Multi-Omics",505,0.143,0.358411666666667
"Combined_vs_NP","Multi-Omics",505,0.144,0.35896
"Combined_vs_NP","Multi-Omics",505,0.145,0.359508333333333
"Combined_vs_NP","Multi-Omics",505,0.146,0.360056666666667
"Combined_vs_NP","Multi-Omics",505,0.147,0.360605
"Combined_vs_NP","Multi-Omics",505,0.148,0.361953333333333
"Combined_vs_NP","Multi-Omics",505,0.149,0.3638725
"Combined_vs_NP","Multi-Omics",505,0.15,0.365791666666667
"Combined_vs_NP","Multi-Omics",505,0.151,0.366915277777778
"Combined_vs_NP","Multi-Omics",505,0.152,0.367372222222222
"Combined_vs_NP","Multi-Omics",505,0.153,0.367829166666667
"Combined_vs_NP","Multi-Omics",505,0.154,0.368286111111111
"Combined_vs_NP","Multi-Omics",505,0.155,0.368743055555556
"Combined_vs_NP","Multi-Omics",505,0.156,0.3692
"Combined_vs_NP","Multi-Omics",505,0.157,0.369656944444444
"Combined_vs_NP","Multi-Omics",505,0.158,0.370113888888889
"Combined_vs_NP","Multi-Omics",505,0.159,0.370570833333333
"Combined_vs_NP","Multi-Omics",505,0.16,0.370833333333333
"Combined_vs_NP","Multi-Omics",505,0.161,0.370833333333333
"Combined_vs_NP","Multi-Omics",505,0.162,0.370833333333333
"Combined_vs_NP","Multi-Omics",505,0.163,0.370833333333333
"Combined_vs_NP","Multi-Omics",505,0.164,0.370833333333333
"Combined_vs_NP","Multi-Omics",505,0.165,0.370833333333333
"Combined_vs_NP","Multi-Omics",505,0.166,0.370833333333333
"Combined_vs_NP","Multi-Omics",505,0.167,0.370833333333333
"Combined_vs_NP","Multi-Omics",505,0.168,0.370833333333333
"Combined_vs_NP","Multi-Omics",505,0.169,0.370833333333333
"Combined_vs_NP","Multi-Omics",505,0.17,0.370833333333333
"Combined_vs_NP","Multi-Omics",505,0.171,0.371552777777778
"Combined_vs_NP","Multi-Omics",505,0.172,0.372466666666667
"Combined_vs_NP","Multi-Omics",505,0.173,0.373380555555556
"Combined_vs_NP","Multi-Omics",505,0.174,0.374294444444444
"Combined_vs_NP","Multi-Omics",505,0.175,0.375208333333333
"Combined_vs_NP","Multi-Omics",505,0.176,0.376122222222222
"Combined_vs_NP","Multi-Omics",505,0.177,0.377036111111111
"Combined_vs_NP","Multi-Omics",505,0.178,0.37795
"Combined_vs_NP","Multi-Omics",505,0.179,0.378863888888889
"Combined_vs_NP","Multi-Omics",505,0.18,0.379166666666667
"Combined_vs_NP","Multi-Omics",505,0.181,0.379166666666667
"Combined_vs_NP","Multi-Omics",505,0.182,0.379166666666667
"Combined_vs_NP","Multi-Omics",505,0.183,0.380029166666667
"Combined_vs_NP","Multi-Omics",505,0.184,0.3814
"Combined_vs_NP","Multi-Omics",505,0.185,0.382770833333333
"Combined_vs_NP","Multi-Omics",505,0.186,0.383333333333333
"Combined_vs_NP","Multi-Omics",505,0.187,0.383397222222222
"Combined_vs_NP","Multi-Omics",505,0.188,0.384311111111111
"Combined_vs_NP","Multi-Omics",505,0.189,0.385225
"Combined_vs_NP","Multi-Omics",505,0.19,0.386138888888889
"Combined_vs_NP","Multi-Omics",505,0.191,0.387052777777778
"Combined_vs_NP","Multi-Omics",505,0.192,0.3882
"Combined_vs_NP","Multi-Omics",505,0.193,0.389570833333333
"Combined_vs_NP","Multi-Omics",505,0.194,0.390941666666667
"Combined_vs_NP","Multi-Omics",505,0.195,0.39425
"Combined_vs_NP","Multi-Omics",505,0.196,0.399733333333333
"Combined_vs_NP","Multi-Omics",505,0.197,0.4
"Combined_vs_NP","Multi-Omics",505,0.198,0.400394444444444
"Combined_vs_NP","Multi-Omics",505,0.199,0.401308333333333
"Combined_vs_NP","Multi-Omics",505,0.2,0.404722222222222
"Combined_vs_NP","Multi-Omics",505,0.201,0.407302777777778
"Combined_vs_NP","Multi-Omics",505,0.202,0.408216666666667
"Combined_vs_NP","Multi-Omics",505,0.203,0.408333333333333
"Combined_vs_NP","Multi-Omics",505,0.204,0.408333333333333
"Combined_vs_NP","Multi-Omics",505,0.205,0.408333333333333
"Combined_vs_NP","Multi-Omics",505,0.206,0.409475
"Combined_vs_NP","Multi-Omics",505,0.207,0.411704166666667
"Combined_vs_NP","Multi-Omics",505,0.208,0.415816666666667
"Combined_vs_NP","Multi-Omics",505,0.209,0.418841666666667
"Combined_vs_NP","Multi-Omics",505,0.21,0.420833333333333
"Combined_vs_NP","Multi-Omics",505,0.211,0.420833333333333
"Combined_vs_NP","Multi-Omics",505,0.212,0.420833333333333
"Combined_vs_NP","Multi-Omics",505,0.213,0.420833333333333
"Combined_vs_NP","Multi-Omics",505,0.214,0.420833333333333
"Combined_vs_NP","Multi-Omics",505,0.215,0.421758101851852
"Combined_vs_NP","Multi-Omics",505,0.216,0.423052777777778
"Combined_vs_NP","Multi-Omics",505,0.217,0.424347453703704
"Combined_vs_NP","Multi-Omics",505,0.218,0.42610462962963
"Combined_vs_NP","Multi-Omics",505,0.219,0.428084722222222
"Combined_vs_NP","Multi-Omics",505,0.22,0.430064814814815
"Combined_vs_NP","Multi-Omics",505,0.221,0.433351157407407
"Combined_vs_NP","Multi-Omics",505,0.222,0.437514166666667
"Combined_vs_NP","Multi-Omics",505,0.223,0.442647175925926
"Combined_vs_NP","Multi-Omics",505,0.224,0.445738518518518
"Combined_vs_NP","Multi-Omics",505,0.225,0.447444444444444
"Combined_vs_NP","Multi-Omics",505,0.226,0.44915037037037
"Combined_vs_NP","Multi-Omics",505,0.227,0.450856296296296
"Combined_vs_NP","Multi-Omics",505,0.228,0.452565
"Combined_vs_NP","Multi-Omics",505,0.229,0.454347083333333
"Combined_vs_NP","Multi-Omics",505,0.23,0.456129166666667
"Combined_vs_NP","Multi-Omics",505,0.231,0.45791125
"Combined_vs_NP","Multi-Omics",505,0.232,0.459693333333333
"Combined_vs_NP","Multi-Omics",505,0.233,0.461475416666667
"Combined_vs_NP","Multi-Omics",505,0.234,0.4632575
"Combined_vs_NP","Multi-Omics",505,0.235,0.467008333333333
"Combined_vs_NP","Multi-Omics",505,0.236,0.470846666666667
"Combined_vs_NP","Multi-Omics",505,0.237,0.474685
"Combined_vs_NP","Multi-Omics",505,0.238,0.475
"Combined_vs_NP","Multi-Omics",505,0.239,0.475
"Combined_vs_NP","Multi-Omics",505,0.24,0.475
"Combined_vs_NP","Multi-Omics",505,0.241,0.475
"Combined_vs_NP","Multi-Omics",505,0.242,0.475
"Combined_vs_NP","Multi-Omics",505,0.243,0.475
"Combined_vs_NP","Multi-Omics",505,0.244,0.475766666666667
"Combined_vs_NP","Multi-Omics",505,0.245,0.476680555555556
"Combined_vs_NP","Multi-Omics",505,0.246,0.477594444444444
"Combined_vs_NP","Multi-Omics",505,0.247,0.478508333333333
"Combined_vs_NP","Multi-Omics",505,0.248,0.479166666666667
"Combined_vs_NP","Multi-Omics",505,0.249,0.479166666666667
"Combined_vs_NP","Multi-Omics",505,0.25,0.479166666666667
"Combined_vs_NP","Multi-Omics",505,0.251,0.479386111111111
"Combined_vs_NP","Multi-Omics",505,0.252,0.4803
"Combined_vs_NP","Multi-Omics",505,0.253,0.481213888888889
"Combined_vs_NP","Multi-Omics",505,0.254,0.482677777777778
"Combined_vs_NP","Multi-Omics",505,0.255,0.486333333333333
"Combined_vs_NP","Multi-Omics",505,0.256,0.489988888888889
"Combined_vs_NP","Multi-Omics",505,0.257,0.493246944444444
"Combined_vs_NP","Multi-Omics",505,0.258,0.494435
"Combined_vs_NP","Multi-Omics",505,0.259,0.495623055555556
"Combined_vs_NP","Multi-Omics",505,0.26,0.4967
"Combined_vs_NP","Multi-Omics",505,0.261,0.496974166666667
"Combined_vs_NP","Multi-Omics",505,0.262,0.497248333333333
"Combined_vs_NP","Multi-Omics",505,0.263,0.4975225
"Combined_vs_NP","Multi-Omics",505,0.264,0.497796666666667
"Combined_vs_NP","Multi-Omics",505,0.265,0.498070833333333
"Combined_vs_NP","Multi-Omics",505,0.266,0.498345
"Combined_vs_NP","Multi-Omics",505,0.267,0.498619166666667
"Combined_vs_NP","Multi-Omics",505,0.268,0.498893333333333
"Combined_vs_NP","Multi-Omics",505,0.269,0.4991675
"Combined_vs_NP","Multi-Omics",505,0.27,0.499441666666667
"Combined_vs_NP","Multi-Omics",505,0.271,0.499715833333333
"Combined_vs_NP","Multi-Omics",505,0.272,0.49999
"Combined_vs_NP","Multi-Omics",505,0.273,0.501056666666667
"Combined_vs_NP","Multi-Omics",505,0.274,0.502153333333333
"Combined_vs_NP","Multi-Omics",505,0.275,0.50325
"Combined_vs_NP","Multi-Omics",505,0.276,0.504346666666667
"Combined_vs_NP","Multi-Omics",505,0.277,0.506736388888889
"Combined_vs_NP","Multi-Omics",505,0.278,0.511031666666667
"Combined_vs_NP","Multi-Omics",505,0.279,0.514114444444445
"Combined_vs_NP","Multi-Omics",505,0.28,0.516638888888889
"Combined_vs_NP","Multi-Omics",505,0.281,0.518466666666667
"Combined_vs_NP","Multi-Omics",505,0.282,0.519136111111111
"Combined_vs_NP","Multi-Omics",505,0.283,0.519593055555556
"Combined_vs_NP","Multi-Omics",505,0.284,0.52005
"Combined_vs_NP","Multi-Omics",505,0.285,0.520506944444444
"Combined_vs_NP","Multi-Omics",505,0.286,0.520833333333333
"Combined_vs_NP","Multi-Omics",505,0.287,0.520833333333333
"Combined_vs_NP","Multi-Omics",505,0.288,0.520833333333333
"Combined_vs_NP","Multi-Omics",505,0.289,0.520833333333333
"Combined_vs_NP","Multi-Omics",505,0.29,0.520833333333333
"Combined_vs_NP","Multi-Omics",505,0.291,0.520833333333333
"Combined_vs_NP","Multi-Omics",505,0.292,0.520833333333333
"Combined_vs_NP","Multi-Omics",505,0.293,0.520833333333333
"Combined_vs_NP","Multi-Omics",505,0.294,0.521042592592593
"Combined_vs_NP","Multi-Omics",505,0.295,0.521347222222222
"Combined_vs_NP","Multi-Omics",505,0.296,0.521651851851852
"Combined_vs_NP","Multi-Omics",505,0.297,0.521956481481481
"Combined_vs_NP","Multi-Omics",505,0.298,0.522261111111111
"Combined_vs_NP","Multi-Omics",505,0.299,0.522565740740741
"Combined_vs_NP","Multi-Omics",505,0.3,0.52287037037037
"Combined_vs_NP","Multi-Omics",505,0.301,0.523416666666667
"Combined_vs_NP","Multi-Omics",505,0.302,0.526462962962963
"Combined_vs_NP","Multi-Omics",505,0.303,0.527950925925926
"Combined_vs_NP","Multi-Omics",505,0.304,0.528388888888889
"Combined_vs_NP","Multi-Omics",505,0.305,0.531435185185185
"Combined_vs_NP","Multi-Omics",505,0.306,0.533031481481481
"Combined_vs_NP","Multi-Omics",505,0.307,0.533336458333333
"Combined_vs_NP","Multi-Omics",505,0.308,0.533679166666667
"Combined_vs_NP","Multi-Omics",505,0.309,0.534021875
"Combined_vs_NP","Multi-Omics",505,0.31,0.534364583333333
"Combined_vs_NP","Multi-Omics",505,0.311,0.534707291666667
"Combined_vs_NP","Multi-Omics",505,0.312,0.535358333333333
"Combined_vs_NP","Multi-Omics",505,0.313,0.536386458333333
"Combined_vs_NP","Multi-Omics",505,0.314,0.537414583333333
"Combined_vs_NP","Multi-Omics",505,0.315,0.538723958333333
"Combined_vs_NP","Multi-Omics",505,0.316,0.5404375
"Combined_vs_NP","Multi-Omics",505,0.317,0.542151041666667
"Combined_vs_NP","Multi-Omics",505,0.318,0.543695138888889
"Combined_vs_NP","Multi-Omics",505,0.319,0.544951736111111
"Combined_vs_NP","Multi-Omics",505,0.32,0.545916666666667
"Combined_vs_NP","Multi-Omics",505,0.321,0.546603472222222
"Combined_vs_NP","Multi-Omics",505,0.322,0.546831944444444
"Combined_vs_NP","Multi-Omics",505,0.323,0.547060416666667
"Combined_vs_NP","Multi-Omics",505,0.324,0.547688888888889
"Combined_vs_NP","Multi-Omics",505,0.325,0.549288194444444
"Combined_vs_NP","Multi-Omics",505,0.326,0.5508875
"Combined_vs_NP","Multi-Omics",505,0.327,0.55225625
"Combined_vs_NP","Multi-Omics",505,0.328,0.552941666666667
"Combined_vs_NP","Multi-Omics",505,0.329,0.553627083333333
"Combined_vs_NP","Multi-Omics",505,0.33,0.554395833333333
"Combined_vs_NP","Multi-Omics",505,0.331,0.555472916666667
"Combined_vs_NP","Multi-Omics",505,0.332,0.557092857142857
"Combined_vs_NP","Multi-Omics",505,0.333,0.558953273809524
"Combined_vs_NP","Multi-Omics",505,0.334,0.560813690476191
"Combined_vs_NP","Multi-Omics",505,0.335,0.562674107142857
"Combined_vs_NP","Multi-Omics",505,0.336,0.564442857142857
"Combined_vs_NP","Multi-Omics",505,0.337,0.565617857142857
"Combined_vs_NP","Multi-Omics",505,0.338,0.566792857142857
"Combined_vs_NP","Multi-Omics",505,0.339,0.567967857142857
"Combined_vs_NP","Multi-Omics",505,0.34,0.569142857142857
"Combined_vs_NP","Multi-Omics",505,0.341,0.570617857142857
"Combined_vs_NP","Multi-Omics",505,0.342,0.572272222222222
"Combined_vs_NP","Multi-Omics",505,0.343,0.573186111111111
"Combined_vs_NP","Multi-Omics",505,0.344,0.5741
"Combined_vs_NP","Multi-Omics",505,0.345,0.575
"Combined_vs_NP","Multi-Omics",505,0.346,0.575
"Combined_vs_NP","Multi-Omics",505,0.347,0.576188541666667
"Combined_vs_NP","Multi-Omics",505,0.348,0.5785875
"Combined_vs_NP","Multi-Omics",505,0.349,0.580986458333333
"Combined_vs_NP","Multi-Omics",505,0.35,0.583385416666667
"Combined_vs_NP","Multi-Omics",505,0.351,0.585784375
"Combined_vs_NP","Multi-Omics",505,0.352,0.588183333333333
"Combined_vs_NP","Multi-Omics",505,0.353,0.590138310185185
"Combined_vs_NP","Multi-Omics",505,0.354,0.591471064814815
"Combined_vs_NP","Multi-Omics",505,0.355,0.592803819444444
"Combined_vs_NP","Multi-Omics",505,0.356,0.594136574074074
"Combined_vs_NP","Multi-Omics",505,0.357,0.595469328703704
"Combined_vs_NP","Multi-Omics",505,0.358,0.596802083333333
"Combined_vs_NP","Multi-Omics",505,0.359,0.598237248677249
"Combined_vs_NP","Multi-Omics",505,0.36,0.599873544973545
"Combined_vs_NP","Multi-Omics",505,0.361,0.601509841269841
"Combined_vs_NP","Multi-Omics",505,0.362,0.603146137566138
"Combined_vs_NP","Multi-Omics",505,0.363,0.604782433862434
"Combined_vs_NP","Multi-Omics",505,0.364,0.60641873015873
"Combined_vs_NP","Multi-Omics",505,0.365,0.60813373015873
"Combined_vs_NP","Multi-Omics",505,0.366,0.610074656084656
"Combined_vs_NP","Multi-Omics",505,0.367,0.611783349867725
"Combined_vs_NP","Multi-Omics",505,0.368,0.613409854497355
"Combined_vs_NP","Multi-Omics",505,0.369,0.615036359126984
"Combined_vs_NP","Multi-Omics",505,0.37,0.616115244708995
"Combined_vs_NP","Multi-Omics",505,0.371,0.616958416005291
"Combined_vs_NP","Multi-Omics",505,0.372,0.617801587301587
"Combined_vs_NP","Multi-Omics",505,0.373,0.618644758597884
"Combined_vs_NP","Multi-Omics",505,0.374,0.619551818783069
"Combined_vs_NP","Multi-Omics",505,0.375,0.620851934523809
"Combined_vs_NP","Multi-Omics",505,0.376,0.62215205026455
"Combined_vs_NP","Multi-Omics",505,0.377,0.623452166005291
"Combined_vs_NP","Multi-Omics",505,0.378,0.624752281746032
"Combined_vs_NP","Multi-Omics",505,0.379,0.625676587301587
"Combined_vs_NP","Multi-Omics",505,0.38,0.626329365079365
"Combined_vs_NP","Multi-Omics",505,0.381,0.626982142857143
"Combined_vs_NP","Multi-Omics",505,0.382,0.627634920634921
"Combined_vs_NP","Multi-Omics",505,0.383,0.62828630952381
"Combined_vs_NP","Multi-Omics",505,0.384,0.62887380952381
"Combined_vs_NP","Multi-Omics",505,0.385,0.62946130952381
"Combined_vs_NP","Multi-Omics",505,0.386,0.630048809523809
"Combined_vs_NP","Multi-Omics",505,0.387,0.63063630952381
"Combined_vs_NP","Multi-Omics",505,0.388,0.631133333333333
"Combined_vs_NP","Multi-Omics",505,0.389,0.631525
"Combined_vs_NP","Multi-Omics",505,0.39,0.631916666666667
"Combined_vs_NP","Multi-Omics",505,0.391,0.632308333333333
"Combined_vs_NP","Multi-Omics",505,0.392,0.6327
"Combined_vs_NP","Multi-Omics",505,0.393,0.633091666666667
"Combined_vs_NP","Multi-Omics",505,0.394,0.633333333333333
"Combined_vs_NP","Multi-Omics",505,0.395,0.633333333333333
"Combined_vs_NP","Multi-Omics",505,0.396,0.633333333333333
"Combined_vs_NP","Multi-Omics",505,0.397,0.633333333333333
"Combined_vs_NP","Multi-Omics",505,0.398,0.633333333333333
"Combined_vs_NP","Multi-Omics",505,0.399,0.633333333333333
"Combined_vs_NP","Multi-Omics",505,0.4,0.633333333333333
"Combined_vs_NP","Multi-Omics",505,0.401,0.633333333333333
"Combined_vs_NP","Multi-Omics",505,0.402,0.633333333333333
"Combined_vs_NP","Multi-Omics",505,0.403,0.633333333333333
"Combined_vs_NP","Multi-Omics",505,0.404,0.633333333333333
"Combined_vs_NP","Multi-Omics",505,0.405,0.633333333333333
"Combined_vs_NP","Multi-Omics",505,0.406,0.633744444444445
"Combined_vs_NP","Multi-Omics",505,0.407,0.635572222222222
"Combined_vs_NP","Multi-Omics",505,0.408,0.6374
"Combined_vs_NP","Multi-Omics",505,0.409,0.639227777777778
"Combined_vs_NP","Multi-Omics",505,0.41,0.641055555555556
"Combined_vs_NP","Multi-Omics",505,0.411,0.641666666666667
"Combined_vs_NP","Multi-Omics",505,0.412,0.641666666666667
"Combined_vs_NP","Multi-Omics",505,0.413,0.641666666666667
"Combined_vs_NP","Multi-Omics",505,0.414,0.641666666666667
"Combined_vs_NP","Multi-Omics",505,0.415,0.641757996632997
"Combined_vs_NP","Multi-Omics",505,0.416,0.642616498316498
"Combined_vs_NP","Multi-Omics",505,0.417,0.643475
"Combined_vs_NP","Multi-Omics",505,0.418,0.644333501683502
"Combined_vs_NP","Multi-Omics",505,0.419,0.645192003367003
"Combined_vs_NP","Multi-Omics",505,0.42,0.646050505050505
"Combined_vs_NP","Multi-Omics",505,0.421,0.646909006734007
"Combined_vs_NP","Multi-Omics",505,0.422,0.647767508417508
"Combined_vs_NP","Multi-Omics",505,0.423,0.64862601010101
"Combined_vs_NP","Multi-Omics",505,0.424,0.649484511784512
"Combined_vs_NP","Multi-Omics",505,0.425,0.650343013468013
"Combined_vs_NP","Multi-Omics",505,0.426,0.651398951048951
"Combined_vs_NP","Multi-Omics",505,0.427,0.652679247604248
"Combined_vs_NP","Multi-Omics",505,0.428,0.654330972730973
"Combined_vs_NP","Multi-Omics",505,0.429,0.655741824841825
"Combined_vs_NP","Multi-Omics",505,0.43,0.656804528804529
"Combined_vs_NP","Multi-Omics",505,0.431,0.657867232767233
"Combined_vs_NP","Multi-Omics",505,0.432,0.658832967032967
"Combined_vs_NP","Multi-Omics",505,0.433,0.659646428571429
"Combined_vs_NP","Multi-Omics",505,0.434,0.66045989010989
"Combined_vs_NP","Multi-Omics",505,0.435,0.661273351648352
"Combined_vs_NP","Multi-Omics",505,0.436,0.662086813186813
"Combined_vs_NP","Multi-Omics",505,0.437,0.662900274725275
"Combined_vs_NP","Multi-Omics",505,0.438,0.663713736263736
"Combined_vs_NP","Multi-Omics",505,0.439,0.664527197802198
"Combined_vs_NP","Multi-Omics",505,0.44,0.665340659340659
"Combined_vs_NP","Multi-Omics",505,0.441,0.666154120879121
"Combined_vs_NP","Multi-Omics",505,0.442,0.666967582417582
"Combined_vs_NP","Multi-Omics",505,0.443,0.667781043956044
"Combined_vs_NP","Multi-Omics",505,0.444,0.668810414585414
"Combined_vs_NP","Multi-Omics",505,0.445,0.670558535214785
"Combined_vs_NP","Multi-Omics",505,0.446,0.672396655844156
"Combined_vs_NP","Multi-Omics",505,0.447,0.674271314935065
"Combined_vs_NP","Multi-Omics",505,0.448,0.676145974025974
"Combined_vs_NP","Multi-Omics",505,0.449,0.678020633116883
"Combined_vs_NP","Multi-Omics",505,0.45,0.680092051467051
"Combined_vs_NP","Multi-Omics",505,0.451,0.683261386483887
"Combined_vs_NP","Multi-Omics",505,0.452,0.686430721500721
"Combined_vs_NP","Multi-Omics",505,0.453,0.68944588985089
"Combined_vs_NP","Multi-Omics",505,0.454,0.691244391534391
"Combined_vs_NP","Multi-Omics",505,0.455,0.693042893217893
"Combined_vs_NP","Multi-Omics",505,0.456,0.694841394901395
"Combined_vs_NP","Multi-Omics",505,0.457,0.696639896584897
"Combined_vs_NP","Multi-Omics",505,0.458,0.698438398268398
"Combined_vs_NP","Multi-Omics",505,0.459,0.7002368999519
"Combined_vs_NP","Multi-Omics",505,0.46,0.702035401635402
"Combined_vs_NP","Multi-Omics",505,0.461,0.703424206349206
"Combined_vs_NP","Multi-Omics",505,0.462,0.704425132275132
"Combined_vs_NP","Multi-Omics",505,0.463,0.705426058201058
"Combined_vs_NP","Multi-Omics",505,0.464,0.706138095238095
"Combined_vs_NP","Multi-Omics",505,0.465,0.706529761904762
"Combined_vs_NP","Multi-Omics",505,0.466,0.706921428571429
"Combined_vs_NP","Multi-Omics",505,0.467,0.707313095238095
"Combined_vs_NP","Multi-Omics",505,0.468,0.707704761904762
"Combined_vs_NP","Multi-Omics",505,0.469,0.708096428571429
"Combined_vs_NP","Multi-Omics",505,0.47,0.708333333333333
"Combined_vs_NP","Multi-Omics",505,0.471,0.708333333333333
"Combined_vs_NP","Multi-Omics",505,0.472,0.708333333333333
"Combined_vs_NP","Multi-Omics",505,0.473,0.708333333333333
"Combined_vs_NP","Multi-Omics",505,0.474,0.708333333333333
"Combined_vs_NP","Multi-Omics",505,0.475,0.708333333333333
"Combined_vs_NP","Multi-Omics",505,0.476,0.708333333333333
"Combined_vs_NP","Multi-Omics",505,0.477,0.708333333333333
"Combined_vs_NP","Multi-Omics",505,0.478,0.708333333333333
"Combined_vs_NP","Multi-Omics",505,0.479,0.708333333333333
"Combined_vs_NP","Multi-Omics",505,0.48,0.708333333333333
"Combined_vs_NP","Multi-Omics",505,0.481,0.708333333333333
"Combined_vs_NP","Multi-Omics",505,0.482,0.708392424242424
"Combined_vs_NP","Multi-Omics",505,0.483,0.708641666666667
"Combined_vs_NP","Multi-Omics",505,0.484,0.708890909090909
"Combined_vs_NP","Multi-Omics",505,0.485,0.709140151515152
"Combined_vs_NP","Multi-Omics",505,0.486,0.709389393939394
"Combined_vs_NP","Multi-Omics",505,0.487,0.709638636363636
"Combined_vs_NP","Multi-Omics",505,0.488,0.709887878787879
"Combined_vs_NP","Multi-Omics",505,0.489,0.710137121212121
"Combined_vs_NP","Multi-Omics",505,0.49,0.710605113636364
"Combined_vs_NP","Multi-Omics",505,0.491,0.711197064393939
"Combined_vs_NP","Multi-Omics",505,0.492,0.711789015151515
"Combined_vs_NP","Multi-Omics",505,0.493,0.712380965909091
"Combined_vs_NP","Multi-Omics",505,0.494,0.712972916666667
"Combined_vs_NP","Multi-Omics",505,0.495,0.713564867424242
"Combined_vs_NP","Multi-Omics",505,0.496,0.714156818181818
"Combined_vs_NP","Multi-Omics",505,0.497,0.714748768939394
"Combined_vs_NP","Multi-Omics",505,0.498,0.71534071969697
"Combined_vs_NP","Multi-Omics",505,0.499,0.715803125
"Combined_vs_NP","Multi-Omics",505,0.5,0.716145833333333
"Combined_vs_NP","Multi-Omics",505,0.501,0.716488541666667
"Combined_vs_NP","Multi-Omics",505,0.502,0.716666666666667
"Combined_vs_NP","Multi-Omics",505,0.503,0.716666666666667
"Combined_vs_NP","Multi-Omics",505,0.504,0.716666666666667
"Combined_vs_NP","Multi-Omics",505,0.505,0.716666666666667
"Combined_vs_NP","Multi-Omics",505,0.506,0.716666666666667
"Combined_vs_NP","Multi-Omics",505,0.507,0.716896212121212
"Combined_vs_NP","Multi-Omics",505,0.508,0.717145454545455
"Combined_vs_NP","Multi-Omics",505,0.509,0.717394696969697
"Combined_vs_NP","Multi-Omics",505,0.51,0.717643939393939
"Combined_vs_NP","Multi-Omics",505,0.511,0.717893181818182
"Combined_vs_NP","Multi-Omics",505,0.512,0.718142424242424
"Combined_vs_NP","Multi-Omics",505,0.513,0.718391666666667
"Combined_vs_NP","Multi-Omics",505,0.514,0.718640909090909
"Combined_vs_NP","Multi-Omics",505,0.515,0.718890151515152
"Combined_vs_NP","Multi-Omics",505,0.516,0.719139393939394
"Combined_vs_NP","Multi-Omics",505,0.517,0.719388636363636
"Combined_vs_NP","Multi-Omics",505,0.518,0.719637878787879
"Combined_vs_NP","Multi-Omics",505,0.519,0.719887121212121
"Combined_vs_NP","Multi-Omics",505,0.52,0.720187645687646
"Combined_vs_NP","Multi-Omics",505,0.521,0.720647785547786
"Combined_vs_NP","Multi-Omics",505,0.522,0.721107925407925
"Combined_vs_NP","Multi-Omics",505,0.523,0.721517307692308
"Combined_vs_NP","Multi-Omics",505,0.524,0.721728205128205
"Combined_vs_NP","Multi-Omics",505,0.525,0.721939102564103
"Combined_vs_NP","Multi-Omics",505,0.526,0.72215
"Combined_vs_NP","Multi-Omics",505,0.527,0.722360897435897
"Combined_vs_NP","Multi-Omics",505,0.528,0.722571794871795
"Combined_vs_NP","Multi-Omics",505,0.529,0.722782692307692
"Combined_vs_NP","Multi-Omics",505,0.53,0.72299358974359
"Combined_vs_NP","Multi-Omics",505,0.531,0.723204487179487
"Combined_vs_NP","Multi-Omics",505,0.532,0.723415384615385
"Combined_vs_NP","Multi-Omics",505,0.533,0.723626282051282
"Combined_vs_NP","Multi-Omics",505,0.534,0.72383717948718
"Combined_vs_NP","Multi-Omics",505,0.535,0.724048076923077
"Combined_vs_NP","Multi-Omics",505,0.536,0.724258974358974
"Combined_vs_NP","Multi-Omics",505,0.537,0.724469871794872
"Combined_vs_NP","Multi-Omics",505,0.538,0.724680769230769
"Combined_vs_NP","Multi-Omics",505,0.539,0.724891666666667
"Combined_vs_NP","Multi-Omics",505,0.54,0.725
"Combined_vs_NP","Multi-Omics",505,0.541,0.725
"Combined_vs_NP","Multi-Omics",505,0.542,0.725
"Combined_vs_NP","Multi-Omics",505,0.543,0.725
"Combined_vs_NP","Multi-Omics",505,0.544,0.725
"Combined_vs_NP","Multi-Omics",505,0.545,0.725
"Combined_vs_NP","Multi-Omics",505,0.546,0.725
"Combined_vs_NP","Multi-Omics",505,0.547,0.725
"Combined_vs_NP","Multi-Omics",505,0.548,0.725
"Combined_vs_NP","Multi-Omics",505,0.549,0.725
"Combined_vs_NP","Multi-Omics",505,0.55,0.725
"Combined_vs_NP","Multi-Omics",505,0.551,0.725
"Combined_vs_NP","Multi-Omics",505,0.552,0.725
"Combined_vs_NP","Multi-Omics",505,0.553,0.725
"Combined_vs_NP","Multi-Omics",505,0.554,0.725554166666667
"Combined_vs_NP","Multi-Omics",505,0.555,0.726239583333333
"Combined_vs_NP","Multi-Omics",505,0.556,0.726925
"Combined_vs_NP","Multi-Omics",505,0.557,0.727610416666667
"Combined_vs_NP","Multi-Omics",505,0.558,0.728295833333333
"Combined_vs_NP","Multi-Omics",505,0.559,0.72898125
"Combined_vs_NP","Multi-Omics",505,0.56,0.729666666666667
"Combined_vs_NP","Multi-Omics",505,0.561,0.730352083333333
"Combined_vs_NP","Multi-Omics",505,0.562,0.7310375
"Combined_vs_NP","Multi-Omics",505,0.563,0.731722916666667
"Combined_vs_NP","Multi-Omics",505,0.564,0.732408333333333
"Combined_vs_NP","Multi-Omics",505,0.565,0.73309375
"Combined_vs_NP","Multi-Omics",505,0.566,0.733333333333333
"Combined_vs_NP","Multi-Omics",505,0.567,0.733333333333333
"Combined_vs_NP","Multi-Omics",505,0.568,0.733333333333333
"Combined_vs_NP","Multi-Omics",505,0.569,0.733333333333333
"Combined_vs_NP","Multi-Omics",505,0.57,0.733333333333333
"Combined_vs_NP","Multi-Omics",505,0.571,0.733333333333333
"Combined_vs_NP","Multi-Omics",505,0.572,0.733333333333333
"Combined_vs_NP","Multi-Omics",505,0.573,0.733333333333333
"Combined_vs_NP","Multi-Omics",505,0.574,0.733333333333333
"Combined_vs_NP","Multi-Omics",505,0.575,0.733625
"Combined_vs_NP","Multi-Omics",505,0.576,0.734176666666667
"Combined_vs_NP","Multi-Omics",505,0.577,0.734999166666667
"Combined_vs_NP","Multi-Omics",505,0.578,0.735821666666667
"Combined_vs_NP","Multi-Omics",505,0.579,0.736644166666667
"Combined_vs_NP","Multi-Omics",505,0.58,0.738
"Combined_vs_NP","Multi-Omics",505,0.581,0.739370833333333
"Combined_vs_NP","Multi-Omics",505,0.582,0.740741666666667
"Combined_vs_NP","Multi-Omics",505,0.583,0.74288
"Combined_vs_NP","Multi-Omics",505,0.584,0.745073333333333
"Combined_vs_NP","Multi-Omics",505,0.585,0.747266666666667
"Combined_vs_NP","Multi-Omics",505,0.586,0.74946
"Combined_vs_NP","Multi-Omics",505,0.587,0.751448333333333
"Combined_vs_NP","Multi-Omics",505,0.588,0.753093333333333
"Combined_vs_NP","Multi-Omics",505,0.589,0.754738333333333
"Combined_vs_NP","Multi-Omics",505,0.59,0.756383333333333
"Combined_vs_NP","Multi-Omics",505,0.591,0.758028333333333
"Combined_vs_NP","Multi-Omics",505,0.592,0.758333333333333
"Combined_vs_NP","Multi-Omics",505,0.593,0.758333333333333
"Combined_vs_NP","Multi-Omics",505,0.594,0.758333333333333
"Combined_vs_NP","Multi-Omics",505,0.595,0.759041666666667
"Combined_vs_NP","Multi-Omics",505,0.596,0.759955555555555
"Combined_vs_NP","Multi-Omics",505,0.597,0.760869444444444
"Combined_vs_NP","Multi-Omics",505,0.598,0.761783333333333
"Combined_vs_NP","Multi-Omics",505,0.599,0.7625
"Combined_vs_NP","Multi-Omics",505,0.6,0.7625
"Combined_vs_NP","Multi-Omics",505,0.601,0.762977083333333
"Combined_vs_NP","Multi-Omics",505,0.602,0.7636625
"Combined_vs_NP","Multi-Omics",505,0.603,0.764347916666667
"Combined_vs_NP","Multi-Omics",505,0.604,0.765033333333333
"Combined_vs_NP","Multi-Omics",505,0.605,0.76571875
"Combined_vs_NP","Multi-Omics",505,0.606,0.766404166666667
"Combined_vs_NP","Multi-Omics",505,0.607,0.766666666666667
"Combined_vs_NP","Multi-Omics",505,0.608,0.766666666666667
"Combined_vs_NP","Multi-Omics",505,0.609,0.766666666666667
"Combined_vs_NP","Multi-Omics",505,0.61,0.766983333333333
"Combined_vs_NP","Multi-Omics",505,0.611,0.767531666666667
"Combined_vs_NP","Multi-Omics",505,0.612,0.76808
"Combined_vs_NP","Multi-Omics",505,0.613,0.768628333333333
"Combined_vs_NP","Multi-Omics",505,0.614,0.769176666666667
"Combined_vs_NP","Multi-Omics",505,0.615,0.769725
"Combined_vs_NP","Multi-Omics",505,0.616,0.77444
"Combined_vs_NP","Multi-Omics",505,0.617,0.774988333333333
"Combined_vs_NP","Multi-Omics",505,0.618,0.775
"Combined_vs_NP","Multi-Omics",505,0.619,0.775
"Combined_vs_NP","Multi-Omics",505,0.62,0.775
"Combined_vs_NP","Multi-Omics",505,0.621,0.775
"Combined_vs_NP","Multi-Omics",505,0.622,0.775
"Combined_vs_NP","Multi-Omics",505,0.623,0.775
"Combined_vs_NP","Multi-Omics",505,0.624,0.775
"Combined_vs_NP","Multi-Omics",505,0.625,0.775
"Combined_vs_NP","Multi-Omics",505,0.626,0.775
"Combined_vs_NP","Multi-Omics",505,0.627,0.776179166666667
"Combined_vs_NP","Multi-Omics",505,0.628,0.77755
"Combined_vs_NP","Multi-Omics",505,0.629,0.778920833333333
"Combined_vs_NP","Multi-Omics",505,0.63,0.779166666666667
"Combined_vs_NP","Multi-Omics",505,0.631,0.779166666666667
"Combined_vs_NP","Multi-Omics",505,0.632,0.779166666666667
"Combined_vs_NP","Multi-Omics",505,0.633,0.779166666666667
"Combined_vs_NP","Multi-Omics",505,0.634,0.779166666666667
"Combined_vs_NP","Multi-Omics",505,0.635,0.779166666666667
"Combined_vs_NP","Multi-Omics",505,0.636,0.779166666666667
"Combined_vs_NP","Multi-Omics",505,0.637,0.779166666666667
"Combined_vs_NP","Multi-Omics",505,0.638,0.779166666666667
"Combined_vs_NP","Multi-Omics",505,0.639,0.779166666666667
"Combined_vs_NP","Multi-Omics",505,0.64,0.779166666666667
"Combined_vs_NP","Multi-Omics",505,0.641,0.779166666666667
"Combined_vs_NP","Multi-Omics",505,0.642,0.779166666666667
"Combined_vs_NP","Multi-Omics",505,0.643,0.779166666666667
"Combined_vs_NP","Multi-Omics",505,0.644,0.779166666666667
"Combined_vs_NP","Multi-Omics",505,0.645,0.779166666666667
"Combined_vs_NP","Multi-Omics",505,0.646,0.779166666666667
"Combined_vs_NP","Multi-Omics",505,0.647,0.779166666666667
"Combined_vs_NP","Multi-Omics",505,0.648,0.779166666666667
"Combined_vs_NP","Multi-Omics",505,0.649,0.779166666666667
"Combined_vs_NP","Multi-Omics",505,0.65,0.779166666666667
"Combined_vs_NP","Multi-Omics",505,0.651,0.779166666666667
"Combined_vs_NP","Multi-Omics",505,0.652,0.7792
"Combined_vs_NP","Multi-Omics",505,0.653,0.780570833333333
"Combined_vs_NP","Multi-Omics",505,0.654,0.781941666666667
"Combined_vs_NP","Multi-Omics",505,0.655,0.7833125
"Combined_vs_NP","Multi-Omics",505,0.656,0.783333333333333
"Combined_vs_NP","Multi-Omics",505,0.657,0.784608333333333
"Combined_vs_NP","Multi-Omics",505,0.658,0.78735
"Combined_vs_NP","Multi-Omics",505,0.659,0.7875
"Combined_vs_NP","Multi-Omics",505,0.66,0.7875
"Combined_vs_NP","Multi-Omics",505,0.661,0.7875
"Combined_vs_NP","Multi-Omics",505,0.662,0.7875
"Combined_vs_NP","Multi-Omics",505,0.663,0.788029166666667
"Combined_vs_NP","Multi-Omics",505,0.664,0.7894
"Combined_vs_NP","Multi-Omics",505,0.665,0.790770833333333
"Combined_vs_NP","Multi-Omics",505,0.666,0.792141666666667
"Combined_vs_NP","Multi-Omics",505,0.667,0.7935125
"Combined_vs_NP","Multi-Omics",505,0.668,0.794883333333333
"Combined_vs_NP","Multi-Omics",505,0.669,0.795833333333333
"Combined_vs_NP","Multi-Omics",505,0.67,0.795833333333333
"Combined_vs_NP","Multi-Omics",505,0.671,0.795833333333333
"Combined_vs_NP","Multi-Omics",505,0.672,0.795833333333333
"Combined_vs_NP","Multi-Omics",505,0.673,0.795833333333333
"Combined_vs_NP","Multi-Omics",505,0.674,0.795833333333333
"Combined_vs_NP","Multi-Omics",505,0.675,0.795833333333333
"Combined_vs_NP","Multi-Omics",505,0.676,0.795833333333333
"Combined_vs_NP","Multi-Omics",505,0.677,0.795833333333333
"Combined_vs_NP","Multi-Omics",505,0.678,0.796091666666667
"Combined_vs_NP","Multi-Omics",505,0.679,0.7974625
"Combined_vs_NP","Multi-Omics",505,0.68,0.798833333333333
"Combined_vs_NP","Multi-Omics",505,0.681,0.800408333333333
"Combined_vs_NP","Multi-Omics",505,0.682,0.80315
"Combined_vs_NP","Multi-Omics",505,0.683,0.805891666666667
"Combined_vs_NP","Multi-Omics",505,0.684,0.8125
"Combined_vs_NP","Multi-Omics",505,0.685,0.8125
"Combined_vs_NP","Multi-Omics",505,0.686,0.814925
"Combined_vs_NP","Multi-Omics",505,0.687,0.818845833333333
"Combined_vs_NP","Multi-Omics",505,0.688,0.820216666666667
"Combined_vs_NP","Multi-Omics",505,0.689,0.820833333333333
"Combined_vs_NP","Multi-Omics",505,0.69,0.820833333333333
"Combined_vs_NP","Multi-Omics",505,0.691,0.820833333333333
"Combined_vs_NP","Multi-Omics",505,0.692,0.820833333333333
"Combined_vs_NP","Multi-Omics",505,0.693,0.820833333333333
"Combined_vs_NP","Multi-Omics",505,0.694,0.82355
"Combined_vs_NP","Multi-Omics",505,0.695,0.825
"Combined_vs_NP","Multi-Omics",505,0.696,0.825
"Combined_vs_NP","Multi-Omics",505,0.697,0.826304166666667
"Combined_vs_NP","Multi-Omics",505,0.698,0.827675
"Combined_vs_NP","Multi-Omics",505,0.699,0.829045833333333
"Combined_vs_NP","Multi-Omics",505,0.7,0.829166666666667
"Combined_vs_NP","Multi-Omics",505,0.701,0.829166666666667
"Combined_vs_NP","Multi-Omics",505,0.702,0.829166666666667
"Combined_vs_NP","Multi-Omics",505,0.703,0.829166666666667
"Combined_vs_NP","Multi-Omics",505,0.704,0.829166666666667
"Combined_vs_NP","Multi-Omics",505,0.705,0.829166666666667
"Combined_vs_NP","Multi-Omics",505,0.706,0.829166666666667
"Combined_vs_NP","Multi-Omics",505,0.707,0.829166666666667
"Combined_vs_NP","Multi-Omics",505,0.708,0.829166666666667
"Combined_vs_NP","Multi-Omics",505,0.709,0.829166666666667
"Combined_vs_NP","Multi-Omics",505,0.71,0.829166666666667
"Combined_vs_NP","Multi-Omics",505,0.711,0.829166666666667
"Combined_vs_NP","Multi-Omics",505,0.712,0.829166666666667
"Combined_vs_NP","Multi-Omics",505,0.713,0.829808333333333
"Combined_vs_NP","Multi-Omics",505,0.714,0.83255
"Combined_vs_NP","Multi-Omics",505,0.715,0.833333333333333
"Combined_vs_NP","Multi-Omics",505,0.716,0.833333333333333
"Combined_vs_NP","Multi-Omics",505,0.717,0.833333333333333
"Combined_vs_NP","Multi-Omics",505,0.718,0.833333333333333
"Combined_vs_NP","Multi-Omics",505,0.719,0.833333333333333
"Combined_vs_NP","Multi-Omics",505,0.72,0.833333333333333
"Combined_vs_NP","Multi-Omics",505,0.721,0.833333333333333
"Combined_vs_NP","Multi-Omics",505,0.722,0.833333333333333
"Combined_vs_NP","Multi-Omics",505,0.723,0.833333333333333
"Combined_vs_NP","Multi-Omics",505,0.724,0.833333333333333
"Combined_vs_NP","Multi-Omics",505,0.725,0.833333333333333
"Combined_vs_NP","Multi-Omics",505,0.726,0.833333333333333
"Combined_vs_NP","Multi-Omics",505,0.727,0.833333333333333
"Combined_vs_NP","Multi-Omics",505,0.728,0.833333333333333
"Combined_vs_NP","Multi-Omics",505,0.729,0.833333333333333
"Combined_vs_NP","Multi-Omics",505,0.73,0.833333333333333
"Combined_vs_NP","Multi-Omics",505,0.731,0.833333333333333
"Combined_vs_NP","Multi-Omics",505,0.732,0.833333333333333
"Combined_vs_NP","Multi-Omics",505,0.733,0.833333333333333
"Combined_vs_NP","Multi-Omics",505,0.734,0.833333333333333
"Combined_vs_NP","Multi-Omics",505,0.735,0.833333333333333
"Combined_vs_NP","Multi-Omics",505,0.736,0.833333333333333
"Combined_vs_NP","Multi-Omics",505,0.737,0.833333333333333
"Combined_vs_NP","Multi-Omics",505,0.738,0.833333333333333
"Combined_vs_NP","Multi-Omics",505,0.739,0.833333333333333
"Combined_vs_NP","Multi-Omics",505,0.74,0.833333333333333
"Combined_vs_NP","Multi-Omics",505,0.741,0.833333333333333
"Combined_vs_NP","Multi-Omics",505,0.742,0.833333333333333
"Combined_vs_NP","Multi-Omics",505,0.743,0.833333333333333
"Combined_vs_NP","Multi-Omics",505,0.744,0.833333333333333
"Combined_vs_NP","Multi-Omics",505,0.745,0.833333333333333
"Combined_vs_NP","Multi-Omics",505,0.746,0.833333333333333
"Combined_vs_NP","Multi-Omics",505,0.747,0.833333333333333
"Combined_vs_NP","Multi-Omics",505,0.748,0.833333333333333
"Combined_vs_NP","Multi-Omics",505,0.749,0.833333333333333
"Combined_vs_NP","Multi-Omics",505,0.75,0.833333333333333
"Combined_vs_NP","Multi-Omics",505,0.751,0.833333333333333
"Combined_vs_NP","Multi-Omics",505,0.752,0.833333333333333
"Combined_vs_NP","Multi-Omics",505,0.753,0.833333333333333
"Combined_vs_NP","Multi-Omics",505,0.754,0.833333333333333
"Combined_vs_NP","Multi-Omics",505,0.755,0.833333333333333
"Combined_vs_NP","Multi-Omics",505,0.756,0.833333333333333
"Combined_vs_NP","Multi-Omics",505,0.757,0.833333333333333
"Combined_vs_NP","Multi-Omics",505,0.758,0.833333333333333
"Combined_vs_NP","Multi-Omics",505,0.759,0.833333333333333
"Combined_vs_NP","Multi-Omics",505,0.76,0.833333333333333
"Combined_vs_NP","Multi-Omics",505,0.761,0.833333333333333
"Combined_vs_NP","Multi-Omics",505,0.762,0.833333333333333
"Combined_vs_NP","Multi-Omics",505,0.763,0.833333333333333
"Combined_vs_NP","Multi-Omics",505,0.764,0.833333333333333
"Combined_vs_NP","Multi-Omics",505,0.765,0.833333333333333
"Combined_vs_NP","Multi-Omics",505,0.766,0.833333333333333
"Combined_vs_NP","Multi-Omics",505,0.767,0.833333333333333
"Combined_vs_NP","Multi-Omics",505,0.768,0.833333333333333
"Combined_vs_NP","Multi-Omics",505,0.769,0.833333333333333
"Combined_vs_NP","Multi-Omics",505,0.77,0.833333333333333
"Combined_vs_NP","Multi-Omics",505,0.771,0.833333333333333
"Combined_vs_NP","Multi-Omics",505,0.772,0.833333333333333
"Combined_vs_NP","Multi-Omics",505,0.773,0.833333333333333
"Combined_vs_NP","Multi-Omics",505,0.774,0.833333333333333
"Combined_vs_NP","Multi-Omics",505,0.775,0.833333333333333
"Combined_vs_NP","Multi-Omics",505,0.776,0.833333333333333
"Combined_vs_NP","Multi-Omics",505,0.777,0.833333333333333
"Combined_vs_NP","Multi-Omics",505,0.778,0.833333333333333
"Combined_vs_NP","Multi-Omics",505,0.779,0.833333333333333
"Combined_vs_NP","Multi-Omics",505,0.78,0.833333333333333
"Combined_vs_NP","Multi-Omics",505,0.781,0.833333333333333
"Combined_vs_NP","Multi-Omics",505,0.782,0.833333333333333
"Combined_vs_NP","Multi-Omics",505,0.783,0.833333333333333
"Combined_vs_NP","Multi-Omics",505,0.784,0.833333333333333
"Combined_vs_NP","Multi-Omics",505,0.785,0.833333333333333
"Combined_vs_NP","Multi-Omics",505,0.786,0.833333333333333
"Combined_vs_NP","Multi-Omics",505,0.787,0.833333333333333
"Combined_vs_NP","Multi-Omics",505,0.788,0.833333333333333
"Combined_vs_NP","Multi-Omics",505,0.789,0.833333333333333
"Combined_vs_NP","Multi-Omics",505,0.79,0.833333333333333
"Combined_vs_NP","Multi-Omics",505,0.791,0.835325
"Combined_vs_NP","Multi-Omics",505,0.792,0.8375
"Combined_vs_NP","Multi-Omics",505,0.793,0.8375
"Combined_vs_NP","Multi-Omics",505,0.794,0.8375
"Combined_vs_NP","Multi-Omics",505,0.795,0.8375
"Combined_vs_NP","Multi-Omics",505,0.796,0.8375
"Combined_vs_NP","Multi-Omics",505,0.797,0.8375
"Combined_vs_NP","Multi-Omics",505,0.798,0.8375
"Combined_vs_NP","Multi-Omics",505,0.799,0.8375
"Combined_vs_NP","Multi-Omics",505,0.8,0.841666666666667
"Combined_vs_NP","Multi-Omics",505,0.801,0.85
"Combined_vs_NP","Multi-Omics",505,0.802,0.85
"Combined_vs_NP","Multi-Omics",505,0.803,0.854166666666667
"Combined_vs_NP","Multi-Omics",505,0.804,0.854166666666667
"Combined_vs_NP","Multi-Omics",505,0.805,0.854166666666667
"Combined_vs_NP","Multi-Omics",505,0.806,0.854166666666667
"Combined_vs_NP","Multi-Omics",505,0.807,0.854166666666667
"Combined_vs_NP","Multi-Omics",505,0.808,0.854166666666667
"Combined_vs_NP","Multi-Omics",505,0.809,0.854166666666667
"Combined_vs_NP","Multi-Omics",505,0.81,0.854166666666667
"Combined_vs_NP","Multi-Omics",505,0.811,0.854166666666667
"Combined_vs_NP","Multi-Omics",505,0.812,0.854166666666667
"Combined_vs_NP","Multi-Omics",505,0.813,0.854166666666667
"Combined_vs_NP","Multi-Omics",505,0.814,0.854166666666667
"Combined_vs_NP","Multi-Omics",505,0.815,0.854166666666667
"Combined_vs_NP","Multi-Omics",505,0.816,0.854166666666667
"Combined_vs_NP","Multi-Omics",505,0.817,0.854166666666667
"Combined_vs_NP","Multi-Omics",505,0.818,0.854166666666667
"Combined_vs_NP","Multi-Omics",505,0.819,0.854166666666667
"Combined_vs_NP","Multi-Omics",505,0.82,0.854166666666667
"Combined_vs_NP","Multi-Omics",505,0.821,0.854166666666667
"Combined_vs_NP","Multi-Omics",505,0.822,0.854166666666667
"Combined_vs_NP","Multi-Omics",505,0.823,0.854166666666667
"Combined_vs_NP","Multi-Omics",505,0.824,0.854166666666667
"Combined_vs_NP","Multi-Omics",505,0.825,0.854166666666667
"Combined_vs_NP","Multi-Omics",505,0.826,0.858333333333333
"Combined_vs_NP","Multi-Omics",505,0.827,0.858333333333333
"Combined_vs_NP","Multi-Omics",505,0.828,0.858333333333333
"Combined_vs_NP","Multi-Omics",505,0.829,0.858333333333333
"Combined_vs_NP","Multi-Omics",505,0.83,0.858333333333333
"Combined_vs_NP","Multi-Omics",505,0.831,0.858333333333333
"Combined_vs_NP","Multi-Omics",505,0.832,0.875
"Combined_vs_NP","Multi-Omics",505,0.833,0.875
"Combined_vs_NP","Multi-Omics",505,0.834,0.875
"Combined_vs_NP","Multi-Omics",505,0.835,0.879166666666667
"Combined_vs_NP","Multi-Omics",505,0.836,0.879166666666667
"Combined_vs_NP","Multi-Omics",505,0.837,0.879166666666667
"Combined_vs_NP","Multi-Omics",505,0.838,0.879166666666667
"Combined_vs_NP","Multi-Omics",505,0.839,0.879166666666667
"Combined_vs_NP","Multi-Omics",505,0.84,0.879166666666667
"Combined_vs_NP","Multi-Omics",505,0.841,0.883333333333333
"Combined_vs_NP","Multi-Omics",505,0.842,0.904316666666667
"Combined_vs_NP","Multi-Omics",505,0.843,0.907058333333333
"Combined_vs_NP","Multi-Omics",505,0.844,0.916666666666667
"Combined_vs_NP","Multi-Omics",505,0.845,0.916666666666667
"Combined_vs_NP","Multi-Omics",505,0.846,0.916666666666667
"Combined_vs_NP","Multi-Omics",505,0.847,0.916666666666667
"Combined_vs_NP","Multi-Omics",505,0.848,0.916666666666667
"Combined_vs_NP","Multi-Omics",505,0.849,0.916666666666667
"Combined_vs_NP","Multi-Omics",505,0.85,0.916666666666667
"Combined_vs_NP","Multi-Omics",505,0.851,0.916666666666667
"Combined_vs_NP","Multi-Omics",505,0.852,0.916666666666667
"Combined_vs_NP","Multi-Omics",505,0.853,0.916666666666667
"Combined_vs_NP","Multi-Omics",505,0.854,0.916666666666667
"Combined_vs_NP","Multi-Omics",505,0.855,0.920833333333333
"Combined_vs_NP","Multi-Omics",505,0.856,0.920833333333333
"Combined_vs_NP","Multi-Omics",505,0.857,0.920833333333333
"Combined_vs_NP","Multi-Omics",505,0.858,0.920833333333333
"Combined_vs_NP","Multi-Omics",505,0.859,0.925
"Combined_vs_NP","Multi-Omics",505,0.86,0.925
"Combined_vs_NP","Multi-Omics",505,0.861,0.933333333333333
"Combined_vs_NP","Multi-Omics",505,0.862,0.9375
"Combined_vs_NP","Multi-Omics",505,0.863,0.9375
"Combined_vs_NP","Multi-Omics",505,0.864,0.954166666666667
"Combined_vs_NP","Multi-Omics",505,0.865,0.954166666666667
"Combined_vs_NP","Multi-Omics",505,0.866,0.954166666666667
"Combined_vs_NP","Multi-Omics",505,0.867,0.954166666666667
"Combined_vs_NP","Multi-Omics",505,0.868,0.958333333333333
"Combined_vs_NP","Multi-Omics",505,0.869,0.958333333333333
"Combined_vs_NP","Multi-Omics",505,0.87,0.958333333333333
"Combined_vs_NP","Multi-Omics",505,0.871,0.958333333333333
"Combined_vs_NP","Multi-Omics",505,0.872,0.958333333333333
"Combined_vs_NP","Multi-Omics",505,0.873,0.958333333333333
"Combined_vs_NP","Multi-Omics",505,0.874,0.958333333333333
"Combined_vs_NP","Multi-Omics",505,0.875,0.958333333333333
"Combined_vs_NP","Multi-Omics",505,0.876,0.958333333333333
"Combined_vs_NP","Multi-Omics",505,0.877,0.958333333333333
"Combined_vs_NP","Multi-Omics",505,0.878,0.958333333333333
"Combined_vs_NP","Multi-Omics",505,0.879,0.958333333333333
"Combined_vs_NP","Multi-Omics",505,0.88,0.958333333333333
"Combined_vs_NP","Multi-Omics",505,0.881,0.958333333333333
"Combined_vs_NP","Multi-Omics",505,0.882,0.958333333333333
"Combined_vs_NP","Multi-Omics",505,0.883,0.958333333333333
"Combined_vs_NP","Multi-Omics",505,0.884,0.958333333333333
"Combined_vs_NP","Multi-Omics",505,0.885,0.958333333333333
"Combined_vs_NP","Multi-Omics",505,0.886,0.958333333333333
"Combined_vs_NP","Multi-Omics",505,0.887,0.958333333333333
"Combined_vs_NP","Multi-Omics",505,0.888,0.958333333333333
"Combined_vs_NP","Multi-Omics",505,0.889,0.958333333333333
"Combined_vs_NP","Multi-Omics",505,0.89,0.958333333333333
"Combined_vs_NP","Multi-Omics",505,0.891,0.958333333333333
"Combined_vs_NP","Multi-Omics",505,0.892,0.958333333333333
"Combined_vs_NP","Multi-Omics",505,0.893,0.958333333333333
"Combined_vs_NP","Multi-Omics",505,0.894,0.958333333333333
"Combined_vs_NP","Multi-Omics",505,0.895,0.958333333333333
"Combined_vs_NP","Multi-Omics",505,0.896,0.9625
"Combined_vs_NP","Multi-Omics",505,0.897,0.9625
"Combined_vs_NP","Multi-Omics",505,0.898,0.9625
"Combined_vs_NP","Multi-Omics",505,0.899,0.970833333333333
"Combined_vs_NP","Multi-Omics",505,0.9,0.975
"Combined_vs_NP","Multi-Omics",505,0.901,0.975
"Combined_vs_NP","Multi-Omics",505,0.902,0.979166666666667
"Combined_vs_NP","Multi-Omics",505,0.903,0.979166666666667
"Combined_vs_NP","Multi-Omics",505,0.904,0.979166666666667
"Combined_vs_NP","Multi-Omics",505,0.905,0.979166666666667
"Combined_vs_NP","Multi-Omics",505,0.906,0.979166666666667
"Combined_vs_NP","Multi-Omics",505,0.907,0.979166666666667
"Combined_vs_NP","Multi-Omics",505,0.908,0.979811111111111
"Combined_vs_NP","Multi-Omics",505,0.909,0.980725
"Combined_vs_NP","Multi-Omics",505,0.91,0.981638888888889
"Combined_vs_NP","Multi-Omics",505,0.911,0.982552777777778
"Combined_vs_NP","Multi-Omics",505,0.912,0.983433333333333
"Combined_vs_NP","Multi-Omics",505,0.913,0.98411875
"Combined_vs_NP","Multi-Omics",505,0.914,0.984804166666667
"Combined_vs_NP","Multi-Omics",505,0.915,0.985489583333333
"Combined_vs_NP","Multi-Omics",505,0.916,0.986175
"Combined_vs_NP","Multi-Omics",505,0.917,0.986860416666667
"Combined_vs_NP","Multi-Omics",505,0.918,0.9875
"Combined_vs_NP","Multi-Omics",505,0.919,0.9875
"Combined_vs_NP","Multi-Omics",505,0.92,0.9875
"Combined_vs_NP","Multi-Omics",505,0.921,0.9875
"Combined_vs_NP","Multi-Omics",505,0.922,0.9875
"Combined_vs_NP","Multi-Omics",505,0.923,0.9875
"Combined_vs_NP","Multi-Omics",505,0.924,0.9875
"Combined_vs_NP","Multi-Omics",505,0.925,0.9875
"Combined_vs_NP","Multi-Omics",505,0.926,0.987927777777778
"Combined_vs_NP","Multi-Omics",505,0.927,0.988841666666667
"Combined_vs_NP","Multi-Omics",505,0.928,0.993922222222222
"Combined_vs_NP","Multi-Omics",505,0.929,0.994836111111111
"Combined_vs_NP","Multi-Omics",505,0.93,0.99575
"Combined_vs_NP","Multi-Omics",505,0.931,0.995833333333333
"Combined_vs_NP","Multi-Omics",505,0.932,0.995833333333333
"Combined_vs_NP","Multi-Omics",505,0.933,0.995833333333333
"Combined_vs_NP","Multi-Omics",505,0.934,0.995833333333333
"Combined_vs_NP","Multi-Omics",505,0.935,0.995833333333333
"Combined_vs_NP","Multi-Omics",505,0.936,0.995833333333333
"Combined_vs_NP","Multi-Omics",505,0.937,0.995833333333333
"Combined_vs_NP","Multi-Omics",505,0.938,0.995833333333333
"Combined_vs_NP","Multi-Omics",505,0.939,0.995833333333333
"Combined_vs_NP","Multi-Omics",505,0.94,0.995833333333333
"Combined_vs_NP","Multi-Omics",505,0.941,0.995833333333333
"Combined_vs_NP","Multi-Omics",505,0.942,0.995833333333333
"Combined_vs_NP","Multi-Omics",505,0.943,0.995833333333333
"Combined_vs_NP","Multi-Omics",505,0.944,0.995833333333333
"Combined_vs_NP","Multi-Omics",505,0.945,0.995833333333333
"Combined_vs_NP","Multi-Omics",505,0.946,0.995833333333333
"Combined_vs_NP","Multi-Omics",505,0.947,0.995833333333333
"Combined_vs_NP","Multi-Omics",505,0.948,0.995833333333333
"Combined_vs_NP","Multi-Omics",505,0.949,0.995833333333333
"Combined_vs_NP","Multi-Omics",505,0.95,0.995833333333333
"Combined_vs_NP","Multi-Omics",505,0.951,0.995833333333333
"Combined_vs_NP","Multi-Omics",505,0.952,0.995833333333333
"Combined_vs_NP","Multi-Omics",505,0.953,1
"Combined_vs_NP","Multi-Omics",505,0.954,1
"Combined_vs_NP","Multi-Omics",505,0.955,1
"Combined_vs_NP","Multi-Omics",505,0.956,1
"Combined_vs_NP","Multi-Omics",505,0.957,1
"Combined_vs_NP","Multi-Omics",505,0.958,1
"Combined_vs_NP","Multi-Omics",505,0.959,1
"Combined_vs_NP","Multi-Omics",505,0.96,1
"Combined_vs_NP","Multi-Omics",505,0.961,1
"Combined_vs_NP","Multi-Omics",505,0.962,1
"Combined_vs_NP","Multi-Omics",505,0.963,1
"Combined_vs_NP","Multi-Omics",505,0.964,1
"Combined_vs_NP","Multi-Omics",505,0.965,1
"Combined_vs_NP","Multi-Omics",505,0.966,1
"Combined_vs_NP","Multi-Omics",505,0.967,1
"Combined_vs_NP","Multi-Omics",505,0.968,1
"Combined_vs_NP","Multi-Omics",505,0.969,1
"Combined_vs_NP","Multi-Omics",505,0.97,1
"Combined_vs_NP","Multi-Omics",505,0.971,1
"Combined_vs_NP","Multi-Omics",505,0.972,1
"Combined_vs_NP","Multi-Omics",505,0.973,1
"Combined_vs_NP","Multi-Omics",505,0.974,1
"Combined_vs_NP","Multi-Omics",505,0.975,1
"Combined_vs_NP","Multi-Omics",505,0.976,1
"Combined_vs_NP","Multi-Omics",505,0.977,1
"Combined_vs_NP","Multi-Omics",505,0.978,1
"Combined_vs_NP","Multi-Omics",505,0.979,1
"Combined_vs_NP","Multi-Omics",505,0.98,1
"Combined_vs_NP","Multi-Omics",505,0.981,1
"Combined_vs_NP","Multi-Omics",505,0.982,1
"Combined_vs_NP","Multi-Omics",505,0.983,1
"Combined_vs_NP","Multi-Omics",505,0.984,1
"Combined_vs_NP","Multi-Omics",505,0.985,1
"Combined_vs_NP","Multi-Omics",505,0.986,1
"Combined_vs_NP","Multi-Omics",505,0.987,1
"Combined_vs_NP","Multi-Omics",505,0.988,1
"Combined_vs_NP","Multi-Omics",505,0.989,1
"Combined_vs_NP","Multi-Omics",505,0.99,1
"Combined_vs_NP","Multi-Omics",505,0.991,1
"Combined_vs_NP","Multi-Omics",505,0.992,1
"Combined_vs_NP","Multi-Omics",505,0.993,1
"Combined_vs_NP","Multi-Omics",505,0.994,1
"Combined_vs_NP","Multi-Omics",505,0.995,1
"Combined_vs_NP","Multi-Omics",505,0.996,1
"Combined_vs_NP","Multi-Omics",505,0.997,1
"Combined_vs_NP","Multi-Omics",505,0.998,1
"Combined_vs_NP","Multi-Omics",505,0.999,1
"Combined_vs_NP","Multi-Omics",505,1,1
